school_code,district,school_name,address1,city,zip,fes_eo,ftc,fes_ua,pep,non_profit,religious,denomination,grade_levels,accreditation,last_survey_year,enroll_total,email_domain
8089,Alachua,Awaken Christian Academy,,,,No,No,No,No,Yes,Yes,Church of God,,,2025,0,
2316,Alachua,BHAKTIVEDANTA ACADEMY,17414 NW 112TH BLVD,ALACHUA,32615,Yes,Yes,Yes,No,Yes,Yes,Other,PK-10,,2026,142,bhaktischool.org
4716,Alachua,BRADFORD GLOBAL EDUCATION,300 EAST UNIVERSITY AVENUE,GAINESVILLE,32607,No,No,No,No,Yes,No,,KG-11,,2026,21,bradfordhomeschool.org
4,Alachua,BRENTWOOD SCHOOL,1111 NW 55TH STREET,GAINESVILLE,32605,Yes,Yes,Yes,No,No,No,,PK-05,,2025,222,gobrentwoodschool.com
1786,Alachua,CHRISTIAN LIFE ACADEMY,12000 SW ARCHER RD.,GAINESVILLE,32608,Yes,Yes,Yes,Yes,Yes,Yes,Pentecostal,KG-12,COGNIA,2026,39,claofgainesville.org
3275,Alachua,CORNERSTONE ACADEMY,PO BOX 357430,GAINESVILLE,32635,Yes,Yes,Yes,Yes,Yes,Yes,Non-Denominational,KG-12,"CSF, COGNIA",2025,126,ca.school
2300,Alachua,COUNTRYSIDE CHRISTIAN SCHOOL,10926 N.W. 39TH AVENUE,GAINESVILLE,32606,Yes,Yes,Yes,No,Yes,Yes,Baptist,PK-12,CGACS,2026,302,ccsgainesville.net
4456,Alachua,FAMILY LIFE ACADEMY,17259 SW ARCHER ROAD,ARCHER,32618,Yes,Yes,Yes,No,Yes,Yes,Church of God,KG-12,CGACS,2026,41,gmail.com
5305,Alachua,FIRST CHRISTIAN ACADEMY,24530 N.W. 199TH LANE,HIGH SPRINGS,32643,Yes,Yes,Yes,Yes,Yes,Yes,Baptist,KG-12,COGNIA,2025,458,fbchighsprings.org
1564,Alachua,FLOWERS MONTESSORI SCHOOL,3111 N.W. 31ST AVE.,GAINESVILLE,32605,Yes,Yes,Yes,No,No,No,,PK-01,,2026,39,gmail.com
5960,Alachua,Foundations Academy of Learning LLC,901 NW 8th Ave,GAINESVILLE,32601,No,No,No,No,No,No,,,,2025,0,growwithfoundations.com
234,Alachua,FRAZER SCHOOL,4700 NW 89th Blvd,Gainesville,32606,Yes,Yes,Yes,No,No,No,,KG-12,,2025,349,frazerschool.org
5968,Alachua,GAINESVILLE CHRISTIAN PREPARATORY SCHOOL,2500 NE 15TH ST,GAINESVILLE,32609,Yes,Yes,Yes,Yes,Yes,Yes,Non-Denominational,KG-12,,2025,91,christianprepschools.com
1924,Alachua,GAINESVILLE COUNTRY DAY SCHOOL,6801 SW 24TH AVENUE,GAINESVILLE,32607,Yes,Yes,Yes,No,No,No,,PK-05,"AISF, COGNIA",2025,124,gmail.com
4791,Alachua,GAINESVILLE POTTER'SHOUSE CHRISTIAN ACADEMYY,P.O. BOX 358026,GAINESVILLE,32635,Yes,Yes,Yes,No,Yes,Yes,Assemblies of God,KG-11,,2025,106,gmail.com
8235,Alachua,GCW Academy,,,,No,No,No,No,Yes,Yes,Pentecostal,,,2025,0,gmail.com
1547,Alachua,GRACE CHRISTIAN PREP SCHOOL LLC,207 NW 23RD AVENUE,GAINESVILLE,32609,Yes,Yes,Yes,Yes,No,Yes,Non-Denominational,PK-08,,2025,64,gmail.com
2486,Alachua,GRACE CHRISTIAN PREP SCHOOL WALDO,14450 NE 148TH AVE,WALDO,32694,Yes,Yes,Yes,No,No,Yes,Non-Denominational,,,2025,0,gracecpsedu.org
5584,Alachua,Greenfield Preschool East,21805 West Newberry Road,Newberry,32669,Yes,Yes,Yes,No,No,No,,PK,,2025,31,greenfieldofnewberry.com
2365,Alachua,HIGH-CLASS EDUCATED ROLE MODELS ACADEMY,1905 S. MAIN STREET,GAINESVILLE,32601,No,No,No,No,No,Yes,Non-Denominational,PK-05,,2026,18,theeheracademy.org
1138,Alachua,JORDAN GLEN SCHOOL INC.,12425 SW 154TH ST.,ARCHER,32618,Yes,Yes,Yes,No,Yes,No,,PK-08,,2026,100,jordanglen.org
5545,Alachua,Kidz R Kidz Learning Academy Inc.,1735 Southeast Hawthorne Road,Gainesville,32641,No,No,No,No,Yes,Yes,Non-Denominational,,,2025,0,gmail.com
4573,Alachua,LAKESIDE CHRISTIAN SCHOOL OF HAWTHORNE,P O BOX 280,HAWTHORNE,32640,No,No,No,No,Yes,Yes,Baptist,,,2025,0,gmail.com
9271,Alachua,LANIAKEA MONTESSORI SCHOOL,931 NE 16TH AVENUE,GAINESVILLE,32601,Yes,Yes,Yes,No,No,No,,KG-11,,2025,45,laniakeamontessori.com
3655,Alachua,LIVING SPRINGS ACADEMY,P.O. BOX 537,HIGH SPRINGS,32655,Yes,Yes,Yes,No,Yes,Yes,Seventh Day Adventist,KG-08,,2026,41,flcoe.org
1204,Alachua,MILLHOPPER MONTESSORI SCHOOL,8505 N.W. 39TH AVENUE,GAINESVILLE,32606,Yes,Yes,Yes,No,No,No,,PK-08,COGNIA,2025,175,millhopper.com
4269,Alachua,MINI FACES ACADEMY,95 NW 253 STREET,NEWBERRY,32669,Yes,Yes,Yes,No,Yes,No,,KG,,2025,1,gmail.com
7475,Alachua,MORNING MEADOW,813 NW 6TH STREET,GAINESVILLE,32601,Yes,Yes,Yes,No,No,No,,PK-KG,,2025,39,gmail.com
7096,Alachua,NEWBERRY CHRISTIAN COMMUNITY SCHOOL,P.O. BOX 358626,GAINESVILLE,32635,Yes,Yes,Yes,No,Yes,Yes,Non-Denominational,,,2026,0,gainesvilleccs.org
1275,Alachua,OAK HALL SCHOOL,1700 SW 75TH ST,GAINESVILLE,32607,Yes,Yes,Yes,No,No,No,,PK-12,"FCIS, COGNIA",2025,965,oakhall.org
3664,Alachua,ONE ROOM ACADEMY,4180 NE 15TH STREET,GAINESVILLE,32609,Yes,Yes,Yes,No,Yes,No,,03-05,,2026,33,orsh.net
5566,Alachua,PASSAGE CHRISTIAN ACADEMY,P.O BOX 5698,GAINESVILLE,32627,Yes,Yes,Yes,Yes,Yes,Yes,Non-Denominational,PK-12,,2025,84,passagechristianacademy.org
1262,Alachua,PASSAGE CHRISTIAN ACADEMY 2,P O BOX 5698,GAINESVILLE,32627,No,No,No,No,Yes,Yes,Non-Denominational,,,2025,0,passageministries.org
7970,Alachua,PERSIMMON EARLY LEARNING ACADEMY LLC,1121 NW 6 STREET,GAINESVILLE,32601,Yes,Yes,Yes,No,No,No,,KG,,2026,15,persimmonela.com
4387,Alachua,PERSIMMON ELEMENTARY,2211 NW 40TH TERRACE,GAINESVILLE,32605,Yes,Yes,Yes,No,No,No,,01-05,,2026,49,persimmonela.com
8780,Alachua,PREMIER PRESCHOOL OF GAINESVILLE,10 SW 75TH STREET,GAINESVILLE,32607,Yes,Yes,Yes,No,No,No,,PK-03,,2025,23,gmail.com
818,Alachua,QUEEN OF PEACE CATHOLIC ACADEMY,10900 S.W. 24TH AVENUE,GAINESVILLE,32607,Yes,Yes,Yes,No,Yes,Yes,Catholic,PK-08,FCCAP,2026,507,qopacademy.org
4458,Alachua,SAINT FRANCIS CATHOLIC HIGH SCHOOL,4100 NW 115TH TERRACE,GAINESVILLE,32606,Yes,Yes,Yes,No,Yes,Yes,Catholic,09-12,COGNIA,2026,273,sfcawolves.org
1439,Alachua,SAINT PATRICK INTERPARISH SCHOOL,550 NE 16TH AVENUE,GAINESVILLE,32601,Yes,Yes,Yes,No,Yes,Yes,Catholic,PK-08,FCCAP,2026,434,spsgnv.org
2674,Alachua,SHINE SCHOOL,3536 NW 8TH AVE,GAINESVILLE,32605,Yes,Yes,Yes,No,No,No,,PK-12,,2025,75,gmail.com
4846,Alachua,ST. BARBARA,908 SE WILLISTON ROAD,GAINESVILLE,32641,Yes,Yes,Yes,No,Yes,Yes,Non-Denominational,PK-08,,2025,112,gmail.com
45,Alachua,THE ROCK SCHOOL,9818 SW 24TH AVE.,GAINESVILLE,32607,Yes,Yes,Yes,No,Yes,Yes,Non-Denominational,PK-12,"FLOCS, COGNIA",2025,569,therock.school
2,Alachua,TRILOGY SCHOOL OF LEARNING ALTERNATIVE,8700 NW 23RD AV.,GAINESVILLE,32606,Yes,Yes,Yes,No,Yes,No,,KG-12,,2026,101,trilogyschool.org
8307,Alachua,WESTSIDE CHRISTIAN SCHOOL INC.,10000 W NEWBERRY RD,GAINESVILLE,32606,Yes,Yes,Yes,No,Yes,Yes,Baptist,KG-07,,2025,214,westsidebaptist.org
4237,Alachua,WINDSOR CHRISTIAN ACADEMY,918 SOUTHEAST COUNTY ROAD 234,GAINESVILLE,32641,Yes,Yes,Yes,No,Yes,Yes,Baptist,KG-11,,2025,26,windsorchristian.academy
7179,Baker,FAITH BAPTIST ACADEMY,604 W. MACCLENNY AVE.,MACCLENNY,32063,Yes,Yes,Yes,No,Yes,Yes,Baptist,02-12,,2025,34,gmail.com
5826,Baker,PATHFINDERS CHRISTIAN ACADEMY,280 MLK DRIVE,MACCLENNY,32063,Yes,Yes,Yes,No,No,Yes,Non-Denominational,03-12,,2025,17,gmail.com
1186,Bay,ADVENTIST CHRISTIAN ACADEMY,2700 LISENBY AVENUE,PANAMA CITY,32405,Yes,Yes,Yes,No,Yes,Yes,Seventh Day Adventist,KG-08,,2025,45,gmail.com
5369,Bay,BACOT ACADEMY INC,700 WEST 23RD STREET,PANAMA CITY,32405,Yes,Yes,Yes,No,Yes,Yes,Non-Denominational,KG-12,,2025,45,hotmail.com
878,Bay,COVENANT CHRISTIAN SCHOOL,2350 FRANKFORD AVENUE,PANAMA CITY,32405,Yes,Yes,Yes,No,Yes,Yes,Presbyterian,PK-12,,2025,302,ccs-pc.net
5193,Bay,EAGLE NEST CHRISTIAN ACADEMY,2722 E 8TH STREET,PANAMA CITY,32401,Yes,Yes,Yes,No,Yes,Yes,Non-Denominational,PK-05,,2025,25,gmail.com
9403,Bay,GATEWAY CHRISTIAN ACADEMY INC,3129 E. 5TH STREET,PANAMA CITY,32401,Yes,Yes,Yes,Yes,Yes,Yes,Pentecostal,KG-12,,2026,22,gmail.com
7604,Bay,GENESIS COMMUNITY SCHOOL,11205 HUTCHISON BEACH BLVD,PANAMA CITY BEACH,32407,No,No,No,No,Yes,Yes,Non-Denominational,02-06,,2025,5,genesispcb.com
7873,Bay,GOD'S GLORY CHRISTIAN SCHOOL,P.O. BOX 852,LYNN HAVEN,32444,Yes,Yes,Yes,No,Yes,Yes,Pentecostal,KG-09,,2025,35,aol.com
6476,Bay,GULF COAST SCHOOL FOR AUTISM,2404 RUTH HENTZ,PANAMA CITY,32405,No,No,No,No,Yes,No,,KG-12,,2025,27,gmail.com
4347,Bay,HALL OF ZION CHRISTIAN ACADEMY,PO BOX 78,YOUNGSTOWN,32466,No,No,No,No,Yes,Yes,Non-Denominational,,,2025,0,gmail.com
5173,Bay,Hiland Park Christian Academy,2611 U.S. 231,Panama City,32405,Yes,Yes,Yes,No,Yes,Yes,Baptist,KG,,2026,6,hilandpark.org
704,Bay,HOLY NATIVITY EPISCOPAL SCHOOL,205 HAMILTON AVENUE,PANAMA CITY,32401,No,No,No,No,Yes,Yes,Episcopalian,PK-08,"FCIS, FKC",2025,277,hnes.us
4713,Bay,KALEIDOSCOPE SCHOOL OF DISCOVERY,2420 JENKS AVE BLD C-4,PANAMA CITY,32405,Yes,Yes,Yes,No,No,No,,KG-12,,2025,177,schoolofdiscovery.net
1406,Bay,PANAMA CITY ADVANCED SCHOOL,3332 TOKEN ROAD,PANAMA CITY,32405,Yes,Yes,Yes,No,Yes,Yes,Islamic/Muslim,PK-12,COGNIA,2025,196,pcasfl.org
5759,Bay,PANAMA CITY TRILINGUAL SCHOOL,420 N BONITA AVE,PANAMA CITY,32401,Yes,Yes,Yes,No,Yes,No,,PK-09,,2025,174,pctrilingual.com
3,Bay,SAINT ANDREWS BAY STEM ACADEMY INC,100 N MACARTHUR AVENUE,PANAMA CITY,32401,Yes,Yes,Yes,No,Yes,No,,08-12,,2026,60,sabstem.org
6769,Bay,SQUARE PEGS LEARNING CENTER,904 FLOWER AVE.,PANAMA CITY,32401,Yes,Yes,Yes,No,Yes,No,,PK-12,,2025,41,squarepegsconnect.com
939,Bay,ST. JOHN CATHOLIC ACADEMY,1005 FORTUNE AVE.,PANAMA CITY,32401,Yes,Yes,Yes,No,Yes,Yes,Catholic,PK-08,FCCAP,2026,204,saintjohnpc.org
1638,Bay,THE ACADEMY OF EXCEPTIONAL ARTS,8317 FRONT BEACH ROAD 23,PANAMA CITY BEA,32407,Yes,Yes,Yes,No,No,No,,KG-05,,2025,13,gmail.com
9431,Bay,THE NORTHWEST FLORIDA ACADEMY,303 WEST 26TH ST.,LYNN HAVEN,32444,Yes,Yes,Yes,No,Yes,No,,01-12,,2025,9,nwfacademy.org
4658,Bradford,ALDERWOOD ACADEMY,639 LAURA ST,STARKE,32091,No,No,No,No,No,No,,04-11,,2025,7,alderwoodacademy.com
4220,Bradford,HOPE CHRISTIAN ACADEMY,3900 SE STATE ROAD 100,STARKE,32091,Yes,Yes,Yes,No,Yes,Yes,Baptist,PK-12,"FLOCS, COGNIA",2026,350,hcalions.com
4320,Bradford,NORTHSIDE CHRISTIAN ACADEMY,7415 NW CR 225,STARKE,32091,Yes,Yes,Yes,No,Yes,Yes,Baptist,PK-12,FLOCS,2025,240,nbcstarke.com
7624,Bradford,PROVIDENCE CHRISTIAN ACADEMY INC,17356 US HWY 301 N,STARKE,32091,Yes,Yes,Yes,No,Yes,Yes,Non-Denominational,KG-12,,2025,126,msn.com
8907,Brevard,ABLE ACADEMICS,7075 N US 1,COCOA,32927,Yes,Yes,Yes,No,No,No,,PK-12,,2025,42,ableacademics.com
2842,Brevard,ACADEMIC COMMUNITY ENRICHMENT,P.O. BOX 1625,TITUSVILLE,32780,Yes,Yes,Yes,No,Yes,Yes,Non-Denominational,PK-12,,2025,164,ace321.org
2318,Brevard,ALPHA LEARNING INC.,3700 N. COURTENAY PKWY STE 102,MERRITT ISLAND,32953,Yes,Yes,Yes,No,Yes,No,,KG-06,,2025,13,gmail.com
4471,Brevard,ANCHOR ACADEMIC CENTER OF EXCELLENCE,571 HAVERTY COURT SUITE W.,ROCKLEDGE,32955,Yes,Yes,Yes,No,Yes,Yes,Non-Denominational,01-12,,2025,18,anchoracademic.org
354,Brevard,ASCENSION CATHOLIC SCHOOL,2950 NORTH HARBOR CITY BLVD.,MELBOURNE,32935,Yes,Yes,Yes,No,Yes,Yes,Catholic,PK-08,FCCAP,2025,464,ascensioncatholicsch.org
6214,Brevard,BANANA RIVER BAPTIST ACADEMY,6250 N COURTENAY PKWY,MERRITT ISLAND,32953,Yes,Yes,Yes,No,Yes,Yes,Baptist,KG-12,,2025,22,gmail.com
1694,Brevard,BEACHSIDE MONTESSORI SCHOOL,1230 BANANA RIVER DRIVE,INDIAN HARBOUR,32937,Yes,Yes,Yes,No,Yes,No,,KG-06,,2026,54,ihmontessori.com
6840,Brevard,BEHAVIOR EDUCATION CENTER,550 SOLUTIONS WAY,ROCKLEDGE,32955,Yes,Yes,Yes,No,No,No,,04-12,,2025,13,bsobbec.org
1533,Brevard,BETHANY CHRISTIAN SCHOOL,1100 W. DORCHESTER AVENUE,WEST MELBOURNE,32904,Yes,Yes,Yes,No,Yes,Yes,Non-Denominational,PK-12,COGNIA,2025,442,bcsmelbourne.com
5824,Brevard,"Better Dayz Academy, Inc.",3270 Suntree Blvd,Melbourne,32940,No,No,No,No,Yes,No,,,,2025,0,gmail.com
9109,Brevard,BREAD OF LIFE CHRISTIAN ACADEMY CORP.,2174 HARRIS AVENUE NE SUITE 1,PALM BAY,32905,Yes,Yes,Yes,No,Yes,Yes,Non-Denominational,KG-12,,2025,26,zoho.com
6064,Brevard,BREVARD ACADEMY INC.,3453 W. NEW HAVEN AVE.,MELBOURNE,32904,Yes,Yes,Yes,No,No,Yes,Non-Denominational,KG-12,COGNIA,2025,101,brevard.academy
3377,Brevard,BREVARD CHRISTIAN EARLY INTERVENTION CENTER,5500 N HIGHWAY 1,COCOA,32927,Yes,Yes,Yes,No,Yes,Yes,Non-Denominational,KG-06,,2025,54,brevardchristianeic.org
1892,Brevard,BREVARD COUNTY INDEPENDENT PRIVATE SCHOOL,2630 VIA NAPOLI CT,MERRITT ISLAND,32953,No,No,No,No,No,No,,07,,2025,1,gmail.com
3415,Brevard,BREVARD PRIVATE ACADEMY,508C S. PLUMOSA STREET,MERRITT ISLAND,32953,Yes,Yes,Yes,No,No,No,,07-12,,2025,90,aol.com
9794,Brevard,BRIDGING THE GAP LEARNING ACADEMY,2445 BAYHILL DR,MELBOURNE,32940,No,No,No,No,Yes,Yes,Non-Denominational,PK-12,,2025,32,gmail.com
6978,Brevard,BRIGHT HORIZONS ACADEMY,554 E. FLORIDA AVE,MELBOURNE,32901,Yes,Yes,Yes,No,Yes,Yes,Islamic/Muslim,PK-08,COGNIA,2025,96,brighthorizonsacademy.org
5908,Brevard,Britt Children's Academy,1108 Peachtree Street,Cocoa,32922,No,No,No,No,No,No,,PK,,2025,49,gmail.com
4295,Brevard,CALVARY CHAPEL ACADEMY,2955 MINTON ROAD,WEST MELBOURNE,32904,Yes,Yes,Yes,No,Yes,Yes,Non-Denominational,PK-12,COGNIA,2025,943,calvarycca.com
108,Brevard,CALVARY CHAPEL CHRISTIAN SCHOOL,3500 N. COURTENAY PARKWAY,MERRITT ISLAND,32953,Yes,Yes,Yes,No,Yes,Yes,Non-Denominational,PK-04,,2026,75,calvarychapelmi.org
7508,Brevard,COASTAL COMMUNITY SCHOOL,638 SOUTH PATRICK DRIVE,SATELLITE BEACH,32937,No,No,No,Yes,Yes,Yes,Non-Denominational,PK-08,,2025,160,coastalcommunityschool.com
1765,Brevard,COCOA ADVENTIST CHRISTIAN SCHOOL,1500 COX ROAD,COCOA,32926,Yes,Yes,Yes,No,Yes,Yes,Seventh Day Adventist,KG-08,,2025,21,yahoo.com
3708,Brevard,CREATIVE LEARNING,453 KING STREET,COCOA,32922,Yes,Yes,Yes,No,No,No,,PK-07,,2025,13,creativelearningbrevard.com
28,Brevard,DEVEREUX SCHOOL OF VIERA,8000 DEVEREUX DRIVE,VIERA,32940,No,No,No,No,Yes,No,,KG-11,COGNIA,2025,68,devereux.org
1917,Brevard,DISCIPLE CHRISTIAN ACADEMY,1260 SOUTH COURTNEY PARKWAY,MERRITT ISLAND,32952,No,No,No,No,Yes,Yes,Non-Denominational,,,2025,0,gmail.com
8396,Brevard,EASTWIND CHRISTIAN ACADEMY,1025 EMERSON DR NE,PALM BAY,32907,Yes,Yes,Yes,No,Yes,Yes,Pentecostal,KG-08,,2025,68,eastwindchristianacademy.org
7560,Brevard,EDUCATORS INC PRIVATE CHRISTIAN SCHOOL,400 BARTON BLVD,ROCKLEDGE,32955,No,No,No,No,Yes,No,,01-12,,2025,201,educatorsinc.org
4767,Brevard,EINSTEIN MONTESSORI ACADEMY,5650 HIGHWAY 520,COCOA,32926,Yes,Yes,Yes,No,Yes,No,,01-12,,2025,69,yahoo.com
9561,Brevard,EMBER ACADEMY,271 MCCLAIN DR,WEST MELBOURNE,32904,Yes,Yes,Yes,No,Yes,No,,02-12,,2025,15,outlook.com
4809,Brevard,FACES,5525 N COURTENAY PKWY,MERRITT ISLAND,32953,Yes,Yes,Yes,No,No,No,,03-12,,2025,11,ymail.com
2515,Brevard,FAITH BASED CHRISTIAN ACADEMY INC,,PALM BAY,32905,Yes,Yes,Yes,No,Yes,No,,01-04,,2026,4,yahoo.com
573,Brevard,FAITH FELLOWSHIP ACADEMY,2820 BUSINESS CENTER BLVD,MELBOURNE,32940,Yes,Yes,Yes,No,Yes,Yes,Non-Denominational,PK-KG,,2026,67,faithfellowshipweb.com
4855,Brevard,Faith International Academy Brevard,PO Box 110302,Palm Bay,32911,No,No,No,No,Yes,No,,,,2026,0,yahoo.com
880,Brevard,FLORIDA PREPARATORY ACADEMY - MELBOURNE,1950 S. ACADEMY DRIVE,MELBOURNE,32901,Yes,Yes,Yes,No,No,No,,05-12,"FCIS, COGNIA",2025,93,flprep.com
1137,Brevard,GRASPING ABUNDANT LIFE ACADEMY,1320 CULVER DR NEUnit 3,PALM BAY,32907,No,No,No,No,No,Yes,Non-Denominational,11-12,,2025,2,gmail.com
8538,Brevard,GREAT LEAPS ACADEMY,2475 Palm Bay Rd,Palm Bay,32905,Yes,Yes,Yes,No,Yes,No,,PK-05,,2025,40,greatleapsacademy.org
8099,Brevard,GROWING IN GRACE PREPARATORY SCHOOL,5270 BABCOCK RD.,PALM BAY,32905,Yes,Yes,Yes,No,Yes,Yes,Non-Denominational,KG-11,,2025,41,gmail.com
3023,Brevard,HAWKING ACADEMY OF SCIENCE,,,,No,No,No,No,No,No,,12,,2026,1,gmail.com
2134,Brevard,HERITAGE BAPTIST ACADEMY,3055 SATTERFIELD RD,TITUSVILLE,32780,Yes,Yes,Yes,No,Yes,Yes,Baptist,02-11,,2026,11,hbctitusville.org
3487,Brevard,HOLY FAMILY SCHOOL,3385 N WICKHAM RD,MELBOURNE,32935,Yes,Yes,Yes,No,Yes,Yes,Catholic,KG-07,,2025,12,gmail.com
942,Brevard,HOLY NAME OF JESUS CATHOLIC SCHOOL,3060 N. HIGHWAY A1A,INDIALANTIC,32903,Yes,Yes,Yes,No,Yes,Yes,Catholic,PK-08,FCCAP,2025,254,hnj.org
997,Brevard,HOLY TRINITY EPISCOPAL ACADEMY,5625 HOLY TRINITY DRIVE,MELBOURNE,32940,Yes,Yes,Yes,No,Yes,Yes,Episcopalian,PK-12,COGNIA,2026,953,htes.org
7210,Brevard,Ignite Christian Academy Inc,2395 Kentucky Avenue,Mims,32754,Yes,Yes,Yes,Yes,Yes,Yes,Baptist,02-12,,2025,5,gmail.com
7489,Brevard,IN HIS STEPS LA INC,,,,Yes,Yes,Yes,No,Yes,Yes,Non-Denominational,KG-03,,2026,3,gmail.com
8715,Brevard,IRC CHRISTIAN ACADEMY,1355 CHENEY HWY,TITUSVILLE,32780,Yes,Yes,Yes,No,Yes,Yes,Non-Denominational,KG-03,,2025,65,irchurch.org
2157,Brevard,JOURNEYS ACADEMY EDUCATIONAL PATHWAYS TO SUCESS,1945 PALM BAY ROAD,PALM BAY,32905,Yes,Yes,Yes,No,Yes,No,,01-12,,2025,48,educationaljourneys.org
2978,Brevard,KAYZ LEARNING CORNER,867 EMDEN AVE NW,PALM BAY,32907,No,No,No,No,No,No,,,,2025,0,yahoo.com
788,Brevard,KINGDOM TECH ACADEMY,4850 STACK BLVD,MELBOURNE,32901,Yes,Yes,Yes,Yes,Yes,Yes,Non-Denominational,KG-08,,2025,34,kingdomtechacademy.com
7570,Brevard,LAKE FERN MONTESSORI ACADEMY,257 AGUINALDO AVE,TITUSVILLE,32780,Yes,Yes,Yes,No,No,No,,PK-08,,2025,157,cfl.rr.com
5876,Brevard,LEARNING ACHIEVEMENT ACADEMY,1165 TUCKAWAY DRIVE,ROCKLEDGE,32955,Yes,Yes,Yes,No,Yes,Yes,Non-Denominational,01-08,,2025,55,laboysacademy.org
9534,Brevard,LEARNING FORWARD EDUCATION,4635 N US HWY 1,MELBOURNE,32935,Yes,Yes,Yes,No,Yes,No,,KG-09,,2025,57,lfecenter.com
6866,Brevard,LIFE CHANGERS CHRISTIAN ACADEMY,2100 PORT MALABAR BLVD,PALM BAY,32905,Yes,Yes,Yes,Yes,Yes,Yes,Non-Denominational,PK-12,,2025,83,lcori.net
8249,Brevard,LIFELINE ACADEMY,1080 PORT MALABAR,PALM BAY,32905,Yes,Yes,Yes,No,Yes,Yes,Non-Denominational,PK-12,,2026,120,gmail.com
4977,Brevard,LOVE CENTER CHRISTIAN ACADEMY,1220 NORTH CARPENTER ROAD,TITUSVILLE,32796,Yes,Yes,Yes,No,No,Yes,Non-Denominational,KG-06,,2025,26,gmail.com
706,Brevard,MELBOURNE CENTRAL CATHOLIC HIGH SCHOOL,100 E. FLORIDA AVENUE,MELBOURNE,32901,Yes,Yes,Yes,No,Yes,Yes,Catholic,09-12,COGNIA,2025,445,melbournecc.org
36,Brevard,MERRITT ISLAND CHRISTIAN SCHOOL,140 MAGNOLIA AVENUE,MERRITT ISLAND,32952,Yes,Yes,Yes,No,Yes,Yes,Baptist,PK-12,COGNIA,2025,609,micscougars.com
1875,Brevard,MONTESSORI BILINGUAL ACADEMY OF ROCKLEDGE,3260 S FISKE BOULEVARD,ROCKLEDGE,32955,Yes,Yes,Yes,No,No,No,,PK-07,COGNIA,2025,88,gmail.com
4618,Brevard,NATURE'S SCHOOLHOUSE OF BREVARD LLC,,,,No,No,No,No,No,No,,KG-05,,2025,108,naturesschoolhousenetwork.com
4718,Brevard,NEW FELLOWSHIP CHRISTIAN SCHOOL,P.O. BOX 901,MIMS,32754,No,No,No,No,Yes,Yes,Baptist,09-12,,2025,228,yahoo.com
4585,Brevard,NEW HOPE LUTHERAN ACADEMY,P. O. BOX 120208,WEST MELBOURNE,32912,Yes,Yes,Yes,No,Yes,Yes,Lutheran,KG-08,,2025,79,schoolmelbourne.com
4686,Brevard,NEW LIFE ACADEMY,6755 S. WASHINGTON ST,TITUSVILLE,32780,Yes,Yes,Yes,No,Yes,Yes,Non-Denominational,KG-06,,2025,141,newlifespacecoast.com
598,Brevard,NO LIMITS ACADEMY INC.,4450 W EAU GALLIE BLVD,MELBOURNE,32934,Yes,Yes,Yes,No,Yes,Yes,Non-Denominational,KG-12,,2025,34,nolimitsacademy.com
1172,Brevard,OUR LADY OF LOURDES,420 E. FEE AVENUE,MELBOURNE,32901,Yes,Yes,Yes,No,Yes,Yes,Catholic,PK-08,FCCAP,2025,250,ollmelbourne.org
1206,Brevard,OUR SAVIOUR'S SCHOOL,5301 N. ATLANTIC AVENUE,COCOA BEACH,32931,Yes,Yes,Yes,No,Yes,Yes,Catholic,PK-08,FCCAP,2025,185,oursaviourschool.org
5158,Brevard,PALM BAY SDA SCHOOL AND EARLY CHILDHOOD CEN,3507 CARRIAGE GATE DR,WEST MELBOURNE,32904,Yes,Yes,Yes,No,Yes,Yes,Seventh Day Adventist,PK-08,,2025,38,secsda.org
7164,Brevard,PALOMA ACADEMY,410 N WICKHAM RD,MELBOURNE,32935,Yes,Yes,Yes,No,No,No,,PK-04,,2026,48,palomaacademy.org
4593,Brevard,PARK AVENUE CHRISTIAN ACADEMY,2600 S. PARK AVE,TITUSVILLE,32780,Yes,Yes,Yes,No,Yes,Yes,Baptist,PK-08,ACSI,2026,377,pacafl.org
2084,Brevard,PARKHURST ACADEMY INC.,3550 W. EAU GALLIE BLVD.,MELBOURNE,32934,Yes,Yes,Yes,No,Yes,Yes,Non-Denominational,,ACSI,2026,0,parkhurst.org
8046,Brevard,PUZZLE BOX ACADEMY,2180 JULIAN AVENUE NE,PALM BAY,32905,Yes,Yes,Yes,No,No,No,,PK-06,,2025,80,puzzleboxacademy.com
4890,Brevard,PUZZLE BOX ACADEMY 2,125 EAST NASA BLVD,MELBOURNE,32901,Yes,Yes,Yes,No,No,No,,04-12,,2025,44,thepiecefits.com
8173,Brevard,PUZZLE BOX ACADEMY 3,2180 JULIAN AVE NE,PALM BAY,32905,Yes,Yes,Yes,No,No,No,,PK-01,,2026,17,puzzleboxacademy.com
3762,Brevard,R.F.M. CHRISTIAN ACADEMY,777 S. APOLLO BLVD.,MELBOURNE,32901,Yes,Yes,Yes,No,Yes,Yes,Non-Denominational,01-11,,2026,31,aol.com
4415,Brevard,RFM CHRISTIAN ACADEMY,1404 DIXON BLVD,COCOA,32922,Yes,Yes,Yes,No,Yes,Yes,Non-Denominational,KG-08,,2025,19,aol.com
947,Brevard,RFM CHRISTIAN ACADEMY COCO2,1404 DIXON BLVD,COCOA,32922,Yes,Yes,Yes,No,Yes,Yes,Non-Denominational,09-12,,2025,9,aol.com
5218,Brevard,RISING STARS ACADEMY,2155 SARNO ROAD,MELBOURNE,32935,Yes,Yes,Yes,No,Yes,Yes,Non-Denominational,02-12,,2025,34,gmail.com
1642,Brevard,ROCKLEDGE CHRISTIAN SCHOOL,2175 SOUTH FISKE BOULEVARD,ROCKLEDGE,32955,Yes,Yes,Yes,No,Yes,Yes,Non-Denominational,PK-08,FLOCS,2025,163,rcswarriors.org
645,Brevard,Roots and Reins Academy,,,,No,No,No,No,No,No,,KG-06,,2026,16,rootsandreinsacademy.com
1246,Brevard,SAINT JOSEPH CATHOLIC SCHOOL,5320 BABCOCK STREET N.E.,PALM BAY,32905,Yes,Yes,Yes,No,Yes,Yes,Catholic,PK-08,FCCAP,2025,273,st-joe.org
1277,Brevard,SAINT MARK'S EPISCOPAL ACADEMY,2 CHURCH STREET,COCOA,32922,Yes,Yes,Yes,No,Yes,Yes,Episcopalian,PK-06,FCIS,2025,73,stmarksacademy.org
1307,Brevard,SAINT MARYS CATHOLIC SCHOOL,1152 SEMINOLE DRIVE,ROCKLEDGE,32955,Yes,Yes,Yes,No,Yes,Yes,Catholic,PK-08,FCCAP,2025,262,stmarys-school.org
7902,Brevard,SAINT PAUL'S CLASSICAL SCHOOL,7200 N WICKHAM ROAD,MELBOURNE,32940,Yes,Yes,Yes,No,Yes,Yes,Other,KG-11,,2026,81,saintpaulsmelbourne.org
1342,Brevard,SAINT TERESA CATHOLIC SCHOOL,207 OJIBWAY AVENUE,TITUSVILLE,32780,Yes,Yes,Yes,No,Yes,Yes,Catholic,PK-08,FCCAP,2025,250,stteresa-titusville.org
7424,Brevard,Santiago & Friends Academy Titusville,8617 E. Colonial Drive,Orlando,32817,Yes,Yes,Yes,Yes,Yes,No,,,,2025,0,santiagoandfriends.com
4563,Brevard,SATC COMMUNICATION CULTIVATION ACADEMY INC,107 LONGWOOD AVE,ROCKLEDGE,32955,Yes,Yes,Yes,No,Yes,No,,KG-11,,2025,12,speechavenues.com
4970,Brevard,School of Hope International,1989 Brittany Dr,Indialantic,32903,No,No,No,No,Yes,No,,,,2025,0,schoolofhopeinternational.org
5297,Brevard,SHILOH CHRISTIAN ACADEMY,3900 SARNO RD,MELBOURNE,32934,Yes,Yes,Yes,No,Yes,Yes,Non-Denominational,KG-12,,2025,48,aol.com
8864,Brevard,SHINING STARR LEARNING ACADEMY INC.,1255 DROMIN LANE,MELBOURNE,32940,Yes,Yes,Yes,Yes,Yes,No,,07-12,,2025,6,gmail.com
1493,Brevard,SPACE COAST CHRISTIAN ACADEMY,1950 MICHIGAN AVE,COCOA,32922,Yes,Yes,Yes,No,Yes,Yes,Baptist,PK-12,,2026,217,yahoo.com
7989,Brevard,SPACE COAST DISCOVERY,3790 DAIRY ROAD,MELBOURNE,32904,Yes,Yes,Yes,No,Yes,No,,PK-08,,2025,104,spacecoastdiscovery.org
2566,Brevard,SUNTREE UNITED METHODIST WEEKDAY SCHOOL,7400 NORTH WICKHAM ROAD,MELBOURNE,32940,Yes,Yes,Yes,No,Yes,Yes,Methodist,KG,,2025,22,suntreeumc.org
2270,Brevard,TEMPLE CHRISTIAN SCHOOL,1400 NORTH U.S. 1,TITUSVILLE,32796,Yes,Yes,Yes,No,Yes,Yes,Baptist,KG-12,,2026,179,templelions.com
254,Brevard,The Educational Hangout Learning Academy,,,,No,No,No,No,No,No,,07-08,,2026,2,
2863,Brevard,THE GODDARD SCHOOL OF VIERA,8557 BOWER LN,MELBOURNE,32940,Yes,Yes,Yes,No,No,No,,KG,,2025,16,goddardschools.com
2438,Brevard,THE KINGDOM ACADEMY,138 ANDERSON AVE NE,PALM BAY,32907,No,No,No,No,Yes,Yes,Non-Denominational,07-12,,2026,11,jameswbyrd.com
7403,Brevard,THE LEARNING TREE ACADEMY OF PALM BAY,207 EMERSON DRIVE NW,PALM BAY,32907,No,No,No,No,No,No,,,,2025,0,gmail.com
4227,Brevard,THE LEARNING TREE STEAM ACADEMY,451 RIVIERA DRIVE,PALM BAY,32905,Yes,Yes,Yes,Yes,No,No,,,,2025,0,gmail.com
6438,Brevard,THE LIFE CENTER ACADEMY,835 SYCAMORE STREET,TITUSVILLE,32780,Yes,Yes,Yes,No,Yes,Yes,Non-Denominational,PK-10,,2025,134,yahoo.com
8302,Brevard,THE PILLAR OF HOPE ACADEMY,P. O. BOX 236063,COCOA,32923,Yes,Yes,Yes,No,Yes,Yes,Non-Denominational,KG-12,,2025,95,thepillarofhope.com
8771,Brevard,THE VERDI ECOSCHOOL,1851 HIGHLAND AVENUE,MELBOURNE,32935,Yes,Yes,Yes,Yes,Yes,No,,KG-12,,2025,23,verdiecoschool.org
7884,Brevard,TITUSVILLE CHRISTIAN PREPARATORY SCHOOL,229 N JOHN YOUNG PARKWAY,KISSIMMEE,34741,Yes,Yes,Yes,Yes,Yes,Yes,Non-Denominational,KG-12,,2025,90,christianprepschools.com
4643,Brevard,TORAH ACADEMY,1190 HIGHWAY A1A,SATELLITE BEACH,32937,Yes,Yes,Yes,No,Yes,Yes,Jewish,PK-06,,2025,16,gmail.com
1376,Brevard,TRINITY LUTHERAN SCHOOL,1330 S. FISKE BOULEVARD,ROCKLEDGE,32955,Yes,Yes,Yes,No,Yes,Yes,Lutheran,PK-06,FLGA-LCMS,2025,92,trinity-rockledge.org
5147,Brevard,Viera Country Day School,3395 Viera Boulevard,Melbourne,32940,No,No,No,No,No,No,,KG,,2026,12,vieracountryday.org
9612,Brevard,VITA PREPARATORY ACADEMY,4400 SHAWNEE PL,COCOA,32926,Yes,Yes,Yes,No,No,No,,KG-06,,2025,31,vitaprepacademy.com
8967,Brevard,VOYAGER ACADEMY INC.,5240 BABCOCK ST NE SUITE 105,PALM BAY,32905,Yes,Yes,Yes,No,Yes,No,,01-12,,2025,18,sociallysignificantaba.com
2606,Brevard,WADE CHRISTIAN ACADEMY,4300 N. WICKHAM ROAD,MELBOURNE,32935,Yes,Yes,Yes,No,Yes,Yes,Baptist,PK-12,,2026,92,fbcsb.org
5691,Brevard,WAVECREST ACADEMY,981 E. EAU GALLIE BLVD,MELBOURNE,32937,Yes,Yes,Yes,Yes,Yes,No,,KG-12,,2025,58,gmail.com
104,Brevard,WEST MELBOURNE CHRISTIAN ACADEMY,3150 MILWAUKEE AVENUE,MELBOURNE,32904,Yes,Yes,Yes,No,Yes,Yes,Church of God,KG-12,CGACS,2025,143,wmcaknights.com
1645,Brevard,Wish Upon A Star Academy,,,,No,No,No,No,No,No,,,,2026,0,
9385,Broward,A CHANGE IN THE GAME,1401 NW 72 AVE.,PLANTATION,33313,Yes,Yes,Yes,No,No,Yes,Non-Denominational,PK-07,,2025,57,achangeinthegame.org
3860,Broward,A CHILDRENS CAROUSEL,1051 SHOTGUN ROAD,WESTON,33326,No,No,No,No,No,No,,,,2025,0,beacon-schools.com
4106,Broward,A E F - LOWER SCHOOL,4650 SW 61ST AVENUE,FORT LAUDERDALE,33314,Yes,Yes,Yes,No,Yes,No,,KG-07,COGNIA,2025,91,aefschools.com
5447,Broward,A E F HIGH SCHOOL,6311 SW 45 ST.,DAVIE,33314,Yes,Yes,Yes,No,Yes,No,,08-12,COGNIA,2025,98,aefschools.com
7247,Broward,A E F- WESTHAM,4650 SW 61 AVE,DAVIE,33314,Yes,Yes,Yes,No,Yes,No,,05-12,COGNIA,2025,48,aefschools.com
6036,Broward,A.S.A.T.A Institute,901 NW 11th Ave.,FORT LAUDERDALE,33311,Yes,Yes,Yes,No,Yes,Yes,Non-Denominational,KG-12,,2025,45,bmaschools.org
1832,Broward,ABC WORKSHOP PRESCHOOL INC,12560 W ATLANTIC BLVD,CORAL SPRINGS,33071,Yes,Yes,Yes,No,No,No,,PK-KG,,2026,9,abcworkshoppreschool.com
974,Broward,Abelinc Academy,,,,No,No,No,No,No,No,,,,2026,0,
2255,Broward,ABUNDANT LIFE CHRISTIAN ACADEMY,1494 BANKS ROAD,MARGATE,33063,Yes,Yes,Yes,No,Yes,Yes,Non-Denominational,PK-12,"FLOCS, COGNIA",2025,513,alcaeagles.com
6272,Broward,ACADEMIC SCHOOL 4 ARTS,8673 STIRLING ROAD,COOPER CITY,33328,Yes,Yes,Yes,No,Yes,No,,01-07,,2025,16,gmail.com
5319,Broward,Achieve University,4100 North Powerline Road,Pompano Beach,33073,No,No,No,No,Yes,No,,,,2025,0,gmail.com
2312,Broward,ACTON ACADEMY FORT LAUDERDALE,2250 SW 31ST AVE,FORT LAUDERDALE,33312,Yes,Yes,Yes,No,No,No,,KG-09,,2025,40,actonacademyfl.com
2956,Broward,ACUTIS ACADEMY,9080 CATTAIL RUN,PARKLAND,33076,No,No,No,No,No,No,,01-10,,2026,68,hotmail.com
8657,Broward,ADHERE ACADEMY,905 SW 8TH AVE,HALLANDALE,33009,Yes,Yes,Yes,No,No,No,,PK,,2025,15,yahoo.com
2768,Broward,AGAPE GENERATION ACADEMY,178 N POWERLINE ROAD,POMPANO BEACH,33069,Yes,Yes,Yes,No,No,No,,KG-02,,2025,5,aol.com
3414,Broward,ALAZHAR SCHOOL,7201 W. MCNAB ROAD,TAMARAC,33321,Yes,Yes,Yes,No,Yes,Yes,Islamic/Muslim,PK-08,AISF,2026,467,alazharschool.net
6946,Broward,ALL SAINTS CATHOLIC SCHOOL,10900 WEST OAKLAND PARK BLVD.,SUNRISE,33351,Yes,Yes,Yes,No,Yes,Yes,Catholic,PK-08,FCCAP,2025,346,allsaintsvillage.com
3570,Broward,ALTERNATIVE EDUCATION INSTITUTE,5071 DAVIE ROAD,DAVIE,33314,No,No,No,No,No,No,,KG-12,,2025,191,gmail.com
9336,Broward,Alton School,6700 GRIFFIN ROAD,DAVIE,33314,Yes,Yes,Yes,No,No,No,,PK-02,,2026,88,gmail.com
9549,Broward,AMAZING ACHIEVERS ACADEMY LLC.,6247 COUNTY LINE ROAD,MIRAMAR,33023,No,No,No,No,No,No,,PK,,2025,54,gmail.com
6775,Broward,AMBERWOOD PRESCHOOL ACADEMY,4939 NORTH UNIVERSITY DR,LAUDERHILL,33351,Yes,Yes,Yes,No,No,No,,PK-01,,2025,59,outlook.com
2166,Broward,AMERICAN ARTS ACADEMY,2800 N. STATE RIAD 7,MARGATE,33063,No,No,No,No,Yes,No,,,,2025,0,gmail.com
1060,Broward,AMERICAN HERITAGE SCHOOL OF PLANTATION,12200 W. BROWARD BOULEVARD,PLANTATION,33325,Yes,Yes,Yes,No,No,No,,PK-12,COGNIA,2025,3063,ahschool.com
5567,Broward,AMERICAN HIGH SCHOOL,499 NW 70TH AVE,PLANTATION,33317,Yes,Yes,Yes,Yes,No,No,,01-12,COGNIA,2025,76,americanhighschool.org
9393,Broward,AMERICAN K12 SCHOOL,8370 NW 29TH STREET,SUNRISE,33322,No,No,No,No,No,No,,10-11,COGNIA,2025,2,americank12school.com
75,Broward,AMERICAN PREPARATORY ACADEMY,4850 S. PINE ISLAND RD,DAVIE,33328,Yes,Yes,Yes,No,No,No,,KG-12,COGNIA,2025,87,apaacademy.com
5893,Broward,American School of Excellence,8370 NW 29th St,Sunrise,33322,No,No,No,No,No,No,,10-12,,2025,4,americank12school.com
8739,Broward,ANGEL TOUCH,7173 W OAKLAND PARK BLVD,Lauderhill,33313,No,No,No,No,No,Yes,Other,KG-11,,2025,15,gmail.com
6002,Broward,ANGELIC STEPS ACADEMY,3341 N. UNIVERSITY DRIVE,DAVIE,33024,Yes,Yes,Yes,No,No,No,,KG-03,,2025,4,angelicstepsacademy.com
6918,Broward,ANGELS CHRISTIAN ACADEMY OF POMPANO BEACH,1111 E SAMPLE RD,POMPANO BEACH,33064,Yes,Yes,Yes,No,No,Yes,Pentecostal,KG-12,,2025,23,yahoo.com
4972,Broward,ANN STORCK CENTER,1790 SW 43RD WAY,FORT LAUDERDALE,33317,Yes,Yes,Yes,No,Yes,No,,PK-07,,2025,57,annstorckcenter.org
1207,Broward,ANNUNCIATION SCHOOL,3751 SW 39TH STREET,WEST HOLLYWOOD,33023,Yes,Yes,Yes,No,Yes,Yes,Catholic,PK-08,FCCAP,2025,178,annun.org
2333,Broward,APPLE TREE MONTESSORI SCHOOL INC.,6301 SOUTH WEST 160 AVE.,DAVIE,33331,Yes,Yes,Yes,No,No,No,,PK-03,,2025,123,greentreeprep.com
4069,Broward,ARC BROWARD,10250 NW 53RD STREET,SUNRISE,33351,No,No,No,No,Yes,No,,,,2025,0,arcbroward.com
1767,Broward,ARCHBISHOP EDWARD A. MCCARTHY HIGH SCHOOL,5451 S. FLAMINGO ROAD,SOUTHWEST RANCHES,33330,Yes,Yes,Yes,No,Yes,Yes,Catholic,09-12,COGNIA,2025,1940,mccarthyhigh.org
3068,Broward,ATLANTIS ACADEMY,11411 NW 56 DRIVE,CORAL SPRINGS,33076,Yes,Yes,Yes,No,No,No,,KG-12,"COGNIA, CITA",2025,180,chancelight.com
1367,Broward,AUKELA UNIQUE AND DISTINGUISHED SCHOLARS,2201 SW 42 AVENUE,WEST PARK,33023,Yes,Yes,Yes,Yes,Yes,Yes,Non-Denominational,PK-12,FCCPSA,2025,39,aukelaeagles.com
7890,Broward,BALDWIN ACADEMY PREPARATORY SCHOOL II,1161 SW 30 AVENUE,FORT LAUDERDALE,33312,Yes,Yes,Yes,No,Yes,No,,PK-05,COGNIA,2025,176,baldwinacademy.org
3270,Broward,BB COUNTRY DAY SCHOOL,1735 E ATLANTIC BLVD,POMPANO BEACH,33060,Yes,Yes,Yes,No,No,No,,PK-07,,2025,93,gmail.com
1377,Broward,BEACON HILL SCHOOL INC,7600 N DAVIE ROAD EXTENSION,HOLLYWOOD,33024,Yes,Yes,Yes,No,No,No,,PK-08,COGNIA,2025,56,beaconhillschool.com
7928,Broward,"BELIEVERS FAITH CHRISTIAN ACADEMY, INC.",,,,No,No,No,No,Yes,Yes,Non-Denominational,,,2026,0,believersfaith.com
4872,Broward,Belle Menti Montessori,,,,No,No,No,No,No,No,,PK,,2025,32,gmail.com
138,Broward,BEN PORAT YOSEF YITCHOK INC,3113 STERLING RD.,HOLLYWOOD,33312,No,No,No,No,Yes,Yes,Jewish,PK-02,,2025,148,gmail.com
8488,Broward,BENJAMIN ACADEMY,5812 TAFT STREET,HOLLYWOOD,33021,Yes,Yes,Yes,No,No,No,,PK-KG,,2026,11,live.com
263,Broward,BETHANY CHRISTIAN SCHOOL,880 S. FEDERAL HWY.,FORT LAUDERDALE,33316,Yes,Yes,Yes,No,Yes,Yes,Presbyterian,PK-08,CSF,2026,399,bcsftl.org
6199,Broward,BETHLEHEM JUNIOR ACADEMY,2099 WEST PROSPECT ROAD,TAMARAC,33309,Yes,Yes,Yes,No,No,Yes,Non-Denominational,KG-08,,2026,263,aol.com
8407,Broward,BISHOP MACK PREPARATORY SCHOOL,2230 NW 22ND STREET,FORT LAUDERDALE,33311,Yes,Yes,Yes,Yes,Yes,Yes,Non-Denominational,PK-12,,2025,508,gmail.com
1443,Broward,BLAKE SCHOOL,7011 W SUNRISE BLVD,PLANTATION,33313,Yes,Yes,Yes,No,No,No,,PK-08,COGNIA,2026,134,aol.com
7273,Broward,Brantley Academy,4035 West McNab Road Unit F110,Pompano Beach,33069,No,No,No,No,No,No,,KG-12,,2025,100,gmail.com
2377,Broward,BRIGHTSEED ACADEMY OF LEARNING,7520 S ARAGON BLVD UNIT 2,SUNRISE,33313,No,No,No,No,No,No,,PK,,2025,1,brightseedacademy.com
2595,Broward,BROWARD BEACON LEARNING CENTER,4251 NW 24TH STREET,LAUDERHILL,33313,No,No,No,No,Yes,Yes,Multi/ Inter/ Trans-Denominational,KG-11,,2025,6,gmail.com
6470,Broward,BROWARD CHILDREN'S CENTER INC,200 SE 19TH AVENUE,POMPANO BEACH,33060,No,No,No,No,Yes,No,,PK-07,,2025,60,bcckids.org
6471,Broward,BROWARD CHILDREN'S CENTER INC.,200 SE 19TH AVENUE,POMPANO BEACH,33060,No,No,No,No,Yes,No,,PK-08,,2026,34,bcckids.org
5102,Broward,BROWARD CHRISTIAN ACADEMY,9191 ORANGE DRIVE,DAVIE,33328,Yes,Yes,Yes,No,Yes,Yes,Non-Denominational,PK-04,,2025,92,browardkids.org
2664,Broward,BROWARD JUNIOR ACADEMY,5420 North State Road 7,North Lauderdale,33319,Yes,Yes,Yes,No,Yes,Yes,Seventh Day Adventist,KG-10,,2025,218,bjaeagles.org
9824,Broward,BRUCKNER EDUCATION,8447 SHERIDAN STREET,COOPER CITY,33024,Yes,Yes,Yes,No,No,No,,PK-KG,,2025,50,primrosecoopercity.com
5902,Broward,C.G. SMITH ACADEMY - EAST,601 SOUTH STATE ROAD 7,PLANTATION,33317,Yes,Yes,Yes,No,Yes,No,,01-07,,2025,16,smithcmh.com
3283,Broward,CALVARY CHRISTIAN ACADEMY,2401 W. CYPRESS CREEK ROAD,FT LAUDERDALE,33309,Yes,Yes,Yes,No,Yes,Yes,Non-Denominational,PK-12,COGNIA,2025,2466,ccaeagles.org
4769,Broward,CALVARY CHRISTIAN ACADEMY HOLLYWOOD,1708 N 60TH AVENUE,HOLLYWOOD,33021,Yes,Yes,Yes,No,Yes,Yes,Non-Denominational,PK-12,COGNIA,2026,739,ccaeagles.org
4804,Broward,CAMBRIDGE INTERNATIONAL ACADEMY,14850 NW 20 STREET,PEMBROKE PINES,33028,Yes,Yes,Yes,No,Yes,No,,KG-08,,2025,115,cambridgeia.org
167,Broward,CARDINAL GIBBONS HIGH SCHOOL,2900 N. E. 47TH STREET,FORT LAUDERDALE,33308,Yes,Yes,Yes,No,Yes,Yes,Catholic,09-12,COGNIA,2025,1063,cghsfl.org
7566,Broward,CARE AND SHARE UXBRIDGE CHRISTIAN ACADEMY,3260 N. ANDREWS AVE,OAKLAND PARK,33309,Yes,Yes,Yes,No,No,Yes,Other,PK-05,,2025,56,yahoo.com
4344,Broward,CENTER ACADEMY-CORAL SPRINGS,4700 RIVERSIDE DR. STE 100,CORAL SPRINGS,33067,Yes,Yes,Yes,No,No,No,,05-12,COGNIA,2025,71,centeracademy.com
1278,Broward,CHAMINADE-MADONNA COLLEGE PREPARATORY,500 CHAMINADE DRIVE,HOLLYWOOD,33021,Yes,Yes,Yes,No,Yes,Yes,Catholic,09-12,COGNIA,2026,661,cmlions.org
3063,Broward,CHARISMATA CHRISTIAN ACADEMY,1881 BARCELONA TERRACE,MARGATE,33063,Yes,Yes,Yes,No,Yes,No,,KG-08,,2025,106,gmail.com
3887,Broward,CHEDER ACHEI TEMIMIM,4538 INVERRARY BOULEVARD,LAUDERHILL,33319,No,No,No,No,Yes,Yes,Jewish,,,2025,0,yahoo.com
5594,Broward,CHEDER MENACHEM OF INVERRARY INC.,4440 Inverrary Boulevard,Fort Lauderdale,33319,No,No,No,No,Yes,Yes,Jewish,,,2025,0,gmail.com
6804,Broward,CHILDREN IN THE SPIRIT CHRISTIAN SCHOOL,1500 N.W. 3RD AVE,POMPANO BEACH,33060,Yes,Yes,Yes,No,Yes,Yes,Baptist,KG-10,,2025,137,yahoo.com
1690,Broward,CHRIST CHURCH SCHOOL,4845 NE 25TH AVENUE,FORT LAUDERDALE,33308,Yes,Yes,Yes,No,Yes,Yes,Methodist,PK-05,COGNIA,2026,313,ccsfl.org
3319,Broward,CHRISTI ACADEMY,3495 HIATUS ROAD,SUNRISE,33351,Yes,Yes,Yes,No,No,Yes,Non-Denominational,KG-12,COGNIA,2025,159,yahoo.com
7544,Broward,CHRISTIAN INTERNATIONAL COMMUNITY ACADEMY,2950 W CYPRESS CREEK RD,FORT LAUDERDALE,33309,No,No,No,No,Yes,Yes,Non-Denominational,09-11,,2025,5,gmail.com
7935,Broward,CHRISTIAN LIFE ACADEMY,4905 WEST PROSPECT RD.,TAMARAC,33309,Yes,Yes,Yes,No,Yes,Yes,Assemblies of God,KG-05,FLOCS,2025,136,claftl.org
6175,Broward,"Circle of Life Learning Academy, Inc",2630 West Broward Blvd,,33312,No,No,No,No,Yes,Yes,Non-Denominational,,,2025,0,gmail.com
1469,Broward,City Rev Prep Christian School,21011 Johnson St.,Pembroke Pines,33029,No,No,No,No,Yes,Yes,Baptist,,,2026,0,
9427,Broward,CLEVER OAKS ACADEMY,8250 PETERS ROAD,PLANTATION,33324,Yes,Yes,Yes,No,No,No,,PK-05,COGNIA,2026,189,cleveroaksmontessori.com
9740,Broward,COLLEGE ACADEMY AT SOUTH FLORIDA BIBLE COLLEGE,2200 SW 10TH STREET,DEERFIELD BEACH,33442,No,No,No,No,Yes,Yes,Multi/ Inter/ Trans-Denominational,09-12,,2026,146,sfbc.edu
8283,Broward,COLOSSAL ACADEMY,746 NE 3RD AVENUE,FORT LAUDERDALE,33304,Yes,Yes,Yes,Yes,No,No,,04-11,,2025,29,colossal-academy.com
9184,Broward,COMPASS OUTREACH AND EDUCATION CENTER,1600 SW 5TH PLACE,FORT LAUDERDALE,33312,Yes,Yes,Yes,Yes,Yes,No,,01-06,COGNIA,2026,15,mycompassoutreach.org
3228,Broward,CONTINENTAL ACADEMY,15327 NW 60TH AVENUE ROOM 235,MIAMI LAKES,33014,No,No,No,No,No,No,,09-12,,2025,129,gmail.com
4230,Broward,COOPER CITY CHRISTIAN ACADEMY,5201 SO. FLAMINGO ROAD,COOPER CITY,33330,Yes,Yes,Yes,No,Yes,Yes,Pentecostal,KG-12,COGNIA,2025,148,coopercitychristian.com
5068,Broward,CORAL SPRINGS MONTESSORI SCHOOL,10154 WEST SAMPLE ROAD,CORAL SPRINGS,33065,Yes,Yes,Yes,No,No,No,,PK-KG,,2026,23,coralspringsmontessori.com
613,Broward,CORAL SPRINGS PRESCHOOL,4441 CORAL SPRINGS DR,CORAL SPRINGS,33065,Yes,Yes,Yes,No,No,No,,KG-01,,2026,15,gmail.com
7505,Broward,CORNERSTONE PRESCHOOL LLC,153 NW 12TH STREET,POMPANO BEACH,33060,Yes,Yes,Yes,No,No,Yes,Non-Denominational,PK-05,,2025,90,gmail.com
3998,Broward,CRAYONS CHILDCARE,11406 STATE RD. 84,DAVIE,33325,Yes,Yes,Yes,No,No,Yes,Baptist,PK-05,,2025,109,bellsouth.net
7355,Broward,Daisy's Academy,"2500 Northwest 14th Street, Bldg B",Fort Lauderdale,33311,No,No,No,No,Yes,No,,PK-05,,2026,71,daisys.academy
2125,Broward,DAVID POSNACK JEWISH DAY SCHOOL,5810 S. PINE ISLAND RD.,DAVIE,33328,Yes,Yes,Yes,No,Yes,Yes,Jewish,PK-12,COGNIA,2026,927,posnackschool.org
8272,Broward,DAVIE CHRISTIAN SCHOOL,14900 SW 51ST ST,DAVIE,33331,Yes,Yes,Yes,No,Yes,Yes,Non-Denominational,PK-07,,2025,47,yahoo.com
7350,Broward,DELMAR ARTS ACADEMY,1400 N FEDERAL HWY,FT. LAUDERDALE,33304,Yes,Yes,Yes,No,Yes,No,,PK-03,,2025,71,delmarartsacademy.com
3093,Broward,DELMAR ARTS ACADEMY AT THE Y,1409 NORTHWEST 6TH STREET,FT LAUDERDALE,33311,Yes,Yes,Yes,No,Yes,No,,PK-01,,2025,52,delmarartsacademy.com
5849,Broward,Diamond Minds Transformational Leadership Academy,3117 SW 13TH COURT,FT LAUDERDALE,33312,Yes,Yes,Yes,No,Yes,No,,PK-09,,2025,38,uco-ucpsfl.org
7344,Broward,DICKENS SANOMI ACADEMY,"7154 North University Drive, #278",Tamarac,33321,Yes,Yes,Yes,No,Yes,No,,PK-12,COGNIA,2025,141,dickenssanomiacademy.org
5126,Broward,DIVERSE ABILITIES INC,"499 NW 70th Avenue, Suite 110",Plantation,33317,Yes,Yes,Yes,No,No,No,,KG-12,,2025,24,gmail.com
4782,Broward,DIVINE ACADEMY INTERNATIONAL INC.,14900 NW 20TH STREET,PEMBROKE PINES,33028,Yes,Yes,Yes,No,No,No,,03-12,COGNIA,2026,84,divineacademy.com
3168,Broward,DOWNTOWN CHRISTIAN ACADEMY,301 EAST BROWARD BLVD,FORT LAUDERDALE,33301,Yes,Yes,Yes,No,Yes,Yes,Non-Denominational,KG-03,,2026,53,downtownchristianacademy.com
9381,Broward,ECB EDUCATIONAL CENTER,2201 SW 42ND AVENUE,HOLLYWOOD,33023,Yes,Yes,Yes,No,Yes,Yes,Non-Denominational,PK-08,,2025,91,gmail.com
8985,Broward,ECOKIDS BILINGUAL PRESCHOOLS,10387 ROYAL PALM BLVD.,CORAL SPRINGS,33065,Yes,Yes,Yes,No,No,No,,PK-02,,2025,64,gmail.com
4465,Broward,EDITH ROBINSON CHRISTIAN ACADEMY,156 KENMORE PLACE,MACON,31204,No,No,No,No,No,Yes,Baptist,,,2025,0,gmail.com
8493,Broward,EDUCATION STATION PRESCHOOL,2458 N FEDERAL HIGHWAY,LIGHTHOUSE POINT,33064,Yes,Yes,Yes,No,No,No,,PK-03,,2026,53,outlook.com
5348,Broward,Elev8 School #2,4977 SW 74TH CT,MIAMI,33155,Yes,Yes,Yes,Yes,No,No,,07-12,COGNIA,2025,46,mlmpipa.org
9111,Broward,Elev8 School #7,4977 SW 74TH CT,MIAMI,33155,Yes,Yes,Yes,Yes,No,No,,06-12,COGNIA,2025,73,transtechacademy.org
6759,Broward,ELITE ACADEMY SCHOOL OF EXCELLENCE,3970 NW 21ST AVENUE,OAKLAND PARK,33309,Yes,Yes,Yes,No,No,Yes,Non-Denominational,KG-12,,2025,53,gmail.com
565,Broward,Empowered Preparatory School,3299 SPORTSPLEX DRIVE,CORAL SPRINGS,33065,Yes,Yes,Yes,Yes,No,No,,05-10,,2025,30,fsvacademy.com
3754,Broward,EXCEL ACADEMY CHRISTIAN SCHOOL,3708 BAHAMA DRIVE,MIRAMAR,33023,No,No,No,No,No,Yes,Baptist,02-11,,2025,14,gmail.com
5278,Broward,Excelling All-Stars Academy,6244 Miramar Parkway,Miramar,33023,No,No,No,No,Yes,Yes,Other,KG-11,,2026,41,gmail.com
3300,Broward,EXCELSIOR ARTZ PREPARATORY SCHOOL,10021 WEST SAMPLE ROAD,CORAL SPRINGS,33065,Yes,Yes,Yes,No,No,Yes,Non-Denominational,PK-08,,2025,72,gmail.com
2625,Broward,EXCELSIOR INTERNATIONAL ACADEMY,760 E MCNAB RD,POMPANO BEACH,33060,Yes,Yes,Yes,No,No,No,,PK-05,,2025,57,excelsiorinternationalacademy.com
170,Broward,FAITH BAPTIST ACADEMY,6950 ROYAL PALM BOULEVARD,MARGATE,33063,Yes,Yes,Yes,No,Yes,Yes,Baptist,KG-12,,2025,29,fbcmargate.com
5532,Broward,Family First Microschool,7375 West Sample Road,Coral Springs,33065,No,No,No,No,No,No,,,,2025,0,yahoo.com
8908,Broward,FIDELIS ACADEMY,1999 NW 9TH AVENUE,FORT LAUDERDALE,33311,Yes,Yes,Yes,No,No,Yes,Non-Denominational,KG-12,,2025,81,fidelislearning.com
7663,Broward,FIG TREE MONTESSORI,5796 NW 48 DR,CORAL SPRINGS,33067,Yes,Yes,Yes,Yes,Yes,Yes,Islamic/Muslim,KG-05,,2025,14,figtreemontessori.org
6179,Broward,FINTECH ACADEMY,7300 NW 17TH ST APT. 221,PLANTATION,33313,Yes,Yes,Yes,No,No,No,,PK-08,,2025,34,gmail.com
6557,Broward,FIRST BAPTIST ACADEMY,2700 N. PALM AVENUE,HOLLYWOOD FL,33026,Yes,Yes,Yes,Yes,Yes,Yes,Baptist,PK-12,FACCS,2025,220,myfbalions.com
6117,Broward,FIRST PRESBYTERIAN LEARNING CENTER,1600 HOLLYWOOD BLVD,HOLLYWOOD,33020,Yes,Yes,Yes,No,Yes,Yes,Presbyterian,PK,,2025,26,fpcoh.org
9479,Broward,FIRST STEPS INTERNATIONAL ACADEMY,2803 EXECUTIVE PARK DR,WESTON,33331,Yes,Yes,Yes,No,No,No,,PK-KG,,2025,125,fsiapreschool.com
3342,Broward,FIRST UNITED METHODIST CHURCH SCHOOL,8650 W. SAMPLE ROAD,CORAL SPRINGS,33065,No,No,No,No,Yes,Yes,Methodist,PK,,2025,114,firstchurchpreschool.net
9277,Broward,FLEX LEARNING ACADEMY,11011 SHERIDAN ST.,COOPER CITY,33026,Yes,Yes,Yes,No,No,No,,03-12,,2026,62,gmail.com
8527,Broward,FOR KIDS ONLY ACADEMY,6880 STIRLING ROAD,HOLLYWOOD,33024,No,No,No,No,No,No,,PK,,2025,20,yahoo.com
3150,Broward,FOREVER KIDS ACADEMY,N/A,THE SAME,,No,No,No,No,No,No,,PK,,2025,15,gmail.com
1329,Broward,FORTIS ACADEMY,1999 NW 9TH AVE,FORT LAUDERDALE,33311,Yes,Yes,Yes,Yes,Yes,Yes,Non-Denominational,06-12,,2025,8,fidelislearning.com
8475,Broward,FOUNDATION MONTESSORI LLC,9470 NW 24TH STREET,SUNRISE,33322,No,No,No,No,No,No,,PK-KG,,2025,6,foundationmontessori.net
1806,Broward,FT. LAUDERDALE PREPARATORY SCHOOL,3275 WEST OAKLAND PARK BLVD.,FORT LAUDERDALE,33311,No,No,No,No,No,No,,KG-12,COGNIA,2025,148,flps.com
297,Broward,FUNDAMENTAL LIFE SKILLS CENTER,8053 W. OAKLAND PARK BLVD,SUNRISE,33351,No,No,No,No,Yes,No,,10-12,,2025,4,fundamentalcenter.com
1726,Broward,FUSION ACADEMY PEMBROKE PINES,880 SW 145TH AVE SUITE 100,PEMBROKE PINES,33027,Yes,Yes,Yes,Yes,No,No,,05-12,,2025,38,fusionacademy.com
6964,Broward,FUTURE LEADERS  ACADEMY,3637 NW 40TH COURT,LAUDERDALE LAKES,33309,Yes,Yes,Yes,No,No,No,,01-02,,2025,3,yahoo.com
5597,Broward,FUTURE LEADERS INTERNATIONAL ACADEMY,2000 NE 39TH STREET,LIGHTHOUSE POINT,33064,No,No,No,No,No,No,,PK,,2025,11,gmail.com
4884,Broward,FUTUREBOUND CONSERVATORY,1955 E HALLANDALE BEACH BLVD,HALLANDALE BEACH,33009,No,No,No,No,Yes,No,,,,2026,0,torodance.com
4277,Broward,GATEWAY CHRISTIAN ACADEMY,2130 NW 26TH STREET,FT. LAUDERDALE,33311,Yes,Yes,Yes,No,Yes,Yes,Non-Denominational,PK-05,FLOCS,2025,110,gca-academy.org
7318,Broward,GENESIS MONTESSORI GIFTED ACADEMY INC,6801 W. COMMERCIAL BLVD.,TAMARAC,33319,Yes,Yes,Yes,No,No,Yes,Non-Denominational,PK-05,,2025,73,gmail.com
3866,Broward,GLADES CHRISTIAN ACADEMY,400 LAKEVIEW DRIVE,CORAL SPRINGS,33071,Yes,Yes,Yes,No,Yes,Yes,Non-Denominational,KG-06,,2026,146,gladeschristian.com
309,Broward,GLOW TECH ACADEMY LLC,613 W Hallandale Beach BLVD,Hallandale,33009,No,No,No,No,Yes,No,,,,2025,0,glowunlimbited.org
634,Broward,GRACE AND FAITH INTERNATIONAL ACADEMY INC.,2835 MADISON STREET,HOLLYWOOD,33020,Yes,Yes,Yes,No,Yes,Yes,Jewish,PK-KG,,2025,65,yahoo.com
8023,Broward,GRACE PLACE SCHOOL,1101 NW 33RD ST,POMPANO BEACH,33064,Yes,Yes,Yes,No,Yes,Yes,Non-Denominational,09-12,,2025,10,graceplaceschool.org
5875,Broward,GREATER HEIGHTS PREPATORY SCHOOL,"2950 Northwest 62nd Street, Suite 212",Fort Lauderdale,33309,No,No,No,No,No,No,,,,2025,0,gpaedu.org
7425,Broward,GREEN CHILDREN'S HOUSE MONTESSORI SCHOOL,307 NE 1ST,POMPANO BEACH,33060,Yes,Yes,Yes,No,Yes,No,,PK-02,,2025,36,greenchildrenshouse.com
5657,Broward,GTG Ft.Lauderdale/Lauderhill Learning Center,3625 W Broward Blvd,Lauderhill,33312,No,No,No,No,No,No,,KG-12,,2025,12,glorytogodmiami.com
9489,Broward,GUIDEPOST MONTESSORI AT HOLLYWOOD BEACH,2230 HOLLYWOOD BLVD,HOLLYWOOD,33020,Yes,Yes,Yes,No,No,No,,PK-06,COGNIA,2025,60,guidepostmontessori.com
6335,Broward,HALLANDALE HOUSE OF LEARNING,124 NE 1ST AVENUE,HALLANDALE BEACH,33009,Yes,Yes,Yes,No,No,No,,PK-KG,,2025,79,hallandalehouseoflearning.com
7787,Broward,Happy Feet Learning Academy,3301 NW 5TH TERRACE,POMPANO BEACH,33064,Yes,Yes,Yes,No,Yes,No,,KG-04,,2025,22,gmail.com
4345,Broward,HARVARD ACADEMY,8955 NW 50TH STREET,SUNRISE,33351,Yes,Yes,Yes,No,No,No,,PK-05,,2025,110,harvard-academy.com
5232,Broward,HARVARD INTERNATIONAL ACADEMY,3260 STIRLING ROAD,HOLLYWOOD,33021,Yes,Yes,Yes,Yes,Yes,No,,KG-12,,2025,153,harvardhighschool.org
1534,Broward,HEBREW ACADEMY COMMUNITY SCHOOL,1500 NORTH STATE ROAD 7,MARGATE,33063,Yes,Yes,Yes,No,Yes,Yes,Jewish,PK-11,,2025,717,hebrewacademy.org
6998,Broward,HI TECH KIDZ KOLLEGE,560 E MCNAB RD,POMPANO,33060,Yes,Yes,Yes,No,Yes,No,,KG-05,,2025,51,mybrightonacademy.com
9387,Broward,HIGH SCHOOL OF AMERICA LLC,841 Prudential Dr.,Jacksonville,32207,No,No,No,No,No,No,,05-12,,2025,8,highschoolofamerica.org
2155,Broward,HIGHLANDS CHRISTIAN ACADEMY,501 NE 48TH STREET,POMPANO BEACH,33064,Yes,Yes,Yes,No,Yes,Yes,Baptist,PK-12,COGNIA,2025,582,highlandschristian.org
3196,Broward,HOCHBERG PREPARATORY SCHOOL,412 SW 11 STREET,HALLANDALE,33009,Yes,Yes,Yes,No,Yes,Yes,Jewish,KG-05,COGNIA,2026,261,posnackschool.org
7173,Broward,HOPE FOR THE FUTURE CHRISTIAN ACADEMY,3271 W. BROWARD BLVD.,LAUDERHILL,33312,Yes,Yes,Yes,No,Yes,Yes,,KG-08,,2025,20,yahoo.com
8790,Broward,HOSANNA CHRISTIAN ACADEMY,2021 NW 69TH,MARGATE,33063,Yes,Yes,Yes,No,Yes,Yes,Non-Denominational,KG-09,,2025,10,yahoo.com
2849,Broward,IMK POMPANO LLC,1512 E ATLANTIC BLVD,POMPANO BEACH,33060,Yes,Yes,Yes,No,No,No,,PK-KG,,2025,25,imkpreschool.com
4489,Broward,INFINITE ADVENTURES ACADEMY,2580 NW 115TH DRIVE,CORAL SPRINGS,33065,No,No,No,No,Yes,No,,,,2025,0,infiniteadventuresacademy.com
9386,Broward,INTERNATIONAL MONTESSORI KIDS CENTER,602 ANDERSON CIR,DEERFIELD BEACH,33441,Yes,Yes,Yes,No,No,No,,PK-03,,2025,50,imkpreschool.com
2852,Broward,INTERNATIONAL MONTESSORI SCHOOL,114 SW 10TH ST STE B,FORT LAUDERDALE,33315,No,No,No,No,No,No,,PK-KG,,2025,18,gmail.com
7089,Broward,International Studies Preparatory Academy,2650 Van Buren Street,Hollywood,33020,Yes,Yes,Yes,No,Yes,No,,,,2026,0,aveteaching.com
619,Broward,ITUTOREXPRESS VIRTUAL ACADEMY,4001 S. OCEAN DRIVE SUITE 7M,HOLLYWOOD,33019,No,No,No,No,No,No,,KG-05,,2025,15,itutorexpress.org
8155,Broward,JACKLYN ACADEMY,325 SW 27TH AVENUE,FORT LAUDERDALE,33312,Yes,Yes,Yes,No,Yes,No,,KG-12,,2025,58,gmail.com
6373,Broward,JACKSON PREPARATORY ACADEMY,,,,No,No,No,No,Yes,Yes,Baptist,KG-11,,2025,22,outlook.com
9443,Broward,JAM PREPARATORY ACADEMY OF EXCELLENCE,2852 SW 85 AVE,MIRAMAR,33025,No,No,No,No,No,No,,PK-12,COGNIA,2025,230,yahoo.com
5528,Broward,JEWISH COOPERATIVE SCHOOL,2751 VAN BUREN ST.,HOLLYWOOD,33020,Yes,Yes,Yes,No,Yes,Yes,Jewish,08-12,,2025,172,gmail.com
8150,Broward,JEWISH CULTURE HIGH SCHOOL,105 N FEDERAL HWY,FORT LAUDERDALE,33301,No,No,No,No,Yes,Yes,Jewish,08-12,,2025,171,jewishcultureschool.org
9571,Broward,JLP EDUCATION ATHLETICS INC.,7127-7081 N PINE ISLAND ROAD,TAMARAC,33321,Yes,Yes,Yes,No,Yes,No,,KG-06,,2026,66,gmail.com
7106,Broward,K12 PREPARATORY ACADEMY,499 NW 70TH AV,PLANTATION,33324,No,No,No,No,Yes,No,,KG-12,COGNIA,2025,312,k12prepacademy.com
3755,Broward,KEY POINT ACADEMY,601 N FEDERAL HIGHWAY 114,HALLANDALEBEACH,33009,Yes,Yes,Yes,No,No,No,,PK-KG,,2025,92,keypointschools.com
7452,Broward,KIDS HAVEN ACADEMY SUNRISE,3816 NORTH UNIVERSITY DR,SUNRISE,33351,Yes,Yes,Yes,No,No,No,,PK-07,,2025,35,kidshavenacademy.com
1850,Broward,KIDS IN ACTION,1016 NE 17th Street,Fort Lauderdale,33334,Yes,Yes,Yes,No,No,Yes,Non-Denominational,KG-11,,2025,336,gmail.com
7999,Broward,KLA SCHOOL OF PEMBROKE PINES,18055 NW 8TH ST,PEMBROKE PINES,33029,Yes,Yes,Yes,No,No,No,,PK-KG,,2026,60,klaschools.com
7700,Broward,KNOW IT ALL PREPARATORY SCHOOL,4188 S. UNIVERSITY DRIVE,DAVIE,33328,Yes,Yes,Yes,No,No,Yes,Non-Denominational,01-12,COGNIA,2025,54,knowitallprep.com
4874,Broward,La Creare Schools,10193 Northwest 31st Street,Coral Springs,33065,Yes,Yes,Yes,No,No,No,,PK,,2025,17,lacreareschools.com
5666,Broward,Landow Jewish Academy,3100 SW 9TH AVE,FT. LAUDERDALE,33315,Yes,Yes,Yes,No,Yes,Yes,Jewish,PK-12,,2025,466,tjaonline.com
5689,Broward,LEARNING ACADEMY,715 SE 1ST AVE,HALLANDALE,33009,Yes,Yes,Yes,No,No,No,,KG-07,,2025,134,gmail.com
5076,Broward,LEARNING CORNER ACADEMY,1003 SE 1AVE,HALLANDALE,33009,Yes,Yes,Yes,No,No,No,,PK-KG,,2026,48,gmail.com
8713,Broward,LEARNING LAND MONTESSORI,1465 SOUTH CYPRESS ROAD,POMPANO BEACH,33060,Yes,Yes,Yes,No,No,No,,PK-KG,,2025,21,montessorilearningland.com
7345,Broward,LEARNING SCOPE ACADEMY,867 N NOB HILL RD,PLANTATION,33324,Yes,Yes,Yes,No,No,No,,PK-KG,,2025,26,learningscopeacademy.net
6273,Broward,Legacy Eagles Christian Academy,49 South Dixie Highway,Deerfield Beach,33441,No,No,No,No,Yes,Yes,Non-Denominational,,,2025,0,myleca.org
5424,Broward,LIFE ACADEMY,21011 JOHNSON STREET #132,PEMBROKE PINES,33029,No,No,No,No,Yes,Yes,Assemblies of God,,,2025,0,iglesiavidaag.org
4205,Broward,LIGHTHOUSE CHRISTIAN ACADEMY,801 NE 34 COURT,OAKLAND PARK,33334,Yes,Yes,Yes,Yes,Yes,Yes,Non-Denominational,02-12,,2025,14,yahoo.com
5163,Broward,LIGHTHOUSE CHRISTIAN SCHOOL,2331 NE 26 AVE,POMPANO BEACH,33062,Yes,Yes,Yes,No,Yes,Yes,Presbyterian,KG-08,AISF,2025,211,lcsmariners.com
1940,Broward,LIL. TREAZURES ACADEMY INC,101 SE 11TH AVE,POMPANO BEACH,33060,Yes,Yes,Yes,No,Yes,No,,KG-12,,2025,48,gmail.com
4746,Broward,LINDA'S KIDS GARDEN,,,,No,No,No,No,No,No,,PK,,2025,38,yahoo.com
5799,Broward,LITTLE BEE'S ACADEMY,701 NE 2ND ST,DEERFIELD BEACH,33441,Yes,Yes,Yes,No,Yes,Yes,Non-Denominational,PK-08,,2025,144,gmail.com
9667,Broward,LITTLE FLOWER MONTESSORI SCHOOL,519 NE 26TH STREET,WILTON MANORS,33305,Yes,Yes,Yes,No,No,No,,PK-04,,2026,61,gmail.com
2405,Broward,LITTLE FLOWER SCHOOL,1843 PIERCE STREET,HOLLYWOOD,33020,Yes,Yes,Yes,No,Yes,Yes,Catholic,PK-08,FCCAP,2025,187,littleflowerleopards.com
2853,Broward,LIVING WATER CHRISTIAN ACADEMY,1501 RIVERLAND ROAD,FORT LAUDERDALE,33312,Yes,Yes,Yes,No,Yes,Yes,Baptist,PK-07,,2025,46,lwccftl.org
8772,Broward,LOTUS ELITE ACADEMIC PREPARATORY SCHOOL,2201 S.W. 42ND AVENUE,WEST PARK,33023,Yes,Yes,Yes,No,Yes,No,,PK-08,,2025,102,gmail.com
353,Broward,LOVE OUTREACH CHRISTIAN ACADEMY,,MIRAMAR,33023,Yes,Yes,Yes,No,No,Yes,Non-Denominational,06-12,,2026,7,gmail.com
158,Broward,Lummina Academy,,,,No,No,No,No,No,No,,,,2026,0,
3756,Broward,LUNA CHRISTIAN ACADEMY,5161 NW 40TH ST,LAUDERDALE LAKE,33319,Yes,Yes,Yes,No,Yes,Yes,Non-Denominational,KG-08,,2026,86,yahoo.com
2546,Broward,LYCEE FRANCO-AMERICAN,8900 STIRLING ROAD,COOPER CITY,33024,Yes,Yes,Yes,No,Yes,No,,PK-08,COGNIA,2025,150,lyceefrancoam.org
2653,Broward,M.O.T. ACADEMY,14202 SW 62ND ST,MIAMI,33183,Yes,Yes,Yes,Yes,No,No,,KG-01,,2025,4,motacademy.com
8439,Broward,MADELAINE HALMOS ACADEMY,1315 W BROWARD BLVD,FORT LAUDERDALE,33312,Yes,Yes,Yes,No,Yes,No,,KG-05,,2025,189,jackandjillcenter.org
335,Broward,MAIMONIDES SHALOM/BRAUSER ACADEMY,5300 SW 40TH AVENUE,FT. LAUDERDALE,33314,Yes,Yes,Yes,No,Yes,Yes,Jewish,PK-08,"AISF, COGNIA",2025,643,brauser.us
4503,Broward,MALINKA PRESCHOOL LLC,401 SW 1st Ave Apt 3408,Fort Lauderdale,33301,No,No,No,No,No,No,,PK,,2025,9,malinkapreschool.com
9518,Broward,MARGATE CHRISTIAN ACADEMY,10246 NW 53RD CT,CORAL SPRINGS,33076,Yes,Yes,Yes,No,Yes,Yes,Pentecostal,PK-KG,,2025,31,margatechristianacademy.com
8472,Broward,MARGATE KIDS ACADEMY,200 S STATE RD 7,MARGATE,33068,Yes,Yes,Yes,No,No,No,,KG-03,,2025,22,gmail.com
3258,Broward,MARY HELP OF CHRISTIANS SCHOOL,6000 UNIVERSITY DRIVE,PARKLAND,33067,Yes,Yes,Yes,No,Yes,Yes,Catholic,PK-08,FCCAP,2026,533,mhocschool.org
8403,Broward,MASTER MINDS ACADEMY,1786 NW 4TH COURT,POMPANO BEACH,33069,Yes,Yes,Yes,No,Yes,Yes,Non-Denominational,PK-08,,2025,135,yahoo.com
5743,Broward,MATI TALENT INSTITUTE PRIVATE SCHOOL,1010 S FEDERAL HWY,HALLANDALE BEACH,33009,No,No,No,No,No,No,,KG-11,COGNIA,2025,16,matitalentinstitute.org
5617,Broward,MERIDIAN HIGH SCHOOL,6805 N.W 29 COURT,MARGATE,33063,No,No,No,No,No,No,,,,2025,0,k12.mhs-fl.us
5632,Broward,MESIVTA OF CORAL SPRINGS,3251 NW 101 AVE.,CORAL SPRINGS,33065,No,No,No,No,Yes,Yes,Jewish,09-11,,2025,94,mesivtacs.com
6300,Broward,MILLENNIUM LEADERSHIP CHRISTIAN ACADEMY INC,6144 NW 66TH WAY,PARKLAND,33067,Yes,Yes,Yes,Yes,Yes,Yes,Non-Denominational,PK-12,,2025,31,millenniumlca.org
7234,Broward,MIMI'S LEARNING CENTER,4900 W. HALLANDALE BEACH BLVD,HOLLYWOOD,33023,Yes,Yes,Yes,No,Yes,Yes,Non-Denominational,PK-05,,2025,36,aol.com
4130,Broward,MIRAMAR UNITED METHODIST PRESCHOOL,2507 UTOPIA DRIVE MIRAMAR FL,MIRAMAR,33023,No,No,No,No,Yes,Yes,Methodist,PK,,2025,32,hotmail.com
9490,Broward,MIZRAHI TORAH ACADEMY,5830 SW 37 AVENUE,FORT LAUDERDALE,33312,Yes,Yes,Yes,No,Yes,Yes,Jewish,KG-08,,2026,88,mtacademy.org
4123,Broward,MONTESSORI ACADEMY,19200 PINES BLVD.,PEMBROKE PINES,33029,Yes,Yes,Yes,No,No,No,,PK-08,COGNIA,2025,575,mabschool.com
5110,Broward,MONTESSORI INSTITUTE OF BROWARD,12425 ORANGE DRIVE,DAVIE,33330,Yes,Yes,Yes,No,No,No,,PK-06,,2026,134,tlnschools.com
9330,Broward,MONTESSORI SCHOOLHOUSE,17500 SW 54TH ST,SOUTHWEST RANCHES,33331,No,No,No,No,No,No,,KG-06,,2025,46,gmail.com
7117,Broward,MORELAND'S ALTERNATIVE EDUCATIONAL ACADEMY,3171 WEST ATLANTIC BOULEVARD,POMPANO BEACH,33069,Yes,Yes,Yes,No,Yes,Yes,Non-Denominational,KG-12,,2025,200,gmail.com
4738,Broward,MORNINGSTAR ACADEMY,1314 EAST LAS OLAS BLVD.,FORT LAUDERDALE,33301,No,No,No,No,No,No,,05-12,,2025,4,eschoolhouse.com
2389,Broward,MOSDOS CHINUCH OF HOLLYWOOD DBA WEST HOLLYWOOD PRESCHOOL CENTER,5100 SHERIDAN ST,HOLLYWOOD,33021,Yes,Yes,Yes,No,Yes,Yes,Jewish,KG-02,,2025,59,whpreschool.com
7227,Broward,MURL-WINDSOR ACADEMY AT HOLLYWOOD,6841 N. W. 44TH COURT,LAUDERHILL,33319,Yes,Yes,Yes,Yes,Yes,Yes,Non-Denominational,KG-12,,2025,124,gmail.com
150,Broward,N S U UNIVERSITY SCHOOL,3375 SW 75 AVENUE,FORT LAUDERDALE,33314,No,No,No,No,Yes,No,,PK-12,COGNIA,2025,2030,nova.edu
87,Broward,NATIVITY SCHOOL,5200 JOHNSON STREET,HOLLYWOOD,33021,Yes,Yes,Yes,No,Yes,Yes,Catholic,PK-08,FCCAP,2025,815,nativitysch.com
4646,Broward,NEW DOMINION CHRISTIAN ACADEMY,1417-1419 S POWERLINE ROAD,POMPANO BEACH,33069,Yes,Yes,Yes,No,Yes,Yes,Non-Denominational,KG-08,,2025,101,ymail.com
8337,Broward,NEW GENERATION CHRISTIAN ACADEMY,405 SW 148TH AVENUE,SUITE 2,33325,Yes,Yes,Yes,Yes,No,Yes,Non-Denominational,KG-12,,2026,41,ngcacademy.us
8271,Broward,NEW GENERATION MONTESSORI CHILDRENS ACADEMY,251 SW 6TH STREET,POMPANO BEACH,33060,Yes,Yes,Yes,No,No,No,,PK-03,,2025,25,ngmschools.com
1116,Broward,NEW GENERATION MONTESSORI FLL,450 NW 5TH CT.,FORT LAUDERDALE,33311,No,No,No,No,No,No,,PK-KG,,2025,18,ngmschools.com
6904,Broward,NEW HOPE CHRISTIAN SCHOOL,6400 NW 31ST AVE,FORT LAUDERDALE,33309,Yes,Yes,Yes,No,Yes,Yes,Non-Denominational,PK-12,,2026,180,nhccftl.org
4822,Broward,NEW HOPE SDA SCHOOL AND LEARNING CENTER INC,545 EAST CAMPUS CIRCLE,FORT LAUDERDALE,33312,Yes,Yes,Yes,No,Yes,Yes,Seventh Day Adventist,KG-08,,2025,96,yahoo.com
3419,Broward,NEW LAKE HIGH SCHOOL,200 SOUTH ANDREWS AVENUE,FORT LAUDERDALE,33301,No,No,No,No,No,No,,,,2025,0,newlakehighschool.org
3773,Broward,NEXT GENERATION PREPARATORY ACADEMY,1311 S Dixie HighwaySuite 18EW,POMPANO BEACH,33060,No,No,No,No,Yes,Yes,Non-Denominational,,,2025,0,ngpacademy.com
5492,Broward,North Academy,901 Northwest 11th Avenue,Fort Lauderdale,33311,No,No,No,No,No,No,,KG-05,,2026,11,gmail.com
4482,Broward,NORTH BROWARD CHRISTIAN SCHOOL,3637 NW 40 CT.,FORT LAUDERDALE,33309,Yes,Yes,Yes,No,Yes,No,,KG-12,,2025,200,gmail.com
2576,Broward,NORTH CREEK CHRISTIAN ACADEMY,5000 W. HILLSBORO BLVD.,COCONUT CREEK,33073,Yes,Yes,Yes,No,Yes,Yes,Baptist,KG-01,,2026,31,fbccc.onmicrosoft.com
3162,Broward,NUR UL-ISLAM ACADEMY,10600 SW 59TH STREET,COOPER CITY,33328,Yes,Yes,Yes,No,Yes,Yes,Islamic/Muslim,PK-12,COGNIA,2026,602,nuia.org
9563,Broward,OHR HATORAH YESHIVA HIGH SCHOOL,3230 STIRLING RD,HOLLYWOOD,33031,Yes,Yes,Yes,No,Yes,Yes,Jewish,05-12,,2026,159,floridayeshiva.com
195,Broward,OUR LADY QUEEN OF MARTYRS,2785 SW 11TH COURT,FORT LAUDERDALE,33312,Yes,Yes,Yes,No,Yes,Yes,Catholic,PK-08,"AISF, FCCAP",2025,245,olqmfl.com
2584,Broward,OUR SAVIOR LUTHERAN SCHOOL,8001 NW 5TH STREET,PLANTATION,33324,Yes,Yes,Yes,No,Yes,Yes,Lutheran,PK-08,FLGA-LCMS,2025,214,oursaviorplantation.org
5929,Broward,P2P Academy,2830 NW 7th Street,,33069,No,No,No,No,Yes,No,,,,2025,0,gmail.com
6336,Broward,PAIDEIA CLASSICAL ACADEMY INC.,2370 HAMMOCK BLVD.,COCONUT CREEK,33063,Yes,Yes,Yes,No,Yes,Yes,Other,PK-12,,2025,135,paideiaclassical.org
454,Broward,PALM BEACH PREP,"801 SOUTH OLIVE AVE, UNIT 1015",WEST PALM BEACH,33401,No,No,No,No,No,No,,11-12,,2025,3,gmail.com
6826,Broward,PALMS COMMUNITY HIGH SCHOOL,5240 Southwest 40th Terrace,Davie,33314,No,No,No,No,No,No,,11-12,,2025,30,gmail.com
8198,Broward,PARKLAND INTERNATIONAL MUSIC  ARTS SCHOOL,7337 NORTH STATE RD 7,PARKLAND,33073,No,No,No,No,No,No,,PK-12,,2025,305,musicparkland.com
5354,Broward,PARKRIDGE CHRISTIAN ACADEMY,5600 CORAL RIDGE DRIVE,CORAL SPRINGS,33076,Yes,Yes,Yes,No,Yes,Yes,Baptist,PK-10,COGNIA,2025,633,parkridgeca.com
2644,Broward,PARKWAY CHRISTIAN SCHOOL,1200 S. FLAMINGO ROAD,DAVIE,33325,Yes,Yes,Yes,No,Yes,Yes,Other,PK-08,FCIS,2026,658,pcs-fl.net
7745,Broward,PATHWAY SCHOOLS,425 N ANDREWS AVE APT 304,FT LAUDERDALE,33301,Yes,Yes,Yes,No,No,No,,03-11,COGNIA,2025,84,pathwayschools.us
6360,Broward,Pembroke Park Christian Academy,3707 Southwest 56th Avenue,West Park,33023,No,No,No,No,No,No,,,,2025,0,gmail.com
9398,Broward,PERMISSION TO SUCCEED EDUCATION CENTER,1918 SW YELLOWTAIL AVENUE,PORT ST. LUCIE,34953,Yes,Yes,Yes,Yes,Yes,No,,KG-12,COGNIA,2025,133,success-education.org
7619,Broward,PHYL'S ACADEMY PREPARATORY SCHOOL,7205 ROYAL PALM BLVD,MARGATE,33063,Yes,Yes,Yes,No,No,Yes,Church of God,PK-12,"AISF, COGNIA",2025,301,phylsprep.com
6159,Broward,PHYL'S ACADEMY PRESCHOOL OF MIRAMAR,4052 SW 69TH AVE,MIRAMAR,33023,Yes,Yes,Yes,No,No,No,,PK-01,,2025,18,phylsprep.com
2629,Broward,PINE CREST SCHOOL,1501 NE 62ND STREET,FORT LAUDERDALE,33334,No,No,No,No,Yes,No,,PK-12,COGNIA,2025,2689,pinecrest.edu
5693,Broward,PINE ISLAND MONTESSORI,5499 SW 82 AVENUE,DAVIE,33328,Yes,Yes,Yes,No,Yes,No,,PK-03,,2025,31,yahoo.com
6279,Broward,PINEY GROVE ACADEMY,4699 W. OAKLAND PARK BLVD.,LAUDERDALE LKS.,33313,Yes,Yes,Yes,No,Yes,No,,KG-12,"FLOCS, COGNIA",2025,71,att.net
8444,Broward,PK-12 VIRTUAL ACADEMY INC.,3310 PALOMINO DRIVE 614,DAVIE,33024,Yes,Yes,Yes,Yes,No,No,,01-12,,2026,29,gmail.com
1989,Broward,PLAY LEARN AND GROW LLC,11380 WEST SAMPLE ROAD,CORAL SPRINGS,33065,Yes,Yes,Yes,No,No,No,,PK-01,,2026,33,gmail.com
1140,Broward,POTENTIAL CHRISTIAN ACADEMY,12401 STIRLING ROAD,COOPER CITY,33330,Yes,Yes,Yes,No,Yes,Yes,Baptist,PK-09,COGNIA,2025,514,ilovepca.com
4895,Broward,PRECIOUS PROMISE ACADEMY DBA CHRISTIAN LIFE,4905 W Prospect Road,Tamarac,33309,No,No,No,No,Yes,Yes,Assemblies of God,,,2026,0,claftl.org
6399,Broward,PRIMROSE SCHOOL OF MIRAMAR,2701 DYKES RD,MIRAMAR,33027,Yes,Yes,Yes,No,No,No,,PK-KG,,2026,49,primrosemiramar.com
1966,Broward,PRIZEMEN CHRISTIAN ACADEMY,2950 nw 62nd street,fort lauderdale,33309,Yes,Yes,Yes,Yes,Yes,Yes,Non-Denominational,KG-09,,2025,20,gmail.com
783,Broward,PRIZEMEN HEIGHTS ACADEMY,300 DELAWARE AVE,FORT LAUDERDALE,33312,No,No,No,No,Yes,Yes,Non-Denominational,,,2025,0,gmail.com
6407,Broward,PUDER AI LLC,18569 SW 104th AVE,Cutler Bay,33157,No,No,No,No,No,No,,,,2025,0,mlmpipa.org
9328,Broward,PURPOSE ACADEMY,600 SW 3RD STREET,POMPANO BEACH,33060,Yes,Yes,Yes,No,Yes,Yes,Non-Denominational,06-08,,2025,133,purposeacademy.site
7040,Broward,R.E.D.D. LEARNING ACADEMY,401 E LAS OLAS BLVD. 130-364,FORT LAUDERDALE,33301,Yes,Yes,Yes,Yes,Yes,Yes,Other,KG-12,FCCPSA,2025,43,reddlearning.org
3958,Broward,RAYVENCREST,,,,No,No,No,No,No,No,,08-12,,2026,3,gmail.com
6778,Broward,REFINE LEARNING CENTER II INC.,3231 AUBURN BLVD,FORT LAUDERDALE,33312,Yes,Yes,Yes,No,Yes,Yes,Pentecostal,KG-12,,2025,101,yahoo.com
8320,Broward,REFINE THERAPEUTIC LEARNING CENTER INC.,2300 W OAKLAND PARK BLVD,OAKLAND PARK,33311,Yes,Yes,Yes,No,Yes,Yes,Pentecostal,01-12,,2025,101,yahoo.com
6154,Broward,RHEMA WORD CHRISTIAN SCHOOL,2800 W PROSPECT RD,FORT LAUDERDALE,33309,Yes,Yes,Yes,Yes,Yes,Yes,Non-Denominational,KG-12,,2025,204,rhemaschool.org
4019,Broward,RISE CHRISTIAN ACADEMY,10945 NORTHWEST 20TH DRIVE,CORAL SPRINGS,33071,Yes,Yes,Yes,No,Yes,Yes,Non-Denominational,,,2026,0,risechristianacademy.net
5180,Broward,ROHR BAIS CHAYA ACADEMY,8100 N. UNIVERSITY DRIVE,TAMARAC,33321,Yes,Yes,Yes,No,Yes,Yes,Jewish,09-12,AISF,2025,95,rohrbaischaya.com
1037,Broward,ROYAL ACADEMY,2600 Dr. MLK Jr BlvdSuite #1,Pompano Beach,33060,No,No,No,No,Yes,No,,,,2025,0,gmail.com
7445,Broward,Royalty Academy,2700 South University Drive unit 201,Miramar,33025,No,No,No,No,No,No,,,,2025,0,gmail.com
2686,Broward,SAINT AMBROSE,363 S.E. 12TH AVENUE,DEERFIELD BEACH,33441,Yes,Yes,Yes,No,Yes,Yes,Catholic,PK-08,FCCAP,2026,272,gmail.com
2689,Broward,SAINT ANDREW CATHOLIC SCHOOL,9990 NORTHWEST 29TH STREET,CORAL SPRINGS,33065,Yes,Yes,Yes,No,Yes,Yes,Catholic,PK-08,COGNIA,2026,372,sacccs.org
2694,Broward,SAINT ANTHONY SCHOOL,820 NE 3RD STREET,FORT LAUDERDALE,33301,Yes,Yes,Yes,No,Yes,Yes,Catholic,PK-08,FCCAP,2026,459,stanthonyftl.org
124,Broward,SAINT BARTHOLOMEW SCHOOL,8003 MIRAMAR PARKWAY,MIRAMAR,33025,Yes,Yes,Yes,No,Yes,Yes,Catholic,PK-08,FCCAP,2025,186,stbartschool.org
4092,Broward,SAINT BONAVENTURE CATHOLIC SCHOOL,1301 SW 136TH AVE.,DAVIE,33325,Yes,Yes,Yes,No,Yes,Yes,Catholic,PK-08,FCCAP,2025,747,stbonaventurechurch.com
127,Broward,SAINT COLEMAN SCHOOL,2250 SE 12 STREET,POMPANO BEACH,33062,Yes,Yes,Yes,No,Yes,Yes,Catholic,PK-08,FCCAP,2025,470,stcoleman.org
304,Broward,SAINT DAVID CATHOLIC SCHOOL,3900 S. UNIVERSITY DRIVE,DAVIE,33328,Yes,Yes,Yes,No,Yes,Yes,Catholic,PK-08,FCCAP,2026,470,saintdavid.org
130,Broward,SAINT HELEN CATHOLIC SCHOOL,3340 W. OAKLAND PARK BOULEVARD,FORT LAUDERDALE,33311,Yes,Yes,Yes,No,Yes,Yes,Catholic,PK-08,FCCAP,2025,270,sainthelen.net
169,Broward,SAINT JEROME CATHOLIC SCHOOL,2601 SW 9TH AVENUE,FORT LAUDERDALE,33315,Yes,Yes,Yes,No,Yes,Yes,Catholic,PK-08,FCCAP,2025,250,stjfl.org
3077,Broward,SAINT MALACHY SCHOOL,7595 N.W. 61ST STREET,TAMARAC,33321,Yes,Yes,Yes,No,Yes,Yes,Catholic,PK-05,FCCAP,2025,125,stmalachyschool.com
316,Broward,SAINT MARK CATHOLIC SCHOOL,5601 SOUTH FLAMINGO ROAD,SOUTHWEST RANCHES,33330,Yes,Yes,Yes,No,Yes,Yes,Catholic,PK-08,FCCAP,2025,595,stmarklions.com
2497,Broward,SAINT MARKS EPISCOPAL SCHOOL,1750 EAST OAKLAND PARK BLVD.,FORT LAUDERDALE,33334,Yes,Yes,Yes,No,Yes,Yes,Episcopalian,PK-08,COGNIA,2026,623,saintmarks.com
135,Broward,SAINT THOMAS AQUINAS HIGH SCHOOL,2801 SW 12TH STREET,FORT LAUDERDALE,33312,Yes,Yes,Yes,No,Yes,Yes,Catholic,09-12,COGNIA,2026,2059,aquinas-sta.org
3505,Broward,SALAH TAWFIK ELEMENTARY MIDDLE SCHOOL,5455/5457 NW 108TH AVE,SUNRISE,33351,Yes,Yes,Yes,No,Yes,Yes,Islamic/Muslim,PK-08,"FCIS, COGNIA",2025,205,stemschool.net
137,Broward,SAWGRASS ADVENTIST SCHOOL,11701 NW 4TH STREET,PLANTATION,33325,Yes,Yes,Yes,No,Yes,Yes,Seventh Day Adventist,KG-08,,2026,143,flcoe.org
289,Broward,SCHOOL OF EXCELLENCE INC,1144 NW 31ST AVE.,FT. LAUDERDALE,33311,Yes,Yes,Yes,No,No,No,,KG-08,,2025,26,yahoo.com
855,Broward,SCORE AT THE TOP CORAL SPRINGS LLC,5830 CORAL RIDGE DRIVE 130,CORAL SPRINGS,33076,No,No,No,No,No,No,,06,COGNIA,2025,1,scoreatthetop.com
4613,Broward,SHA'AREI BINA TORAH ACADEMY FOR GIRLS,2907 TAYLOR STREET,HOLLYWOOD,33020,Yes,Yes,Yes,No,Yes,Yes,Jewish,06-12,AISF,2026,80,shaareibina.org
385,Broward,SHARON SCHOOL OF EXCELLENCE INC,3610 SW 48TH AVE,PEMBROKE PARK,33023,No,No,No,No,Yes,Yes,Non-Denominational,,,2025,0,aol.com
2593,Broward,SHEPHERD OF THE COAST,1901 E. COMMERCIAL BOULEVARD,FORT LAUDERDALE,33308,Yes,Yes,Yes,Yes,Yes,Yes,Lutheran,KG-08,"FLGA-LCMS, COGNIA",2025,78,shepherdofthecoast.org
3059,Broward,SHERIDAN HILLS CHRISTIAN SCHOOL,3751 SHERIDAN STREET,HOLLYWOOD,33021,Yes,Yes,Yes,No,Yes,Yes,Baptist,PK-12,COGNIA,2025,630,shcssharks.com
5769,Broward,SHORASHIM ACADEMY,6501 WEST SUNRISE BLVD,PLANTATION,33313,Yes,Yes,Yes,No,Yes,Yes,Jewish,KG-06,,2025,180,shorashimacademy.org
4835,Broward,Sistrunk Academy,,,,No,No,No,No,No,No,,,,2025,0,phylsprep.com
6753,Broward,Small World Montessori,18461 Miramar Parkway,Miramar,33029,No,No,No,No,No,No,,PK-KG,,2025,17,swmontessori.com
5252,Broward,SMART HORIZONS CAREER ONLINE HIGH SCHOOL,1280 SW 36 AVENUE,POMPANO BEACH,33309,No,No,No,No,No,No,,09-12,COGNIA,2025,543,shcoe.org
907,Broward,SMITH CHRISTIAN UNIVERSITY,7766 NW 44 STREET,SUNRISE,33351,No,No,No,No,Yes,Yes,Pentecostal,10-12,,2025,7,gmail.com
5088,Broward,Somerset Academy,20801 Johnson Street,Pembroke Pines,33029,Yes,Yes,Yes,Yes,Yes,No,,,,2025,0,aveteaching.com
7074,Broward,Somerset Academy Central Miramar,9300 Pembroke Road,Miramar,33025,No,No,No,No,Yes,No,,,,2025,0,aveteaching.com
7267,Broward,Somerset Academy East Preparatory,2000 S. State Road 7,Miramar,33023,No,No,No,No,Yes,No,,,,2025,0,aveteaching.com
6923,Broward,Somerset Academy Pines Campus,19620 Pines Boulevard,Pembroke Pines,33029,Yes,Yes,Yes,No,Yes,No,,,,2025,0,aveteaching.com
7215,Broward,Somerset Academy Pompano Campus,1101 NW 33 Street,Pompano Beach,33064,No,No,No,No,Yes,No,,,,2025,0,aveteaching.com
5918,Broward,SOMERSET VIRTUAL ACADEMY,6340 SUNSET DRIVE,MIAMI,33143,No,No,No,Yes,No,No,,01-12,COGNIA,2025,639,virtualcharteracademy.org
6976,Broward,Somerset Virtual Academy at North Lauderdale,7101 Kimberly  Boulevard,North Lauderdale,33068,Yes,Yes,Yes,No,Yes,No,,,,2025,0,aveteaching.com
7082,Broward,Somerset Virtual Academy at Riverside,2251 Riverside Drive,Coral Springs,33065,Yes,Yes,Yes,No,Yes,No,,,,2025,0,aveteaching.com
4739,Broward,SOMERSET VIRTUAL ACADEMY KEY CAMPUS,959 Southeast 6th Avenue,Deerfield Beach,33441,Yes,Yes,Yes,Yes,Yes,No,,,,2025,0,aveteaching.com
7949,Broward,SOUTH FLORIDA FASHION ACADEMY,4850 N STATE ROAD 7 SUITE G109,LAUDERDALE LAKES,33319,Yes,Yes,Yes,Yes,Yes,No,,PK-12,,2025,70,southfloridafashionacademy.com
3239,Broward,SOUTH FLORIDA JEWISH ACADEMY,3700 COCONUT CREEK PKWY,COCONUT CREEK,33066,Yes,Yes,Yes,No,Yes,No,,PK-12,COGNIA,2025,137,gmail.com
6824,Broward,SOUTH FLORIDA MONTESSORI ACADEMY,8201 W MCNAB ROAD,TAMARAC,33321,Yes,Yes,Yes,No,No,No,,PK-05,,2025,69,sflma.com
397,Broward,SOUTH FLORIDA PREPARATORY SCHOOL,561 NE 21ST AVENUE,DEERFIELD BEACH,33441,No,No,No,No,Yes,No,,,,2025,0,gmail.com
2903,Broward,SOUTH FLORIDA TECHNICAL CENTER,1955 N FEDERAL HIGHWAY,POMPANO BEACH,33062,No,No,No,No,Yes,No,,,,2025,0,gmail.com
9891,Broward,SPARK LEARNING XV,1400 N FEDERAL HWY,FORT LAUDERDALE,33304,Yes,Yes,Yes,No,No,No,,KG-08,,2026,68,primer.us
2704,Broward,ST. BERNADETTE CATHOLIC SCHOOL,7450 STIRLING ROAD,HOLLYWOOD,33024,Yes,Yes,Yes,No,Yes,Yes,Catholic,PK-08,FCCAP,2025,238,stbcs.org
4883,Broward,ST. GREGORY,200 N UNIVERSITY DR,PLANTATION,33324,Yes,Yes,Yes,No,Yes,Yes,Catholic,PK-08,FCCAP,2025,703,saintgreg.org
436,Broward,ST. LUKE CHRISTIAN ACADEMY,420 NE 33RD STREET,OAKLAND PARK,33334,Yes,Yes,Yes,No,Yes,Yes,Non-Denominational,PK-12,,2025,23,yahoo.com
2948,Broward,ST. PHILIP ORTHODOX CHRISTIAN SCHOOL,PO BOX 934878,MARGATE,33093,No,No,No,No,Yes,Yes,Other,KG-08,,2025,10,spocschool.com
8255,Broward,STEEPLE ON THE BEACH MONTESSORI SCHOOL,1919 SE 5TH ST,DEERFIELD BEACH,33441,No,No,No,No,No,No,,PK-KG,,2025,10,gmail.com
6426,Broward,STEPS 2 PROGRESS LEARNING DEVELOPMENT CENT,7619 DAVIE ROAD EXT,DAVIE,33024,Yes,Yes,Yes,No,No,No,,PK-07,,2025,28,gmail.com
6433,Broward,Steps to Success of Hollywood,615 North Federal Highway,Hollywood,33020,Yes,Yes,Yes,No,No,No,,PK,,2025,30,stepstosuccess.com
7915,Broward,STEPSS ACADEMY INC,3495 HIATUS ROAD,SUNRISE,33351,No,No,No,No,No,Yes,Non-Denominational,KG-12,,2025,28,stepssacademy.com
2045,Broward,STRUCTURE ETHICS EDUCATION ACADEMY,1619 NW 12TH AVE,FORT LAUDERDALE,33311,No,No,No,No,Yes,No,,,,2025,0,gmail.com
2678,Broward,SUMMIT-QUESTA MONTESSORI SCHOOL,5451 SW 64TH AVENUE,DAVIE,33314,Yes,Yes,Yes,No,No,No,,PK-08,COGNIA,2025,436,summitquesta.com
2176,Broward,SUNSET SUDBURY SCHOOL,PO BOX 22063,FORT LAUDERDALE,33335,Yes,Yes,Yes,No,Yes,No,,KG-11,,2025,22,sunsetsudbury.org
1889,Broward,Sunshine S Learning Center of Hollywood,,,,No,No,No,No,No,No,,PK-KG,,2026,16,
8799,Broward,SUNSHINE STATE ACADEMY,1308 S FEDERAL HWY,HOLLYWOOD,33020,Yes,Yes,Yes,No,No,No,,PK-06,,2026,249,sunshinestateacademy.com
7446,Broward,SUPER SCHOOL,6820 W Sunrise Boulevard,PLANTATION,33313,Yes,Yes,Yes,No,Yes,No,,02-12,,2025,38,superschool.org
6545,Broward,SWEET AND SMART MONTESSORI SCHOOL,6230 CORAL RIDGE DRIVE STE.100,CORAL SPRINGS,33076,Yes,Yes,Yes,No,No,No,,PK-KG,,2025,45,snsmontessori.com
7135,Broward,T.I.E.S.,6045 SW 45TH ST.,DAVIE,33314,Yes,Yes,Yes,No,Yes,Yes,Islamic/Muslim,KG-09,,2026,84,att.net
6965,Broward,TABERNACLE CHRISTIAN CENTER ACADEMY,4101 SW 61ST AVENUE,DAVIE,33314,Yes,Yes,Yes,No,No,Yes,Pentecostal,PK-10,,2025,17,gmail.com
5821,Broward,TAG ACADEMY,5960 SW 106TH AVE,COOPER CITY,33328,Yes,Yes,Yes,No,Yes,Yes,Jewish,08-12,,2025,17,gmail.com
164,Broward,TANGLEWOOD ACADEMY,9860 PINES BOULEVARD,PEMBROKE PINES,33024,Yes,Yes,Yes,No,No,No,,PK-01,,2025,36,tanglewoodacademy.com
2428,Broward,TEACH SMART CA2I,5500 S PINE ISLAND BLVD,DAVIE,33330,No,No,No,No,No,Yes,Not Applicable,,,2026,0,outlook.com
3938,Broward,TEMPLE BETH EMET DAY SCHOOL,4807 S FLAMINGO ROAD,COOPER CITY,33330,Yes,Yes,Yes,No,Yes,Yes,Jewish,KG-08,COGNIA,2026,202,templebethemet.org
7652,Broward,TEMPLE DOR DORIM EARLY CHILDHOOD CENTER,2360 GLADES CIRCLE,WESTON,33327,Yes,Yes,Yes,No,Yes,Yes,Jewish,PK-KG,,2026,59,templedordorim.org
5517,Broward,THE CAMBRIDGE ACADEMY,1314 EAST LAS OLAS BLVD.,FORT LAUDERDALE,33301,No,No,No,No,No,No,,KG-12,,2025,13,thecambridgeacademy.com
7546,Broward,The Cilla School,830 SOUTH SR 7,PLANTATION,33317,No,No,No,No,No,No,,,,2025,0,aol.com
5645,Broward,THE EDGE PREPATORY ACADEMY,3421 West Broward Boulevard,Fort Lauderdale,33312,No,No,No,No,Yes,Yes,Non-Denominational,,,2025,0,yahoo.com
8053,Broward,THE EMBASSY ACADEMY,6 ANNLEE LANE,TAMARAC,33319,Yes,Yes,Yes,No,Yes,Yes,Non-Denominational,PK-12,,2025,63,gmail.com
9187,Broward,THE INTERNATIONAL FAMILY ACADEMY,PO BOX 1161,FORT LAUDERDALE,33302,Yes,Yes,Yes,No,Yes,Yes,Non-Denominational,PK-12,,2026,210,gmail.com
2790,Broward,THE LEARNING NEST,11401 WEST BROWARD BLVD.,FORT LAUDERDALE,33325,Yes,Yes,Yes,No,No,No,,PK-KG,,2026,82,tlnschools.com
3757,Broward,THE LIGHT ACADEMY OF FLORIDA LLC,3120 SW 132ND AVENUE,MIRAMAR,33027,No,No,No,No,No,No,,,,2025,0,lightacademyfl.com
1773,Broward,THE NEW LIFE CHRISTIAN ACADEMY INC,PO BOX 667215,POMPANO BEACH,33066,No,No,No,No,Yes,Yes,Pentecostal,,,2025,0,yahoo.com
2599,Broward,THE NORTH BROWARD PREPARATORY SCHOOLS,7600 LYONS RD,COCONUT CREEK,33073,Yes,Yes,Yes,No,No,No,,PK-12,COGNIA,2025,1800,nbps.org
6542,Broward,THE NURTURY,3201 GRIFFIN ROAD,FORT LAUDERDALE,33312,Yes,Yes,Yes,No,No,Yes,Jewish,PK-KG,,2025,33,thenurturypreschool.org
3069,Broward,THE RANDAZZO SCHOOL,2251 N.W. 36TH AVENUE,COCONUT CREEK,33066,Yes,Yes,Yes,No,No,No,,PK-12,FCIS,2026,186,randazzoschool.net
1156,Broward,THE STEM FACTORY ACADEMY OF EXCELLENCE INC,1048 FOSTER RD,HALLANDALE,33009,No,No,No,No,No,No,,PK-01,,2025,31,yahoo.com
633,Broward,THREE VILLAGE MONTESSORI SCHOOL,1400 INDIAN TRACE,WESTON,33326,Yes,Yes,Yes,No,No,No,,PK-05,,2025,58,lpacorp.com
596,Broward,TRINITAS ACADEMY,1101 SW 49TH AVENUE,PLANTATION,33317,Yes,Yes,Yes,No,Yes,Yes,Baptist,PK-12,,2026,225,godreigns.org
5268,Broward,TRINITY CHRISTIAN SCHOOL A MINISTRY OF COA,3901 NE 22ND AVENUE,LIGHTHOUSE POINT,33064,Yes,Yes,Yes,No,Yes,Yes,Non-Denominational,KG-05,,2025,96,trinitychristian.school
5943,Broward,UDISCOVER VIRTUAL SCHOOL,2232 NE 30 COURT,PUERTO DEL FARO,33064,No,No,No,No,No,No,,,,2025,0,ud.school
3710,Broward,UPPERROOM CHRISTIAN ACADEMY,P. O. BOX 121676,FORT LAUDERDALE,33312,No,No,No,No,Yes,Yes,Pentecostal,,,2025,0,yahoo.com
5856,Broward,US Virtual Academy,3 SW 11Th St,Deerfield Beach,33441,No,No,No,No,No,No,,,,2025,0,usvirtualacademies.com
8638,Broward,WEST PARK HIGH ADULT EDUCATION CENTER,2201 SW 42 AVE SUITE 304,WEST PARK,33023,No,No,No,No,No,No,,09-12,,2025,42,westparkpanthers.com
5366,Broward,WEST PARK PREPARATORY SCHOOL,2201 SW 42ND AVENUE,WEST PARK,33023,Yes,Yes,Yes,Yes,Yes,No,,PK-12,,2025,118,westparkprep.com
3184,Broward,WESTBROOK CHRISTIAN ACADEMY,4660 N UNIVERSITY DR,LAUDERHILL,33319,No,No,No,No,Yes,Yes,Non-Denominational,,,2025,0,gmail.com
2798,Broward,WESTMINSTER ACADEMY,5601 N. FEDERAL HIGHWAY,FORT LAUDERDALE,33308,Yes,Yes,Yes,No,Yes,Yes,Presbyterian,,CSF,2026,0,wa.edu
368,Broward,WESTON CHRISTIAN ACADEMY,1420 INDIAN TRACE,WESTON,33326,Yes,Yes,Yes,Yes,Yes,Yes,Baptist,PK-08,COGNIA,2025,419,mywca.org
8066,Broward,WONDERWORLD MONTESSORI ACADEMY,"1000 NE 12TH AVE, APT 702",HALLANDALE,33009,No,No,No,No,No,No,,PK-KG,,2025,53,flwma.com
7109,Broward,XCEED PREP ANYWHERE,2234 N. FEDERAL HIGHWAY #509,BOCA RATON,33431,No,No,No,No,No,No,,07-12,COGNIA,2025,35,xceedprep.org
6037,Broward,XCEED PREP FORT LAUDERDALE,2234 N. FEDERAL HIGHWAY 509,BOCA RATON,33431,Yes,Yes,Yes,No,No,No,,05-12,COGNIA,2025,61,xceedprep.org
8903,Broward,XCEED PREPARATORY ACADEMY CORAL SPRINGS,3301 NORTH UNIVERSITY DRIVE,CORAL SPRINGS,33065,Yes,Yes,Yes,No,No,No,,06-12,COGNIA,2025,69,xceedprep.org
5169,Broward,XCEED PREPARATORY ACADEMY-WESTON,2900 GLADES CIRCLE SUITE 1600,WESTON,33327,Yes,Yes,Yes,No,No,No,,05-12,COGNIA,2025,113,xceedprep.org
879,Broward,YESHIVAT TORAT YOSEF,8950 STIRLING RD,COOPER CITY,33024,Yes,Yes,Yes,No,Yes,Yes,Baptist,PK-11,,2025,176,gmail.com
8459,Broward,YOUNG BRILLIANT MINDZ ACADEMY LLC,118 E MCNAB RD,POMPANO BEACH,33060,Yes,Yes,Yes,No,No,No,,KG-08,,2025,42,gmail.com
4536,Broward,YOUNG KIDZ ACADEMY,6281 PEMBROKE ROAD,HOLLYWOOD,33023,Yes,Yes,Yes,No,No,No,,PK-02,,2025,119,yka1.com
8792,Broward,YOUTH INVESTMENTS OF COOPER CITY,PO BOX 291447,DAVIE,33329,Yes,Yes,Yes,No,No,No,,PK,,2026,3,gmail.com
8743,Broward,YOUTH INVESTMENTS OF DAVIE,6550 SW 39TH STREET,DAVIE,33314,Yes,Yes,Yes,No,No,No,,PK-KG,,2026,12,gmail.com
8791,Broward,YOUTH INVESTMENTS OF PEMBROKE PINES,PO BOX 291447,DAVIE,33329,Yes,Yes,Yes,No,No,No,,PK-KG,,2026,13,gmail.com
8793,Broward,YOUTH INVESTMENTS OF WESTON,PO BOX 291447,DAVIE,33329,Yes,Yes,Yes,No,No,No,,PK-KG,,2026,15,gmail.com
95,Broward,ZIMMERMAN SCHOOL HOUSE DBA LION STAR ACADEM,1710 N. UNIVERSITY DRIVE,CORAL SPRINGS,33071,Yes,Yes,Yes,No,Yes,No,,01-12,,2026,12,lionstaracademy.com
5127,Broward,Zucker Academy,3367 North University Drive,Hollywood,33024,Yes,Yes,Yes,No,Yes,Yes,Jewish,KG-04,,2026,119,zuckerhebrewacademy.org
3529,Charlotte,CHARLOTTE PREPARATORY SCHOOL,365 ORLANDO BLVD.,PORT CHARLOTTE,33954,Yes,Yes,Yes,No,Yes,No,,PK-08,,2026,418,charlotteprepfl.com
708,Charlotte,FAMILY CHRISTIAN ACADEMY,20035 QUESADA AVENUE,PORT CHARLOTTE,33952,Yes,Yes,Yes,No,Yes,Yes,Baptist,PK-12,ACSI,2025,418,fcamustangs.org
3797,Charlotte,GATOR WILDERNESS CAMP SCHOOL,44930 FARABEE ROAD,PUNTA GORDA,33982,Yes,Yes,Yes,No,Yes,Yes,Non-Denominational,04-10,,2025,18,gatorcampschool.org
5853,Charlotte,GENESIS CHRISTIAN ACADEMY,4526 N ACCESS RD,ENGLEWOOD,34224,Yes,Yes,Yes,No,Yes,Yes,Non-Denominational,01-12,,2026,49,gmail.com
3542,Charlotte,GENESIS CHRISTIAN SCHOOL,19150 HELENA AVENUE,PORT CHARLOTTE,33948,Yes,Yes,Yes,No,Yes,Yes,Nazarene,PK-08,,2025,221,genesiseagles.com
1187,Charlotte,JOYFUL NOISE OF PILGRIM SCHOOL,24515 RAMPART BLVD.,PORT CHARLOTTE,33980,Yes,Yes,Yes,No,Yes,Yes,Non-Denominational,PK-01,,2025,53,pilgrimonline.org
9679,Charlotte,LAMPLIGHTERS HEBREW ACADEMY,424 W HENRY ST,PUNTA GORDA,33950,Yes,Yes,Yes,No,Yes,Yes,Jewish,PK-07,,2025,38,gmail.com
9698,Charlotte,OASIS CHRISTIAN ACADEMY,1441 TAMIAMI TRAIL,PORT CHARLOTTE,33948,Yes,Yes,Yes,Yes,No,Yes,Non-Denominational,KG-11,,2025,11,fearlessfl.com
557,Charlotte,PORT CHARLOTTE ADVENTIST SCHOOL,2100 LOVELAND BOULEVARD,PORT CHARLOTTE,33980,Yes,Yes,Yes,No,Yes,Yes,Seventh Day Adventist,PK-10,,2025,137,gmail.com
8553,Charlotte,REDEEMER LUTHERAN SCHOOL,6970 MINEOLA RD.,ENGLEWOOD,34224,Yes,Yes,Yes,No,Yes,Yes,Lutheran,KG-08,,2025,46,redeemerfl.com
6100,Charlotte,Spark Learning XXV,17790 Curry Preserve Drive,Punto Gorda,33982,Yes,Yes,Yes,No,No,No,,KG-08,,2026,71,withprimer.com
5454,Charlotte,ST. CHARLES SCHOOL,21505 AUGUSTA AVENUE,PORT CHARLOTTE,33952,Yes,Yes,Yes,No,Yes,Yes,Catholic,PK-08,FCCAP,2025,312,stcbs.org
8637,Charlotte,THE LOTUS CENTER SCHOOL,18215 PAULSON DRIVE,PORT CHARLOTTE,33954,Yes,Yes,Yes,No,No,No,,KG-12,,2025,30,gmail.com
1697,Citrus,CALVARY ACADEMY,2728 E HARLEY STREET,INVERNESS,34453,Yes,Yes,Yes,No,Yes,Yes,Assemblies of God,,,2025,0,calvaryacademy.online
5114,Citrus,Citrus Learning Academy Inc,,2514 S Coleman Ave. Homosassa,34448,Yes,Yes,Yes,No,No,No,,,,2025,0,citruslearningacademy.com
3133,Citrus,GENERATIONS ACADEMY,P.O. BOX 367,CYRSTAL RIVER,34423,Yes,Yes,Yes,Yes,Yes,Yes,Assemblies of God,,,2025,0,crystalriverassembly.org
8345,Citrus,GRACE CHRISTIAN SCHOOL,550 PLEASANT GROVE RD,INVERNESS,34452,Yes,Yes,Yes,Yes,Yes,Yes,Baptist,04-08,,2025,49,fbcinverness.com
1985,Citrus,INVERNESS CHRISTIAN ACADEMY,4222 S. FLORIDA AVE.,INVERNESS,34450,Yes,Yes,Yes,No,Yes,Yes,Baptist,KG-12,COGNIA,2025,208,hotmail.com
419,Citrus,SAINT JOHN PAUL II CATHOLIC SCHOOL,4341 W. HOMOSASSA TRAIL,LECANTO,34461,Yes,Yes,Yes,No,Yes,Yes,Catholic,PK-08,FCCAP,2025,275,sjp2.us
883,Citrus,SEVEN RIVERS CHRISTIAN SCHOOL,4221 W. GULF-TO-LAKE HIGHWAY,LECANTO,34461,Yes,Yes,Yes,No,Yes,Yes,Presbyterian,PK-12,COGNIA,2025,675,sevenrivers.org
3831,Citrus,SOLID ROCK CHRISTIAN ACADEMY,972 N CHRISTY WAY,INVERNESS,34453,Yes,Yes,Yes,No,Yes,Yes,Church of God,PK-12,CGACS,2025,295,hotmail.com
1309,Citrus,ST. PAUL'S LUTHERAN SCHOOL,6150 N. LECANTO HIGHWAY,BEVERLY HILLS,34465,Yes,Yes,Yes,No,Yes,Yes,Lutheran,KG-08,,2026,112,stpaulsk8school.org
6297,Citrus,The Hive: Inspiring a Love of Learning,4 Crossandra Dr,Homosassa,34446,Yes,Yes,Yes,Yes,No,Yes,Non-Denominational,02-04,,2026,7,thehivelearning.org
3226,Citrus,TRUE VICTORY ACADEMY,6408 S PINE MEADOW AVENUE,HOMOSASSA,34446,No,No,No,No,No,Yes,Baptist,04-07,,2025,5,mac.com
1209,Citrus,WEST COAST CHRISTIAN SCHOOL,4801 N. CITRUS AVE,CRYSTAL RIVER,34428,Yes,Yes,Yes,No,Yes,Yes,Non-Denominational,KG-12,,2026,60,yahoo.com
1409,Clay,ANNUNCIATION CATHOLIC SCHOOL,1610 BLANDING BLVD,MIDDLEBURG,32068,Yes,Yes,Yes,No,Yes,Yes,Catholic,PK-08,FCCAP,2025,424,annunciationcatholic.org
1250,Clay,BEREAN CHRISTIAN ACADEMY,3060 MOODY AVENUE,ORANGE PARK,32065,Yes,Yes,Yes,No,Yes,Yes,Baptist,PK-12,,2025,81,bereanmail.org
5503,Clay,BrightGate Academy,"411 Walnut Street, PMB 24698",Green Cove Springs,32043,No,No,No,No,No,No,,,,2025,0,gmail.com
7594,Clay,BROACH SCHOOL-FREE 2 BE ME,4729 US HIGHWAY 17 SUITE 101,FLEMING ISLAND,32003,Yes,Yes,Yes,No,Yes,No,,02-12,,2025,10,hendersonhaven.org
4248,Clay,CALVARY CHRISTIAN ACADEMY,1532 LONG BAY ROAD,MIDDLEBURG,32068,Yes,Yes,Yes,No,Yes,Yes,Baptist,KG-12,,2025,136,calvarycares.net
3532,Clay,CHRISTIAN HOME ACADEMY,1386 ALLIE MURRAY ROAD,MIDDLEBURG,32068,Yes,Yes,Yes,Yes,No,Yes,Non-Denominational,KG-12,,2025,68,juno.com
1345,Clay,CITIZENS' HIGH SCHOOL,1590 ISLAND LANE,FLEMING ISLAND,32003,No,No,No,No,No,No,,09-12,,2025,111,citizenshighschool.com
7516,Clay,DIFFERENTIATED LEARNING CENTER,1494 MELBOURNE COVE COURT,FLEMING ISLAND,32003,Yes,Yes,Yes,No,No,No,,PK-12,,2025,32,dlcprivateschool.com
4036,Clay,FAITH CHRISTIAN ACADEMY INC,20 COLLEGE DR,ORANGE PARK,32065,Yes,Yes,Yes,No,Yes,Yes,Non-Denominational,01-12,FLOCS,2026,31,comcast.net
8839,Clay,GEERS EXCEPTIONAL EDUCATION CENTER,2171 KINGSLEY AVENUE,ORANGE PARK,32073,Yes,Yes,Yes,Yes,Yes,Yes,Non-Denominational,KG-12,,2025,48,geersrobotics.com
824,Clay,GRACE EPISCOPAL DAY SCHOOL,156 KINGSLEY AVENUE,ORANGE PARK,32073,Yes,Yes,Yes,No,Yes,Yes,Episcopalian,PK-08,FCIS,2025,167,geds.net
9283,Clay,HAILE ACADEMY OF HIGHER LEARNING,1624 SMITH STREET,ORANGE PARK,32073,Yes,Yes,Yes,No,No,Yes,Non-Denominational,08-12,,2025,7,yahoo.com
1175,Clay,HERITAGE CHRISTIAN ACADEMY,4325 US HWY 17,FLEMING ISLAND,32003,No,No,No,No,Yes,Yes,Baptist,01-05,,2026,4,yahoo.com
6254,Clay,KANVAS ACADEMY,110 PARKWOOD DRIVE,ORANGE PARK,32073,Yes,Yes,Yes,No,Yes,No,,KG-03,,2025,18,gmail.com
2998,Clay,LATAM GLOBAL SCHOOL,2233 PARK AVENUE,ORANGE PARK,32073,No,No,No,No,No,No,,KG-12,,2026,768,latamglobalschool.com
278,Clay,LIGHTHOUSE CHRISTIAN SCHOOL MIDDLEBURG,12276 SAN JOSE BLVD,JACKSONVILLE,32223,Yes,Yes,Yes,No,Yes,Yes,Multi/ Inter/ Trans-Denominational,01-11,,2026,18,lighthousechristianschool.net
4048,Clay,LIGHTHOUSE CHRISTIAN SCHOOL ORANGE PARK,12276 SAN JOSE BLVD,JACKSONVILLE,32223,Yes,Yes,Yes,No,Yes,Yes,Multi/ Inter/ Trans-Denominational,01-12,,2026,30,lighthousechristianschool.net
1004,Clay,MORNINGSTAR CHRISTIAN SCHOOL,3900 MAIN STREET,MIDDLEBURG,32068,No,No,No,No,Yes,Yes,Non-Denominational,12,,2026,1,bellsouth.net
1205,Clay,O.P.K. INC,3050 MOODY AVE,ORANGE PARK,32065,Yes,Yes,Yes,No,No,No,,PK-KG,,2025,26,gmail.com
1567,Clay,PINEWOOD CHRISTIAN ACADEMY,198 KNIGHT BOXX ROAD,MIDDLEBURG,32068,Yes,Yes,Yes,No,Yes,Yes,Presbyterian,PK-08,CSF,2026,294,pcaknights.org
3910,Clay,SEAMARK RANCH INC.,3631 SEAMARK RANCH ROAD,GREEN COVE SPRINGS,32043,Yes,Yes,Yes,No,Yes,Yes,Baptist,05-12,,2025,4,seamarkranch.com
3484,Clay,SEVEN BRIDGES SCHOOL,402 LORING AVE.,ORANGE PARK,32073,Yes,Yes,Yes,No,No,No,,KG-12,FCIS,2025,49,sevenbridgesschool.org
1644,Clay,SONLIGHT CHRISTIAN ACADEMY,P.O. BOX 2643,ORANGE PARK,32067,Yes,Yes,Yes,No,Yes,Yes,Non-Denominational,PK-12,,2025,18,yahoo.com
5616,Clay,SPRINGS ACADEMY INC.,1106 N ORANGE AVE,GREEN COVE SPRINGS,32043,Yes,Yes,Yes,No,Yes,Yes,Non-Denominational,KG-12,FCCPSA,2025,120,springsacademy.org
769,Clay,ST. JOHNS COUNTRY DAY SCHOOL,3100 DOCTORS LAKE DRIVE,ORANGE PARK,32073,Yes,Yes,Yes,No,Yes,No,,PK-12,COGNIA,2025,486,sjcds.net
3460,Clay,THE BROACH SCHOOL OF ORANGE PARK,4729 US HIGHWAY 17 SUITE 101,FLEMING ISLAND,32003,Yes,Yes,Yes,No,Yes,No,,01-12,COGNIA,2026,87,broachschool.com
4896,Collier,ABLE ACADEMY,5860 GOLDEN GATE PARKWAY,NAPLES,34116,No,No,No,No,Yes,No,,PK-12,,2025,41,theableacademy.org
5269,Collier,AVE MARIA CATHOLIC ACADEMY,4955 SETON WAY,AVE MARIA,34142,Yes,Yes,Yes,No,Yes,Yes,Catholic,PK-12,AISF,2026,545,donahueacademy.org
5844,Collier,CHEERFUL HEART ACADEMY,581 18TH ST SE,NAPLES,34117,No,No,No,No,No,No,,KG-12,,2025,198,yahoo.com
4627,Collier,EDUCATION WORLD WIDE LLC,"3080 TAMIAMI TRAIL E,",NAPLES,34112,No,No,No,No,No,No,,KG-12,,2025,23,eduww.net
8952,Collier,EDUCATIONAL PATHWAYS ACADEMY,5890 LANCEWOOD WAY,NAPLES,34116,Yes,Yes,Yes,No,Yes,Yes,Non-Denominational,01-08,,2025,57,educationalpathwaysacademy.com
6734,Collier,ES AMERICAN SCHOOL,2035 SANCHEZ-CASAL WAY,NAPLES,34105,No,No,No,No,No,No,,06-12,,2026,18,es-school.com
767,Collier,FELLOWSHIP ACADEMY,1411 LAKE TRAFFORD ROAD,IMMOKALEE,34142,Yes,Yes,Yes,No,Yes,Yes,Baptist,KG-12,,2025,50,fellowshipchurch.co
1212,Collier,FIRST BAPTIST ACADEMY,3000 ORANGE BLOSSOM DRIVE,NAPLES,34109,Yes,Yes,Yes,No,Yes,Yes,Baptist,PK-12,COGNIA,2026,899,fbalions.org
3337,Collier,GRACE COMMUNITY SCHOOL OF GOLDEN GATE INC.,5524 19TH CT. S.W.,NAPLES,34116,Yes,Yes,Yes,No,Yes,Yes,Non-Denominational,PK-KG,,2025,236,gracecommunityschools.com
687,Collier,HEAVENLY DAY A PRESCHOOL EXPERIENCE,7070 IMMOKALEE ROAD,NAPLES,34119,Yes,Yes,Yes,No,No,No,,PK,,2025,15,yahoo.com
1489,Collier,MONTESSORI ACADEMY OF NAPLES,2655 NORTHBROOKE DRIVE,NAPLES,34119,Yes,Yes,Yes,Yes,Yes,No,,PK-12,,2025,120,naplesmontessori.org
4086,Collier,NAPLES ADVENTIST CHRISTIAN SCHOOL,2629 HORSESHOE DRIVE SOUTH,NAPLES,34104,Yes,Yes,Yes,No,Yes,Yes,Seventh Day Adventist,PK-08,,2025,76,flcoe.org
424,Collier,NAPLES CHRISTIAN ACADEMY,6800 GOLDEN GATE PARKWAY,NAPLES,34105,Yes,Yes,Yes,No,Yes,Yes,Non-Denominational,PK-08,"ACSI, COGNIA",2026,188,ncanaples.com
1618,Collier,ROYAL PALM ACADEMY,,,,Yes,Yes,Yes,No,Yes,Yes,Catholic,PK-08,"FCIS, COGNIA",2026,342,royalpalmacademy.org
770,Collier,SAINT ANN SCHOOL,542 8TH AVENUE SOUTH,NAPLES,34102,Yes,Yes,Yes,No,Yes,Yes,Catholic,PK-08,FCCAP,2025,542,stann.net
1105,Collier,SAINT ELIZABETH ANN SETON,2730 53RD TERRACE SW,NAPLES,34116,Yes,Yes,Yes,No,Yes,Yes,Catholic,PK-08,FCCAP,2025,310,seseton.org
1005,Collier,SAINT JOHN NEUMANN CATHOLIC HIGH SCHOOL INC.,3000 53RD STREET SW,NAPLES,34116,Yes,Yes,Yes,No,Yes,Yes,Catholic,09-12,COGNIA,2025,452,sjnceltics.org
5223,Collier,Scholar Academy LLC,2200 Santa Barbara Boulevard,Naples,34116,No,No,No,No,No,No,,PK,,2025,18,gmail.com
885,Collier,SEACREST COUNTRY DAY SCHOOL,7100 DAVIS BOULEVARD,NAPLES,34104,Yes,Yes,Yes,No,Yes,No,,PK-12,COGNIA,2026,309,seacrest.org
9601,Collier,SSKIDS ACADEMY LLC,6886 IL REGALO CIR,NAPLES,34109,Yes,Yes,Yes,No,No,No,,01-09,,2025,29,sskidsacademy.com
3725,Collier,THE VILLAGE SCHOOL OF NAPLES INC.,6000 GOODLETTE FRANK RD.N.,NAPLES,34109,Yes,Yes,Yes,No,Yes,No,,PK-12,FCIS,2025,556,tvsnaples.org
2363,Collier,TLC ACADEMY AT ENUMC,2701 AIRPORT ROAD S,NAPLES,34112,No,No,No,No,Yes,Yes,Methodist,01-04,,2025,4,hotmail.com
2110,Collier,VANDERBILT PRESBYTERIAN CHURCH,1225 PIPER BLVD,NAPLES,34110,Yes,Yes,Yes,No,Yes,Yes,Presbyterian,PK-KG,,2025,116,vpcnaples.org
5942,Collier,WAVES OF WONDER MONTESSORI SCHOOL,10904 WINTERVIEW DRIVE,NAPLES,34109,Yes,Yes,Yes,No,No,No,,PK-08,,2025,71,wowmontessori.org
1849,Columbia,ALEXIS REID ACADEMY,425 SW TREASURE LANE,FORT WHITE,32038,No,No,No,No,No,No,,02-05,,2025,2,gmail.com
8127,Columbia,AMERICAN NATION BUILDERS CHRISTIAN ACADEMY,P.O. BOX 1965,ORLANDO,32802,Yes,Yes,Yes,Yes,No,Yes,Non-Denominational,,,2025,0,americannationbuilders.org
9418,Columbia,BEHAVIORAL LEARNING ACADEMY,7443 WEST HWY 90,LAKE CITY,32055,Yes,Yes,Yes,No,No,No,,KG-12,,2025,25,behaviorlearn.com
6289,Columbia,CAMBRIDGE PREP ACADEMY INC.,2658 SW MAIN BOULEVARD,LAKE CITY,32025,Yes,Yes,Yes,Yes,Yes,Yes,Non-Denominational,PK-12,FCCPSA,2025,190,cambridgeprepacademy.org
8912,Columbia,CARTER CHRISTIAN ACADEMY,,,,Yes,Yes,Yes,No,Yes,Yes,Non-Denominational,KG-12,,2026,60,carterchristianacademy.net
4825,Columbia,COVENANT COMMUNITY SCHOOL,2019 SW MAIN BOULEVARD,LAKE CITY,32025,Yes,Yes,Yes,No,Yes,Yes,Non-Denominational,PK-12,"FLOCS, COGNIA",2026,150,covenantcommunityschool.com
425,Columbia,EPIPHANY CATHOLIC SCHOOL,1937 S.W. EPIPHANY CT.,LAKE CITY,32025,Yes,Yes,Yes,No,Yes,Yes,Catholic,KG-08,FCCAP,2025,124,ecslc.org
4534,Columbia,FAITH ACADEMY,810 SW FAITH ROAD,LAKE CITY,32025,Yes,Yes,Yes,No,Yes,No,,01-12,,2025,16,yahoo.com
886,Columbia,FIRST ACADEMY,149 SE LOCHLYNN TERR,LAKE CITY,32025,Yes,Yes,Yes,No,Yes,Yes,Non-Denominational,KG-11,,2025,31,bellsouth.net
8431,Columbia,HART 2 HART CHRISTIAN ACADEMY,388 SW BIRLEY AVE,LAKE CITY,32024,Yes,Yes,Yes,No,Yes,Yes,Non-Denominational,KG-12,"FLOCS, COGNIA",2026,199,h2hca.com
713,Columbia,JOY EXPLOSION CHRISTIAN ACADEMY,3134 S.W. PINEMOUNT ROAD,LAKE CITY,32024,Yes,Yes,Yes,No,Yes,Yes,Non-Denominational,02-08,,2025,10,yahoo.com
1258,Columbia,KINGDOM CULTURE ACADEMY,217 SW DYAL AVENUE,LAKE CITY,32024,Yes,Yes,Yes,No,Yes,Yes,Non-Denominational,PK-11,FLOCS,2025,183,kingdomcultureacademy.org
773,Columbia,LAKE CITY CHRISTIAN ACADEMY,3035 SW PINEMOUNT ROAD,LAKE CITY,32024,Yes,Yes,Yes,Yes,Yes,Yes,,PK-12,"FLOCS, COGNIA",2026,274,lcca.academy
4398,Columbia,NEW GENERATION CHRISTIAN MINISTRIES,608 SW MARVIN BURNETT RD,LAKE CITY,32025,Yes,Yes,Yes,Yes,No,Yes,Non-Denominational,KG-12,COGNIA,2026,335,newgenerationschool.org
7684,Columbia,NORTH FLORIDA ARTS AND SCIENCES ACADEMY,174 SW BROOKWOOD DRIVE,LAKE CITY,32024,Yes,Yes,Yes,No,Yes,No,,KG-12,,2025,72,noflasa.com
4350,Columbia,PARTNERS IN EDUCATION,13010 S US HIGHWAY 441,LAKE CITY,32025,No,No,No,No,No,Yes,Non-Denominational,PK-06,,2025,5,gmail.com
5299,Columbia,SPRINGVILLE PREPARATORY ACADEMY,P O BOX 3790,LAKE CITY,32056,No,No,No,No,Yes,Yes,,PK-12,,2025,5,windstream.net
4337,Columbia,THE PRESLEY LEARNING CENTER,177 SW PRESLEY TERRACE,LAKE CITY,32025,No,No,No,No,Yes,No,,PK-10,,2025,26,presleylearningcenter.org
923,Dade,A BETTER LEARNING EXPERIENCE LLC,15473 SW 19TH STREET,MIRAMAR,33027,Yes,Yes,Yes,No,No,No,,PK-KG,,2025,18,gmail.com
8069,Dade,A GSA ACADEMY SCHOOL INC,18520 NW 67TH AVENUE STE123,MIAMI LAKES,33015,Yes,Yes,Yes,Yes,Yes,Yes,Non-Denominational,01-08,,2026,6,gmail.com
6830,Dade,A LEAGUE OF THEIR OWN ACADEMY LLC,4111 NW 22 AVENUE,MIAMI,33142,No,No,No,No,No,No,,,,2025,0,aol.com
6983,Dade,A PERFECT PLACE 4 KIDZ,18425 NW 2ND AVE,MIAMI GARDEN,33169,Yes,Yes,Yes,No,Yes,Yes,Non-Denominational,KG-12,,2025,43,usa.com
5108,Dade,A.K.T.I.V. LEARNING ACADEMY,300 N. ROYAL POINCIANA BLVD.,MIAMI,33166,Yes,Yes,Yes,No,No,No,,01-12,,2025,35,aktivlearning.com
6098,Dade,Abanzar Learning Center,15821 Southwest 104th Terrace Apt 303,Miami,33196,No,No,No,No,Yes,No,,,,2025,0,gmail.com
8452,Dade,ABC DAYCARE AND PRESCHOOL,990 WEST 22ND STREET,HIALEAH,33010,Yes,Yes,Yes,No,No,No,,PK-03,,2025,42,gmail.com
2245,Dade,ABF ACADEMY HIALEAH CAMPUS,1851 PALM AVENUE,HIALEAH,33010,Yes,Yes,Yes,No,No,No,,06-12,COGNIA,2025,123,gmail.com
7696,Dade,ABF LEARNING CENTER,12767 SW 280 STREET,MIAMI,33032,Yes,Yes,Yes,No,No,No,,KG-12,,2025,283,abfschools.org
6989,Dade,ACADEMICA INTERNATIONAL STUDIES,6340 SUNSET DRIVE,MIAMI,33143,No,No,No,No,No,No,,07-12,COGNIA,2025,279,aveteaching.com
5557,Dade,ACADEMY FOR YOUNG LEARNERS INC.,18191 NW 68 AVE,HIALEAH,33015,Yes,Yes,Yes,No,No,No,,PK-05,,2025,151,att.net
5910,Dade,ACADEMY OF EXCELLENCE,740 NW 58TH STREET,MIAMI,33127,Yes,Yes,Yes,No,No,No,,02-12,,2025,41,yahoo.com
7354,Dade,ACADEMY OF EXCELLENCE 1,940 CALIPH STREET,OPA LOCKA,33054,Yes,Yes,Yes,No,Yes,No,,01-12,,2025,32,gmail.com
4373,Dade,ACADEMY OF INTELLIGENCE,20105 SW 123RD DR,MIAMI,33177,No,No,No,No,Yes,No,,,,2025,0,gmail.com
6788,Dade,"ACADEMY OF LIFE LONG LEARNERS SCHOOL OF THE ARTS AND SCIENCES, INC",388 NW 11 Ave,Florida City,33034,No,No,No,No,Yes,No,,,,2026,0,gmail.com
8702,Dade,ACADEMY PLUS,990 BISCAYNE BLVD. STE 501,MIAMI,33132,No,No,No,No,No,No,,01-12,,2025,160,escoolar.com
5972,Dade,ACE ACADEMY CENTRAL,11025 SW 84TH ST. COTTAGE 10,MIAMI,33173,No,No,No,No,Yes,No,,PK-12,,2025,26,arcsofla.org
5970,Dade,ACE ACADEMY NORTH,PO BOX 173470,HIALEAH,33017,Yes,Yes,Yes,No,Yes,No,,KG-12,,2025,26,arcsofla.org
5762,Dade,ACE ACADEMY SCHOOL,616 W. PALM DRIVE,FLORIDA CITY,33034,Yes,Yes,Yes,No,Yes,No,,PK,,2025,85,arcsofla.org
5990,Dade,ACE ACADEMY SOUTH,303 W PALM DR.,FLORIDA CITY,33034,Yes,Yes,Yes,No,Yes,No,,PK-07,,2025,197,arcsofla.org
9461,Dade,ACE ACADEMY SOUTH 2,683 SW 1ST AVE,HOMESTEAD,33030,Yes,Yes,Yes,No,Yes,No,,05-12,,2025,71,arcsofla.org
9834,Dade,ACIL INTERNATIONAL HIGH SCHOOL LLC,1000 BRICKELL AVENUE SUITE 715,MIAMI,33131,No,No,No,No,No,No,,08-12,,2025,73,acil.education
6065,Dade,ACTON ACADEMY MIAMI SOUTH,6790 SW 56th St (2nd floor),Miami,33155,No,No,No,No,No,No,,KG-08,,2025,25,actonmiami.com
5634,Dade,ADVANCE ACHIEVERS ACADEMY,713 W PALM DRIVE,FLORIDA CITY,33034,Yes,Yes,Yes,Yes,Yes,No,,KG-12,,2025,312,myaaaschool.net
6984,Dade,ADVANCE CHRISTIAN ACADEMY,525 NE 125TH STREET,NORTH MIAMI,33161,Yes,Yes,Yes,No,Yes,Yes,Non-Denominational,PK-12,,2025,38,yahoo.com
6807,Dade,AGUAMARINA ELEMENTARY,375 NW 7TH ST.,MIAMI,33136,Yes,Yes,Yes,No,No,No,,KG-04,,2025,79,aguamarinaelementary.com
4649,Dade,AIU HIGH SCHOOL,17101 NE 19TH AVENUE 202,N MIAMI BEACH,33162,No,No,No,No,No,No,,09-12,,2025,6,aiuhs.org
3152,Dade,ALADDIN ACADEMY INC.,17200 SW 137TH AVENUE,MIAMI,33177,Yes,Yes,Yes,No,No,No,,PK,,2025,9,gmail.com
1483,Dade,ALEXANDER MONTESSORI SCHOOL,6050 SW 57TH AVENUE,MIAMI,33143,No,No,No,No,No,No,,PK-KG,"AISF, COGNIA",2025,54,alexandermontessori.com
448,Dade,"ALEXANDER SCHOOL, INC.",6050 SW 57TH AVENUE,MIAMI,33143,No,No,No,No,No,No,,01-05,"NIPSA, AISF, AMS, COGNIA",2025,266,alexandermontessori.com
447,Dade,"ALEXANDER SCHOOL, INC.",6050 SW 57TH AVENUE,MIAMI,33143,No,No,No,No,No,No,,PK-KG,"NIPSA, AISF, AMS, COGNIA",2025,190,alexandermontessori.com
1914,Dade,"ALEXANDER SCHOOL, INC. 1ST CAMPUS",6050 SW 57TH AVENUE,MIAMI,33143,No,No,No,No,No,No,,PK-KG,"NIPSA, FCIS, AISF, AMS, COGNIA",2025,34,alexandermontessori.com
6844,Dade,ALL GOD'S CHILDREN CHRISTIAN ACADEMY,1451 NW 138TH STREET,MIAMI,33167,No,No,No,No,No,Yes,Baptist,PK-05,,2025,11,aol.com
608,Dade,ALLISON ACADEMY,1881 NE 164TH STREET,NORTH MIAMI BEACH,33162,Yes,Yes,Yes,No,No,No,,06-12,COGNIA,2025,82,allisonacademy.com
4420,Dade,ALMABELLA VIRTUAL SCHOOL,6538 COLLINS AVE PO 132,MIAMI BEACH,33141,No,No,No,No,No,No,,,,2025,0,gmail.com
8587,Dade,ALTA CAREER ACADEMY,10300 S.W. 72ND ST SUITE 321,MIAMI,33173,Yes,Yes,Yes,Yes,No,No,,07-12,COGNIA,2025,59,altacareeracademy.org
3977,Dade,AMAZING LEARNING ACADEMY,516 N.E. 124 STREET,MIAMI,33161,Yes,Yes,Yes,No,No,No,,PK-01,,2026,39,gmail.com
6969,Dade,AMERICA'S CHRISTIAN FUTURE PRESCHOOL ELEM,1306 W 49TH ST,HIALEAH,33012,Yes,Yes,Yes,No,No,Yes,Baptist,PK-08,,2025,206,yahoo.com
7305,Dade,AMERICA'S LITTLE LEADERS ACADEMY,2570 NW 152ND TERR,OPA LOCKA,33054,No,No,No,No,Yes,Yes,Non-Denominational,,,2025,0,aol.com
3225,Dade,AMERICAN ACADEMY OF PINECREST,12651 SOUTH DIXIE HIGHWAY,PINECREST,33156,No,No,No,No,No,No,,12,,2025,333,diplomaathome.com
5197,Dade,AMERICAN CHRISTIAN SCHOOL ART CENTER,5888 W 20 AVE,HIALEAH,33016,Yes,Yes,Yes,No,Yes,Yes,Pentecostal,KG-12,,2025,90,hotmail.com
9631,Dade,AMERICAN ELITE SCHOOL,10422 NW 31ST TERRACE,DORAL,33172,No,No,No,No,No,No,,09-12,,2025,158,eonlineschool.us
4283,Dade,AMERICAN HIGH SCHOOL ACADEMY INC.,10300 SW 72 STREET   427,MIAMI,33173,No,No,No,No,No,No,,09-12,COGNIA,2025,670,americanhighschoolacademy.com
1663,Dade,AMERICAN HIGH SCHOOL ACADEMY NORTH CAMPUS,10300 SW 72 STREET,MIAMI,33173,Yes,Yes,Yes,Yes,Yes,No,,06-12,,2025,35,americanhighschoolacademy.com
2230,Dade,AMERICAN WORLDWIDE ACADEMY,8101 BISCAYNE BLVD. SUITE 206,MIAMI,33138,No,No,No,No,No,Yes,Non-Denominational,09-12,,2025,833,myawa.org
8164,Dade,ANGELS REACH ACADEMY FOR DIVERGENT LEARNERS,1498 West 84th Street,Hialeah,33014,No,No,No,No,Yes,No,,,,2025,0,angelsreach.org
8730,Dade,APPLE LEARNING CENTER,860 SW 76TH COURT,MIAMI,33144,Yes,Yes,Yes,No,No,No,,PK-05,,2025,60,gmail.com
7309,Dade,ARCADIA ACADEMY,2901 SW 7TH STREET,MIAMI,33135,Yes,Yes,Yes,No,No,No,,PK-04,,2025,145,msn.com
3163,Dade,ARCHBISHOP COLEMAN F. CARROLL HIGH,10300 S.W. 167TH AVE.,MIAMI,33196,Yes,Yes,Yes,No,Yes,Yes,Catholic,09-12,COGNIA,2026,568,colemancarroll.org
4127,Dade,ARLINGTON ACADEMY OF MIAMI INC.,4814 NW 167TH STREET,MIAMI GARDENS,33014,Yes,Yes,Yes,No,Yes,No,,02-12,,2026,78,gmail.com
6355,Dade,ASBURY CHRISTIAN SCHOOL,5559 PALM AVENUE,HIALEAH,33012,Yes,Yes,Yes,No,Yes,Yes,Methodist,PK-12,,2025,249,yahoo.com
5729,Dade,ATALA MONTESSORI SCHOOL,240 N. KROME AVE,HOMESTEAD,33030,Yes,Yes,Yes,No,No,No,,KG-08,,2025,66,atalamontessori.org
5120,Dade,ATLANTIC CHRISTIAN ACADEMY,"13876 S.W. 56 ST., #297",MIAMI,33175,No,No,No,No,No,Yes,Non-Denominational,09-12,,2026,25,atlanticchristianacademyhs.org
409,Dade,ATLANTIS ACADEMY,9600 S.W. 107TH AVENUE,MIAMI,33176,Yes,Yes,Yes,No,No,No,,KG-12,"FCIS, COGNIA",2025,134,chancelight.com
7887,Dade,ATLANTIS ACADEMY 2,10855 SW 72 ST 49,MIAMI,33173,Yes,Yes,Yes,No,No,No,,12,,2025,47,chancelight.com
5800,Dade,Atlas Collegium of Academic and Athletic Excellence,4531 Ponce de Leon Boulevard,Coral Gables,33146,No,No,No,No,Yes,No,,,,2025,0,atlascollegium.org
7335,Dade,AVANT SCHOOL OF EXCELLENCE,777 WEST PALM DRIVE,FLORIDA CITY,33034,Yes,Yes,Yes,Yes,No,Yes,Baptist,KG-12,COGNIA,2026,150,gmail.com
265,Dade,AVENTURA LEARNING CENTER,2320 NE 171ST ST,NORTH MIAMI BEACH,33160,Yes,Yes,Yes,No,No,No,,PK-05,,2025,80,gmail.com
7130,Dade,B.WRIGHT LEADERSHIP ACADEMY,6100 NW 7TH AVENUE,MIAMI,33127,Yes,Yes,Yes,Yes,Yes,Yes,Other,KG-08,,2025,109,bwrightla.com
6408,Dade,BAMBY'S DAYCARE CENTER NURSERY SCHOOL INC,P.O. BOX 440857,MIAMI,33144,Yes,Yes,Yes,No,No,No,,PK-05,,2025,30,bellsouth.net
218,Dade,BANYAN DAY SCHOOL,340 PALERMO AVENUE,CORAL GABLES,33134,No,No,No,No,No,No,,PK-KG,,2025,90,gmail.com
5755,Dade,BASECAMP305,PO BOX 190138,MIAMI BEACH,33119,Yes,Yes,Yes,No,No,No,,,,2026,0,basecamp305.io
7501,Dade,BE UNIQUE ACADEMY PREP INC.,11025 SW 84 ST. COTTAGE 16,MIAMI,33173,Yes,Yes,Yes,No,Yes,No,,04-12,,2026,36,beuacademy.net
2064,Dade,BEACON HILL CENTER INC.,18001 NW 22ND AVENUE,MIAMI,33056,Yes,Yes,Yes,No,No,No,,PK-08,COGNIA,2026,211,aol.com
2087,Dade,BELEN JESUIT PREPARATORY SCHOOL,500 SW 127TH AVENUE,MIAMI,33184,Yes,Yes,Yes,No,Yes,Yes,Catholic,06-12,COGNIA,2025,1367,belenjesuit.org
8941,Dade,BELOVED REMNANT,9049 SW 143 AVE.,MIAMI,33186,No,No,No,No,Yes,Yes,Non-Denominational,KG-12,,2026,13,hotmail.com
6956,Dade,Ben Gamla Kendall Campus,,,,Yes,Yes,Yes,No,Yes,No,,,,2026,0,aveteaching.com
3844,Dade,BETESDA CHRISTIAN SCHOOL,PO BOX 392,OPA LOCKA,33054,Yes,Yes,Yes,No,Yes,Yes,Assemblies of God,KG-12,,2026,91,gmail.com
2900,Dade,BETH JACOB HIGH SCHOOL INC.,1110 N. E. 163 ST.,NORTH MIAMI BEACH,33162,Yes,Yes,Yes,No,Yes,Yes,Jewish,PK-12,,2025,517,bymiami.org
6347,Dade,BETHANY ACADEMY OF ARTS,4400 NW 183RD STREET,MIAMI GARDENS,33055,Yes,Yes,Yes,No,No,Yes,Non-Denominational,PK-10,,2025,105,bethanyaoa.com
7656,Dade,Bethel Academy Learning Center,12415 SW 136th Ave,Miami,33186,No,No,No,No,Yes,Yes,Non-Denominational,,,2025,0,outlook.com
3915,Dade,BETHEL ELEMENTARY SCHOOL OF SEVENTH-DAY ADV,32920 SW 187TH AVENUE,FLORIDA CITY,33034,Yes,Yes,Yes,No,Yes,Yes,Seventh Day Adventist,KG-08,,2025,43,secsda.org
7712,Dade,BETHELITES ACADEMY,3401 WEST OAKLAND PARK BLVD,LAUDERDALE LAKE,33311,No,No,No,No,No,No,,,,2025,0,gmail.com
6090,Dade,BETTY'S PRESCHOOL ACADEMY INC.,3888 NW 167 STREET,MIAMI GARDENS,33054,Yes,Yes,Yes,No,No,No,,01-08,,2025,11,hotmail.com
756,Dade,BEYOND EXPECTATIONS ACADEMY,13262 SW 119 TER,MIAMI,33186,Yes,Yes,Yes,No,Yes,No,,PK-12,,2026,57,gmail.com
3645,Dade,BH ACADEMY LLC,20295 NE 29TH PL UNIT 100,AVENTURA,33180,Yes,Yes,Yes,No,Yes,Yes,Jewish,PK-KG,,2025,56,bhacademyaventura.com
5730,Dade,BIG STAR DAY CARE INC.,4246 W 12 AVE,HIALEAH,33012,Yes,Yes,Yes,No,No,No,,PK-05,,2025,68,gmail.com
2786,Dade,BILTMORE SCHOOL,1600 SW RED ROAD,MIAMI,33155,Yes,Yes,Yes,No,No,No,,PK-08,COGNIA,2025,115,biltmoreschool.com
5346,Dade,Blakely’s School of Scholars,3125 NW 176th Street,Miami Gardens,33056,No,No,No,No,Yes,Yes,Baptist,,,2026,0,gmail.com
8330,Dade,BLESSED PEDIATRIC CARE,4715 NW 157TH STREET 119,MIAMI GARDENS,33014,No,No,No,No,No,No,,PK-12,,2025,15,gmail.com
2169,Dade,BLESSED TRINITY CATHOLIC SCHOOL,4020 CURTISS PARKWAY,MIAMI SPRINGS,33166,Yes,Yes,Yes,No,Yes,Yes,Catholic,PK-08,FCCAP,2026,257,blessed-trinity.org
9079,Dade,BREAKTHROUGH CHRISTIAN ACADEMY,3790 NW 167 ST,MIAMI GARDENS,33054,No,No,No,No,Yes,Yes,Non-Denominational,,,2025,0,hotmail.com
7249,Dade,BRICKELL HEIGHTS ELEMENTARY,25 SW 9TH ST CU-6,MIAMI,33130,Yes,Yes,Yes,No,No,No,,PK-KG,,2025,11,gmail.com
159,Dade,BRIGHT BRIDGE PREPARATORY,3201 SW 67TH AVE,MIAMI,33155,Yes,Yes,Yes,No,No,No,,KG-06,,2025,19,brightbridgepreparatory.com
8056,Dade,BRIGHT FUTURE SCHOOL OF EXCELLENCE,10401 NW 8TH AVE.,MIAMI,33150,Yes,Yes,Yes,No,No,No,,KG-08,,2025,35,gmail.com
8957,Dade,BRIGHT FUTURES PRESCHOOL,13724 SW 84 ST,MIAMI,33183,Yes,Yes,Yes,No,No,No,,PK-01,,2025,29,bellsouth.net
8334,Dade,BRIGHT SKY PREPARATORY SCHOOL,836 NW 183RD STREET,MIAMI GARDENS,33169,Yes,Yes,Yes,No,No,No,,KG-05,,2025,57,brightskyprep.com
9605,Dade,BRILLIANCE ACADEMY,9720 SW 182nd St,Palmetto Bay,33157,Yes,Yes,Yes,Yes,Yes,No,,04-12,,2025,28,brilliance-academy.org
7127,Dade,Brilliance Academy II,9720 SW 182 Street,Palmetto Bay,33157,No,No,No,No,Yes,No,,06-12,,2025,10,brilliance-academy.org
2699,Dade,BRITO MIAMI PRIVATE SCHOOL,3030 CORAL WAY,MIAMI,33145,Yes,Yes,Yes,No,No,No,,06-12,COGNIA,2025,125,britomiamiprivate.com
5947,Dade,BUMBLE BEE DAYCARE LEARNING CENTER,12332 QUAIL ROOST DRIVE,MIAMI,33177,Yes,Yes,Yes,No,No,No,,PK-08,,2026,127,yahoo.com
445,Dade,CALUSA PREPARATORY SCHOOL,12515 S.W. 72ND STREET,MIAMI,33183,Yes,Yes,Yes,No,Yes,Yes,Non-Denominational,PK-12,"COGNIA, FCCPSA",2026,163,yahoo.com
993,Dade,CALVARY CHRISTIAN ACADEMY NORTH MIAMI,951 NW 136TH STREET,MIAMI,33168,Yes,Yes,Yes,No,Yes,Yes,Non-Denominational,PK-08,COGNIA,2025,233,ccaeagles.org
3243,Dade,CAMBRIDGE ACADEMY AND CAMP,2750 NW 167 STREET,MIAMI,33054,Yes,Yes,Yes,No,No,No,,PK,,2026,2,gmail.com
6748,Dade,CARE Elementary Little Haiti,,,,Yes,Yes,Yes,No,Yes,Yes,Non-Denominational,KG-02,,2026,7,careelementary.org
7666,Dade,CARE ELEMENTARY SCHOOL,2025 NW 1ST AVENUE,MIAMI,33127,Yes,Yes,Yes,No,Yes,Yes,Non-Denominational,PK-05,,2025,118,careelementary.org
7482,Dade,CAREER PREP ACADEMY OF SOUTH FLORIDA  106,19001 SW 106TH AVE,MIAMI,33157,Yes,Yes,Yes,Yes,No,Yes,Non-Denominational,06-12,,2025,81,careerprepworkforce.org
8763,Dade,CAREER PREP ACADEMY OF SOUTH FLORIDASOUTH,1380 NORTH KROME AVE 102,FLORIDA CITY,33034,Yes,Yes,Yes,Yes,No,No,,06-12,,2025,45,careerprepworkforce.org
4870,Dade,CARPE DIEM ACADEMIA INC.,11025 SW 84 STREET COTTAGE 8,MIAMI,33173,Yes,Yes,Yes,No,Yes,No,,01-12,,2025,22,cdaintensivelearning.com
3906,Dade,CASA DEI BAMBINI MONTESSORI SCHOOL,4025 PINE TREE DRIVE,MIAMI BEACH,33140,Yes,Yes,Yes,No,Yes,No,,PK-05,,2026,116,gmail.com
8347,Dade,CATERPILLAR ACADEMY DAYCARE,5480 PALM AVE,HIALEAH,33012,Yes,Yes,Yes,No,No,No,,PK-01,,2025,18,gmail.com
9397,Dade,CATTOIRA MONTESSORI SCHOOL,9385 SW 79 AVE.,MIAMI,33156,Yes,Yes,Yes,No,No,No,,PK-06,,2025,53,cattoiramontessori.com
3373,Dade,CBCA ACADEMY,19000 SW 112th  Ave,Miami,33157,Yes,Yes,Yes,Yes,Yes,Yes,Non-Denominational,KG-12,,2025,106,gmail.com
4860,Dade,CENTER OF LIFE ACADEMY,4850 NW 17 AVENUE,MIAMI,33142,Yes,Yes,Yes,No,No,Yes,Non-Denominational,01-12,,2025,77,yahoo.com
3925,Dade,CENTER OF LIFE ACADEMY 2,5120 NW 24TH AVE,MIAMI,33142,No,No,No,No,Yes,Yes,Non-Denominational,,,2025,0,yahoo.com
8098,Dade,CENTNER ACADEMY - ELEMENTARY SCHOOL,3465 NW 2ND AVE,MIAMI,33127,Yes,Yes,Yes,No,No,No,,KG-05,,2025,158,centneracademy.com
7686,Dade,CENTNER ACADEMY - MIDDLE AND HIGH SCHOOLS,1911 NE MIAMI COURT,MIAMI,33132,Yes,Yes,Yes,No,No,No,,06-11,,2025,77,centneracademy.com
5685,Dade,CENTNER ACADEMY - PRESCHOOL,3921 ALTON ROAD UNIT 465,MIAMI,33140,Yes,Yes,Yes,No,No,No,,PK,,2025,88,centneracademy.com
8577,Dade,CENTRAL MIAMI CHRISTIAN ACADEMY,1290 NW 36TH ST,MIAMI,33142,Yes,Yes,Yes,No,Yes,Yes,Other,KG-11,,2025,16,centralmiamichristian.org
4620,Dade,CHANAK INTERNATIONAL ACADEMY,7901 4th St N,"St. Petersburg,",33702,No,No,No,No,Yes,Yes,Non-Denominational,,,2026,0,asociacioneducafe.org
5214,Dade,CHANTY LEARNING CENTER DBA WE LOVE KIDS,891 WEST 29 ST,HIALEAH,33012,Yes,Yes,Yes,No,No,No,,PK-06,,2025,123,bellsouth.net
225,Dade,CHILDREN'S CREATIVE LRNG CTR @ FIU,11200 SW 8TH STREET,MIAMI,33199,Yes,Yes,Yes,No,Yes,No,,PK,COGNIA,2025,35,fiu.edu
6379,Dade,CHILDREN'S KINGDOM ENRICHMENT CENTER,8080 NW 155 STREET,MIAMI LAKES,33016,Yes,Yes,Yes,No,No,No,,PK-03,,2026,39,yahoo.com
2094,Dade,CHILDREN'S PARADISE LEARNING ACADEMY 8,3168 WEST 76TH STREET,HIALEAH,33018,Yes,Yes,Yes,No,No,No,,PK-11,,2026,59,gmail.com
5748,Dade,CHILDREN'S PARADISE LEARNING CENTER 3,2400 W 80TH ST UNIT 1,HIALEAH,33016,Yes,Yes,Yes,No,No,No,,PK-12,,2025,32,gmail.com
8773,Dade,CHILDREN'S PARADISE LEARNING CENTER 5,15520 NW 77 COURT REAR,MIAMI LAKES,33016,Yes,Yes,Yes,No,No,No,,PK-05,,2025,94,gmail.com
7259,Dade,CHILDREN'S PARADISE LEARNING CENTER 6 INC.,1937 WEST 68 ST,HIALEAH,33014,Yes,Yes,Yes,No,No,No,,PK-09,,2025,85,gmail.com
6692,Dade,CHILDREN'S PARADISE LEARNING CENTER INC 4,470-B WEST 49TH ST.,HIALEAH,33012,Yes,Yes,Yes,No,No,No,,PK-06,,2025,112,gmail.com
8469,Dade,CHILDREN'S PARADISE LEARNING CENTER INC. 9,8567 NW 186 STREET,MIAMI,33015,Yes,Yes,Yes,No,No,No,,PK-03,,2025,21,me.com
1298,Dade,CHILDREN'S PARADISE LEARNING CENTER.INC,21 EAST 59 ST,HIALEAH,33013,Yes,Yes,Yes,No,Yes,No,,PK-03,,2025,36,gmail.com
567,Dade,CHILDREN'S RAINBOW DAYSCHOOL ACADEMY,PO BOX 700762,GOULDS,33170,Yes,Yes,Yes,No,Yes,Yes,Non-Denominational,PK-08,COGNIA,2025,339,rcacrusaders.com
2152,Dade,CHILDREN'S RESOURCES,8571 SW 112 ST,MIAMI,33156,Yes,Yes,Yes,No,Yes,No,,PK-05,,2025,64,crfschool.org
5527,Dade,CHILDRENS CHRISTIAN SCHOOLHOUSE,380 W. 21 STREET,HIALEAH,33010,Yes,Yes,Yes,No,No,Yes,Non-Denominational,PK-06,,2026,143,yahoo.com
6485,Dade,CHRIST CHILDREN ACADEMY,2900 NW 183RD ST,MIAMI GARDENS,33056,Yes,Yes,Yes,No,No,No,,KG-07,,2025,7,gmail.com
5448,Dade,CHRIST FELLOWSHIP ACADEMY,8900 SW 168 STREET,PALMETTO BAY,33157,Yes,Yes,Yes,No,Yes,Yes,Baptist,PK-06,COGNIA,2025,406,cfacademy.org
1284,Dade,CHRISTOPHER COLUMBUS HIGH SCHOOL,3000 SW 87TH AVENUE,MIAMI,33165,Yes,Yes,Yes,No,Yes,Yes,Catholic,09-12,COGNIA,2025,1735,columbushs.com
4821,Dade,CINDERELLA SCHOOL,1084 W 23 STREET,HIALEAH,33010,Yes,Yes,Yes,No,No,No,,PK-05,,2025,134,cinderellaschool.com
6960,Dade,CITI CHRISTIAN ACADEMY,PO BOX 421970,MIAMI,33242,Yes,Yes,Yes,No,Yes,Yes,Non-Denominational,01-08,,2025,71,citichurchmiami.com
4826,Dade,CLARA MOHAMMED SCHOOL OF MIAMI FLORIDA,5245 NW 7TH AVENUE,MIAMI,33127,Yes,Yes,Yes,No,Yes,Yes,Islamic/Muslim,05-08,,2025,5,comcast.net
8672,Dade,COCONUT GROVE MONTESSORI SCHOOL,2850 SW 27 AVE,MIAMI,33133,Yes,Yes,Yes,No,No,No,,PK-05,,2025,99,cgrovemontessori.com
328,Dade,COLONIAL CHRISTIAN SCHOOL,17105 S.W. 296TH ST.,HOMESTEAD,33030,Yes,Yes,Yes,No,Yes,Yes,Baptist,PK-12,COGNIA,2025,348,colonialchristianschool.org
9475,Dade,COLOR IN PRESCHOOL INC,2019 E 4TH AVE,HIALEAH,33010,Yes,Yes,Yes,No,No,No,,PK-02,,2025,25,gmail.com
2320,Dade,CONCHITA ESPINOSA ACADEMY,12975 S.W. 6TH STREET,MIAMI,33184,Yes,Yes,Yes,No,No,No,,PK-08,"AISF, COGNIA",2025,593,conchitaespinosa.com
6823,Dade,Cool Academy,,,,Yes,Yes,Yes,No,Yes,Yes,Non-Denominational,KG-08,,2025,138,thecoolchurch.com
7650,Dade,Coral Gables Congregational Church Early Childhood Center,3010 DeSoto Blvd,Coral Gables,33134,No,No,No,No,Yes,No,,PK-KG,,2026,38,ecccoralgables.org
3204,Dade,CORAL PARK CHRISTIAN ACADEMY,8755 SOUTHWEST 16TH STREET,MIAMI,33165,Yes,Yes,Yes,No,Yes,Yes,Baptist,PK-08,COGNIA,2025,180,coralparkchristian.org
8404,Dade,CORAL WAY UMC DAYCARE SCHOOL CENTER,7900 CORAL WAY,MIAMI,33155,Yes,Yes,Yes,No,Yes,Yes,Methodist,PK-08,,2026,113,gmail.com
458,Dade,COUNTRYSIDE EARLY LEARNING CENTER,15395 SW 288TH STREET,HOMESTEAD,33033,No,No,No,No,No,No,,PK,,2025,60,countrysidelearningcenter.com
2297,Dade,COURAGEOUS MINDS LEARNING CENTER,10870 SOUTHWEST 113TH PLACE,MIAMI,33176,Yes,Yes,Yes,No,No,No,,PK-02,,2026,11,courageousmindslc.org
6719,Dade,CREATIVA ACADEMY,13910 SW 8TH STREET,MIAMI,33184,No,No,No,No,No,No,,PK,,2025,31,creativaacademy.com
7614,Dade,CREATIVE KIDS ACADEMY,16325 SW 288 ST,HOMESTEAD,33033,Yes,Yes,Yes,No,No,No,,,,2025,0,yahoo.com
3978,Dade,CRESER VIRTUAL SCHOOL,1698 JEFFERSON AVE,MIAMI BEACH,33139,No,No,No,No,No,No,,,,2025,0,jds.edu.co
5909,Dade,CRISTO REY MIAMI HIGH SCHOOL,125 NE 119TH STREET,NORTH MIAMI,33161,Yes,Yes,Yes,No,Yes,Yes,Catholic,09-12,COGNIA,2025,266,cristoreymiami.org
6250,Dade,CRYSTAL ACADEMY PRIMARY SCHOOL CAPS INTERN,107 ANTILLA AVENUE,CORAL GABLES,33134,Yes,Yes,Yes,No,Yes,No,,KG-12,,2025,39,cagables.com
8030,Dade,CURIOUS MINDS LEARNING CENTER,,3300 East 4th Ave.,33013,Yes,Yes,Yes,No,No,No,,PK,,2025,9,gmail.com
2984,Dade,CUTLER RIDGE CHRISTIAN ACADEMY,10301 CARIBBEAN BOULEVARD,MIAMI,33189,Yes,Yes,Yes,No,Yes,Yes,Non-Denominational,PK-08,FACCS,2025,144,crcamiami.org
2383,Dade,DADE CHRISTIAN SCHOOL,6601 NW 167TH STREET,MIAMI,33015,Yes,Yes,Yes,No,Yes,Yes,Baptist,PK-12,FACCS,2025,630,ntbcfl.org
5507,Dade,DADE PREP ACADEMY INC.,10680 SW 186 ST,MIAMI,33157,Yes,Yes,Yes,No,No,No,,06-12,COGNIA,2025,598,dadeprep.com
6139,Dade,DAWERE INTERNATIONAL HIGH SCHOOL,370 CAMINO GARDENS BLVD.,BOCA RATON,33432,No,No,No,No,No,No,,08-12,COGNIA,2026,28,dawere.com
1720,Dade,DIAMOND MINDS TRANSFORMATIONAL LEADERSHIP A,1160 NW 159 DRIVE,MIAMI,33169,Yes,Yes,Yes,Yes,Yes,No,,PK-12,COGNIA,2025,136,uco-ucpsfl.org
6939,Dade,DISCOVER MONTESSORI ACADEMY-PSN,17660 NW 78TH AVE 103,MIAMI,33015,Yes,Yes,Yes,No,No,No,,PK-02,,2025,16,dmaschool.org
7382,Dade,DISCOVER MONTESSORI CHILDREN'S HOUSE INC.,15650 MIAMI LAKE WAY NORTH,MIAMI LAKES,33014,Yes,Yes,Yes,No,Yes,No,,PK-06,,2025,60,dmaschool.org
6718,Dade,DISCOVERY MONTESSORI ACADEMY CORP.,14112 SW 288TH ST.,HOMESTEAD,33033,Yes,Yes,Yes,No,No,No,,PK-12,,2025,103,dmasouth.net
9671,Dade,DISCOVERY YEARS INC,410 SW 57 AVE,MIAMI,33144,Yes,Yes,Yes,No,Yes,No,,KG-01,,2026,21,gmail.com
4537,Dade,DIVINE SAVIOR LUTHERAN ACADEMY,10311 NW 58TH ST.,DORAL,33178,Yes,Yes,Yes,No,Yes,Yes,Lutheran,PK-12,AISF,2026,1176,divinesaviorministries.org
7506,Dade,DONOSO ACADEMY DBR LLC,368-386 PALM AVENUE,HIALEAH,33010,Yes,Yes,Yes,No,No,No,,PK-02,,2025,45,gmail.com
5063,Dade,Doral Academy,2450 Northwest 97th Avenue,Doral,33172,Yes,Yes,Yes,Yes,Yes,No,,,,2026,0,aveteaching.com
8074,Dade,DR. I. MONTEALEGRE,2863 SW 69 COURT,MIAMI,33155,No,No,No,No,No,Yes,Non-Denominational,10-12,,2025,28,gmail.com
4628,Dade,DR. JOHN A. MCKINNEY CHRISTIAN ACADEMY,2300 NW 135 STREET,MIAMI,33167,Yes,Yes,Yes,No,Yes,Yes,Baptist,KG-06,,2025,20,jamchristianacademy.org
6163,Dade,EARLY INTERVENTION SCHOOL PROGRAM,3625 NW 82ND AV SUITE 101,DORAL,33166,No,No,No,No,No,Yes,Catholic,PK-11,,2025,4,gmail.com
6874,Dade,EARLY STEP LEARNING ACADEMY,13405 NE 2ND COURT,NORTH MIAMI,33161,Yes,Yes,Yes,No,Yes,No,,PK-KG,,2025,100,hyccf.org
5475,Dade,EARLY YEARS ACADEMY,17790 NW 78 AVENUE,MIAMI,33015,Yes,Yes,Yes,No,No,No,,PK-01,,2025,68,aol.com
1784,Dade,EARLY YEARS MONTESSORI ACADEMY,7755 NW 178 STREET,HIALEAH,33015,Yes,Yes,Yes,No,No,No,,PK,,2025,22,aol.com
2418,Dade,EASTER SEALS ACADEMY,1475 NW 14TH AVENUE,MIAMI,33125,Yes,Yes,Yes,No,Yes,No,,PK-12,"AISF, COGNIA",2025,98,sfl.easterseals.com
9250,Dade,EASY PEASY ACADEMY,19800 N MIAMI AVE,MIAMI GARDENS,33169,No,No,No,No,No,No,,,,2026,0,hotmail.com
1877,Dade,EBENEZER CHRISTIAN ACADEMY,3925 NW 2ND AVE,MIAMI,33127,Yes,Yes,Yes,Yes,Yes,Yes,Church of God,PK-12,,2025,80,hotmail.com
5707,Dade,EBENEZER CHRISTIAN SCHOOL INC.,530 SW 1ST SUITE 305-308,FLORIDA CITY,33034,Yes,Yes,Yes,Yes,Yes,Yes,Non-Denominational,PK-12,,2026,37,aol.com
774,Dade,EBENEZER DAY CARE,4111 SW 4TH STREET,MIAMI,33134,Yes,Yes,Yes,No,Yes,Yes,Baptist,PK-04,,2026,57,gmail.com
4936,Dade,EBENEZER INTERNATIONAL CHRISTIAN ACADEMY,900 WEST 49 STREET,HIALEAH,33012,No,No,No,No,No,Yes,Methodist,09-12,COGNIA,2025,210,eicaschool.com
4396,Dade,EDC ACADEMY OF EXCELLENCE,991 NW 54TH STREET,MIAMI,33127,Yes,Yes,Yes,No,No,No,,KG-12,,2025,74,aol.com
3198,Dade,EDISON PRIVATE SCHOOL,3720 E. 4TH AVENUE,HIALEAH,33013,Yes,Yes,Yes,No,No,No,,PK-12,COGNIA,2025,438,aol.com
8224,Dade,EDUCATIONAL WORLD LEARNING CENTER,16470 NORTHWEST 59TH AVENUE,MIAMI LAKES,33014,Yes,Yes,Yes,No,Yes,No,,PK-03,,2025,83,aol.com
1710,Dade,EINSTEINS LEARNING CENTER 1 INC,543 E 9TH ST,HIALEAH,33010,Yes,Yes,Yes,No,No,No,,PK-02,,2026,21,ymail.com
9519,Dade,ELEV8 SCHOOL #1,4977 SW 74TH CT,MIAMI,33155,Yes,Yes,Yes,Yes,No,No,,06-12,COGNIA,2025,96,mlmpipa.org
5687,Dade,ELEV8 SCHOOL #3,4977 SW 74TH CT,MIAMI,33155,Yes,Yes,Yes,Yes,No,No,,06-12,COGNIA,2025,275,mlmpipa.org
8103,Dade,ELEV8 SCHOOL #6,4977 SW 74TH CT,MIAMI,33155,No,No,No,No,No,No,,,,2025,0,mlmpipa.org
9095,Dade,ELEV8 SCHOOL #8,4977 SW 74TH CT,MIAMI,33155,Yes,Yes,Yes,Yes,No,No,,06-12,COGNIA,2025,378,transtechacademy.org
1049,Dade,ELITE ACADEMY OF EXCELLENCE INC,4221 NW 23 AVENUE,MIAMI,33142,No,No,No,No,Yes,No,,,,2025,0,gmail.com
8909,Dade,EMPOWERING YOUTH INC.,530 NW 183RD STREET,MIAMI GARDENS,33169,Yes,Yes,Yes,No,Yes,No,,PK,,2025,12,empoweringyouthinc.org
2429,Dade,EPIPHANY SCHOOL,5557 SW 84TH STREET,MIAMI,33143,Yes,Yes,Yes,No,Yes,Yes,Catholic,PK-08,FCCAP,2025,941,ecsmiami.org
6599,Dade,ETTA MAE ANDERSON LEARNING ACADEMY,17901 NW 37TH AVE,MIAMI,33056,Yes,Yes,Yes,No,Yes,No,,KG-12,,2025,37,gmail.com
6884,Dade,EUREKA EDUCATIONAL ACADEMY INC.,9730  9750 SW 183RD STREET,PALMETTO BAY,33157,Yes,Yes,Yes,Yes,Yes,No,,PK-07,,2026,22,theeurekaacademy.com
9454,Dade,EXCELSIOR PREP ACADEMY OF KENDALL,502 E TYLER ST,TAMPA,33602,Yes,Yes,Yes,No,No,No,,KG,,2025,11,excelsiorschools.com
5669,Dade,FACES LEARNING ACADEMY,6427 NW 18TH AVENUE,MIAMI,33147,Yes,Yes,Yes,No,No,No,,04-12,,2025,32,gmail.com
5166,Dade,FAITH FELLOWSHIP SCHOOL,28945 SW 187TH AVE,HOMESTEAD,33030,Yes,Yes,Yes,No,Yes,Yes,Non-Denominational,KG-12,,2026,242,faithfellowshipschool.org
2440,Dade,FAITH LUTHERAN SCHOOL,293 HIALEAH DRIVE,HIALEAH,33010,Yes,Yes,Yes,No,Yes,Yes,Lutheran,PK-08,FLGA-LCMS,2025,78,faithlutheranhialeah.org
3965,Dade,FANTASTIC LAND LEARNING CENTER,9600 SW 8TH ST SUITE 13,MIAMI,33174,Yes,Yes,Yes,No,No,No,,PK-01,,2025,27,gmail.com
7648,Dade,FIRST IMPRESSIONS PRE-SCHOOL,12300 QUAIL ROOST DRIVE,MIAMI,33177,Yes,Yes,Yes,No,No,No,,PK-KG,,2025,18,bellsouth.net
8727,Dade,FIRST LAUNCH PREPARATORY,7845 CORAL WAY,MIAMI,33155,No,No,No,No,No,No,,PK,,2025,7,firstlaunchprep.com
6684,Dade,FIRST UNITED METHODIST CHRISTIAN SCHOOL,622 N. KROME AVE,HOMESTEAD,33030,Yes,Yes,Yes,No,Yes,Yes,Methodist,PK-08,"FACCS, ACSI",2026,271,fumcs.com
5399,Dade,FISHER ISLAND DAY SCHOOL,TWO FISHER ISLAND DRIVE,MIAMI BEACH,33109,No,No,No,No,Yes,No,,PK-08,FCIS,2025,167,fids.org
8834,Dade,FL ACADEMY,10360 SW 40 ST,MIAMI,33165,Yes,Yes,Yes,No,No,No,,KG-04,,2025,36,gmail.com
2482,Dade,FLORIDA CHRISTIAN SCHOOL,4200 SW 89TH AVENUE,MIAMI,33165,Yes,Yes,Yes,No,Yes,Yes,Non-Denominational,PK-12,COGNIA,2025,1197,gmail.com
5105,Dade,FLORIDA HIGH SCHOOL ACADEMY,499 SW 91 PL,MIAMI,33174,No,No,No,No,No,No,,12,,2025,14,gmail.com
6756,Dade,FLOTA INC,29381 SW 143 PL,HOMESTEAD,33033,Yes,Yes,Yes,No,Yes,Yes,Baptist,PK-06,,2025,73,yahoo.com
4567,Dade,FREE QUEST,5601 COLLINS AVE APT 1223,MIAMI BEACH,33140,No,No,No,No,No,No,,03-11,,2026,8,freequestacademy.com
8636,Dade,FULFORD CHRISTIAN ACADEMY,1900 NE 164 ST,NORTH MIAMI BEACH,33162,Yes,Yes,Yes,No,Yes,Yes,Methodist,PK-02,,2025,24,fulfordumc.org
9323,Dade,FUSION ACADEMY MIAMI,9130 S DADELAND BLVD,MIAMI,33156,Yes,Yes,Yes,Yes,No,No,,06-12,,2025,55,fusionacademy.com
5889,Dade,FUTURE LEADERS ACADEMY OF KENDALL CORP,16237 SW 88 ST,MIAMI,33196,Yes,Yes,Yes,No,No,No,,PK-05,,2025,87,futureleadersacademy.us
9452,Dade,GABLES PRESCHOOL INC,990 SW 42ND AVE,MIAMI,33134,No,No,No,No,No,No,,PK-KG,,2025,63,gablesmontessori.com
8818,Dade,GAN KATAN,1211 MARSEILLE DR.,MIAMI BEACH,33141,Yes,Yes,Yes,No,No,Yes,Jewish,PK-08,,2025,165,gmail.com
5097,Dade,GARDEN OF LIGHT ACADEMY INC.,1171 NE 149TH STREET,33332,33332,No,No,No,No,No,Yes,Church of God,PK-KG,,2026,9,att.net
2392,Dade,GIRALDA PRESCHOOL OF CORAL GABLES DEBAN INVESTMENTS INC,320 GIRALDA AVE,CORAL GABLES,33134,Yes,Yes,Yes,No,No,No,,PK-KG,,2026,38,giraldapreschool.com
464,Dade,GLADEVIEW CHRISTIAN SCHOOL,12201 SW 26TH STREET,MIAMI,33175,Yes,Yes,Yes,No,Yes,Yes,Baptist,PK-08,FACCS,2026,187,gladeview.org
6388,Dade,GLOBALIA SCHOOL,990 BISCAYNE BLVD,MIAMI,33132,No,No,No,No,No,No,,,,2025,0,globaliavirtualschool.com
7057,Dade,GOD'S KIDS,9044 NW 25TH ST,DORAL,33172,Yes,Yes,Yes,Yes,No,Yes,Non-Denominational,PK-10,,2026,40,godskidscenter.com
8454,Dade,GOLDEN HORIZON ACADEMY OF CUTLER BAY INC.,8601 SW 199 STREET,CUTLER BAY,33189,Yes,Yes,Yes,No,No,No,,KG-08,,2025,68,ghaocb.com
685,Dade,GOOD SHEPHERD CATHOLIC SCHOOL,14187 SW 72ND STREET,MIAMI,33183,Yes,Yes,Yes,No,Yes,Yes,Catholic,PK-08,FCCAP,2026,411,gscsrams.org
2934,Dade,GORDON DAY SCHOOL OF BETH DAVID CONG.,2625 S.W. 3RD AVENUE,MIAMI,33129,Yes,Yes,Yes,No,Yes,Yes,Jewish,PK-07,COGNIA,2025,109,centerbd.org
8725,Dade,GOSPEL ASSEMBLY ACADEMY INC,525 NE 125TH STREET,NORTH MIAMI,33161,No,No,No,No,Yes,Yes,Non-Denominational,PK,,2025,10,yahoo.com
646,Dade,GRACE BAPTIST ACADEMY,19301 S.W. 127TH AVENUE,MIAMI,33177,Yes,Yes,Yes,No,Yes,Yes,Baptist,PK-12,,2025,40,yahoo.com
8852,Dade,GREAT BEGINNINGS PRIVATE SCHOOL,1974 SE 23RD TERR,HOMESTEAD,33035,Yes,Yes,Yes,No,Yes,No,,03-10,,2025,6,yahoo.com
7375,Dade,GREAT HEIGHTS ACADEMY INC.,4707 SW 127TH AVE,MIAMI,33175,Yes,Yes,Yes,No,No,No,,KG-12,FCIS,2026,133,greatheightsacademy.org
2894,Dade,GREATER LOVE CHRISTIAN ACADEMY,18200 NW 22ND AVE,MIAMI GARDENS,33056,Yes,Yes,Yes,No,Yes,Yes,Baptist,KG-07,,2025,61,yahoo.com
2547,Dade,GREATER MIAMI ACADEMY,500 NW 122ND AVENUE,MIAMI,33182,Yes,Yes,Yes,No,Yes,Yes,Seventh Day Adventist,PK-12,,2025,372,gma.edu
8137,Dade,GREATER MIAMI SERVICE CORPS,810 NW 28TH STREET,MIAMI,33127,No,No,No,No,Yes,No,,09-12,,2025,27,gmscmiami.com
5992,Dade,GROWING DAYS CHILDCARE AND LEARNING CENTER,5969 NW 151 STREET,MIAMI LAKES,33014,Yes,Yes,Yes,No,No,No,,PK-01,,2026,52,bellsouth.net
9522,Dade,GROWING TREASURE PRIVATE SCHOOL,1905 W 35 ST SUITE 120,HIALEAH,33012,Yes,Yes,Yes,No,No,No,,PK-02,,2025,24,yahoo.com
1144,Dade,GROWING TREASURES LEARNING CENTER 2,8318 NW 103 ST,HIALEAH GARDENS,33016,Yes,Yes,Yes,No,No,No,,PK-08,,2025,123,yahoo.com
5510,Dade,GROWING TREASURES LEARNING CENTER 3,600 EAST 24 STREET,HIALEAH,33013,Yes,Yes,Yes,No,No,No,,PK-01,,2025,14,yahoo.com
3907,Dade,GTG LEARNING CENTER,525 NW 27 AVE,MIAMI,33125,Yes,Yes,Yes,No,No,No,,PK-12,,2025,31,glorytogodmiami.com
640,Dade,GULLIVER PREPARATORY SCHOOL INC.,6575 N. KENDALL DRIVE,PINECREST,33156,No,No,No,No,Yes,No,,PK-12,FCIS,2025,1953,gulliverprep.org
556,Dade,HALLBRIDGE PREPARATORY,15778 SW 56 ST.,MIAMI,33185,No,No,No,No,No,No,,KG-12,,2025,36,yahoo.com
8850,Dade,HAPPY HEARTS DAYCARE,11033 SW 186TH ST,MIAMI,33157,Yes,Yes,Yes,No,No,No,,PK-06,,2025,168,yahoo.com
6341,Dade,HAPPY HEARTS LEARNING CENTER,6883 W 4 AVE,HIALEAH,33014,Yes,Yes,Yes,No,No,No,,PK-03,,2025,50,yahoo.com
9699,Dade,HAPPY K-12 KINDERGARTEN LLC,5901 NW 176TH ST,HIALEAH,33015,Yes,Yes,Yes,No,No,No,,PK-01,,2025,42,gmail.com
8561,Dade,HAPPY MEMORIES LEARNING CENTER 2,3805 SW 137 AVE,MIAMI,33175,Yes,Yes,Yes,No,No,No,,PK-05,,2025,32,gmail.com
4759,Dade,HAPPY MEMORIES LEARNING CENTER CORP.,9937 SW 142 AVE.,MIAMI,33186,Yes,Yes,Yes,No,No,No,,PK-05,,2025,91,gmail.com
7767,Dade,HAPPY PLACE ACADEMY,16951 NE 4TH AVE,N M BEACH,33162,Yes,Yes,Yes,No,No,No,,PK-KG,,2025,21,gmail.com
3060,Dade,HAPPY TOO K-12 KINDERGARTEN LLC,5901 NW 176 Street,Hialeah,33015,No,No,No,No,No,No,,PK-01,,2025,39,gmail.com
4657,Dade,HELPING HANDS YOUTH CENTER,6304 NW 14TH ST,MIAMI,33147,No,No,No,No,Yes,No,,,,2025,0,gmail.com
2896,Dade,HIGHPOINT ACADEMY INC.,12101 S.W. 34TH STREET,MIAMI,33175,Yes,Yes,Yes,No,No,No,,PK-08,COGNIA,2025,324,highpointacademy.com
3800,Dade,HOLLYWOOD EDUCATION LITERACY PROJECT,13828 SW 56TH STREET,MIAMI,33175,Yes,Yes,Yes,No,Yes,No,,KG-12,,2026,29,hotmail.com
2594,Dade,HOLY CROSS LUTHERAN SCHOOL,650 NE 135TH STREET,NORTH MIAMI,33161,Yes,Yes,Yes,No,Yes,Yes,Lutheran,PK-08,FLGA-LCMS,2025,324,holycross-nm.org
2600,Dade,HOLY FAMILY CATHOLIC SCHOOL,14650 NE 12TH AVENUE,NORTH MIAMI,33161,Yes,Yes,Yes,No,Yes,Yes,Catholic,PK-08,FCCAP,2025,252,holyfamilynorthmiami.org
3982,Dade,HOPE ACADEMY,1100 OLD DIXIE HIGHWAY,HOMESTEAD,33030,Yes,Yes,Yes,No,Yes,No,,KG-12,,2025,442,bellsouth.net
3353,Dade,HOPE AND LIGHT ACADEMY,1174 W. 70TH PLACE,HIALEAH,33014,Yes,Yes,Yes,No,No,No,,KG-08,,2025,72,yahoo.com
468,Dade,HOREB CHRISTIAN SCHOOL,795 W. 68TH STREET,HIALEAH,33014,Yes,Yes,Yes,No,No,Yes,Baptist,PK-12,COGNIA,2025,502,horebchristianschool.org
5714,Dade,IEXCEL PREPARATORY ACADEMY,17700 N.W. 27TH AVENUE,MIAMI GARDENS,33056,Yes,Yes,Yes,No,Yes,No,,PK-05,,2025,48,excelkidsacademy.com
5294,Dade,ilnido Montessori Preschool Killian Campus,12985 SW 112TH ST,Miami,33186-4769,No,No,No,No,No,No,,PK-KG,,2025,17,ilnidomontessori.com
7212,Dade,iMater Secondary Campus,651 W. 20 Street,Hialeah,33010,Yes,Yes,Yes,No,Yes,No,,,,2025,0,aveteaching.com
229,Dade,IMMACULATA-LA SALLE HIGH SCHOOL,3601 SOUTH MIAMI AVENUE,MIAMI,33133,Yes,Yes,Yes,No,Yes,Yes,Catholic,09-12,COGNIA,2026,885,ilsroyals.com
2630,Dade,IMMACULATE CONCEPTION CATHOLIC SCHOOL,125 WEST 45TH STREET,HIALEAH,33012,Yes,Yes,Yes,No,Yes,Yes,Catholic,PK-08,FCCAP,2026,474,icsmiami.org
9197,Dade,INTEGRAL DEVELOPMENT SERVICES INC,12700 SW 122 AVE SUITE 108-109,MIAMI,33186,Yes,Yes,Yes,No,No,No,,PK-11,,2025,22,indese.net
5113,Dade,Integrated Science & Asian Culture Academy,301 Westward Drive,Miami Springs,33166,Yes,Yes,Yes,Yes,Yes,No,,,,2025,0,aveteaching.com
6102,Dade,INTERAMERICAN LEARNING CENTER,8315 SW 68 STREET,MIAMI,33143,Yes,Yes,Yes,No,No,No,,PK-01,,2025,125,ilcpreschool.com
6968,Dade,INTERNATIONAL BILINGUAL PRESCHOOL,70 NW 22 AVE,MIAMI,33125,Yes,Yes,Yes,No,No,No,,PK-02,,2025,24,gmail.com
8421,Dade,INTERNATIONAL CHILDREN'S ACADEMY,585 E 49TH STREET SUITE 5,HIALEAH,33013,Yes,Yes,Yes,No,No,No,,PK-05,,2025,120,icaeducation.com
6357,Dade,INTERNATIONAL TORAH ACADEMY DBA FHU SCHOOL,20900 NE 30TH AVE,AVENTURA,33180,No,No,No,No,Yes,Yes,Jewish,02-12,,2025,14,itamail.org
7510,Dade,IQZONE PLUS,9851 NW 58TH ST UNIT 104,DORAL,33178,No,No,No,No,No,No,,01-12,,2025,24,gmail.com
6785,Dade,ISLAMIC SCHOOL OF MIAMI,11699 SW 147 AVE,MIAMI,33196,Yes,Yes,Yes,Yes,Yes,No,,KG-08,COGNIA,2025,104,myisom.org
4866,Dade,IT TAKES A VILLAGE ACADEMY OF EXCELLENCE,12128 NW 2 AVENUE,MIAMI,33168,Yes,Yes,Yes,No,No,No,,,,2025,0,gmail.com
1456,Dade,IT'S A SMALL WORLD ACADEMY,2990 NW 81 TERRACE,MIAMI,33147,Yes,Yes,Yes,No,No,No,,PK-04,,2025,47,aol.com
5636,Dade,IT'S A SMALL WORLD ELEMENTARY SCHOOL,4617 NW 22 AVE,MIAMI,33142,Yes,Yes,Yes,No,No,No,,KG-08,,2025,139,gmail.com
9476,Dade,IT'S A SMALL WORLD LEARNING CENTER VII-A,8601 NW 22 AVENUE,,33147,No,No,No,No,No,No,,PK,,2025,10,yahoo.com
4906,Dade,IT'S A SMALL WORLD PRIVATE SCHOOL,252 HIALEAH DRIVE,HIALEAH,33010,Yes,Yes,Yes,No,No,No,,PK-05,,2025,64,aol.com
8082,Dade,JAY'S LEARNING CENTER I INC.,1111 NW 55TH STREET,MIAMI,33127,Yes,Yes,Yes,No,Yes,No,,PK,,2025,2,yahoo.com
5543,Dade,JEAN PIAGET ACADEMY,3764 WEST 12 AVE.,HIALEAH,33012,Yes,Yes,Yes,No,No,No,,PK-05,,2025,65,yahoo.com
5667,Dade,JEREMIAH ACADEMY,1455 NW 183RD STREET,MIAMI,33169,Yes,Yes,Yes,No,Yes,Yes,Baptist,PK-10,,2025,81,aol.com
7136,Dade,JEWISH LEADERSHIP ACADEMY INC.,975 NW 95TH STREET,MIAMI,33150,Yes,Yes,Yes,No,Yes,Yes,Jewish,06-12,COGNIA,2025,236,jlamiami.org
5613,Dade,JINNY'S LEARNING CENTER INC.,5356 W 16 AVE,HIALEAH,33012,Yes,Yes,Yes,No,No,No,,PK-KG,,2025,45,yahoo.com
5303,Dade,Johnson&Johnson Learning Center LLC,8031 Northwest 22nd Avenue,Miami,33147,No,No,No,No,No,No,,PK,,2025,13,gmail.com
1693,Dade,JOSE MARTI SCHOOL 1ST CAMPUS,2660 SW 17TH STREET,MIAMI,33145,Yes,Yes,Yes,No,No,No,,PK-03,COBIS,2025,35,aol.com
495,Dade,JOSE MARTI SCHOOL 3RD CAMPUS,1685 SOUTHWEST 32ND AVENUE,MIAMI,33145,Yes,Yes,Yes,No,No,No,,04-08,COBIS,2025,52,aol.com
3825,Dade,JUDITH L. MANS ACADEMY,500 NW 165th StreetUnit 208,Miami,33169,No,No,No,No,Yes,No,,,,2026,0,gmail.com
606,Dade,JUST KIDS CENTERS INC,12470 SW 8TH STREET,MIAMI,33184,Yes,Yes,Yes,No,No,No,,PK-05,,2025,59,aol.com
6344,Dade,KAYLEENS LEARNING CENTER,10855 SW 72ND ST,MIAMI,33173,Yes,Yes,Yes,No,No,No,,PK-05,,2025,62,aol.com
3966,Dade,KELBERT PREPARATORY ACADEMY,5979 NW 151 STREET#210,MIAMI LAKES,33014,No,No,No,No,No,Yes,Catholic,,,2025,0,gmail.com
5519,Dade,KENDALL CHRISTIAN,8485 SW 112 STREET,MIAMI,33156,Yes,Yes,Yes,No,Yes,Yes,Presbyterian,PK-06,"FCIS, CSF",2025,480,kendallchristian.com
3310,Dade,KESHER L.D.,18900 NE 25TH AVENUE,NORTH MIAMI BEACH,33180,Yes,Yes,Yes,No,Yes,Yes,Jewish,01-12,COGNIA,2025,80,kesherld.org
747,Dade,KEY BISCAYNE PRESBYTERIAN SCHOOL,160 HARBOR DR,KEY BISCAYNE,33149,Yes,Yes,Yes,No,Yes,Yes,Presbyterian,PK-02,,2025,217,gmail.com
7643,Dade,KEY POINT ACADEMY,1501 BISCAYNE BLVD. #100,MIAMI,33132,Yes,Yes,Yes,No,No,Yes,Presbyterian,PK-10,COGNIA,2025,229,keypointschools.com
4723,Dade,KEYSTONE NATIONAL HIGH SCHOOL,12840 NW 1ST CT,MIAMI,33168,No,No,No,No,No,Yes,Church of God,09-12,COGNIA,2025,904,myknhs.com
8515,Dade,KHAILA MONTESSORI ACADEMY,16101 NW 22 AVE,MIAMI GARDENS,33054,Yes,Yes,Yes,No,Yes,Yes,Non-Denominational,PK-11,,2026,72,yahoo.com
3260,Dade,KID'S DAY CARE KINDERGARTEN,1301 W 68 ST,HIALEAH,33014,Yes,Yes,Yes,No,No,No,,PK-04,,2025,80,gmail.com
5598,Dade,KID'S HAVEN ACADEMY,18373 NW 27TH AVENUE STE B,MIAMI GARDENS,33056,Yes,Yes,Yes,No,No,No,,PK-07,,2025,30,kidshavenacademy.com
593,Dade,KID'S LOVE DAY CARE PRESCHOOL,375 EAST 49TH STREET,HIALEAH,33013,Yes,Yes,Yes,No,No,No,,PK-05,,2026,62,yahoo.com
3692,Dade,KID'S PLAYHOUSE CHILD CARE CENTER INC.,1265 W. 66TH STREET,HIALEAH,33012,Yes,Yes,Yes,No,No,No,,PK-05,,2025,106,comcast.net
7324,Dade,KID'S UNIVERSITY ELEMENTARY SCHOOL,2800 W 84TH ST  13,HIALEAH,33018,Yes,Yes,Yes,No,No,No,,PK-05,,2025,112,bellsouth.net
7727,Dade,KIDDY ACADEMY 2,11366 QUAIL ROOST DR,MIAMI,33157,Yes,Yes,Yes,No,No,No,,PK-08,,2025,158,att.net
6477,Dade,KIDS ADVENTURE LEARNING CENTER,14543 SW 42ND STREET,MIAMI,33175,Yes,Yes,Yes,No,No,No,,PK-01,,2025,19,bellsouth.net
2197,Dade,KIDS BE KIDS PRESCHOOLS KENDALL,8953 SW 107TH AVE,MIAMI,33176,No,No,No,No,No,No,,PK-KG,,2025,9,kbkpreschools.com
8484,Dade,KIDS BE KIDS PRESCHOOLS MILLER,7800 SW 56TH ST,MIAMI,33155,No,No,No,No,No,No,,PK-KG,,2025,6,kbkpreschools.com
6917,Dade,KIDS CORNER LLC,3275 NW 84 AVENUE,Doral,33122,Yes,Yes,Yes,No,No,No,,PK-KG,,2026,99,kidscornerflorida.com
5469,Dade,KIDS FOR KIDS ACADEMY,14465 COUNTRY WALK DRIVE,MIAMI,33186,Yes,Yes,Yes,No,No,No,,PK-02,,2025,78,cadence-academy.com
3886,Dade,KIDS LEARNING CENTER OF S.DADE 3,11500 QUAIL ROOST DRIVE,MIAMI,33157,Yes,Yes,Yes,No,No,No,,PK-02,,2026,145,klcschools.com
3884,Dade,KIDS LEARNING CENTER OF SOUTH DADE II INC,10869 CARIBBEAN BLVD.,MIAMI,33189,Yes,Yes,Yes,No,No,No,,PK-01,,2026,52,klcschools.com
5298,Dade,KIDS LEARNING CENTER OF SOUTH DADE III,10825 SW 184 ST,MIAMI,33157,Yes,Yes,Yes,No,No,No,,03-08,FCCPSA,2025,184,klcschools.com
6595,Dade,KIDS PARADISE LEARNING CENTER,13455 SW 136 ST,MIAMI,33186,No,No,No,No,No,No,,KG-05,,2025,74,yahoo.com
7325,Dade,KIDS PLANET PRESCHOOL,200 PARK STREET,MIAMI SPRINGS,33166,Yes,Yes,Yes,No,No,No,,PK-03,,2025,39,gmail.com
5904,Dade,Kids Planet Preschool INC,,,,No,No,No,No,No,No,,PK,,2025,26,kidsplanetpreschools.com
6697,Dade,KIDS SMALL WORLD LEARNING CENTER LLC,1835 WEST FLAGLER ST,MIAMI,33135,Yes,Yes,Yes,No,No,No,,PK-08,,2025,249,kidssmallworld.com
3942,Dade,KIDWORKS USA INC.,8155 WEST 28TH AVENUE,HIALEAH,33016,Yes,Yes,Yes,No,No,No,,KG-07,,2025,199,kidworksusa.com
7310,Dade,KIDZ CITY LEARNING CENTER,3920 EAST 8TH AVENUE,HIALEAH,33013,Yes,Yes,Yes,No,No,No,,PK-02,,2025,13,aol.com
5728,Dade,KIILYS KIDS INC.,PO BOX 170106,HIALEAH,33017,Yes,Yes,Yes,Yes,Yes,Yes,Pentecostal,KG-12,,2025,221,gmail.com
2618,Dade,KILLIAN OAKS ACADEMY,10545 SW 97TH AVENUE,MIAMI,33176,Yes,Yes,Yes,No,No,No,,PK-12,COGNIA,2025,100,killianoaksacademy.com
5924,Dade,KINDERKIDS LEARNING CENTER AND PRESCHOOL II,26049 SOUTH DIXIE HIGHWAY,HOMESTEAD,33032,Yes,Yes,Yes,No,No,No,,PK-03,,2025,28,gmail.com
2990,Dade,KING'S CHRISTIAN SCHOOL,8951 SOUTH WEST 44TH STREET,MIAMI,33165,Yes,Yes,Yes,No,Yes,Yes,Non-Denominational,PK-11,FACCS,2025,189,kcsmiami.com
2354,Dade,KINGDOM ACADEMY,9010 S.W. 157 AVENUE,MIAMI,33196,Yes,Yes,Yes,No,No,Yes,Non-Denominational,PK-05,"COGNIA, FCCPSA",2025,281,kingdomacademyschool.com
5955,Dade,KINGDOM PALACE DAYCARE INC.,6500 W 4TH AVENUE  19-22,HIALEAH,33012,Yes,Yes,Yes,No,No,No,,PK-07,,2025,104,yahoo.com
5538,Dade,KINGSWOOD MONTESSORI,20130 SW 304 STREET,HOMESTEAD,33030,Yes,Yes,Yes,No,No,No,,PK-05,"AISF, COGNIA",2025,199,gmail.com
3916,Dade,KLA ACADEMY,375 SW 15TH ROAD,MIAMI,33129,Yes,Yes,Yes,No,No,No,,PK-05,,2025,211,klaacademy.org
1273,Dade,KLA SCHOOLS OF NORTH MIAMI BEACH,13702 BISCAYNE BLVD.,NORTH MIAMI BEACH,33181,No,No,No,No,No,No,,PK,,2025,120,klaschools.com
7240,Dade,KLAZIA INTERNATIONAL SCHOOL,250 MAHOGANY TERRACE,DAVIE,33325,No,No,No,No,No,No,,01-12,,2025,76,hotmail.com
4558,Dade,KLC ACADEMY AND LEARNING CENTER,19350 BELVIEW DRIVE,CUTLER BAY,33157,Yes,Yes,Yes,No,No,No,,PK-03,,2025,78,gmail.com
5470,Dade,KLURMAN/LUBAVITCH,17330 NW 7TH AVENUE,MIAMI,33169,Yes,Yes,Yes,No,Yes,Yes,Jewish,07-12,,2025,309,lecfl.com
1328,Dade,L.T.C.I. FOUNDATION INC.,17100 COLLINS AVE 207,SUNNY ISLES BCH,33160,No,No,No,No,Yes,No,,,,2025,0,gmail.com
7306,Dade,LA PIAZZA ACADEMY,3100 S DIXIE HWY,MIAMI,33133,Yes,Yes,Yes,No,No,No,,PK-05,,2025,126,lapiazzaacademy.com
2130,Dade,LA PRIMA CASA MONTESSORI,2733 SW 3 AVE,MIAMI,33129,Yes,Yes,Yes,No,No,No,,PK-05,FCIS,2025,105,laprimacasa.com
2670,Dade,LA PROGRESIVA PRESBYTERIAN SCHOOL INC.,2480 NW 7TH STREET,MIAMI,33125,Yes,Yes,Yes,No,Yes,Yes,Presbyterian,PK-12,"COGNIA, FLOCS",2026,824,mylps.net
455,Dade,LA SALLE EDUCATIONAL CENTER,31260 SW 136TH AVENUE,HOMESTEAD,33033,Yes,Yes,Yes,No,Yes,Yes,Catholic,KG-04,,2025,28,lasallehomestead.org
7336,Dade,LA SCALA MUSIKIDS LEARNING CENTER INC.,499 E 21 ST,HIALEAH,33013,Yes,Yes,Yes,No,No,No,,PK-KG,,2025,55,bellsouth.net
4981,Dade,LA SCUOLA,7412 SUNSET DRIVE,MIAMI,33143,Yes,Yes,Yes,No,No,No,,PK-08,,2025,116,lascuola.com
684,Dade,LAGO MAR PRESCHOOL 1,15732 SW 72 ST,MIAMI,33193,Yes,Yes,Yes,No,No,No,,PK-02,,2025,40,yahoo.com
4665,Dade,LAKEVIEW ACADEMY,7031 W 14 CT,HIALEAH,33014,Yes,Yes,Yes,No,No,No,,KG-08,,2025,130,gmail.com
440,Dade,LANAAR,20400 NE 30TH AVE.,MIAMI,33180,Yes,Yes,Yes,No,Yes,Yes,Jewish,01-08,,2025,245,lanaarschool.org
1198,Dade,Learning House Aftercare & tutoring,,,,No,No,No,No,No,No,,KG-07,,2026,23,gmail.com
695,Dade,LEARNING LINKS SCHOOL HOUSE,14515 SW 120 STREET,MIAMI,33186,Yes,Yes,Yes,No,No,No,,KG-12,,2025,105,gmail.com
3683,Dade,LEBASI 2,103 NW 8TH ST,MIAMI,33136,Yes,Yes,Yes,No,No,No,,PK-KG,,2026,40,tlnschools.com
8968,Dade,LEBASI LLC.,1801 NE 2ND AVE,MIAMI,33132,Yes,Yes,Yes,No,No,No,,PK-KG,,2026,20,tlnschools.com
2993,Dade,LEHRMAN COMMUNITY DAY SCHOOL,727 LEHRMAN DRIVE,MIAMI BEACH,33141,Yes,Yes,Yes,No,Yes,Yes,Jewish,PK-05,COGNIA,2025,397,lehrmanschool.org
9844,Dade,LENORA BROWN SCHOOL ACADEMY,5861 NW 17TH AVE,MIAMI,33142,No,No,No,No,No,No,,06-12,,2025,237,gmail.com
9706,Dade,LIBERATION SCHOOL OF ADVANCED,PO BOX 74022,BOYNTON BEACH,33474,No,No,No,No,Yes,No,,,,2025,0,liberationschoolofadvanced.com
6590,Dade,LIBERTY ACADEMY FOUNDATION INC.,7750 NW 12TH AVE.,MIAMI,33150,Yes,Yes,Yes,No,Yes,No,,PK-05,,2025,127,aol.com
5869,Dade,Liberty International High School,,,,No,No,No,No,No,No,,,,2025,0,libertyintl.school
6342,Dade,LIFTED ACADEMY,14955 SW 88TH ST,MIAMI,33196,Yes,Yes,Yes,No,Yes,Yes,Baptist,PK-06,,2025,128,lifted.academy
7957,Dade,LIGHTWORK EDUCATION AND WELLNESS CENTER,7750 NW 178TH STREET,HIALEAH,33015,Yes,Yes,Yes,No,No,No,,PK-12,,2025,101,lightworkeducation.com
6466,Dade,LINCOLN-MARTI COMMUNITY AGENCY 04,2700 SW 8 ST,MIAMI,33135,Yes,Yes,Yes,No,Yes,No,,PK-08,,2025,246,lincoln-marti.com
4505,Dade,LINCOLN-MARTI COMMUNITY AGENCY 10,2700 SW 8 ST,MIAMI,33135,Yes,Yes,Yes,No,Yes,No,,KG-12,COGNIA,2025,283,lincoln-marti.com
4509,Dade,LINCOLN-MARTI COMMUNITY AGENCY 14,2700 SW 8 ST,MIAMI,33135,Yes,Yes,Yes,No,Yes,No,,PK-05,,2025,66,lincoln-marti.com
4512,Dade,LINCOLN-MARTI COMMUNITY AGENCY 17,2700 SW 8 ST,MIAMI,33135,Yes,Yes,Yes,No,Yes,No,,KG-12,COGNIA,2025,289,lincoln-marti.com
4516,Dade,LINCOLN-MARTI COMMUNITY AGENCY 21,2700 SW 8 ST,MIAMI,33135,Yes,Yes,Yes,No,Yes,No,,KG-07,,2025,65,lincoln-marti.com
1400,Dade,LINCOLN-MARTI COMMUNITY AGENCY 23,2700 SW 8 ST,MIAMI,33135,Yes,Yes,Yes,No,Yes,No,,PK-08,COGNIA,2025,159,lincoln-marti.com
4495,Dade,LINCOLN-MARTI COMMUNITY AGENCY 28,2700 SW 8 ST,MIAMI,33135,Yes,Yes,Yes,No,Yes,No,,PK-12,COGNIA,2025,469,lincoln-marti.com
5777,Dade,LINCOLN-MARTI COMMUNITY AGENCY 30,2700 SW 8TH STREET,MIAMI,33135,Yes,Yes,Yes,No,Yes,No,,PK-04,,2025,41,lincoln-marti.com
4842,Dade,LINCOLN-MARTI COMMUNITY AGENCY 34,2700 SW 8 ST,MIAMI,33135,Yes,Yes,Yes,No,Yes,No,,PK-03,,2025,43,lincoln-marti.com
4497,Dade,LINCOLN-MARTI COMMUNITY AGENCY 35,2700 SW 8TH ST,MIAMI,33135,Yes,Yes,Yes,No,Yes,No,,PK-02,,2025,63,lincoln-marti.com
872,Dade,LINCOLN-MARTI COMMUNITY AGENCY 43,2700 SW 8TH ST,MIAMI,33135,Yes,Yes,Yes,No,Yes,No,,PK-02,,2025,16,lincoln-marti.com
4518,Dade,LINCOLN-MARTI COMMUNITY AGENCY 76,2700 SW 8 ST,MIAMI,33135,Yes,Yes,Yes,No,Yes,No,,PK-02,,2025,30,lincoln-marti.com
4498,Dade,LINCOLN-MARTI COMMUNITY AGENCY 77,2700 SW 8 ST,MIAMI,33135,Yes,Yes,Yes,No,Yes,No,,KG-03,,2025,70,lincoln-marti.com
5778,Dade,LINCOLN-MARTI COMMUNITY AGENCY 85,2700 SW 8 ST,MIAMI,33135,Yes,Yes,Yes,No,Yes,No,,PK-12,COGNIA,2025,181,lincoln-marti.com
4535,Dade,LINCOLN-MARTI COMMUNITY AGENCY 88,2700 SW 8 ST,MIAMI,33135,Yes,Yes,Yes,No,Yes,No,,PK-05,,2025,38,lincoln-marti.com
4504,Dade,LINCOLN-MARTI COMMUNITY AGENCY 90,2700 SW 8 ST,MIAMI,33135,Yes,Yes,Yes,No,Yes,No,,KG-05,,2025,54,lincoln-marti.com
1743,Dade,LITTLE ANGEL ACADEMY 2,441 WEST 11 ST,HIALEAH,33010,Yes,Yes,Yes,No,No,No,,KG-02,,2025,30,live.com
260,Dade,LITTLE ANGELS CHRISTIAN SCHOOL DAYCARE,6491 WEST 2ND AVENUE,HIALEAH,33012,Yes,Yes,Yes,No,No,Yes,Baptist,PK-05,,2025,75,aol.com
8916,Dade,LITTLE ANGELS PRESCHOOL CORP,14201 SW 18 ST,MIAMI,33175,Yes,Yes,Yes,No,No,No,,PK-02,,2025,18,littleangelsmiami.com
6691,Dade,LITTLE CHILDREN'S LEARNING ACADEMY,1917 W 60 ST,HIALEAH,33012,Yes,Yes,Yes,No,No,No,,PK-04,,2026,35,gmail.com
8824,Dade,LITTLE GENIUS LEARN AND PLAY,18950 SW 106 AVE UNIT. 123124,MIAMI,33157,Yes,Yes,Yes,No,No,No,,PK-04,,2025,35,yahoo.com
7190,Dade,LITTLE KIDS LEARNING CENTER LLC,9145 NW 27TH AVE,MIAMI,33147,No,No,No,No,No,No,,,,2025,0,gmail.com
6350,Dade,Little Learners Preschool and Daycare LLC,19210 West Dixie Highway,Aventura,33180,No,No,No,No,No,No,,PK-KG,,2025,11,gmail.com
8591,Dade,LITTLE ONES ACADEMY,1385 MARSEILLE DRIVE,MIAMI BEACH,33141,Yes,Yes,Yes,No,No,No,,PK,,2025,25,yahoo.com
3273,Dade,LITTLE PROMISES DAYCARELEARNING CENTER,15194 SW 56 ST.,MIAMI,33185,Yes,Yes,Yes,No,No,No,,PK-05,,2025,33,bellsouth.net
6400,Dade,LITTLE ROCK PREPARATORY ACADEMY,17800 NW 14 AVENUE,MIAMI,33169,Yes,Yes,Yes,Yes,Yes,No,,,,2025,0,yahoo.com
5771,Dade,LITTLE STAR LEARNING ACADEMY II LLC,5042 W 12 AVE,HIALEAH,33012,Yes,Yes,Yes,No,No,No,,PK-01,,2025,34,gmail.com
7349,Dade,LITTLE TIGERS LEARNING CENTER,16101 NW 57TH AVENUE,MIAMI GARDENS,33014,Yes,Yes,Yes,No,No,No,,PK-KG,,2025,67,gmail.com
7339,Dade,LOS PINOS NUEVOS CHRISTIAN SCHOOL CORP.,432 WEST 29ST.,HIALEAH,33012,Yes,Yes,Yes,No,No,No,,PK-03,,2025,35,gmail.com
5487,Dade,LOVELY STARS ACADEMY 2,24655 SW 112TH AVE,HOMESTEAD,33032,Yes,Yes,Yes,No,No,No,,PK-05,,2025,46,yahoo.com
6967,Dade,LOVELY STARS CHILD CARE ACADEMY,24953 SW 135 RD,HOMESTEAD,33032,Yes,Yes,Yes,No,No,No,,PK-02,,2025,28,bellsouth.net
8868,Dade,LOYOLA ELEMENTARY,1801 NW 67TH AVE,MIAMI SPRINGS,33166,Yes,Yes,Yes,No,No,Yes,Catholic,PK-07,,2025,260,loyolamiami.com
256,Dade,LUBAVITCH EDUCATIONAL CENTER INC.,17330 NW 7TH AVENUE,MIAMI,33169,Yes,Yes,Yes,No,Yes,Yes,Jewish,PK-12,,2025,1589,lecfl.com
1327,Dade,MAGIC FLUTE MONTESSORI,1550 NE 147TH,MIAMI,33161,No,No,No,No,No,No,,PK-08,,2025,76,gmail.com
5118,Dade,MAGIC KIDS LEARNING CENTER AND ELEMENTARY,9160 NW 122 ST 11,HIALEAH GARDENS,33018,Yes,Yes,Yes,No,No,No,,PK-05,,2025,51,magickids1.com
9567,Dade,MAJESTY BENEDICT SCHOOL,7561 NE 1ST AVE,MIAMI,33138,No,No,No,No,Yes,No,,,,2026,0,gmail.com
2687,Dade,MARIAN CENTER SCHOOL AND SERVICES,15701 NW 37TH AVENUE,MIAMI GARDENS,33054,Yes,Yes,Yes,No,Yes,Yes,Catholic,04-12,FCCAP,2025,14,mariancenterschool.org
4365,Dade,MASTERS PREPARATORY SCHOOL- EAST HIALEAH,16301 NW 2ND AVE,MIAMI,33169,Yes,Yes,Yes,No,Yes,No,,PK-09,,2025,504,masterspreparatory.com
8840,Dade,MASTERS PREPARATORY SCHOOL- NORTH MIAMI,16301 NW 2ND AVE SUITE1,MIAMI,33169,Yes,Yes,Yes,No,Yes,No,,PK-05,,2025,101,yahoo.com
5090,Dade,Mater Academy,,,,Yes,Yes,Yes,Yes,Yes,No,,,,2025,0,aveteaching.com
5765,Dade,Mater Academy at Lakes,,,,Yes,Yes,Yes,Yes,Yes,No,,,,2025,0,aveteaching.com
6927,Dade,Mater Academy East Campus,450 SW  4th Street,Miami,33130,Yes,Yes,Yes,No,Yes,No,,,,2025,0,aveteaching.com
7099,Dade,Mater Biscayne Academy,,,,Yes,Yes,Yes,No,Yes,No,,,,2025,0,aveteaching.com
4707,Dade,MATER GLOBAL SCHOLARS ACADEMY,22025 SW 87th Avenue,Miami,33190,Yes,Yes,Yes,No,Yes,No,,,,2025,0,aveteaching.com
7229,Dade,Mater Innovation Academy,25 NE 2nd Street  - 5th Floor,Miami,33132,Yes,Yes,Yes,No,Yes,No,,,,2025,0,aveteaching.com
5895,Dade,Mater Key Academy,601 NW 12th Avenue,Miami,33136,Yes,Yes,Yes,Yes,Yes,No,,,,2025,0,aveteaching.com
6440,Dade,MATER VIRTUAL ACADEMY,6340 SUNSET DRIVE,MIAMI,33143,No,No,No,Yes,No,No,,KG-12,COGNIA,2025,716,virtualcharteracademy.org
5766,Dade,Mater Virtual Academy Lakes Campus,17300 Northwest 87th Avenue,Hialeah,33015,Yes,Yes,Yes,Yes,Yes,No,,,,2026,0,aveteaching.com
1128,Dade,MATER VIRTUAL ACADEMY NORTH CAMPUS,7901 NW 103 STREET,HIALEAH GARDENS,33016,Yes,Yes,Yes,Yes,No,No,,06-12,COGNIA,2025,22,materacademy.com
5134,Dade,Mater Virtual at International Prep,795 NW 32 Street,Miami,33127,Yes,Yes,Yes,Yes,Yes,No,,,,2025,0,aveteaching.com
264,Dade,MCGLANNAN SCHOOL,10770 SOUTH WEST 84TH STREET,MIAMI,33173,No,No,No,No,No,No,,01-08,COGNIA,2026,95,att.net
116,Dade,MESIVTA OF GREATER MIAMI,4000 ALTON ROAD,MIAMI BEACH,33140,Yes,Yes,Yes,No,Yes,Yes,Jewish,09-12,,2026,48,mechinasf.com
8213,Dade,MEYGA LEARNING CENTER,1466 NW 62ND STREET,MIAMI,33147,Yes,Yes,Yes,No,No,No,,KG-10,,2025,48,yahoo.com
2690,Dade,MIAMI CHRISTIAN,200 NW 109TH AVENUE,MIAMI,33172,Yes,Yes,Yes,No,Yes,Yes,Non-Denominational,KG-12,COGNIA,2025,234,miamichristian.org
2695,Dade,MIAMI COUNTRY DAY SCHOOL,601 NE 107TH STREET,MIAMI,33161,No,No,No,No,Yes,No,,PK-12,FCIS,2025,1405,miamicountryday.org
9131,Dade,MIAMI INTERNATIONAL ACADEMY,4343 NW 17TH AVE,MIAMI,33142,No,No,No,No,No,No,,06-12,,2025,234,gmail.com
8502,Dade,MIAMI JEWISH ACADEMY,P.O BOX 546613,SURFSIDE,33154,Yes,Yes,Yes,No,Yes,Yes,Jewish,KG-06,,2025,85,miamijewish.org
7102,Dade,MIAMI LAKES PRESCHOOL,18600 NW 87 AVE,HIALEAH,33015,Yes,Yes,Yes,No,No,No,,PK-07,,2025,146,yahoo.com
539,Dade,MIAMI LEARNING EXPERIENCE,5651 S.W. 82ND AVE. ROAD,MIAMI,33143,No,No,No,No,Yes,No,,KG-12,,2026,83,mleschool.org
7692,Dade,MIAMI LIGHTHOUSE ACADEMY,601 SW 8TH AVE,MIAMI,33130,No,No,No,No,Yes,No,,PK-03,,2025,51,miamilighthouse.org
3286,Dade,MIAMI SHORES PRESBYTERIAN CHURCH SCHOOL,9405 PARK DRIVE,MIAMI SHORES,33138,Yes,Yes,Yes,No,Yes,Yes,Presbyterian,PK-05,"FCIS, COGNIA",2025,121,mspcs.net
6835,Dade,MIAMI SPRINGS MONTESSORI SCHOOL CORP,699 LUDLAM DRIVE,MIAMI SPRINGS,33166,No,No,No,No,No,No,,PK-KG,,2025,37,bellsouth.net
887,Dade,MIAMI SPRINGS SEVENTH-DAY ADVENTIST,701 CURTISS PARKWAY,MIAMI SPRINGS,33166,Yes,Yes,Yes,Yes,Yes,Yes,Seventh Day Adventist,KG-08,,2025,33,flcoe.org
2879,Dade,MIAMI UNION ACADEMY,12600 NW 4TH AVENUE,NORTH MIAMI,33168,Yes,Yes,Yes,No,Yes,Yes,Seventh Day Adventist,PK-12,,2026,223,muasda.org
5795,Dade,MIAMI VIRTUAL SCHOOL,7950 NW 53RD STREET,MIAMI,33166,No,No,No,No,No,No,,07-12,,2025,37,miamivirtualschool.us
2954,Dade,MICHAEL-ANN RUSSELL JCC,18900 NE 25TH AVE,NMB,33180,No,No,No,No,Yes,Yes,Jewish,PK-KG,,2025,44,marjcc.org
9858,Dade,MIGHTY B LEARNING - THE ACADEMY,706 Turnbull Ave,Altamonte Springs,32701,No,No,No,No,No,No,,KG-10,,2025,26,gmail.com
5808,Dade,MINI ME DAYCARE LEARNING CENTER II INC.,11865 SW 26 STREET SUITE H 1,MIAMI,33175,Yes,Yes,Yes,No,No,No,,PK-01,,2026,62,bellsouth.net
8897,Dade,MINI ME LEARNING CENTER III INC,7300 SW 152 AVE,MIAMI,33193,Yes,Yes,Yes,No,No,No,,PK-03,,2026,68,att.net
8429,Dade,MINI ME LEARNING CENTER IV INC,15260 SW 280TH STREET STE. 103,HOMESTEAD,33032,Yes,Yes,Yes,No,No,No,,PK-01,,2026,53,att.net
8774,Dade,MIRRA EDUCATIONAL CENTERS,300 NE 14TH AVE,HALLANDALE BEACH,33009,No,No,No,No,No,Yes,Non-Denominational,,,2025,0,gmail.com
8185,Dade,MISSION OF GOD ACADEMY INC,4130 W 19TH AVE,HIALEAH,33012,Yes,Yes,Yes,No,No,Yes,Other,PK-05,,2025,54,gmail.com
7926,Dade,MLC PREPARATORY ACADEMY,2710 SW 37TH AVE,MIAMI,33133,Yes,Yes,Yes,No,Yes,No,,01-12,,2025,37,mlcprepacademy.com
5723,Dade,MLMPI PREP ACADEMY 4,4977 SW 74TH CT,MIAMI,33155,No,No,No,No,No,No,,,COGNIA,2025,0,mlmpipa.org
4053,Dade,MLS ACADEMY CORPORATION,7980 NW 156th TERRACE,MIAMI LAKES,33016,No,No,No,No,No,No,,PK,,2025,20,gmail.com
2713,Dade,MONSIGNOR EDWARD PACE HIGH SCHOOL,15600 NW 32ND AVENUE,MIAMI GARDENS,33054,Yes,Yes,Yes,No,Yes,Yes,Catholic,09-12,COGNIA,2025,803,pacehs.com
9542,Dade,MONTESSORI CHILDREN'S HOUSE OF MIAMI LAKES,6381 MIAMI LAKEWAY N,MIAMI LAKES,33014,Yes,Yes,Yes,Yes,No,Yes,Baptist,PK-03,,2025,37,mchmiamilakes.com
7168,Dade,Montessori School of Miami Gardens,,,,No,No,No,No,No,No,,PK-KG,,2025,9,swmontessori.com
2672,Dade,MONTESSORI SCHOOL OF MIAMI SHORES,577 NE 107TH STREET,MIAMI,33161,No,No,No,No,No,No,,PK-05,,2026,90,miamishoresmontessori.com
4559,Dade,MONTESSORI SCHOOL OF NORTH MIAMI,695 N.E. 123RD. STREET,NORTH MIAMI,33161,Yes,Yes,Yes,No,No,No,,PK-02,,2025,65,aol.com
5342,Dade,MOT ACADEMY,14202 SW 62 STREET,MIAMI,33183,Yes,Yes,Yes,No,No,No,,KG-12,COGNIA,2025,122,motacademy.com
3869,Dade,MOTHER OF CHRIST CATHOLIC SCHOOL,14141 SW 26 ST,MIAMI,33175,Yes,Yes,Yes,No,Yes,Yes,Catholic,PK-08,FCCAP,2025,296,motherofchrist.net
4440,Dade,MOTHER OF OUR REDEEMER CATHOLIC SCHOOL,8445 NW 186 STREET,MIAMI,33015,Yes,Yes,Yes,No,Yes,Yes,Catholic,PK-08,FCCAP,2026,282,moorsch.org
6576,Dade,MUSS FAMILY MONTESSORI SCHOOL,1701 WASHINGTON AVENUE,MIAMI BEACH,33139,Yes,Yes,Yes,No,Yes,Yes,Jewish,PK-KG,,2025,50,mussmontessori.org
8607,Dade,MY 1ST COLLEGE LC,445 NE 8TH ST,HOMESTEAD,33030,Yes,Yes,Yes,No,No,No,,PK-01,,2025,26,live.com
6375,Dade,MY CHILD'S DREAM,1570 WEST 43 PL 15,HIALEAH,33012,Yes,Yes,Yes,No,No,No,,KG-05,,2026,25,aol.com
6285,Dade,MY FIRST STEP LEARNING,1006 E 8 AVE,HIALEAH,33010,Yes,Yes,Yes,No,No,No,,KG-08,,2026,94,aol.com
5712,Dade,MY HAPPY HOUSE,4235 W 16 AVE,HIALEAH,33012,Yes,Yes,Yes,No,No,No,,PK-01,,2025,66,gmail.com
8760,Dade,MY LITTLE KINGDOMCORP,310 NW 44 AVE,MIAMI,33126,No,No,No,No,No,Yes,Pentecostal,PK,,2025,12,yahoo.com
9092,Dade,MY LITTLE WORLD,11369 WEST FLAGLER ST,MIAMI,33174,Yes,Yes,Yes,No,No,No,,PK-05,,2026,98,hotmail.com
6382,Dade,MY WORLD LEARNING CENTER,3101 E 4TH AVE,HIALEAH,33013,Yes,Yes,Yes,No,No,No,,PK-03,,2025,70,comcast.net
8865,Dade,MYWAY LEARNING,66 W. FLAGLER ST,MIAMI,33130,No,No,No,No,No,No,,06-12,,2025,18,gmail.com
6219,Dade,NANCY'S LAND LEARNING CENTER,8420 WEST FLAGLER ST SUITE116,MIAMI,33144,Yes,Yes,Yes,No,No,No,,PK-01,,2025,20,yahoo.com
5073,Dade,NEW ALADDIN LEARNING CENTER,5932 W 16 AVE,HIALEAH,33012,Yes,Yes,Yes,No,No,No,,PK-05,,2026,105,aol.com
6725,Dade,NEW ANGELS DAY CARE,8185 NW 155 STR  1,MIAMI LAKES,33016,Yes,Yes,Yes,No,No,No,,KG-03,,2025,30,bellsouth.net
2608,Dade,NEW HORIZONS PRIVATE SCHOOL,14520 SW 8 STREET,MIAMI,33184,Yes,Yes,Yes,No,No,No,,PK-03,,2025,34,comcast.net
4146,Dade,NEW JERUSALEM CHRISTIAN ACADEMY,777 NW 85TH ST,MIAMI,33150,Yes,Yes,Yes,No,Yes,Yes,Baptist,KG-05,,2025,68,hotmail.com
5558,Dade,NEW TESTAMENT CHURCH LITTLE ANGELS ACADEMY,10190 S.W. 168TH ST,MIAMI,33157,Yes,Yes,Yes,No,Yes,Yes,Pentecostal,PK-01,,2026,58,earthlink.net
2854,Dade,NEW TESTAMENT CHURCH OF TRANSFIGURATION,P.O. BOX 630573,MIAMI,33163,No,No,No,No,Yes,Yes,Pentecostal,09,,2025,1,aol.com
9723,Dade,NEW VISION CHURCH OF GOD,2847 NE 2ND DRIVE,HOMESTEAD,33033,No,No,No,No,Yes,Yes,Church of God,,,2025,0,gmail.com
1860,Dade,Nexis Academy,,,,No,No,No,No,No,No,,,,2026,0,nexisacademy.org.sc
8350,Dade,NORTH ACADEMY,659 N.E 125TH ST,NORTH MIAMI,33161,No,No,No,No,No,No,,PK-09,,2025,45,gmail.com
3339,Dade,NORTH DADE PREPARATORY ACADEMY,7901 4TH ST N STE 300,ST PETERSBURG,33702,No,No,No,No,No,No,,,,2025,0,gmail.com
554,Dade,NORTH DADE REGIONAL ACADEMY,20827 NW 2ND AVE,MIAMI GARDENS,33169,Yes,Yes,Yes,No,Yes,No,,KG-12,,2025,75,att.net
2754,Dade,NORTH HIALEAH CHRISTIAN SCHOOL,5800 PALM AVENUE,HIALEAH,33012,Yes,Yes,Yes,No,Yes,Yes,Baptist,KG-12,,2025,46,aol.com
9299,Dade,NORTH MIAMI BEACH ACADEMY,1650 NE 137TH TERRACE,NORTH MIAMI,33181,Yes,Yes,Yes,Yes,No,No,,05-12,COGNIA,2025,27,nmbacademy.com
6683,Dade,OASIS ACADEMY LLC,540 N.W 165 STREET RD. 104,MIAMI,33169,Yes,Yes,Yes,No,No,Yes,Non-Denominational,KG-09,,2025,24,aol.com
7668,Dade,OMEGA PRIVATE ACADEMY-DORAL,5335 NW 87TH AVE. # C-108,DORAL,33178,No,No,No,No,No,No,,01-12,,2025,33,omegalearning.com
5115,Dade,ONSITES HIGH SCHOOL,"100 SOUTHEAST 2ND STREET, SUITE 2000-1005",MIAMI,33131,No,No,No,No,No,No,,,,2026,0,highschool.me
2567,Dade,OUR INTERNATIONAL ACADEMY AT CORAL GABLES,3201 SW 67TH AVE,MIAMI,33155,Yes,Yes,Yes,No,No,No,,PK-07,,2026,138,oiaschools.com
6118,Dade,OUR LADY OF CHARITY SCHOOL INC,1900 WEST 44TH PLACE,HIALEAH,33012,Yes,Yes,Yes,No,No,No,,PK-12,,2025,232,cs.com
2770,Dade,OUR LADY OF LOURDES ACADEMY,5525 SW 84TH STREET,MIAMI,33143,Yes,Yes,Yes,No,Yes,Yes,Catholic,09-12,COGNIA,2025,838,bobcats.olla.org
4672,Dade,OUR LADY OF LOURDES CATHOLIC SCHOOL,14000 S.W. 112 STREET,MIAMI,33186,Yes,Yes,Yes,No,Yes,Yes,Catholic,PK-08,FCCAP,2026,634,ololjaguars.org
415,Dade,OUR LADY OF LOURDES PRE-SCHOOL,1164 WEST 71ST STREET,HIALEAH,33014,Yes,Yes,Yes,No,No,No,,PK-05,,2025,64,att.net
2769,Dade,OUR LADY OF THE HOLY ROSARY-ST RICHARD CATH,18455 FRANJO ROAD,MIAMI,33157,Yes,Yes,Yes,No,Yes,Yes,Catholic,PK-08,FCCAP,2025,522,hrsrcs.org
1970,Dade,OUR LADY OF THE LAKES CATHOLIC SCHOOL,6600 MIAMI LAKEWAY NORTH,MIAMI LAKES,33014,Yes,Yes,Yes,No,Yes,Yes,Catholic,PK-08,FCCAP,2025,600,ollnet.com
3242,Dade,OUR LADY OF THE ROSARY SCHOOL,10701 SW 95 STREET,MIAMI,33176,Yes,Yes,Yes,No,No,Yes,Catholic,PK-08,,2025,157,olrsmiami.com
5969,Dade,OUR PRIDE ACADEMY INC.,10100 SW 107 AVENUE,MIAMI,33176,No,No,No,No,Yes,No,,PK-12,,2026,89,ourprideacademy.org
4915,Dade,OXFORD INTERNATIONAL HIGH SCHOOL LLC,Biscayne Boulevard,Miami,33181,No,No,No,No,No,No,,,,2025,0,oxfordhigh.org
5796,Dade,Palmetto Academy Inc,6790 sw 56th st,Miami,33155,No,No,No,No,No,No,,PK,,2025,12,gmail.com
4724,Dade,PALMETTO BAY ACADEMY,16637 S. DIXIE HWY,MIAMI,33157,Yes,Yes,Yes,Yes,No,No,,05-12,COGNIA,2025,45,palmettobayacademy.com
3729,Dade,PENTAB ACADEMY,18415 N.W. 7TH AVENUE,MIAMI,33169,Yes,Yes,Yes,No,Yes,Yes,Pentecostal,PK-08,,2026,244,aol.com
329,Dade,PERRINE SDA SCHOOL,9750 E DATURA STREET,MIAMI,33157,Yes,Yes,Yes,No,Yes,Yes,Seventh Day Adventist,KG-08,,2025,48,secsda.org
668,Dade,PETER PAN CHILD CARE AND LEARNING CENTER,2500 S.W. 107 AVENUE SUITE 17,MIAMI,33165,Yes,Yes,Yes,No,No,No,,PK-11,,2025,62,gmail.com
1957,Dade,PETER PAN LEARNING CENTER INC,2500 SW 107 AVE SUITE 17,MIAMI,33165,No,No,No,No,Yes,No,,PK-11,,2025,62,gmail.com
4709,Dade,PINECREST ACADEMY (NORTH CAMPUS),10207 W. Flagler Street,Miami,33174,Yes,Yes,Yes,Yes,Yes,No,,,,2025,0,aveteaching.com
6854,Dade,Pinecrest Academy Glades Campus,15250 SW 8th Street,Miami,33184,Yes,Yes,Yes,No,Yes,No,,,,2025,0,aveteaching.com
5544,Dade,Pinecrest Academy Preparatory South,15130 SW 80 Street,Miami,33193,Yes,Yes,Yes,Yes,Yes,No,,,,2025,0,aveteaching.com
6972,Dade,Pinecrest Cove Preparatory,"4301 SW 107 Avenue, Miami",Miami,33165,Yes,Yes,Yes,No,Yes,No,,,,2025,0,aveteaching.com
7255,Dade,Pinecrest Preparatory Upper School,14901 SW 42 Street,Miami,33175,Yes,Yes,Yes,No,Yes,No,,,,2025,0,aveteaching.com
6892,Dade,PINOCCHIO DAY CARE,100 W 49 ST,HIALEAH,33012,Yes,Yes,Yes,No,No,No,,PK-02,,2025,26,yahoo.com
8645,Dade,PLA FINE ARTS,4975 WEST 6 AVENUE,HIALEAH,33012,Yes,Yes,Yes,No,No,No,,PK-03,,2025,53,icloud.com
5922,Dade,PLAY LEARN CHILDCARE CENTER INC,25001 SW 127TH AVENUE UNIT 103,MIAMI,33032,Yes,Yes,Yes,No,No,No,,PK-05,,2025,154,yahoo.com
5580,Dade,PNEUMA CHRISTIAN ACADEMY,7205 SW 125 AVENUE,MIAMI,33183,Yes,Yes,Yes,Yes,Yes,Yes,Non-Denominational,PK-12,,2025,176,pneumachristianacademy.org
7366,Dade,PRADO KIDS VISON LEARNING CENTER,77 HOOK SQUARE,MIAMI SPRING,33166,Yes,Yes,Yes,No,No,No,,PK-01,,2026,32,gmail.com
4695,Dade,PRATS EARLY LEARNING ACADEMY,5490 W 12TH AVE,HIALEAH,33012,Yes,Yes,Yes,No,No,No,,PK-02,,2025,35,pratsearlylearningacademy.com
3434,Dade,PRECIOUS KIDS ACADEMY II,17601 NW 78TH AVE STE 101,HIALEAH,33015,Yes,Yes,Yes,No,No,No,,PK,,2025,15,pkacademy.net
315,Dade,PRECIOUS LITTLE ANGELS DAY CARE II,367 WEST 29 STREET,HIALEAH,33012,Yes,Yes,Yes,No,No,No,,PK-09,,2025,101,bellsouth.net
9652,Dade,PRIMER V,,,,Yes,Yes,Yes,No,No,No,,KG-08,,2026,106,primer.us
7997,Dade,PRINCIPITOS LEARNING DAYCARE  ELEMENTARY,1541 SE 12 AVE SUIT 16,HOMESTEAD,33034,Yes,Yes,Yes,No,No,No,,PK-04,,2025,73,gmail.com
8384,Dade,PROMISED LAND ACADEMY FOR CHRISTIAN EDUCAT,27500 OLD DIXIE HWY,HOMESTEAD,33032,Yes,Yes,Yes,No,Yes,No,,KG-12,,2025,80,bellsouth.net
6549,Dade,PROMISING FUTURE ACADEMY,26412 SW 134 COURT,HOMESTEAD,33032,No,No,No,No,Yes,No,,PK-06,,2025,6,aol.com
9492,Dade,PUZZLE ACADEMY,15725 SW 72 ST. STE. 156,MIAMI,33193,No,No,No,No,No,No,,PK-12,,2025,83,gmail.com
714,Dade,RABBI ALEXANDER S. GROSS HEBREW ACADEMY,2400 PINE TREE DRIVE,MIAMI BEACH,33140,Yes,Yes,Yes,No,Yes,Yes,Jewish,PK-12,COGNIA,2025,591,rasg.org
2796,Dade,RANSOM EVERGLADES SCHOOL,3575 MAIN HIGHWAY,MIAMI,33133,No,No,No,No,Yes,No,,06-12,FCIS,2025,1242,ransomeverglades.org
1625,Dade,REAL ACADEMY,2470 NW 102ND PLACE,MIAMI,33172,No,No,No,No,No,Yes,Pentecostal,02-12,,2025,33,gmail.com
388,Dade,REDLAND CHRISTIAN ACADEMY INC.,17700 SW 280TH STREET,HOMESTEAD,33031,Yes,Yes,Yes,No,Yes,Yes,Other,PK-12,COGNIA,2025,260,redlandchristianacademy.org
1190,Dade,REEF PREP,137 NE 19th Street,Miami,33132,No,No,No,No,No,No,,PK-12,,2026,11,reefprep.com
3405,Dade,REM LEARNING CENTER SOUTH,16400 SW 147TH AVE.,MIAMI,33187,Yes,Yes,Yes,No,No,No,,PK-01,,2025,71,remlearningcenter.com
5772,Dade,Restored Faith Preparatory Academy,66 W Flagler St Suite 900,Miami,33130,No,No,No,No,Yes,No,,,,2025,0,rfprepacademy.com
8809,Dade,REVIVER ACADEMY,560 NW 165TH ST,MIAMI,33169,Yes,Yes,Yes,No,Yes,Yes,Islamic/Muslim,KG-08,,2026,74,gmail.com
9374,Dade,RISE PREPARATORY ACADEMY,18900 SW 106TH AVE,PALMETTO BAY,33157,Yes,Yes,Yes,No,Yes,No,,06-12,COGNIA,2025,439,risepreparatory.org
2310,Dade,RISE VOCATIONAL PREPARATORY,18495 S. DIXIE HWY,MIAMI,33157,Yes,Yes,Yes,No,No,No,,06-12,,2025,40,risevocational.org
5721,Dade,RIVIERA PREPARATORY SCHOOL,9775 SW 87 AVENUE,MIAMI,33176,No,No,No,No,No,No,,06-12,COGNIA,2025,653,rivieraschools.com
2802,Dade,RIVIERA SCHOOLS,6800 NERVIA STREET,CORAL GABLES,33146,Yes,Yes,Yes,No,No,No,,PK-05,COGNIA,2025,453,rivieraschools.com
5946,Dade,ROYAL HOLLOW ACADEMY,3901 NW 79TH AVE SUITE 245,MIAMI,33166,No,No,No,No,No,No,,PK-12,,2025,31,royalhollow.com
655,Dade,ROYAL KIDS ACADEMY,12503 WEST OKEECHOBEE ROAD,HIALEAH GARDENS,33018,Yes,Yes,Yes,No,No,No,,PK-05,,2026,206,royalkidsacademy.com
8174,Dade,RUFO THE KANGAROO INTEGRAL CENTER,11300 NW 87TH CT,HIALEAH,33018,Yes,Yes,Yes,No,No,No,,PK-02,,2026,45,gmail.com
2987,Dade,S S F EDUCATIONAL SYSTEM,4155 SW 130 AVE,HIALEAH,33175,No,No,No,No,Yes,No,,,,2025,0,ssfhelp.org
7180,Dade,S.T.A.R.S. AUTISM SCHOOL,15600 SW 88TH STREET,MIAMI,33196,Yes,Yes,Yes,No,Yes,No,,PK-09,,2025,55,starsautism.org
3214,Dade,SAINT AGATHA SCHOOL,1125 S.W. 107TH AVENUE,MIAMI,33174,Yes,Yes,Yes,No,Yes,Yes,Catholic,PK-08,FCCAP,2025,355,stagathaonline.org
2804,Dade,SAINT AGNES CATHOLIC ACADEMY,122 HARBOR DRIVE,KEY BISCAYNE,33149,Yes,Yes,Yes,No,Yes,Yes,Catholic,PK-08,FCCAP,2026,557,stagneskb.us
2806,Dade,SAINT BRENDAN ELEMENTARY SCHOOL,8755 SW 32ND STREET,MIAMI,33165,Yes,Yes,Yes,No,Yes,Yes,Catholic,PK-08,FCCAP,2026,1021,stbrendanmiami.org
2808,Dade,SAINT BRENDAN HIGH SCHOOL,2950 SW 87TH AVENUE,MIAMI,33165,Yes,Yes,Yes,No,Yes,Yes,Catholic,09-12,COGNIA,2025,1300,stbhs.org
7288,Dade,SAINT CARLO ACUTIS VIRTUAL ACADEMY,9401 BISCAYNE BLVD.,MIAMI SHORES,33138,No,No,No,No,Yes,Yes,Catholic,01-12,COGNIA,2025,1013,cava.academy
2816,Dade,SAINT HUGH,3460 ROYAL ROAD,MIAMI,33133,Yes,Yes,Yes,No,Yes,Yes,Catholic,PK-08,FCCAP,2026,304,st-hugh.org
2822,Dade,SAINT JAMES CATHOLIC SCHOOL,601 NW 131 ST,MIAMI,33168,Yes,Yes,Yes,No,Yes,Yes,Catholic,PK-08,FCCAP,2025,440,stjamesmiami.net
3095,Dade,SAINT JOHN THE APOSTLE SCHOOL,479 EAST FOURTH STREET,HIALEAH,33010,Yes,Yes,Yes,No,Yes,Yes,Catholic,PK-08,FCCAP,2026,171,sjacs.org
3097,Dade,SAINT JOHNS EPISCOPAL SCHOOL,145 N.E. 10TH ST.,HOMESTEAD,33030,Yes,Yes,Yes,No,Yes,Yes,Episcopalian,PK-08,FCIS,2025,135,att.net
3075,Dade,SAINT KEVIN CATHOLIC SCHOOL,4001 SW 127TH AVENUE,MIAMI,33175,Yes,Yes,Yes,No,Yes,Yes,Catholic,PK-08,FCCAP,2026,692,stks.org
2836,Dade,SAINT LAWRENCE SCHOOL,2200 NE 191ST STREET,NORTH MIAMI BEACH,33180,Yes,Yes,Yes,No,Yes,Yes,Catholic,PK-08,FCCAP,2025,251,stlaw.org
3230,Dade,SAINT LOUIS COVENANT SCHOOL,7270 SW 120 STREET,PINECREST,33156,Yes,Yes,Yes,No,Yes,Yes,Catholic,PK-08,FCCAP,2025,564,stlcatholic.org
2844,Dade,SAINT MARYS CATHEDRAL,7485 NW 2ND AVENUE,MIAMI,33150,Yes,Yes,Yes,No,Yes,Yes,Catholic,KG-08,FCCAP,2026,367,stmarycathedralschool.org
2846,Dade,SAINT MICHAEL THE ARCHANGEL,300 NW 28TH AVENUE,MIAMI,33125,Yes,Yes,Yes,No,Yes,Yes,Catholic,PK-08,FCCAP,2025,344,stmacs.org
2855,Dade,SAINT PATRICK SCHOOL,3700 GARDEN AVENUE,MIAMI BEACH,33140,Yes,Yes,Yes,No,Yes,Yes,Catholic,PK-08,FCCAP,2025,317,stpatrickmiamibeach.com
3271,Dade,SAINT PHIL CAPITAL LLC,1452 NW 79 STREET,MIAMI,33147,Yes,Yes,Yes,No,No,No,,PK-03,,2025,52,sflearningcenter.com
174,Dade,SAINT ROSE OF LIMA,425 NE 105TH STREET,MIAMI SHORES,33138,Yes,Yes,Yes,No,Yes,Yes,Catholic,PK-08,FCCAP,2025,529,srlschool.com
2864,Dade,SAINT THERESA CATHOLIC SCHOOL,2701 INDIAN MOUND TRAIL,CORAL GABLES,33134,Yes,Yes,Yes,No,Yes,Yes,Catholic,PK-08,FCCAP,2025,910,stscg.org
178,Dade,SAINT THOMAS EPISCOPAL PARISH SCHOOL,SAME,,,No,No,No,No,Yes,Yes,Episcopalian,PK-05,FCIS,2025,455,stepsmia.org
179,Dade,SAINT TIMOTHY CATHOLIC SCHOOL,5400 SW 102ND AVENUE,MIAMI,33165,Yes,Yes,Yes,No,Yes,Yes,Catholic,PK-08,FCCAP,2025,687,sttimothymiami.org
2866,Dade,SAINTS PETER PAUL SCHOOL,1435 SW 12TH AVENUE,MIAMI,33129,Yes,Yes,Yes,No,Yes,Yes,Catholic,PK-08,FCCAP,2025,347,stspeter-paul.org
6887,Dade,SANSON'S PRESCHOOL LEARNING CENTER,5600 SW 135 AVE SUITE 113,MIAMI,33183,Yes,Yes,Yes,No,No,No,,PK-09,,2025,169,gmail.com
5542,Dade,SCHECK HILLEL COMMUNITY SCHOOL INC.,19000 NE 25TH AVENUE,NORTH MIAMI BEACH,33180,Yes,Yes,Yes,No,Yes,Yes,Jewish,PK-12,COGNIA,2025,1160,ehillel.org
1069,Dade,SCHOOLHOUSE ACADEMY,2955 SW 99TH PLACE,MIAMI,33165,Yes,Yes,Yes,No,No,No,,08-12,COGNIA,2025,102,gmail.com
4952,Dade,SCORE ACADEMY MIAMI,2103 CORAL WAY Suite 304,MIAMI,33145,No,No,No,No,No,No,,06-11,COGNIA,2025,8,score-academy.com
1033,Dade,Second Canaan Preparatory,,,,No,No,No,No,No,Yes,Methodist,,,2026,0,
5423,Dade,SECOND HOME LEARNING CENTER,118 WEST 7TH STREET,HIALEAH,33010,Yes,Yes,Yes,No,No,No,,PK-KG,,2025,12,hotmail.com
1862,Dade,SEED LIFE ACADEMY INC,30 NE 209 TERRACE,MIAMI,33179,No,No,No,No,No,No,,KG-04,,2025,3,gmail.com
3166,Dade,SHANTI KIDS PRESCHOOL,2863 W. 2ND AVENUE,HIALEAH,33010,Yes,Yes,Yes,No,No,No,,PK-03,,2025,63,shantikids.com
8342,Dade,SHAPING ACADEMY,13700 SW 92ND AVE,MIAMI,33176,Yes,Yes,Yes,No,No,No,,PK-05,,2025,67,shapingacademy.com
5967,Dade,SHELTON ACADEMY,9455 NW 40TH STREET RD.,DORAL,33178,Yes,Yes,Yes,No,No,Yes,Catholic,PK-12,"AISF, COGNIA",2026,759,sheltonacademyschools.net
6376,Dade,SHEPHERD OF GOD CHRISTIAN ACADEMY CORP.,20101 NW 34TH CT,MIAMI GARDENS,33056,Yes,Yes,Yes,No,Yes,Yes,Non-Denominational,PK-12,,2025,113,yahoo.com
6457,Dade,SHEYE'S OF MIAMI ELEMENTARY INC.,3038 NW 48TH TERRACE,MIAMI,33142,Yes,Yes,Yes,No,No,No,,KG-04,,2026,30,gmail.com
6459,Dade,SHINING LIGHT CHILDCARE DEVELOPMENT CENTER,8220 NW 13TH COURT,MIAMI,33147,Yes,Yes,Yes,No,No,No,,KG-03,,2025,4,aol.com
5255,Dade,SIU American Academy,,,,No,No,No,No,No,No,,,,2025,0,sanignaciouniversity.edu
7152,Dade,SMARTEN SPORTS ACADEMY,721 NW 172 TERRACE,PEMBROKE PINES,33029,No,No,No,No,No,No,,07-12,,2025,57,gmail.com
3073,Dade,SNOW WHITE THE SEVEN DWARFS SCHOOL,2400 WEST 56TH STREET,HIALEAH,33016,Yes,Yes,Yes,No,No,No,,PK-05,,2025,174,snowwhiteschoolhialeah.com
848,Dade,SOLFL,3000 NE 151st Street,North Miami,33181,Yes,Yes,Yes,No,Yes,Yes,Jewish,KG-10,,2026,110,solfl.com
6869,Dade,Somerset Academy Continental Campus,8100 SW 104 Street,Miami,33156,Yes,Yes,Yes,No,Yes,No,,,,2025,0,aveteaching.com
6915,Dade,Somerset Academy Dade Campus,18491 SW 134 Avenue,Miami,33177,Yes,Yes,Yes,No,Yes,No,,,,2025,0,aveteaching.com
6883,Dade,Somerset Academy Palms Campus,12001 SW 72 Street,Miami,33183,Yes,Yes,Yes,No,Yes,No,,,,2025,0,aveteaching.com
5756,Dade,Somerset Academy South Campus,300 S.E. 1st Drive,Homestead,33030,Yes,Yes,Yes,Yes,Yes,No,,,,2025,0,aveteaching.com
6876,Dade,Somerset Academy Sunset Campus,11155 SW 112th Avenue,Miami,33176,Yes,Yes,Yes,No,Yes,No,,,,2025,0,aveteaching.com
4728,Dade,SOMERSET VIRTUAL ACADEMY AT COLLEGE PREP SOUTH,19701 Southwest 127th Avenue,Miami,33177,Yes,Yes,Yes,Yes,Yes,No,,,,2025,0,somersetprepmh.org
5758,Dade,Somerset Virtual Academy at Silver Palms,12425 SW 248 Street,Miami,33032,Yes,Yes,Yes,Yes,Yes,No,,,,2025,0,aveteaching.com
4774,Dade,SOMERSET VIRTUAL ACADEMY AT SOHO,305 Northeast 2nd Road,Homestead,33030,Yes,Yes,Yes,Yes,Yes,No,,,,2025,0,somersetacademysh.com
1827,Dade,SOUTH DADE ACADEMY,420 NW 5TH AVE,FLORIDA CITY,33034,Yes,Yes,Yes,No,No,No,,,,2026,0,southdadeacademy.com
6160,Dade,SOUTH FLORIDA SCHOOL OF EXCELLENCE,11281 SW 25TH COURT,DAVIE,33325,Yes,Yes,Yes,Yes,No,No,,PK-12,,2025,362,hotmail.com
4778,Dade,"SOUTHEASTERN CHRISTIAN ACADEMY, INC",800 E. BROWARD BLVD. #304,FORT LAUDERDALE,33301,No,No,No,No,No,Yes,Non-Denominational,09-12,,2026,16,gmail.com
5332,Dade,SOUTHEASTERN HIGH SCHOOL,15327 NW 60TH AVENUE ROOM 235,MIAMI LAKES,33014,No,No,No,No,No,No,,09-12,,2025,217,aol.com
6879,Dade,SOUTHPOINT ACADEMY,11483 SW 181 STREET,MIAMI,33157,Yes,Yes,Yes,Yes,No,No,,PK-11,,2025,103,yahoo.com
9883,Dade,SPARK LEARNING XII,1471 NW 8TH AVE,MIAMI,33136,No,No,No,No,No,No,,KG-08,,2025,29,withprimer.com
9884,Dade,SPARK LEARNING XIII,720 NW 60TH ST,MIAMI,33127,Yes,Yes,Yes,No,No,No,,KG-08,,2026,85,withprimer.com
9885,Dade,SPARK LEARNING XIV,141 GRAND AVE,CORAL GABLES,33133,Yes,Yes,Yes,No,No,No,,KG-05,,2026,37,primer.us
4109,Dade,SPARK LEARNING XX,8950 NW 2nd AveBuilding #6,El Portal,33150,Yes,Yes,Yes,No,No,No,,KG-08,,2026,102,primer.us
9068,Dade,SPARK LEARNING XXIV,1350 SW 4th St,HOMESTEAD,33030,Yes,Yes,Yes,No,No,No,,KG-08,,2026,44,withprimer.com
2127,Dade,SPIRIT OF EXCELLENCE ACADEMY,4561 N/w 33rd Court,Miami,33142,No,No,No,No,Yes,Yes,Non-Denominational,,,2025,0,brownsvillecoc.com
5035,Dade,SPORTS LEADERSHIP AND MANAGEMENT,604 NORTHWEST 12 AVENUE,Miami,33135,Yes,Yes,Yes,Yes,Yes,No,,,,2025,0,aveteaching.com
9752,Dade,SPRINGVIEW ACADEMY INC,7411 NW 186 STREET,MIAMI,33015,Yes,Yes,Yes,No,No,No,,PK-KG,,2025,63,springviewacademy.net
7582,Dade,SPROUT KIDS ACADEMY,P.O. BOX 641026,NORTH MIAMI BEACH,33164,Yes,Yes,Yes,No,No,No,,PK-09,,2025,83,outlook.com
7542,Dade,SPROUTING TO SUCCESS INC.,18061 NW 27TH AVENUE,MIAMI GARDENS,33056,Yes,Yes,Yes,No,Yes,Yes,Non-Denominational,KG-10,,2025,26,gmail.com
3125,Dade,SS EDUCATIONAL CENTER DBA SILVIA'S SCHOOL,7091 W. 14TH COURT,HIALEAH,33014,Yes,Yes,Yes,No,No,No,,PK-02,,2025,32,aol.com
8508,Dade,ST. ANTHONY'S SCHOOL OF HIGHER EDUCATION,18441  NW 2 AVE,PEMBROKE PINES,33169,Yes,Yes,Yes,No,No,Yes,Non-Denominational,KG-11,,2025,13,gmail.com
2884,Dade,ST. JOHN NEUMANN CATHOLIC SCHOOL,12115 S.W. 107 AVENUE,MIAMI,33176,Yes,Yes,Yes,No,Yes,Yes,Catholic,PK-08,FCCAP,2025,361,sjncs.org
7200,Dade,ST. THOMAS THE APOSTLE,7303 SW 64 STREET,MIAMI,33143,Yes,Yes,Yes,No,Yes,Yes,Catholic,PK-08,FCCAP,2025,623,stamiami.org
6704,Dade,STARS GLOBAL PREPARATORY,15600 SW 88TH STREET,MIAMI,33196,Yes,Yes,Yes,Yes,Yes,No,,PK-09,,2025,55,starsglobalprep.org
7792,Dade,STARS LEARNING CENTER,7777 NE 3RD CT,MIAMI,33138,Yes,Yes,Yes,No,No,No,,KG-01,,2025,28,gmail.com
7793,Dade,STARS LEARNING III,340 NE 78TH ST,MIAMI,33138,Yes,Yes,Yes,No,No,No,,PK-08,,2025,64,gmail.com
7218,Dade,STARS OF THE WORLD INC,10109 WEST OKEECHOBEE RD,HIALEAH GARDENS,33016,Yes,Yes,Yes,No,No,No,,PK-01,,2026,16,yahoo.com
8381,Dade,STEP BY STEP PREPARATORY SCHOOL LLC,4339 NW 7 AVENUE,MIAMI,33127,Yes,Yes,Yes,No,No,No,,KG-04,,2025,37,gmail.com
9678,Dade,STEP BY STEP SPECIAL NEEDS ACADEMY,7750 NW 178TH ST,HIALEAH,33015,Yes,Yes,Yes,No,Yes,No,,,,2026,0,gmail.com
5257,Dade,Steps for Learning Center No 1,19601 NW 42ND AVE,MIAMI GARDENS,33055,No,No,No,No,No,No,,PK,,2025,10,gmail.com
5818,Dade,STEPS FOR LEARNING PRESCHOOL CENTER,2150 W 76 STREET  101,HIALEAH,33016,Yes,Yes,Yes,No,No,No,,PK-01,,2025,43,aol.com
5478,Dade,STEVE'S ACADEMY,28901 S.W. 137 TH AVENUE,HOMESTEAD,33033,Yes,Yes,Yes,No,No,No,,PK,,2025,18,aol.com
1460,Dade,STOP AND PLAY,2440 NE MIAMI GARDENS DR STE 1,MIAMI,33180,No,No,No,No,No,No,,PK-KG,,2025,18,thestopandplay.com
1576,Dade,STUDIO KIDS LITTLE RIVER,8282 NE 1 AVE,MIAMI,33138,Yes,Yes,Yes,No,No,No,,PK,,2025,8,live.com
7317,Dade,SU'S CREATIVE CORNER,28834 SOUTH DIXIE HWY,HOMESTEAD,33031,Yes,Yes,Yes,No,No,No,,PK-12,,2025,17,aol.com
2654,Dade,SUMMER CREST LEARNING ACADEMY INC,10214 SW Adelaide Ter,Port St Lucie,34987,Yes,Yes,Yes,No,No,No,,PK-07,,2026,21,gmail.com
8808,Dade,SUN CITY ACADEMY,11735 SW 147TH AVE 12,MIAMI,33196,Yes,Yes,Yes,No,No,No,,PK-KG,,2025,47,gmail.com
3049,Dade,SUNFLOWERS ACADEMY,2901 SW 7TH STREET,MIAMI,33135,Yes,Yes,Yes,No,Yes,No,,PK-08,,2025,365,sunflowersacademyprep.com
4857,Dade,SUNRISE SCHOOL OF MIAMI INC.,14920 SW 67TH AVENUE,PALMETTO BAY,33158,Yes,Yes,Yes,No,Yes,No,,PK-08,,2026,85,gmail.com
7439,Dade,SUNSET HEIGHTS CHRISTIAN SCHOOL,510 E 41 ST,HIALEAH,33013,No,No,No,No,No,No,,,,2026,0,gmail.com
299,Dade,SUNSET MONTESSORI,9425 SW 72ND ST STE 261,MIAMI,33173,No,No,No,No,Yes,No,,PK-KG,,2025,24,sunsetmontessori.org
1093,Dade,SUNSHINE CHILDCARE PRESCHOOL CENTER,4056 W 12 AVE,HIALEAH,33012,Yes,Yes,Yes,No,No,No,,PK-05,,2025,94,spelearn.com
7649,Dade,SUNSHINE LEARNING MIAMI,13335 SW 124TH ST,MIAMI,33186,Yes,Yes,Yes,No,No,No,,KG-12,,2025,74,sunshinelearningmiami.com
7543,Dade,TAMIAMI ACADEMY,1210 SW 78 COURT,MIAMI,33144,Yes,Yes,Yes,No,No,No,,PK-KG,,2025,18,tamiamiacademy.com
249,Dade,TAMIAMI UNITED METHODIST ELEMENTARY,726 S.W. 14TH AVENUE,MIAMI,33135,Yes,Yes,Yes,No,Yes,Yes,Methodist,PK-08,,2026,280,gmail.com
8898,Dade,Tamim Miami Academy INC.,488 SUNNY ISLES BLVD,SUNNY ISLES BEACH,33160,Yes,Yes,Yes,No,Yes,Yes,Jewish,KG-03,,2025,68,thegan.com
8993,Dade,TANGERINE LEARNING CENTER,7699 BISCAYNE BLVD SUITE A,MIAMI,33138,Yes,Yes,Yes,No,No,No,,PK-05,,2025,33,hellotangerine.com
3249,Dade,TECH TITAN ACADEMY,175 NW 128th St,Miami,33168,No,No,No,No,No,No,,,,2026,0,gmail.com
340,Dade,TEMPLE SINAI OF NORTH DADE,18801 NE 22ND AVENUE,NORTH MIAMI BEACH,33180,Yes,Yes,Yes,No,Yes,Yes,Jewish,PK-03,,2026,153,tsnd.org
6782,Dade,THE 2ND HOUSE ACADEMY CORP.,8510 WEST FLAGLER ST,MIAMI,33144,Yes,Yes,Yes,No,No,No,,PK-03,,2025,103,bellsouth.net
7636,Dade,THE ACADEMY OF KNOWLEDGE PREPARATORY SCHOOL,2240 NW 119TH STREET,MIAMI,33167,Yes,Yes,Yes,No,No,No,,KG-05,,2025,87,aokpreparatory.com
6674,Dade,THE ADVENT SCHOOL ACADEMY LEARNING CENTER,12240 SW 8TH ST,MIAMI,33184,Yes,Yes,Yes,No,No,No,,PK-05,,2025,98,att.net
8102,Dade,THE ART OF LEARNING PLC,8347 NW 195TH TER,HIALEAH,33015,Yes,Yes,Yes,No,No,No,,PK-01,,2025,47,gmail.com
9355,Dade,THE BRIGHT DAYS PRESCHOOL,5202 W FLAGLER,CORAL GABLES,33134,Yes,Yes,Yes,No,No,No,,PK-KG,,2025,27,yahoo.com
843,Dade,THE CARRIE BRAZER CENTER FOR AUTISM INC.,7530 SUNSET DRIVE,MIAMI FL,33143,Yes,Yes,Yes,Yes,No,No,,KG-12,,2025,35,cbc4autism.org
5520,Dade,THE CHALLENGER SCHOOL,P.O. BOX 681173,NORTH MIAMI,33168,Yes,Yes,Yes,No,Yes,No,,KG-08,,2025,85,aol.com
6536,Dade,The Challenger School 11,1001 NW 163rd Drive,Miami Gardens,33169-5817,No,No,No,No,Yes,No,,,,2025,0,aol.com
7877,Dade,THE COUNTRY FAMILY,15740 S.W.  240TH STREET,HOMESTEAD,33031,No,No,No,No,No,No,,03-05,,2025,2,thecountryfamily.com
6035,Dade,THE CREATIVE CHILD DAY CARE LEARNING CENT,4305 E 8 AVE STE A-B,HIALEAH,33013,No,No,No,No,No,No,,PK-01,,2025,21,thecreativechildcare.com
7528,Dade,THE CREATIVE LEARNING CENTER,12455 SW 104 STREET,MIAMI,33186,No,No,No,No,Yes,No,,PK-KG,,2025,96,att.net
326,Dade,THE CUSHMAN SCHOOL,592 NE 60TH STREET,MIAMI,33137,Yes,Yes,Yes,No,Yes,No,,PK-12,COGNIA,2025,800,cushmanschool.org
8393,Dade,THE DIVINE SAVIOR SCHOOL,6055 NW 104TH AVE,DORAL,33178,Yes,Yes,Yes,No,Yes,Yes,Lutheran,PK-12,AISF,2025,43,thedivinesaviorschool.com
3626,Dade,THE FRENCH AMERICAN SCHOOL OF MIAMI,7701 SW 76TH AVE,MIAMI,33143,No,No,No,No,No,No,,PK-05,,2025,98,frenchschoolmiami.org
7659,Dade,THE FRENCH AMERICAN SCHOOL OF MIAMI,650 NE 88 TER,MIAMI SHORES,33138,No,No,No,No,No,No,,PK-05,,2025,126,frenchschoolmiami.org
3193,Dade,THE GLORY OF GOD CHRISTIAN SCHOOL,440 E. 13TH STREET,HIALEAH,33010,Yes,Yes,Yes,No,Yes,Yes,Assemblies of God,01-12,,2026,64,aol.com
526,Dade,THE GROWING PLACE,536 CORAL WAY,CORAL GABLES,33134,Yes,Yes,Yes,No,Yes,Yes,Methodist,PK-05,,2025,140,firstcoralgables.org
8389,Dade,THE INNOVATIVE SCHOOL OF TEMPLE BETH SHOLOM,4144 CHASE AVENUE,MIAMI BEACH,33140,Yes,Yes,Yes,No,Yes,Yes,Jewish,PK-05,,2025,142,innovativeschool.org
8380,Dade,THE LEARNING CORNER ACADEMY INC,4556 WEST 12TH AVE,HIALEAH,33012,Yes,Yes,Yes,No,No,No,,PK-01,,2025,11,gmail.com
6565,Dade,THE LIGHT PREPARATORY ACADEMY,4481 NW 167TH STREET,MIAMI GARDENS,33055,No,No,No,No,Yes,No,,PK-02,,2026,60,thelightprep.org
9306,Dade,THE MIAMI SUDBURY SCHOOL,P.O. BOX 430010,MIAMI,33143,Yes,Yes,Yes,No,Yes,No,,KG-12,,2025,27,miamisudburyschool.org
6415,Dade,THE MONTESSORI ACADEMY AT ST . JOHN'S,4760 PINE TREE DR,MIAMI BEACH,33140,Yes,Yes,Yes,No,Yes,No,,PK-02,,2025,42,montessorimiamibeach.com
1863,Dade,THE RISING START FOUNDATION INC,9250 SW 158TH LN,PALMETTO BAY,33157,No,No,No,No,Yes,No,,,,2025,0,eibscorp.com
5176,Dade,THE ROIG ACADEMY,8000 SW 112 STREET,MIAMI,33156,Yes,Yes,Yes,No,No,No,,,COGNIA,2025,0,roigacademy.com
7360,Dade,THE SHUL'S CHILD ENRICHMENT CENTER,9540 COLLINS AVE,SURFSIDE,33154,Yes,Yes,Yes,No,Yes,Yes,Jewish,PK-KG,,2025,87,theshulpreschool.org
4118,Dade,THE TAUBER ACADEMY,20400 N.E. 30TH AVENUE,AVENTURA,33180,No,No,No,No,Yes,Yes,Jewish,PK-KG,"AISF, COGNIA",2025,58,atjc.org
2922,Dade,THE VON WEDEL MONTESSORI SCHOOL,11820 NE 13TH AVENUE,MIAMI,33161,Yes,Yes,Yes,No,No,No,,PK-06,,2025,129,vonwedelmontessori.com
4993,Dade,THINKING CHILD CHRISTIAN ACADEMY SCHOOL,155 NW 4TH STREET,HOMESTEAD,33030,Yes,Yes,Yes,Yes,No,Yes,Non-Denominational,PK-08,AISF,2025,160,tccaschool.com
5247,Dade,THREE FLAGS ACADEMY INC,6861 WEST 14 COURT,HIALEAH,33014,Yes,Yes,Yes,No,No,No,,PK-04,,2026,35,bellsouth.net
4364,Dade,THUMBELINA LEARNING CENTER 2,490 EAST 32ND STREET,HIALEAH,33013,Yes,Yes,Yes,No,No,No,,PK-03,,2026,64,yahoo.com
6366,Dade,TINY SMILE LEARNING CENTER,10550 NW 77TH CT UNIT 211,HIALEAH,33016,Yes,Yes,Yes,No,No,No,,PK-05,,2025,92,yahoo.com
5486,Dade,TINY STEPS DAYCARE LEARNING CENTER,7121 WEST FLAGLER STREET,MIAMI,33144,Yes,Yes,Yes,No,No,No,,PK-03,,2025,74,yahoo.com
7910,Dade,TINY STEPS PRESCHOOL,10491 SW 88 ST,MIAMI,33176,Yes,Yes,Yes,No,No,No,,PK-02,,2025,36,yahoo.com
199,Dade,TORAS EMES ACADEMY OF MIAMI,1025 N.E. MIAMI GARDENS DRIVE,NORTH MIAMI BEACH,33179,Yes,Yes,Yes,No,Yes,Yes,Jewish,PK-08,,2025,1188,ytcte.org
4586,Dade,TOUGH CHOICES FOUNDATION INC,11000 SW 216TH STREET,MIAMI,33170,Yes,Yes,Yes,No,Yes,Yes,Baptist,04-12,,2025,28,gmail.com
590,Dade,TOWN CENTER PRESCHOOL,10201 HAMMOCKS BLV 149,MIAMI,33196,Yes,Yes,Yes,No,No,No,,KG-05,,2026,56,hotmail.com
8079,Dade,TPT INTERNATIONAL SCHOOL,2856 SPRING BREEZE WAY,KISSIMMEE,34744,No,No,No,No,No,No,,09-12,COGNIA,2025,38,tptischool.com
6736,Dade,Transformation Academy of Excellence,12015 Southwest 217th Street,Miami,33170,No,No,No,No,Yes,No,,,,2025,0,gmail.com
313,Dade,TRINITY BY FAITH ACADEMY,520 NW 103RD STREET,MIAMI,33150,Yes,Yes,Yes,No,Yes,Yes,Baptist,KG-04,,2025,14,trinitybyfaith.org
3233,Dade,TRINITY CHRISTIAN ACADEMY,1498 WEST 84 ST.,HIALEAH,33014,Yes,Yes,Yes,No,No,No,,,,2025,0,gmail.com
6143,Dade,Trinity Christian Academy,P.O. BOX 680820,MIAMI,33168,Yes,Yes,Yes,No,Yes,Yes,Assemblies of God,KG-08,,2025,103,peacemakers.com
4467,Dade,TRINITY CHRISTIAN ACADEMY H.S.,1498 WEST 84 ST.,HIALEAH,33014,Yes,Yes,Yes,No,Yes,No,,KG-12,,2025,45,gmail.com
8462,Dade,TRINITY CHRISTIAN ACADEMY MIDDLE SCHOOL,1498 WEST 84 ST.,HIALEAH,33014,Yes,Yes,Yes,No,No,No,,,,2025,0,gmail.com
1487,Dade,TRU PREP ACADEMY,5005 NW 173RD DRIVE,MIAMI,33055,No,No,No,No,Yes,No,,,,2025,0,truprepacademy.com
275,Dade,TRUE NORTH CLASSICAL PREPARATORY,9317 SUNSET DRIVE,MIAMI,33173,Yes,Yes,Yes,No,Yes,No,,08-12,,2026,24,tnclassical.org
456,Dade,TUTOR ME DAYCARE ACADEMY,2451 WEST 68 STREET  7,HIALEAH,33016,Yes,Yes,Yes,No,No,No,,KG-05,,2025,50,gmail.com
5227,Dade,TUTOR ME DAYCARE AND PRESCHOOL  2,5713-5715 NW 158TH ST.,MIAMI LAKES,33016,Yes,Yes,Yes,Yes,No,No,,PK-12,,2026,178,gmail.com
5980,Dade,TVC ACADEMY,18900 NE 25TH AVENUE,N. MIAMI BEACH,33180,Yes,Yes,Yes,No,Yes,No,,KG-12,,2025,27,thevictoryschool.org
8565,Dade,TWO SISTERS ANGELS PRESCHOOL,425 NE 154 STREET,NORTH MIAMI BEACH,33162,Yes,Yes,Yes,No,No,No,,PK-02,,2025,37,att.net
3709,Dade,U.S. INTERNATIONAL CHRISTIAN ACADEMY,13876 S.W. 56 ST # 297,MIAMI,33175,No,No,No,No,No,Yes,Non-Denominational,09-12,,2026,45,usicahs.org
2939,Dade,UNIQUE EXPLORERS ACADEMY,9280 HAMMOCKS BLVD SUITE  101,MIAMI,33196,Yes,Yes,Yes,Yes,No,No,,PK-03,,2025,29,gmail.com
908,Dade,UNIQUE LEARNING CENTER INC.,18950 SW 106 AVE,MIAMI,33157,Yes,Yes,Yes,No,No,No,,KG-12,,2025,28,gmail.com
3506,Dade,UNITED CEREBRAL PALSY TRANSITIONAL LEARNING,UCP OF MIAMI,MIAMI,33125,Yes,Yes,Yes,Yes,Yes,No,,06-12,,2025,36,uco-ucpsfl.org
8917,Dade,UNIVERCITY EARLY LEARNING CENTER,230 N KROME AVE,FLORIDA CITY,33034,Yes,Yes,Yes,No,No,No,,PK-05,,2026,48,gmail.com
8303,Dade,URGENT ACADEMY,1000 NW 1ST AVE. STE. 100,MIAMI,33136,Yes,Yes,Yes,Yes,Yes,No,,06-08,,2025,17,urgentacademy.org
246,Dade,VANGUARD SCHOOL OF COCONUT GROVE FLA.,3939 MAIN HIGHWAY,COCONUT GROVE,33133,Yes,Yes,Yes,No,Yes,No,,01-08,AISF,2026,31,gmail.com
6409,Dade,VICTORIA'S PLAYHOUSE DAYCARE PRE-K,10095 SW 88 ST SUITE 101,MIAMI,33176,No,No,No,No,No,No,,PK,,2025,52,aol.com
6406,Dade,VICTORIA'S PLAYHOUSE PRE-K II,12781 SW 88TH ST,MIAMI,33186,Yes,Yes,Yes,No,No,No,,PK,,2025,69,aol.com
6299,Dade,Viento Recio Christian Music & Arts Academy,1860 Northwest 17th Avenue,Miami,33125,No,No,No,No,No,Yes,Pentecostal,KG-11,,2025,20,gmail.com
6230,Dade,VILLA PREPATORY ACADEMY CORP,1530 SW 154 AVE,MIAMI,33194,Yes,Yes,Yes,Yes,Yes,No,,KG-08,,2025,190,gmail.com
3177,Dade,VILLAGE LEARNING CENTER LLC,13459 SW 288TH ST,HOMESTEAD,33033,No,No,No,No,No,No,,PK,,2026,39,villagelearning.net
4943,Dade,VILLAGE MONTESSORI KILLIAN CAMPUS,8640 SW 112TH ST,MIAMI,33156,No,No,No,No,No,No,,PK-KG,,2025,41,montessorischoolmiami.com
457,Dade,VILLAGE MONTESSORI SCHOOL CORP,1414 SW 22ND ST,MIAMI,33145,Yes,Yes,Yes,No,No,No,,PK-KG,,2025,38,montessorischoolmiami.com
829,Dade,VILLAGE MONTESSORI SCHOOL CORP,1273 SW 22ND ST,MIAMI,33145,Yes,Yes,Yes,No,No,No,,PK-KG,,2025,37,me.com
2918,Dade,VILLAGE PINES SCHOOL,15000 SW 92ND AVENUE,MIAMI,33176,Yes,Yes,Yes,No,No,No,,PK-05,,2025,46,gmail.com
5474,Dade,VIP CHRISTIAN ACADEMY,17445 HOMESTEAD AVE,MIAMI,33157,Yes,Yes,Yes,No,Yes,Yes,Non-Denominational,KG-07,,2025,16,yahoo.com
1008,Dade,VISIONAIRES OF THE FUTURE ACADEMY,26305 Parker Avenue Suite 4104,HOMESTEAD,33032,No,No,No,No,No,No,,KG-04,,2026,3,gmail.com
5785,Dade,WATCH ME GROW LEARNING CENTER II INC.,2999 NW 32ND AVENUE,MIAMI,33142,Yes,Yes,Yes,No,No,No,,PK-05,,2025,170,bellsouth.net
6405,Dade,WATCH ME GROW LEARNING CENTER III,3400 NW 11 PLACE,MIAMI,33127,Yes,Yes,Yes,No,No,No,,PK-01,,2025,13,wmglcenter.com
5786,Dade,WATCH ME GROW LEARNING CENTER INC.,2100 NW 7TH STREET,MIAMI,33125,Yes,Yes,Yes,No,No,No,,PK-05,,2025,74,gmail.com
7694,Dade,WATCH ME GROW LEARNING CENTER IV,3195 NW 30TH ST,MIAMI,33142,Yes,Yes,Yes,No,No,No,,KG-05,,2025,26,bellsouth.net
7444,Dade,WAYMAKER ACADEMY,2123 W FLAGLER ST,MIAMI,33135,No,No,No,No,No,No,,PK-KG,,2025,13,gmail.com
5576,Dade,WCA PRIVATE SCHOOL INC.,930 E 9 ST,HIALEAH,33010,Yes,Yes,Yes,No,No,No,,KG-06,,2026,117,gmail.com
6359,Dade,Welcome Academy School,"7950 NW 53rd Street, Suite 337 #1046",Doral,33126,No,No,No,No,No,No,,,,2025,0,welcomeacademyschool.com
3848,Dade,WEST DADE ACADEMY,10950 SW 34 STREET,MIAMI,33165,Yes,Yes,Yes,No,No,No,,KG-12,,2025,83,aol.com
7810,Dade,WESTCHESTER ACADEMY AND LEARNING CENTER,7490 SW 23RD STREET,MIAMI,33155,Yes,Yes,Yes,No,No,No,,PK-03,,2025,26,hotmail.com
3287,Dade,WESTERN GENERAL EDUCATION INC.,POST OFFICE BOX 381166,MIAMI,33238,No,No,No,No,Yes,Yes,Non-Denominational,09-12,,2025,22,yahoo.com
8987,Dade,WESTERN INTERNATIONAL SCHOOL,"5201 BLUE LAGOON DRIVE, 8TH FL",MIAMI,33126,No,No,No,No,No,No,,,COGNIA,2025,0,wisusa.us
2925,Dade,WESTMINSTER CHRISTIAN SCHOOL,6855 SW 152 STREET,PALMETTO BAY,33157,Yes,Yes,Yes,No,Yes,Yes,Presbyterian,PK-12,COGNIA,2025,1278,wcsmiami.org
3057,Dade,WESTWOOD CHRISTIAN SCHOOL,5801 SOUTH WEST 120TH AVENUE,MIAMI,33183,Yes,Yes,Yes,No,Yes,Yes,Baptist,PK-12,COGNIA,2025,629,westwoodchristian.org
7398,Dade,WHAT ABOUT THE CHILDREN FOUNDATION INC,8403 PINES BLVD,PEMBROKE PINES,33028,No,No,No,No,Yes,Yes,Non-Denominational,04-09,,2025,6,watcacademy.com
347,Dade,WILLIAM A. KIRLEW JR. ACADEMY,18900 NW 32ND AVE.,MIAMI GARDENS,33056,Yes,Yes,Yes,No,Yes,Yes,Seventh Day Adventist,KG-08,,2026,123,flcoe.org
4734,Dade,WISE CHOICE TUTORING CENTER,10481 N KENDALL DRIVE,MIAMI,33176,No,No,No,No,No,No,,,,2025,0,protonmail.com
4260,Dade,WORLD MISSION OF JESUS CHRIST CHRISTIAN,17903 SW 2 STREET,PEMBROKE PINES,33029,Yes,Yes,Yes,No,Yes,Yes,Non-Denominational,KG-12,,2025,29,aol.com
6439,Dade,WORLD OF KIDS ACADEMY,8130 NW 56 ST,MIAMI,33166,Yes,Yes,Yes,No,No,No,,PK-05,,2025,89,worldofkidsacademy.com
5986,Dade,WORLDED INTERNATIONAL SCHOOL,848 BRICKELL AVENUE,MIAMI,33131,No,No,No,No,No,No,,,COGNIA,2025,0,wk12.org
3625,Dade,WORSHIPERS' HOUSE OF PRAYER ACADEMY,8350 NW 7TH AVENUE,MIAMI,33150,Yes,Yes,Yes,No,Yes,Yes,Pentecostal,KG-10,,2025,106,gmail.com
8902,Dade,XCEED PREP MIAMI-DADELAND,9350 SOUTH DIXIE HIGHWAY,MIAMI,33156,Yes,Yes,Yes,No,No,No,,06-12,COGNIA,2025,69,xceedprep.org
9756,Dade,YAM HATALMUD OF FLORIDA,1085 NE 179TH TERRACE,NMB,33162,No,No,No,No,Yes,Yes,Jewish,09-11,,2025,32,yamhatalmudfl.org
6482,Dade,YESHIVA ELEMENTARY,13300 W MEMORIAL HIGHWAY,NORTH MIAMI,33161,Yes,Yes,Yes,No,Yes,Yes,Jewish,KG-08,,2025,367,gmail.com
3519,Dade,YESHIVA ELEMENTARY,7902 CARLYLE AVENUE,MIAMI BEACH,33141,Yes,Yes,Yes,No,Yes,Yes,Jewish,PK-08,AISF,2025,236,gmail.com
5860,Dade,YESHIVA OF MIAMI INC.,,,,No,No,No,No,Yes,Yes,Jewish,09-12,,2026,24,yeshivaofmiami.net
3199,Dade,YESHIVA TORAS CHAIM,1025 N.E. MIAMI GARDENS DRIVE,NORTH MIAMI BEACH,33179,Yes,Yes,Yes,No,Yes,Yes,Jewish,09-12,AISF,2025,127,ytcte.org
6755,Dade,YIN YANG ACADEMY,6031 SW 8 STREET,MIAMI,33144,Yes,Yes,Yes,No,Yes,No,,KG-08,,2025,57,msn.com
5272,Dade,YOTZER OHR INC.,2621 NE 212TH TER,AVENTURA,33180,Yes,Yes,Yes,No,No,Yes,Jewish,07-12,,2025,47,yomiami.org
8510,Dade,YOUNG LEADERS ACADEMY K-8,1625 NW 66TH AVE,MARGATE,33063,No,No,No,No,Yes,No,,PK-08,,2026,96,hotmail.com
1912,Dade,YOUNG PRODIGIES LEARNING CENTER,11980 SW 8 ST. #11,MIAMI,33184,No,No,No,No,No,No,,PK,,2025,14,gmail.com
76,Dade,ZONI AMERICAN HIGH SCHOOL,4123 W Hillsborough Ave,Tampa,33614,No,No,No,No,No,No,,09-11,,2025,3,zoni.edu
9192,Desoto,ARCADIA CHRISTIAN ACADEMY,1006 N BREVARD AVE,ARCADIA,34266,Yes,Yes,Yes,No,Yes,Yes,Baptist,KG-12,,2025,211,arcadiachristianacademy.com
8383,Desoto,FAITH PREPARATORY SCHOOL,12100 SW ACADEMY DR,LAKE SUZY,34269,No,No,No,No,Yes,No,,PK-05,,2025,129,faithprepschool.org
5719,Desoto,FIRST ASSEMBLY OF GOD ACADEMY,201 NORTH 11TH AVE.,ARCADIA,34266,Yes,Yes,Yes,No,Yes,Yes,Pentecostal,KG-12,CGACS,2026,194,gmail.com
8878,Desoto,GRACE CHRISTIAN SCHOOL OF PUNTA GORDA,6831 SW SENATE STREET,ARCADIA,34269,Yes,Yes,Yes,No,Yes,Yes,Non-Denominational,PK-12,,2025,171,gmail.com
7282,Dixie,CHARACTER COMMUNITY SERVICES,PO BOX 1621,CROSS CITY,32628,Yes,Yes,Yes,No,Yes,No,,03-12,,2025,25,hotmail.com
4488,Dixie,DIXIE COUNTY LEARNING ACADEMY,1357 NE 82ND AVENUE,OLD TOWN,32680,Yes,Yes,Yes,Yes,No,Yes,Non-Denominational,KG-12,COGNIA,2025,118,aol.com
6184,Duval,A CHILD'S PLACE MONTESSORI SCHOOL,3718 SALISBURY ROAD,JACKSONVILLE,32216,Yes,Yes,Yes,No,No,No,,PK-05,,2025,31,achildsplace.info
5266,Duval,ACADEMY OF EXCELLENCE,4441 Wesconett Blvd.,JACKSONVILLE,32210,Yes,Yes,Yes,Yes,Yes,Yes,Non-Denominational,PK-12,COGNIA,2025,174,gmail.com
7488,Duval,ACADEMY OF SCHOLARS,5045 SOUTEL DRIVE,JACKSONVILLE,32208,Yes,Yes,Yes,Yes,Yes,No,,02-12,,2025,34,gmail.com
4362,Duval,ACCESS HOPE,23 JACKSON AVE. N.,JACKSONVILLE,32220,No,No,No,No,Yes,No,,12,,2025,1,aol.com
4272,Duval,AJYAL ACADEMY,5008 MUSTANG RD,JACKSONVILLE,32216,Yes,Yes,Yes,Yes,No,No,,PK-01,,2025,30,ajyal.academy
3145,Duval,AL-FURQAN ACADEMY,2333 ST. JOHN BLUFF ROAD SOUTH,JACKSONVILLE,32246,Yes,Yes,Yes,No,Yes,Yes,Islamic/Muslim,PK-04,COGNIA,2025,214,alfurqanacademy.org
29,Duval,AL-FURQAN ACADEMY CAMPUS 2,2333 ST JOHNS BLUFF RD S,JACKSONVILLE,32246,Yes,Yes,Yes,No,Yes,Yes,Islamic/Muslim,05-12,,2025,119,alfurqanacademy.org
196,Duval,ARK ACADEMY,13056 PERDUE ROAD,JACKSONVILLE,32218,Yes,Yes,Yes,No,Yes,Yes,Non-Denominational,KG-01,,2025,26,arkacademy.education
776,Duval,ARLINGTON KINDERGARTEN OF JAX INC.,1210 MARCHECK STREET,JACKSONVILLE,32211,Yes,Yes,Yes,No,No,No,,PK-01,,2025,35,gmail.com
8499,Duval,ARTS BUSINESS AND CULTURE ACADEMY,2220 COUNTY ROAD 210 WEST,ST JOHNS,32259,No,No,No,No,No,No,,08-09,,2025,2,gmail.com
1623,Duval,ASPIRE TO INSPIRE AGENCY LLC,7395 QUEENSGATE CIRCLE,JACKSONVILLE,32219,No,No,No,No,No,Yes,Non-Denominational,PK-09,,2025,11,gmail.com
2635,Duval,ASSUMPTION CATHOLIC SCHOOL,2431 ATLANTIC BOULEVARD,JACKSONVILLE,32207,Yes,Yes,Yes,No,Yes,Yes,Catholic,KG-08,FCCAP,2026,558,assumptionjax.org
5357,Duval,Atckc Academy,8102 Blanding Boulevard,Jacksonville,32244,No,No,No,No,No,No,,,,2025,0,atckc.org
3426,Duval,ATRIUM SCHOOL,4530-15 ST. JOHNS AVE.,JACKSONVILLE,32210,No,No,No,No,Yes,No,,KG-12,,2026,137,atriumschool.org
6449,Duval,AUSTIN CHRISTIAN VOCATIONAL ACADEMY,6901 N. MAIN ST.,JACKSONVILLE,32208,No,No,No,No,Yes,Yes,Baptist,,,2025,0,austinwarriors.org
355,Duval,AVSP ONLINE LEARNING PODS,11569 KEY BISCAYNE DRIVE WEST,JACKSONVILLE,32218,No,No,No,No,Yes,No,,PK-KG,,2025,2,yahoo.com
2602,Duval,BAYMEADOWS BAPTIST DAY SCHOOL,4826 BAYMEADOWS RD,JACKSONVILLE,32217,Yes,Yes,Yes,No,Yes,Yes,Baptist,PK-08,FACCS,2026,148,gmail.com
948,Duval,BEACHES CHAPEL SCHOOL,610 FLORIDA BOULEVARD,NEPTUNE BEACH,32266,Yes,Yes,Yes,No,Yes,Yes,Non-Denominational,KG-12,"FLOCS, COGNIA",2025,286,beacheschapel.com
2709,Duval,BETHEL HOLINESS ACADEMY,P. O. BOX 26804,"JACKSONVILLE, FL",32226,No,No,No,No,Yes,Yes,Pentecostal,03-12,,2025,13,gmail.com
3843,Duval,BISHOP JOHN J. SNYDER HIGH SCHOOL,5001 SAMARITAN WAY,JACKSONVILLE,32210,Yes,Yes,Yes,No,Yes,Yes,Catholic,09-12,COGNIA,2025,504,bishopsynder.org
1007,Duval,BISHOP KENNY HIGH SCHOOL,1055 KINGMAN AVENUE,JACKSONVILLE,32207,Yes,Yes,Yes,No,Yes,Yes,Catholic,09-12,COGNIA,2025,1404,bishopkenny.org
3327,Duval,BLESSED TRINITY CATHOLIC,10472 BEACH BOULEVARD,JACKSONVILLE,32246,Yes,Yes,Yes,No,Yes,Yes,Catholic,PK-08,FCCAP,2025,248,blessedtrinitycatholicschool.org
1065,Duval,BOLLES SCHOOL,7400 SAN JOSE BOULEVARD,JACKSONVILLE,32217,No,No,No,No,Yes,No,,PK-12,"FCIS, COGNIA",2025,1537,bolles.org
4758,Duval,BROACH SCHOOL - SOUTHSIDE,4729 US HIGHWAY 17 SUITE 101,FLEMING ISLAND,32003,Yes,Yes,Yes,No,Yes,No,,KG-12,"COGNIA, CITA",2026,155,broachschool.com
1107,Duval,BROACH SCHOOL - WESTSIDE,4729 US HIGHWAY 17 SUITE 101,FLEMING ISLAND,32003,Yes,Yes,Yes,No,Yes,No,,KG-12,COGNIA,2026,92,broachschool.com
176,Duval,BROOKE HOUSE ACADEMY JAX,14797 PHILIPS HIGHWAY,JACKSONVILLE,32256,Yes,Yes,Yes,Yes,Yes,No,,06-10,,2025,24,brookehouseacademy.com
8047,Duval,BUILDERS OF THE FAITH CHRISTIAN ACADEMY,5900 RICKER RD,JACKSONVILLE,32244,Yes,Yes,Yes,No,Yes,Yes,Non-Denominational,PK-12,FLOCS,2025,65,gmail.com
2495,Duval,CAREER PREP ACADEMY OF BEACHSIDE,11925 BEACH BLVD SUITE 203,JACKSONVILLE,32207,Yes,Yes,Yes,Yes,No,Yes,Non-Denominational,06-12,,2025,317,careerprepworkforce.org
8269,Duval,CAREER PREP ACADEMY OF NORTHSIDE,12961 NORTH MAIN STREET,JACKSONVILLE,32218,Yes,Yes,Yes,Yes,No,No,,06-12,,2025,248,careerprepworkforce.org
3903,Duval,CAREER PREP ACADEMY OF WESTSIDE,7945 103RD STREET#17-19,JACKSONVILLE,32210,Yes,Yes,Yes,Yes,No,Yes,Other,,,2025,0,careerprepworkforce.org
4974,Duval,CECUIFJ,jaca354@hotmail.com,476 RIVERSIDE AVE STE 4,32202,No,No,No,No,No,No,,09-12,,2025,25,hotmail.com
3437,Duval,CEDAR CREEK CHRISTIAN SCHOOL,1372 S. LANE AVE.,JACKSONVILLE,32205,Yes,Yes,Yes,No,Yes,Yes,Baptist,PK-12,COGNIA,2026,446,ccbaptist.org
3687,Duval,CENTER ACADEMY - ST. JOHNS BLUFF,2804 ST. JOHN'S BLUFF RD.S.,JACKSONVILLE,32246,Yes,Yes,Yes,No,No,No,,05-12,COGNIA,2025,64,centeracademy.com
6056,Duval,CES ACADEMY,8045 HOGAN ROAD,JACKSONVILLE,32216,Yes,Yes,Yes,No,Yes,Yes,Non-Denominational,KG-12,COGNIA,2026,160,cesacademy.net
9000,Duval,CHATMAN'S CHRISTIAN ACADEMY,1614 LEONID RD,JACKSONVILLE,32218,Yes,Yes,Yes,No,No,Yes,Baptist,01-12,,2025,147,bellsouth.net
3828,Duval,CHATMAN'S EARLY LEARNING CHRISTIAN ACAD,1614 LEONID ROAD,JACKSONVILLE,32218,Yes,Yes,Yes,No,No,Yes,Baptist,PK-01,,2025,57,bellsouth.net
1285,Duval,CHRIST THE KING CATHOLIC,6822 LARKIN ROAD,JACKSONVILLE,32211,Yes,Yes,Yes,No,Yes,Yes,Catholic,KG-08,"FCCAP, COGNIA",2025,358,ctkschooljax.com
2498,Duval,CHRIST'S CHURCH ACADEMY,6045 GREENLAND RD 400,JACKSONVILLE,32258,Yes,Yes,Yes,No,Yes,Yes,Non-Denominational,PK-12,"ACSI, COGNIA",2025,662,ccajax.org
5745,Duval,ChriSTEM HERITAGE LEARNING CENTER INC,6020 Zinnia Ave.,Jacksonville,32209,No,No,No,No,Yes,Yes,Not Applicable,PK,,2025,10,chlcjax.com
1314,Duval,CHRISTIAN HERITAGE ACADEMY,3930 UNIVERSITY BLVD. SOUTH,JACKSONVILLE,32216,Yes,Yes,Yes,No,Yes,Yes,Nazarene,KG-08,ACSI,2025,223,chajax.org
3155,Duval,CLARKE SCHOOLS FOR HEARING AND SPEECH/JACKS,9803 ST. AUGUSTINE ROAD STE 7,JACKSONVILLE,32257,No,No,No,No,Yes,No,,PK-01,AISF,2025,19,clarkeschools.org
8697,Duval,COLOSSAL JACKSONVILLE,1380 5TH STREET N,JACKSONVILLE BEACH,32250,Yes,Yes,Yes,Yes,No,No,,08-11,,2025,16,gmail.com
3847,Duval,CORNERSTONE CHRISTIAN SCHOOL,9039 BEACH BOULEVARD,JACKSONVILLE,32216,Yes,Yes,Yes,Yes,Yes,Yes,Non-Denominational,PK-12,,2025,310,csjax.org
427,Duval,"CROSSROAD PRIVATE SCHOOL SYSTEMS, INC.",PO BOX 11375,JACKSONVILLE,32239,No,No,No,No,No,Yes,Church of God,12,,2025,1,gmail.com
6795,Duval,DAYSPRING CHRISTIAN ACADEMY PRESCHOOL,5654 DUNN AVENUE,JACKSONVILLE,32218,Yes,Yes,Yes,No,Yes,Yes,Baptist,PK-01,,2026,40,dayspringjax.com
3948,Duval,DEPAUL SCHOOL OF NE FL INC. - GUDAL CAMPUS,9750 Deer Lake Court,JACKSONVILLE,32246,Yes,Yes,Yes,No,Yes,No,,02-08,AISF,2025,143,depaulschool.com
7719,Duval,DESTINY PREPARATORY ACADEMY,11367 OLD ST. AUGUSTINE ROAD,JACKSONVILLE,32258,No,No,No,No,Yes,No,,PK,,2025,15,outlook.com
2765,Duval,EAGLE'S VIEW ACADEMY,7788 RAMONA BLVD. WEST,JACKSONVILLE,32221,Yes,Yes,Yes,No,Yes,Yes,Non-Denominational,KG-12,COGNIA,2025,272,evajax.com
6996,Duval,EAST POINTE CHRISTIAN ACADEMY,270 KERNAN BLVD. N.,JACKSONVILLE,32225,Yes,Yes,Yes,No,Yes,Yes,Non-Denominational,PK-01,FACCS,2025,122,epcjax.com
2992,Duval,ELEVATION COMMUNITY SCHOOL,2636 New Berlin Road,JACKSONVILLE,32226,No,No,No,No,Yes,Yes,Non-Denominational,KG-08,,2026,8,gmail.com
1412,Duval,EPHESUS SDA JUNIOR ACADEMY,2760 WEST EDGEWOOD AVE,JACKSONVILLE,32209,Yes,Yes,Yes,No,Yes,Yes,Seventh Day Adventist,KG-12,,2025,107,bellsouth.net
1620,Duval,EPISCOPAL SCHOOL OF JACKSONVILLE,4455 ATLANTIC BLVD.,JACKSONVILLE,32207,Yes,Yes,Yes,No,Yes,Yes,Episcopalian,06-12,"FCIS, COGNIA",2025,979,esj.org
1972,Duval,EPISCOPAL SCHOOL OF JACKSONVILLE BEACHES,450 11TH AVENUE NORTH,JACKSONVILLE BEACH,32250,Yes,Yes,Yes,No,Yes,Yes,Episcopalian,PK-05,FCIS,2025,251,esj.org
1927,Duval,EPISCOPAL SCHOOL OF JACKSONVILLE ST. MARK'S,4114 OXFORD AVENUE,JACKSONVILLE,32210,Yes,Yes,Yes,No,Yes,Yes,Episcopalian,PK-05,FCIS,2025,283,esj.org
3587,Duval,ESPRIT DE CORPS CENTER FOR LEARNING,9840 WAGNER ROAD,JACKSONVILLE,32219,Yes,Yes,Yes,No,No,Yes,Non-Denominational,KG-07,AISF,2025,12,edccenterforlearning.com
2143,Duval,EUNICE CHRISTIAN SCHOOL,PO Box 26157,JACKSONVILLE,32226,No,No,No,No,Yes,Yes,Non-Denominational,11-12,,2026,2,yahoo.com
9869,Duval,EXCEPTIONAL LEARNING AND ARTS ACADEMY,P.O. BOX 550912,JACKSONVILLE,32255,No,No,No,No,No,No,,KG-12,,2026,193,ela-academy.org
3893,Duval,FAITH ACADEMY,13328 DUNN CREEK ROAD,JACKSONVILLE,32218,Yes,Yes,Yes,No,Yes,Yes,Non-Denominational,02-12,,2025,26,faithacademyow.com
9496,Duval,FAITH FIRST PRESCHOOL,11925 BEACH BLVD. SUITE 207,JACKSONVILLE,32246,Yes,Yes,Yes,No,No,Yes,Non-Denominational,PK,,2025,13,faithfirstpreschool.com
4784,Duval,FATHER'S HARBOR ACADEMY,6565 BEACH BLVD,JACKSONVILLE,32216,Yes,Yes,Yes,No,Yes,Yes,Pentecostal,KG-12,ACTS,2025,45,fathersharboracademy.com
2542,Duval,FIELDS OF ART CHRISTIAN ACADEMY,203 W. 48TH STREET 10,JACKSONVILLE,32208,Yes,Yes,Yes,No,Yes,Yes,Non-Denominational,KG-12,,2025,119,gmail.com
1214,Duval,FIRST COAST CHRISTIAN SCHOOL,7587 BLANDING BOULEVARD,JACKSONVILLE,32244,Yes,Yes,Yes,No,Yes,Yes,Baptist,PK-12,COGNIA,2026,635,fccsjax.org
2344,Duval,FOUNDATION ACADEMY,3675 SAN PABLO RD S,JACKSONVILLE,32224,Yes,Yes,Yes,No,No,Yes,Non-Denominational,KG-12,COGNIA,2026,353,foundationacademy.com
4912,Duval,Future Leaders Academy & Preschool,2188 W 13th St,Jacksonville,32218,No,No,No,No,No,No,,PK,,2025,14,gmail.com
4184,Duval,GRACE CHRISTIAN ACADEMY,479 N. CENTER STREET,BALDWIN,32234,Yes,Yes,Yes,No,Yes,Yes,Baptist,PK-12,,2025,81,gbcbaldwin.org
3496,Duval,GRACE LUTHERAN SCHOOL,12200 MCCORMICK ROAD,JACKSONVILLE,32225,Yes,Yes,Yes,No,Yes,Yes,Lutheran,PK-08,FLGA-LCMS,2025,212,gracelutheraneagles.org
5258,Duval,GREAT STRIDES REHABILITATION,12276 SAN JOSE BLVD,JACKSONVILLE,32223,No,No,No,No,No,No,,KG-12,,2025,26,greatstridesrehab.com
1749,Duval,GREENWOOD SCHOOL,9920 REGENCY SQUARE BLVD.,JACKSONVILLE,32225,Yes,Yes,Yes,No,Yes,No,,06-12,FCIS,2025,202,greenwoodjax.org
6787,Duval,GROWING MINDS ACADEMY,5800 RICKER ROAD,JACKSONVILLE,32244,Yes,Yes,Yes,No,Yes,No,,PK-11,,2025,15,att.net
9478,Duval,GROWING TOGETHER BEHAVIORAL CENTER,1725 ART MUSEUM DR.,JACKSONVILLE,32207,Yes,Yes,Yes,No,Yes,No,,PK-12,,2025,41,gtbjax.org
1597,Duval,GUARDIAN CATHOLIC SCHOOL,,,,Yes,Yes,Yes,No,Yes,Yes,Catholic,PK-08,FCCAP,2026,223,guardiancatholic.com
2219,Duval,GUIDEPOST MONTESSORI AT BAYMEADOWS,8401 BAYMEADOWS WAY,JACKSONVILLE,32256,Yes,Yes,Yes,No,No,No,,PK-KG,,2025,18,guidepostmontessori.com
3332,Duval,HARVEST COMMUNITY SCHOOL,8301 FORT CAROLINE RD.,JACKSONVILLE,32277,Yes,Yes,Yes,No,Yes,Yes,Non-Denominational,KG-12,"COGNIA, FCCPSA",2026,264,hcsjax.org
4140,Duval,HOLY FAMILY CATHOLIC SCHOOL,9800-3 BAYMEADOWS RD.,JACKSONVILLE,32256,Yes,Yes,Yes,No,Yes,Yes,Catholic,PK-08,FCCAP,2025,442,hfcatholicschool.com
2692,Duval,HOLY SPIRIT CATHOLIC SCHOOL,11665 FT. CAROLINE ROAD,JACKSONVILLE,32225,Yes,Yes,Yes,No,Yes,Yes,Catholic,PK-08,FCCAP,2025,230,hscatholicschool.com
1178,Duval,Hope Christian School at Cedar Hills,4200 JAMMES ROAD,JACKSONVILLE,32210,Yes,Yes,Yes,No,Yes,Yes,Baptist,KG-08,FLOCS,2025,137,chbcs.org
7723,Duval,HOPE HAVEN ASSOCIATION INC.,4600 BEACH BOULEVARD,JACKSONVILLE,32207,Yes,Yes,Yes,No,Yes,No,,PK-KG,,2026,8,hope-haven.org
3553,Duval,HOPEWELL CHRISTIAN ACADEMY,3990 LORETTO ROAD,JACKSONVILLE,32223,Yes,Yes,Yes,No,Yes,Yes,Baptist,KG-05,FLOCS,2025,54,myhopewell.org
5358,Duval,ICITY CHRISTIAN SCHOOLS,POST OFFICE BOX 7836,JACKSONVILLE,32238,Yes,Yes,Yes,No,Yes,Yes,Non-Denominational,KG-07,,2025,15,innercitychristianschool.com
6566,Duval,ICON PREPARATORY SCHOOL JACKSONVILLE,2202 N HAROLD AVE,TAMPA,33607,Yes,Yes,Yes,No,Yes,No,,KG-08,COGNIA,2025,382,iconprep.org
5217,Duval,Immanuel Academy of Excellence,8247 WEST RAMONA BLVD.,JACKSONVILLE,32221,Yes,Yes,Yes,No,Yes,Yes,Non-Denominational,KG-08,,2025,29,h2hacademy.net
7799,Duval,IMPACT CHRISTIAN ACADEMY,9000 REGENCY SQUARE BLVD,JACKSONVILLE,32211,Yes,Yes,Yes,No,Yes,Yes,Non-Denominational,PK-12,CSF,2025,329,icajax.com
3160,Duval,JACKSONVILLE CHRISTIAN ACADEMY,11697 NORMANDY BLVD.,JACKSONVILLE,32221,No,No,No,No,Yes,Yes,Pentecostal,01-09,,2025,16,jcajacksonville.org
4137,Duval,JACKSONVILLE COUNTRY DAY SCHOOL,10063 BAYMEADOWS ROAD,JACKSONVILLE,32256,Yes,Yes,Yes,No,Yes,No,,PK-05,"FCIS, COGNIA",2026,449,jcds.com
4814,Duval,JACKSONVILLE SCHOOL FOR AUTISM,9000 SOUTHSIDE BLVD.,JACKSONVILLE,32256,No,No,No,No,Yes,No,,PK-12,,2026,50,jsakids.org
2780,Duval,JERICHO SCHOOL FOR CHILDREN WITH AUTISM INC.,1351 SPRINKLE DRIVE,JACKSONVILLE,32211,No,No,No,No,Yes,No,,PK-12,,2025,27,thejerichoschool.org
4023,Duval,JOSHUA CHRISTIAN ACADEMY,924 ST CLAIR ST,JACKSONVILLE,32254,Yes,Yes,Yes,No,Yes,Yes,Non-Denominational,PK-12,,2026,362,jcacademy.org
7986,Duval,K & Lay's Super Star Learning Academy,1712 West 10th Street,Jacksonville,32209,No,No,No,No,Yes,Yes,Non-Denominational,PK-03,,2025,25,gmail.com
7963,Duval,Kiddieville Christian Academy,1233 Lane Avenue South#39,Jacksonville,32205,Yes,Yes,Yes,No,Yes,Yes,Non-Denominational,,,2025,0,gmail.com
8427,Duval,KREATIVE SUCCESS ACADEMY INC,3000 DUNN AVE STE 3,JACKSONVILLE,32218,Yes,Yes,Yes,No,Yes,No,,KG-05,,2025,68,succesk.org
2739,Duval,LA CORE CHRISTIAN ELEMENTARY SCHOOL,8050-2 LONE STAR ROAD,JACKSONVILLE,32211,Yes,Yes,Yes,No,Yes,Yes,Non-Denominational,KG-07,,2025,169,yahoo.com
286,Duval,LEGACY CHRISTIAN ACADEMY OF JACKSONVILLE,342 GIRVIN RD,JACKSONVILLE,32246,Yes,Yes,Yes,No,Yes,Yes,Non-Denominational,KG-08,,2026,59,gmail.com
2199,Duval,LIFEPOINT ACADEMY OF SEVENTH-DAY ADVENTISTS,4298 LIVINGSTON ROAD,JACKSONVILLE,32257,Yes,Yes,Yes,No,Yes,Yes,Seventh Day Adventist,PK-10,,2026,135,flcoe.org
5851,Duval,LIFESKILLS OUTREACH LEARNING AND SUPPORTS,12443 JODA LANE E,JACKSONVILLE,32258,No,No,No,No,Yes,No,,12,,2025,1,gmail.com
3256,Duval,LIGHTHOUSE CHRISTIAN SCHOOL DINSMORE,12276 SAN JOSE BLVD,JACKSONVILLE,32223,Yes,Yes,Yes,No,Yes,Yes,Multi/ Inter/ Trans-Denominational,01-12,,2026,40,lighthousechristianschool.net
6315,Duval,LIGHTHOUSE CHRISTIAN SCHOOL NEW,12276 SAN JOSE BLVD # 516,JACKSONVILLE,32223,No,No,No,No,Yes,Yes,Multi/ Inter/ Trans-Denominational,,,2026,0,lighthousechristianschool.net
4840,Duval,LIGHTHOUSE CHRISTIAN SCHOOL WESTSIDE,12276 SAN JOSE BLVD,JACKSONVILLE,32223,Yes,Yes,Yes,No,Yes,Yes,Multi/ Inter/ Trans-Denominational,01-12,,2026,54,lighthousechristianschool.net
4459,Duval,LIGHTHOUSE CHRISTIAN SCHOOL-ARLINGTON,12276 SAN JOSE BLVD,JACKSONVILLE,32223,Yes,Yes,Yes,No,Yes,Yes,Multi/ Inter/ Trans-Denominational,05-12,,2026,18,lighthousechristianschool.net
4457,Duval,LIGHTHOUSE CHRISTIAN SCHOOL-MANDARIN,12276 SAN JOSE BLVD,JACKSONVILLE,32223,Yes,Yes,Yes,No,Yes,Yes,Multi/ Inter/ Trans-Denominational,01-12,,2026,23,lighthousechristianschool.net
4095,Duval,LIGHTHOUSE CHRISTIAN SCHOOL-NORTHSIDE,12276 SAN JOSE BLVD,JACKSONVILLE,32223,Yes,Yes,Yes,No,Yes,Yes,Multi/ Inter/ Trans-Denominational,02-12,,2026,78,lighthousechristianschool.net
2684,Duval,LITTLE COUNTRY SCHOOL INC.,862 BAISDEN ROAD,JACKSONVILLE,32218,Yes,Yes,Yes,No,No,No,,KG-12,,2025,24,aol.com
5185,Duval,LITTLE STAR CENTER,8011 PHILIPS HWY,JACKSONVILLE,32256,No,No,No,No,No,No,,05,,2025,1,littlestarjax.com
6112,Duval,LIVINGWAY CHRISTIAN ACADEMY,6415 NORTH PEARL STREET,JACKSONVILLE,32208,Yes,Yes,Yes,No,Yes,Yes,Non-Denominational,KG-06,,2025,51,bellsouth.net
5027,Duval,LOVERS LITTLE ONES ACADEMY,7900 103RD STREET,JACKSONVILLE,32210,No,No,No,No,No,Yes,Baptist,PK,,2025,10,yahoo.com
7204,Duval,MAI LEADERSHIP ACADEMY INC.,4024 MONCRIEF ROAD,JACKSONVILLE,32209,Yes,Yes,Yes,No,Yes,No,,PK-10,,2025,48,gmail.com
5473,Duval,MAINSPRING ACADEMY,6700 SOUTHPOINT PARKWAY,JACKSONVILLE,32216,Yes,Yes,Yes,No,Yes,No,,KG-12,,2025,54,mainspringacademy.org
2109,Duval,MARTIN J. GOTTLIEB DAY SCHOOL,3662 CROWN POINT ROAD,JACKSONVILLE,32257,Yes,Yes,Yes,No,Yes,Yes,Jewish,PK-08,FCIS,2025,140,dubowgottlieb.org
5985,Duval,MICHELE BLOCK GAN YELADIM PRESCHOOL AND KIN,8505 SAN JOSE BLVD. ECE DEPT.,JACKSONVILLE,32217,Yes,Yes,Yes,No,Yes,Yes,Jewish,PK-KG,,2025,46,jcajax.org
4803,Duval,MILLENNIAL CHRISTIAN SCHOOL,5975 PARK STREET,JACKSONVILLE,32205,Yes,Yes,Yes,No,Yes,Yes,Non-Denominational,KG-12,,2025,28,millcs.org
8744,Duval,MINDS OF THE FUTURE ACADEMY,P.O. BOX 28424,JACKSONVILLE,32226,Yes,Yes,Yes,No,Yes,No,,PK-12,,2025,247,gmail.com
8722,Duval,MITCHELL LEARNING ACADEMY,1210 LEE ROAD,JACKSONVILLE,32225,Yes,Yes,Yes,No,No,No,,KG-03,,2025,22,mitchelllearningacademy.com
2395,Duval,MONTESSORI TIDES,1550 PENMAN ROAD,JACKSONVILLE BEACH,32250,Yes,Yes,Yes,No,No,No,,PK-04,AMS,2025,119,montessoritides.com
1769,Duval,MORNING STAR SCHOOL,725 MICKLER ROAD,JACKSONVILLE,32211,Yes,Yes,Yes,No,Yes,Yes,Catholic,KG-12,FCCAP,2025,127,morningstar-jax.org
8711,Duval,MY ACADEMY,5940-A BEACH BOULEVARD,JACKSONVILLE,32207,Yes,Yes,Yes,No,Yes,Yes,Islamic/Muslim,KG-12,,2025,177,gmail.com
6167,Duval,NATALIA RICE ACADEMY 2,320 DEMPER DRIVE,JACKSONVILLE,32208,Yes,Yes,Yes,No,Yes,No,,PK-02,,2025,21,gmail.com
5337,Duval,NEW BEGINNINGS CHRISTIAN ACADEMY,7020 RAMONA BLVD,JACKSONVILLE,32205,Yes,Yes,Yes,No,Yes,Yes,Pentecostal,KG-12,,2026,66,gmail.com
2974,Duval,NEW BERLIN ROAD CHRISTIAN ACADEMY,2351 NEW BERLIN ROAD,JACKSONVILLE,32218,Yes,Yes,Yes,No,Yes,Yes,Baptist,KG-02,,2025,9,nbrchurch.com
4946,Duval,NORTH FLA EDUCATIONAL INSTITUTE,PO BOX 40112,JACKSONVILLE,32203,Yes,Yes,Yes,No,Yes,No,,04-12,COGNIA,2025,196,nfei.org
8284,Duval,NORTH FLA EDUCATIONAL INSTITUTE WESTSIDE,PO BOX 40112,JACKSONVILLE,32203,Yes,Yes,Yes,No,Yes,No,,PK-07,,2025,254,nfei.comcastbiz.net
1253,Duval,NORTH FLORIDA SCHOOL OF SPECIAL EDUCATION,223 MILL CREEK ROAD,JACKSONVILLE,32211,Yes,Yes,Yes,No,Yes,No,,01-12,FCIS,2025,249,northfloridaschool.org
4894,Duval,OLD PLANK CHRISTIAN ACADEMY,8964 OLD PLANK ROAD,JACKSONVILLE,32220,Yes,Yes,Yes,No,Yes,Yes,Baptist,PK-12,FCCPSA,2025,391,oprbc.org
9576,Duval,PARKS' PLACE DAYCARE  LEARNING CENTER LLC,5500 SHINDLER DR,,32222,No,No,No,No,No,No,,PK,,2025,26,parksplacelearningcenter.com
4616,Duval,PARKWOOD WEEKDAY EARLY EDUCATION CENTER,7900 LONE STAR ROAD,JACKSONVILLE,32211,Yes,Yes,Yes,No,Yes,Yes,Baptist,KG-08,,2025,83,parkwoodprep.org
4139,Duval,PARSONS CHRISTIAN ACADEMY,5705 FT. CAROLINE ROAD,JACKSONVILLE,32277,Yes,Yes,Yes,No,No,Yes,Non-Denominational,PK-12,FACCS,2025,375,pclions.org
8192,Duval,PHOENIX PREPARATORY SCHOOL,7707 MERRILL RD,JACKSONVILLE,32277,No,No,No,No,Yes,Yes,Jewish,,,2026,0,gmail.com
4727,Duval,POISE SCHOOL,1461 ROGERO RD,JACKSONVILLE,32211,No,No,No,No,Yes,No,,,,2025,0,poise4kids.com
3217,Duval,POLARIS GLOBAL ACADEMY,1768 Park Terrace,West Atlantic Beach,32233,No,No,No,No,No,No,,06-12,,2025,51,polarisglobalacademy.com
3130,Duval,PROVIDENCE SCHOOL,2701 HODGES BOULEVARD,JACKSONVILLE,32224,Yes,Yes,Yes,No,Yes,Yes,Non-Denominational,PK-12,COGNIA,2025,1687,prov.org
6690,Duval,REACH ACADEMY,9857 OLD ST. AUGUSTINE ROAD,JACKSONVILLE,32257,Yes,Yes,Yes,No,Yes,No,,02-12,,2025,16,reachacademyjax.com
1824,Duval,RESURRECTION CATHOLIC SCHOOL,5710 JACK ROAD,JACKSONVILLE,32277,Yes,Yes,Yes,No,Yes,Yes,Catholic,PK-08,FCCAP,2025,194,resurrectioncatholic.com
1859,Duval,RIVERSIDE PRESBYTERIAN DAY SCHOOL,830 OAK STREET,JACKSONVILLE,32204,Yes,Yes,Yes,No,Yes,Yes,Presbyterian,PK-06,FCIS,2025,403,rpds.com
6492,Duval,ROAD TO SUCCESS ACADEMY,6620 ARLINGTON EXPRESSWAY,JACKSONVILLE,32211,Yes,Yes,Yes,No,No,No,,PK-01,,2025,8,rtsascholars.com
2931,Duval,SACRED HEART,5752 BLANDING BLVD.,JACKSONVILLE,32244,Yes,Yes,Yes,No,Yes,Yes,Catholic,PK-08,FCCAP,2026,382,sacredheartjax.com
1905,Duval,SAINT JOSEPH SCHOOL,11600 OLD ST. AUGUSTINE ROAD,JACKSONVILLE,32258,Yes,Yes,Yes,No,Yes,Yes,Catholic,PK-08,FCCAP,2025,535,stjosephcs.org
1939,Duval,SAINT MATTHEWS CATHOLIC SCHOOL,1773-0010 BLANDING BOULEVARD,JACKSONVILLE,32210,Yes,Yes,Yes,No,Yes,Yes,Catholic,PK-08,FCCAP,2026,251,stmatthewscs.com
1955,Duval,SAINT PATRICKS,601 AIRPORT CENTER DRIVE EAST,JACKSONVILLE,32218,Yes,Yes,Yes,No,Yes,Yes,Catholic,PK-08,FCCAP,2026,267,spcsjax.org
2010,Duval,SAINT PAUL CATHOLIC SCHOOL,2609 PARK STREET,JACKSONVILLE,32204,Yes,Yes,Yes,No,Yes,Yes,Catholic,PK-08,FCCAP,2026,203,spsjax.org
1987,Duval,SAINT PAUL'S CATHOLIC SCHOOL,428 SECOND AVENUE NORTH,JACKSONVILLE BEACH,32250,Yes,Yes,Yes,No,Yes,Yes,Catholic,PK-08,FCCAP,2026,639,stpaulsbeach.com
3891,Duval,SALINGER ACADEMY LLC,10950 SAN JOSE BLVD STE 60 #14,JACKSONVILLE,32223,No,No,No,No,No,No,,,,2025,0,gmail.com
2065,Duval,SAN JOSE CATHOLIC GRADE SCHOOL,3619 TOLEDO ROAD,JACKSONVILLE,32217,Yes,Yes,Yes,No,Yes,Yes,Catholic,PK-08,FCCAP,2026,472,sanjoseschool.com
2088,Duval,SAN JOSE EPISCOPAL DAY SCHOOL,7423 SAN JOSE BOULEVARD,JACKSONVILLE,32217,Yes,Yes,Yes,No,Yes,Yes,Episcopalian,PK-06,"FCIS, COGNIA",2025,216,sjeds.org
6420,Duval,Scholars Academy,100 Scholars Way,Jacksonville,32216,No,No,No,No,Yes,No,,09,,2025,50,duvalcharter.org
4879,Duval,"Scott’s New Beginnings CCLC, LLC",3200 Armsdale RoadSuite 13,Jacksonville,332218,No,No,No,No,No,No,,KG,,2026,4,gmail.com
1146,Duval,SEACOAST CHRISTIAN ACADEMY,8057 ARLINGTON EXPRESSWAY,JACKSONVILLE,32211,Yes,Yes,Yes,No,Yes,Yes,Non-Denominational,PK-12,ACSI,2025,345,scajax.org
507,Duval,SOARING SCHOLARS ACADEMY,1527 GANDY STREET,JACKSONVILLE,32208,Yes,Yes,Yes,No,Yes,No,,KG-12,,2025,95,icloud.com
7237,Duval,Somerset Academy Jacksonville,14000 Citicards WayUnit 600,Jacksonville,32258,No,No,No,No,Yes,No,,,,2025,0,aveteaching.com
3766,Duval,SOUTHVILLE PRESCHOOL,10550 DEERWOOD PARK BLVD S,JACKSONVILLE,32254,No,No,No,No,No,No,,PK,,2025,3,gmail.com
4437,Duval,STRIVE FOR EXCELLENCE LEARNING ACADEMY,7595 WENDELL DR.,JACKSONVILLE,32210,No,No,No,No,No,No,,PK,,2025,6,comcast.net
6000,Duval,STRIVING FOR EXCELLENCE ACADEMY,1718 EDGEWOOD AVE N,JACKSONVILLE,32254,Yes,Yes,Yes,No,Yes,No,,KG-12,,2025,26,gmail.com
6856,Duval,SUNSHINE SCHOOL OF INDIVIDUALIZED LEARNING,8730 WATERFRONT TERRACE,JACKSONVILLE,32217,No,No,No,No,No,No,,KG-11,,2026,39,gmail.com
6038,Duval,Taylor's Success Academy,8812 Camphor Drive,Jacksonville,32208,No,No,No,No,No,No,,,,2025,0,gmail.com
6305,Duval,TDH FOUNDATION,440 LENOX AVENUE,JACKSONVILLE,32254,Yes,Yes,Yes,No,Yes,Yes,Non-Denominational,PK-12,,2025,200,yahoo.com
5339,Duval,TEMPLE CHRISTIAN ACADEMY INC.,4200 GEORGETOWN DR.,JACKSONVILLE,32210,Yes,Yes,Yes,No,Yes,Yes,Non-Denominational,PK-12,FCCPSA,2026,217,templechristian.net
1319,Duval,TEMPLE COLLEGE PREPARATORY,1766 WEST 17TH STREET,JACKSONVILLE,32209,Yes,Yes,Yes,No,Yes,Yes,Non-Denominational,PK-12,FLOCS,2025,71,bellsouth.net
5216,Duval,THE ARC JACKSONVILLE,1050 N. DAVIS STREET,JACKSONVILLE,32209,No,No,No,No,Yes,No,,12,,2026,21,arcjacksonville.org
5367,Duval,THE ARC JACKSONVILLE ACADEMY 2 - OCT,1050 N. DAVIS STREET,JACKSONVILLE FL,32209,Yes,Yes,Yes,No,Yes,No,,12,,2026,6,arcjacksonville.org
1088,Duval,THE ARC JACKSONVILLE ACADEMY WEST,1050 NORTH DAVIS STREET,JACKSONVILLE FL,32209,No,No,No,No,Yes,No,,12,,2026,7,arcjacksonville.org
5811,Duval,THE CHEDER OF JACKSONVILLE,11271 ALUMNI WAY,JACKSONVILLE,32246,Yes,Yes,Yes,No,Yes,Yes,Jewish,KG-08,,2025,33,gmail.com
1459,Duval,THE COVENANT SCHOOL OF JACKSONVILLE INC,2300 BARTRAM RD,JACKSONVILLE,32207,Yes,Yes,Yes,No,Yes,Yes,Baptist,PK-12,COGNIA,2025,397,wearecovenant.org
3236,Duval,THE DISCOVERY SCHOOL,102 15TH STREET SOUTH,JACKSONVILLE BEACH,32250,Yes,Yes,Yes,No,Yes,No,,PK-08,FCIS,2025,291,thediscoveryschool.org
5157,Duval,The Goddard School of Baymeadows,8985 Annie Eliza Road,Jacksonville,32256,Yes,Yes,Yes,Yes,No,No,,PK-KG,,2025,78,sunshinepreschoolsfl.com
8167,Duval,The Mount Christian Academy of Excellence,,,,No,No,No,No,Yes,Yes,Baptist,PK-03,,2026,60,
2776,Duval,THE POTTER'S HOUSE CHRISTIAN ACADEMY,5732 NORMANDY BLVD.,JACKSONVILLE,32205,Yes,Yes,Yes,No,Yes,Yes,Non-Denominational,09-12,FACCS,2025,79,phcalions.org
4647,Duval,THE POTTER'S HOUSE CHRISTIAN ACADEMY ELEM,5732 NORMANDY BLVD.,JACKSONVILLE,32205,Yes,Yes,Yes,No,Yes,Yes,Non-Denominational,PK-08,COGNIA,2025,329,phcalions.org
3823,Duval,THE RANDOLPH FRANCIS ACADEMY INCORPORATED,8442 FURY DRIVE,JACKSONVILLE,32244,No,No,No,No,Yes,No,,,,2025,0,gmail.com
6462,Duval,THE SCIENCE AND MATH INSTITUTE,4640 RICKER ROAD,JACKSONVILLE,32210,Yes,Yes,Yes,No,No,No,,KG-11,,2025,46,samiacademy.com
9682,Duval,THE WAY CHRISTIAN ACADEMY,135 S CHAFFEE ROAD,JACKSONVILLE,32220,Yes,Yes,Yes,No,Yes,Yes,Assemblies of God,KG-03,,2025,31,whitehouseag.com
8629,Duval,TIPHNE DARSHAY HOLLIS FOUNDATION/HOLLIS ACA,3416 MONCRIEF ROAD,JACKSONVILLE,32254,Yes,Yes,Yes,No,Yes,Yes,Non-Denominational,09-12,,2025,46,outlook.com
4380,Duval,TORAH ACADEMY OF JACKSONVILLE,10167 SAN JOSE BLVD.,JACKSONVILLE,32257,Yes,Yes,Yes,No,Yes,Yes,Jewish,PK-12,COGNIA,2025,81,torah-academy.com
2334,Duval,TRINITY CHRISTIAN ACADEMY,800 HAMMOND BLVD.,JACKSONVILLE,32221,Yes,Yes,Yes,No,Yes,Yes,Baptist,PK-12,COGNIA,2025,1466,tcajax.org
2156,Duval,UNIVERSITY CHRISTIAN SCHOOL,5520 UNIVERSITY BLVD. WEST,JACKSONVILLE,32216,Yes,Yes,Yes,No,Yes,Yes,Baptist,PK-12,COGNIA,2025,904,ucsjax.com
6770,Duval,"University Performing Arts Academy, Inc",10151 Deerwood Park Boulevard Building 200 suite 250,Jacksonville,32256,No,No,No,No,Yes,No,,,,2025,0,universalperformingartsacademy.org
998,Duval,Upschool,,,,No,No,No,No,No,No,,,,2026,0,
2680,Duval,VFGP ACADEMY,4720 SALISBURY RD,JACKSONVILLE,32256,No,No,No,No,Yes,Yes,Non-Denominational,03-09,,2025,3,gmail.com
7188,Duval,Victorious Preparatory Academy,2629 edison ave,Jacksonville,32204,Yes,Yes,Yes,Yes,No,No,,PK-02,,2025,84,victoriousprepatoryacademy.com
2170,Duval,VICTORY CHRISTIAN ACADEMY,10613 LEM TURNER ROAD,JACKSONVILLE,32218,Yes,Yes,Yes,No,Yes,Yes,Baptist,PK-12,COGNIA,2026,222,victoryministry.com
2927,Duval,WEST MEADOWS BAPTIST ACADEMY,11711 NORMANDY BOULEVARD,JACKSONVILLE,32221,Yes,Yes,Yes,No,Yes,Yes,Baptist,KG-12,,2025,61,wmbcjax.org
4745,Duval,YOUNG HEARTS CHILD DEVELOPMENT PRE-K 2,4800 NORTH MAIN STREET,JACKSONVILLE,32206,Yes,Yes,Yes,No,No,No,,PK,,2026,1,aol.com
5812,Duval,YOUNG KIDS IN MOTION ACADEMY INC,6211 TERRY RD,JACKSONVILLE,32216,Yes,Yes,Yes,No,Yes,No,,KG-12,,2025,297,gmail.com
4926,Duval,ZAREPHATH ACADEMY,1028 EAST 10TH STREET,JACKSONVILLE,32206,Yes,Yes,Yes,No,Yes,Yes,Non-Denominational,KG-12,,2025,175,yahoo.com
1973,Escambia,ALETHEIA CHRISTIAN ACADEMY,1700 WOODCHUCK AVENUE,PENSACOLA,32504,Yes,Yes,Yes,No,Yes,Yes,Non-Denominational,PK-12,ACSI,2026,481,acalions.org
8044,Escambia,Aurora Astra Christian Academy,11412 Johnstone Drive,Pensacola,32534,No,No,No,No,No,No,Non-Denominational,07-12,,2026,4,
5565,Escambia,BB C CHRISTIAN ACADEMY,1505 WEST AVERY STREET,PENSACOLA,32501,Yes,Yes,Yes,No,Yes,Yes,Baptist,KG-05,,2025,53,gmail.com
4035,Escambia,BE ACADEMY LLC,4200 CRAWFORD DRIVE,PENSACOLA,32504,Yes,Yes,Yes,Yes,No,Yes,Non-Denominational,PK-05,,2025,91,beacademyllc.org
1843,Escambia,BEYOND THE BOOKS MONTESSORI ACADEMY INC.,4000 N PALAFOX ST,PENSACOLA,32505,Yes,Yes,Yes,Yes,No,No,,PK-11,,2025,63,yahoo.com
2726,Escambia,BLESSED STAR MONTESSORI CHRISTIAN SCHOOL,9151 N. DAVIS HWY,PENSACOLA,32514,Yes,Yes,Yes,Yes,Yes,Yes,Non-Denominational,KG-09,,2025,23,gmail.com
1878,Escambia,BRILLIANT MINDS ACADEMY INC.,40 E TEN MILE ROAD,PENSACOLA,32534,Yes,Yes,Yes,Yes,No,No,,,,2025,0,gmail.com
3598,Escambia,CARDEN CHRISTIAN ACADEMY,3290 BAUER ROAD,PENSACOLA,32506,Yes,Yes,Yes,No,No,Yes,Non-Denominational,PK-12,,2025,55,gmail.com
3220,Escambia,Champions Learning Academy,1240 W Scott Street,PENSACOLA,32501,No,No,No,No,No,No,,,,2026,0,championsrus.org
8,Escambia,CHESTERTON ACADEMY OF THE FLORIDA MARTYRS,P.O. BOX 588,PENSACOLA,32591,Yes,Yes,Yes,No,Yes,Yes,Catholic,09-12,,2026,25,chestertonpensacola.org
1413,Escambia,CHRISTIAN INSTITUTE OF ARTS AND SCIENCES,2007 NORTH 61ST AVE.,PENSACOLA,32506,Yes,Yes,Yes,Yes,Yes,Yes,Multi/ Inter/ Trans-Denominational,KG-12,FCCPSA,2025,129,christianinstitute.com
3072,Escambia,CREATIVE LEARNING ACADEMY OF PENSACOLA,3151 HYDE PARK RD.,PENSACOLA,32503,Yes,Yes,Yes,No,Yes,No,,PK-08,COGNIA,2025,361,creativelearningacademy.org
1194,Escambia,CTT 365 CHOSEN HERITAGE,PO BOX 18191,PENSACOLA,32523,No,No,No,No,Yes,No,,,,2026,0,gmail.com
6836,Escambia,D T PREPARATORY ACADEMY INC,1780 WEST DETROIT BOULEVARD,PENSACOLA,32534,Yes,Yes,Yes,No,Yes,Yes,Non-Denominational,KG-08,,2026,232,dtprepacademy.org
6994,Escambia,DIXON SCHOOL OF ARTS AND SCIENCES,1201 NORTH H STREET,PENSACOLA,32501,Yes,Yes,Yes,No,Yes,No,,KG-08,,2025,260,dixonschoolota.org
3719,Escambia,EAST HILL ACADEMY INC.,P.O. BOX 12044,PENSACOLA,32591,Yes,Yes,Yes,No,Yes,No,,KG-12,,2025,94,easthillacademy.com
717,Escambia,EAST HILL CHRISTIAN SCHOOL,1301 E. GONZALEZ STREET,PENSACOLA,32501,Yes,Yes,Yes,No,Yes,Yes,Non-Denominational,04-12,ACSI,2025,289,ehcseagles.com
5757,Escambia,EAST HILL CHRISTIAN SCHOOL,1301 E GONZALEZ STREET,PENSACOLA,32501,Yes,Yes,Yes,No,Yes,Yes,Non-Denominational,PK-05,,2025,219,ehcseagles.com
777,Escambia,EPISCOPAL DAY SCHOOL CHRIST CHURCH,223 N. PALAFOX ST.,PENSACOLA,32502,No,No,No,No,Yes,Yes,Episcopalian,PK-08,FCIS,2025,451,edscc.org
5568,Escambia,HILLCREST PRIVATE ACADEMY,7150 TIPPIN AVE 11456,PENSACOLA,32504,No,No,No,No,No,No,,PK-12,,2025,1239,hc-pa.com
3723,Escambia,JUBILEE CHRISTIAN ACADEMY,5910 NORTH W STREET,PENSACOLA,32505,Yes,Yes,Yes,No,Yes,Yes,Non-Denominational,PK-11,,2025,190,jcakids.org
1945,Escambia,Key Music Academy,615 N. W STREET,PENSACOLA,32505,Yes,Yes,Yes,Yes,No,Yes,Non-Denominational,06-11,,2025,78,gmail.com
2388,Escambia,LA FAMILIA CHRISTIAN SCHOOL,1499 CHEMSTRAND RD,CANTONMENT,32533,No,No,No,No,Yes,Yes,Baptist,PK-04,,2025,4,students.pcci.edu
8859,Escambia,Life Shifting Next Level Educational Center,1403 W. St Joseph Ave,PENSACOLA,32501,Yes,Yes,Yes,Yes,No,Yes,Non-Denominational,PK-11,,2025,163,gmail.com
6427,Escambia,LIGHTHOUSE PRIVATE CHRISTIAN ACADEMY PREP,1530 NEW HOPE RD,GULF BREEZE,32563,Yes,Yes,Yes,Yes,Yes,Yes,Non-Denominational,KG-12,CSF,2025,240,lighthousepca.com
1066,Escambia,LITTLE FLOWER CATHOLIC,6495 LILLIAN HIGHWAY,PENSACOLA,32506,Yes,Yes,Yes,No,Yes,Yes,Catholic,PK-08,FCCAP,2026,215,ptlittleflower.org
1964,Escambia,LOVE NATION CHILD DEVELOPMENT CENTER,25 E. NINE MILE RD,PENSACOLA,32534,No,No,No,No,Yes,Yes,Non-Denominational,PK,,2025,2,lnchilddevelopmentcenter.com
4922,Escambia,MARCUS POINTE CHRISTIAN SCHOOL,6205 NORTH W STREET,PENSACOLA,32505,Yes,Yes,Yes,Yes,Yes,Yes,Baptist,PK-08,,2026,326,marcuspointechristian.org
3956,Escambia,MONTESSORI SCHOOL OF PENSACOLA,4100 MONTESSORI DR,PENSACOLA,32504,Yes,Yes,Yes,No,No,No,,PK-KG,,2026,96,montessoripensacola.com
7155,Escambia,MOTHER CLELIA MORNING STAR HIGH SCHOOL,70 HUNTER AVE,PENSACOLA,32505,Yes,Yes,Yes,No,Yes,Yes,Catholic,09-12,,2025,29,ptdiocese.org
3374,Escambia,PENSACOLA ADVENTIST ACADEMY,8751 UNIVERSITY PARKWAY,PENSACOLA,32514,Yes,Yes,Yes,No,Yes,Yes,Seventh Day Adventist,PK-11,,2025,47,yahoo.com
1108,Escambia,PENSACOLA CATHOLIC HIGH SCHOOL,3043 WEST SCOTT STREET,PENSACOLA,32505,Yes,Yes,Yes,No,Yes,Yes,,07-10,COGNIA,2026,718,pensacolachs.org
1147,Escambia,PENSACOLA CHRISTIAN ACADEMY,10 BRENT LANE,PENSACOLA,32503,No,No,No,No,Yes,Yes,Baptist,PK-12,FACCS,2025,2127,pcastaff.com
5523,Escambia,PENSACOLA LEARNING ACADEMY,3186 GATEWAY LANE,CANTONMENT,32533,Yes,Yes,Yes,Yes,Yes,No,,KG-12,,2025,262,gmail.com
1598,Escambia,PENSACOLA PRIVATE SCHOOL OF LIBERAL ARTS,1020 BIG OAK LANE,CANTONMENT,32533,Yes,Yes,Yes,No,Yes,No,,09-12,,2025,40,pensacolasola.org
3855,Escambia,PENTECOSTAL TEMPLE PREPARATORY ACADEMY,6550 N PALAFOX ST,PENSACOLA,32505,Yes,Yes,Yes,No,Yes,Yes,Pentecostal,KG-07,,2026,57,ptpreparatory.com
5679,Escambia,"Performance Learning Academy, Inc.",3186 Gateway Lane,Cantonment,32533,Yes,Yes,Yes,Yes,No,No,,,,2025,0,gmail.com
9413,Escambia,PERSONALIZED LEARNING KINGDOM ACADEMY,2 FAIRFAX CIR,PENSACOLA,32503,Yes,Yes,Yes,No,Yes,Yes,Non-Denominational,PK-12,,2025,30,gmail.com
6453,Escambia,PHOENIX LEARNING ACADEMY INC.,9608 NORTH PALAFOX STREET,PENSACOLA,32534,Yes,Yes,Yes,No,Yes,No,,01-12,,2026,18,phoenixlearningacademy.org
8935,Escambia,PLA LEARNING ACADEMY,PO BOX 16445,PENSACOLA,32507,Yes,Yes,Yes,No,No,Yes,Non-Denominational,PK-07,,2025,6,gmail.com
895,Escambia,POTENTIAL CHRISTIAN ACADEMY PENSACOLA,3351 CREIGHTON ROAD,PENSACOLA,32504,Yes,Yes,Yes,No,Yes,Yes,Baptist,PK-02,,2025,57,ilovepca.com
1215,Escambia,REDEEMER LUTHERAN ELEM/MIDDLE SCHOOL,333 COMMERCE STREET,PENSACOLA,32507,Yes,Yes,Yes,No,Yes,Yes,Lutheran,PK-08,,2025,231,redeemerschoolpensacola.org
1647,Escambia,S.L. JONES CHRISTIAN ACADEMY,2480 TRONJO CIRCLE,PENSACOLA,32503,Yes,Yes,Yes,No,Yes,Yes,Non-Denominational,KG-12,COGNIA,2025,249,sljcainc.com
1254,Escambia,SACRED HEART CATHEDRAL SCHOOL,1603 N 12TH AVENUE,PENSACOLA,32503,Yes,Yes,Yes,No,Yes,Yes,Catholic,PK-08,FCCAP,2025,386,shcs.ptdiocese.org
1315,Escambia,SAINT JOHN THE EVANGELIST,325 S NAVY BOULEVARD,PENSACOLA,32507,Yes,Yes,Yes,No,Yes,Yes,Catholic,PK-08,FCCAP,2025,279,sjsw.ptdiocese.org
1384,Escambia,SAINT PAUL CATHOLIC,3121 HYDE PARK ROAD,PENSACOLA,32503,Yes,Yes,Yes,No,Yes,Yes,Catholic,PK-08,FCCAP,2025,346,stpaulcatholic.net
2029,Escambia,SOMERSET UNIVERSITY PREPARATORY ACADEMY,11000 UNIVERSITY PKWY. BLDG 85,PENSACOLA,32514,No,No,No,No,Yes,No,,,,2025,0,materbiscayne.org
3459,Escambia,THE MONTESSORI SCHOOL OF PENSACOLA,4100 MONTESSORI DRIVE,PENSACOLA,32504,Yes,Yes,Yes,No,No,No,,PK-KG,COGNIA,2026,33,montessoripensacola.com
5203,Escambia,"The Wright Learning Academy, LLC.","2851 N ""E' Street",Pensacola,32501,Yes,Yes,Yes,Yes,No,No,,,,2026,0,thewrightgroup.org
1448,Escambia,TRINITAS CHRISTIAN SCHOOL,3301 EAST JOHNSON AVENUE,PENSACOLA,32514,Yes,Yes,Yes,No,Yes,Yes,Non-Denominational,PK-12,,2026,168,trinitaschristian.org
6192,Escambia,UMBRELLA LEARNING ACADEMY,4081 EAST OLIVE ROAD,PENSACOLA,32514,Yes,Yes,Yes,No,Yes,No,,PK-12,,2025,144,umbrellalearningacademy.com
6410,Escambia,Warrington Prep Academy,450 S Old Corry Field Rd.,Pensacola,32507,No,No,No,No,Yes,No,,09-11,,2025,60,warringtonprep.org
2673,Flagler,ADVENTURE AVENUE PALM COAST LLC,515 PALM COAST PKWY SW STE 27,PALM COAST,32137,Yes,Yes,Yes,No,Yes,No,,,,2025,0,adventureavenueacademy.com
1280,Flagler,ATLAS ACADEMY,3601 E MOODY BLVD.,BUNNELL,32110,Yes,Yes,Yes,Yes,Yes,No,,01-12,,2025,29,atlasacademy.info
5504,Flagler,CHRIST THE KING LUTHERAN SCHOOL,5625 N US HWY 1,PALM COAST,32164,Yes,Yes,Yes,No,Yes,Yes,Lutheran,PK-08,,2026,281,ctkpalmcoast.com
7250,Flagler,CHRISTIAN LIFE ACADEMY,5200 BELLE TERRE PKWY,PALM COAST,32137,Yes,Yes,Yes,No,Yes,Yes,Pentecostal,KG-12,,2025,52,gmail.com
5293,Flagler,COASTAL EDUCATION CENTER,8 N. VILLAGE DR.,PALM COAST,32137,Yes,Yes,Yes,No,Yes,Yes,Non-Denominational,06-12,,2025,37,gmail.com
5569,Flagler,FIRST BAPTIST CHRISTIAN ACADEMY,1 PINE LAKES PKWY N,PALM COAST,32137,Yes,Yes,Yes,No,Yes,Yes,Baptist,PK-12,COGNIA,2026,685,crusadersonline.org
6686,Flagler,FREEDOMSCHOOLERS ACADEMY,8 FARMBROOK LANE,PALM COAST,32137,No,No,No,No,No,Yes,Non-Denominational,PK-12,,2025,1080,freedomschoolers.com
8513,Flagler,GARDEN OF FAITH SCHOOL OF ARTS INC.,313 OLD BRICK ROAD,BUNNELL,32110,Yes,Yes,Yes,No,Yes,Yes,Non-Denominational,KG-09,,2025,13,gmail.com
9370,Flagler,OCEAN LEARNING CENTER LLC,160 CYPRESS POINT PKWY B107,PALM COAST,32164,Yes,Yes,Yes,Yes,No,No,,07-10,,2025,17,oceanlearningcenter.info
7597,Flagler,PALM COAST CHRISTIAN ACADEMY,1 COMMERCIAL CT.,PALM COAST,32137,Yes,Yes,Yes,No,Yes,Yes,Pentecostal,01-11,,2025,18,yahoo.com
9425,Flagler,PALM HARBOR ACA INC.DBA ACADEMY OF EXCELLE,91 OLD KINGS RD N,PALM COAST,32137,Yes,Yes,Yes,No,Yes,No,,PK-11,,2025,51,aol.com
2779,Flagler,PHOENIX PREPARATORY SCHOOL,7707 MERRIL RD,JACKSONVILLE,32277,No,No,No,No,Yes,Yes,Jewish,,,2026,0,gmail.com
832,Flagler,ST. ELIZABETH ANN SETON CATHOLIC SCHOOL,4600 BELLE TERRE PKWY STE.B,PALM COAST,32164,Yes,Yes,Yes,No,Yes,Yes,Catholic,PK-08,FCCAP,2026,221,seaspc.org
5072,Flagler,SUNCOAST COMMUNITY SCHOOL,201 W MOODY BLVD,BUNNELL,32110,Yes,Yes,Yes,No,Yes,Yes,Non-Denominational,PK-11,,2025,277,suncoastcommunityschool.com
2947,Flagler,SUNCOAST COMMUNITY SCHOOL,201 W Moody Blvd,Bunnell,32110,Yes,Yes,Yes,No,Yes,Yes,Non-Denominational,,,2026,0,suncoastcommunityschool.com
9842,Flagler,TALEGA PREPARATORY ACADEMY,42 FLAGLER DRIVE,PALM COAST,32137,No,No,No,No,No,No,,01-11,,2025,13,talegaprep.com
2944,Flagler,THE ELEMENT MONTESSORI SCHOOL,624 SOUTH 23 STREET,FLAGLER BEACH,32136,Yes,Yes,Yes,No,No,No,,PK-12,,2026,31,gmail.com
3830,Flagler,UNITED METHODIST CHRISTIAN SCHOOL,6500 BELLE TERRE PARKWAY,PALM COAST,32137,Yes,Yes,Yes,No,Yes,Yes,Methodist,PK-01,FLOCS,2026,58,palmcoastumcs.org
7952,Franklin,ED CORPS HIGH SCHOOL,60 ISLAND DRIVE,EASTPOINT,32328,Yes,Yes,Yes,No,No,No,,11-12,,2026,9,edcorpshs.org
833,Franklin,FIRST BAPTIST CHRISTIAN SCHOOL,46 9TH STREET,APALACHICOLA,32320,Yes,Yes,Yes,No,Yes,Yes,Baptist,PK-11,,2025,41,fairpoint.net
8704,Gadsden,FRANKLIN ACADEMY INC.,1101 MISSIONWOOD LN,TALLAHASSEE,32304,Yes,Yes,Yes,No,Yes,Yes,Non-Denominational,KG-12,,2025,23,gmail.com
8860,Gadsden,HLC LEADERSHIP ACADEMY,P.O. BOX 2395,HAVANA,32333,Yes,Yes,Yes,No,Yes,No,,03-12,,2025,12,yahoo.com
9308,Gadsden,NORTH FLORIDA EDUCATION SERVICES,860 STRONG RD,QUINCY,32351,Yes,Yes,Yes,Yes,No,No,,PK-08,,2025,51,nflts.net
779,Gadsden,ROBERT F MUNROE DAY SCHOOL,28424 BLUE STAR HWY,HAVANA,32333,Yes,Yes,Yes,Yes,Yes,No,,PK-12,COGNIA,2025,408,rfmunroe.org
575,Gadsden,TALLAVANA CHRISTIAN SCHOOL,5840 HAVANA HWY.,HAVANA,32333,Yes,Yes,Yes,No,Yes,Yes,Non-Denominational,PK-12,"FLOCS, COGNIA",2025,188,gmail.com
5672,Gilchrist,ESTHER'S SCHOOL BELL,1079 KUSHMER STREET,BELL,32619,Yes,Yes,Yes,No,Yes,Yes,Non-Denominational,KG-12,FLOCS,2025,63,estherschool.net
5585,Gilchrist,FIRST PLACE ACADEMY,328 NE 2ND AVE,TRENTON,32693,Yes,Yes,Yes,Yes,Yes,Yes,Baptist,PK-12,,2026,144,myfbct.com
430,Gilchrist,RIVERSIDE CHRISTIAN SCHOOL,8149 S.W. CR 341,TRENTON,32693,Yes,Yes,Yes,No,Yes,Yes,Baptist,PK-12,CGACS,2025,234,gmail.com
2758,Gilchrist,VICTORY CHRISTIAN SATELLITE SCHOOLS LLC,6191 SW COUNTY ROAD 344,TRENTON,32693,No,No,No,No,No,Yes,Non-Denominational,05-12,,2025,8,gmail.com
5138,Glades,AGAPE CHRISTIAN ACADEMY,24068 US HIGHWAY 27,MOORE HAVEN,33471,Yes,Yes,Yes,No,Yes,Yes,Pentecostal,KG-12,,2025,39,yahoo.com
2889,Glades,MOORE HAVEN CHRISTIAN ACADEMY,3006 WAYMAN RD,MOORE HAVEN,33471,Yes,Yes,Yes,No,No,Yes,Non-Denominational,06-12,,2025,33,gmail.com
1737,Glades,NEW LIFE 4CHRIST ACADEMY,PO BOX 306,MOORE HAVEN,33471,Yes,Yes,Yes,Yes,Yes,Yes,Non-Denominational,,,2025,0,gmail.com
6530,Glades,PRICELESS TREASURES ACADEMY,PO BOX 202,PALMDALE,33944,No,No,No,No,No,Yes,Non-Denominational,PK-12,,2025,105,gmail.com
433,Gulf,FAITH CHRISTIAN SCHOOL,801 20TH STREET,PORT SAINT JOE,32456,Yes,Yes,Yes,No,Yes,Yes,Non-Denominational,PK-12,,2026,145,faithchristianschool.us
5530,Gulf,SHORELINE CENTER FOR EXCEPTIONAL STUDENTS,528 CECIL COSTIN SR. BOULEVARD,PORT ST. JOE,32456,Yes,Yes,Yes,No,No,No,,01-12,,2026,9,live.com
5430,Hamilton,ACHIEVER'S CHRISTIAN ACADEMY INC.,PO BOX 456,JENNINGS,32053,Yes,Yes,Yes,No,Yes,Yes,Multi/ Inter/ Trans-Denominational,KG-08,,2025,11,yahoo.com
7550,Hamilton,BRIGHTER DAY PERFORMANCE LEADERSHIP ACADEMY,3764 RIDGEMERE DRIVE,VALDOSTA,31605,No,No,No,No,No,No,,,,2025,0,gmail.com
5781,Hamilton,COREY MAURICE JACKSON ACADEMY INC.,P O Box 1214,Jasper,32052,Yes,Yes,Yes,No,Yes,Yes,Pentecostal,KG-11,,2026,23,icloud.com
3336,Hamilton,CORINTH CHRISTIAN ACADEMY,1285 FLORIDA STREET,JENNINGS,32053,Yes,Yes,Yes,No,Yes,Yes,Baptist,KG-12,,2025,152,corinthchristianacademy.net
434,Hamilton,JENNINGS FIRST CHRISTIAN SCHOOL,P.O.BOX37,JENNINGS,32053,No,No,No,No,Yes,Yes,Assemblies of God,KG-12,,2025,13,windstream.net
5122,Hamilton,THE OAKS PRIVATE SCHOOL,4600 SW 63RD RUN,Jasper,32052,No,No,No,No,No,Yes,Non-Denominational,KG-12,"COGNIA, FCCPSA",2025,112,theoaksprivateschool.com
1152,Hardee,ACHIEVE AND SHINE LEARNING CENTER INC.,713 EAST BAY ST.,WAUCHULA,33873,Yes,Yes,Yes,No,No,No,,KG-11,,2025,37,gmail.com
5911,Hardee,ALANE ACADEMY,316 TERRELL ROAD,WAUCHULA,33873,Yes,Yes,Yes,No,No,No,,PK-08,,2025,84,gmail.com
7612,Hardee,AMERICA'S HS CHRISTIAN ACADEMY,1320 MOCKINGBIRD ROAD,WAUCHULA,33873,No,No,No,No,No,Yes,Non-Denominational,06-08,,2025,2,hotmail.com
435,Hardee,LAKESIDE NEUROLOGIC,P.O. BOX 1348,WAUCHULA,33873,No,No,No,No,No,No,,07-12,"AISF, COGNIA",2026,18,lakesideneurologic.com
4899,Hendry,CLEWISTON CHRISTIAN SCHOOL,PO BOX 129,CLEWISTON,33440,Yes,Yes,Yes,No,Yes,Yes,Non-Denominational,,COGNIA,2026,0,clewistonchristian.org
6206,Hendry,Dream Academy of Business and Health Science,PO Box 194,Clnewisto,33440,No,No,No,No,Yes,No,,,,2025,0,yahoo.com
2960,Hendry,HARVEST ACADEMY CHRISTIAN SCHOOL,370 HOLIDAY ISLES BLVD.,CLEWISTON,33440,Yes,Yes,Yes,Yes,Yes,Yes,Non-Denominational,KG-12,,2026,166,harvestacademy.net
5659,Hendry,INTERNATIONAL CHRISTIAN ACADEMY OF LABELLE,PO BOX 398,LABELLE,33975,Yes,Yes,Yes,No,Yes,Yes,Pentecostal,PK-12,,2025,110,gmail.com
589,Hendry,LIONS CHRISTIAN ACADEMY,207 PINE LANE,CLEWISTON,33440,Yes,Yes,Yes,No,Yes,Yes,Church of God,KG-09,,2025,13,gmail.com
5963,Hernando,CHRISTIAN LIFE ACADEMY,PO BOX 12188,BROOKSVILLE,34603,Yes,Yes,Yes,Yes,No,Yes,Non-Denominational,PK-12,,2025,43,outlook.com
3088,Hernando,CONKLIN INTERNATIONAL ACADEMY,7750 OKEECHOBEE BOULEVARD,WEST PALM BEACH,33411,No,No,No,No,No,Yes,Non-Denominational,KG-07,,2025,11,conklinacademy.com
5966,Hernando,ENTIRETY K-12,990 PONCE DE LEON BLVD.,BROOKSVILLE,34601,Yes,Yes,Yes,No,No,No,,KG-12,,2026,125,entiretyk12.com
8239,Hernando,ESTHER'S SCHOOL INC - SPRING HILL,8064 SPRING HILL BLVD,SPRING HILL,34606,Yes,Yes,Yes,No,Yes,Yes,Non-Denominational,KG-12,,2025,91,estherschool.net
4093,Hernando,FAITH CHRISTIAN ACADEMY,175 SPRINGTIME ST.,SPRING HILL,34608,Yes,Yes,Yes,No,Yes,Yes,Baptist,KG-12,,2025,103,faithsh.org
7266,Hernando,GRACE EDUCATION ACADEMY LLC,5408 PATRICIA PLACE,WEEKI WACHEE,34607,Yes,Yes,Yes,No,Yes,Yes,Non-Denominational,PK-02,,2026,45,gmail.com
9247,Hernando,GRACE EDUCATION ACADEMY LLC WEST,11089 HEARTH ROAD,SPRING HILL,34608,Yes,Yes,Yes,No,Yes,Yes,Non-Denominational,03-12,,2026,137,gmail.com
369,Hernando,GRACE LEADERSHIP ACADEMY,20366 CORTEZ BLVD,BROOKSVILLE,34601,Yes,Yes,Yes,No,Yes,Yes,Assemblies of God,KG-10,,2025,121,graceleadershipacademy.org
894,Hernando,HERNANDO CHRISTIAN ACADEMY,7200 EMERSON ROAD,BROOKSVILLE,34601,Yes,Yes,Yes,No,Yes,Yes,Non-Denominational,PK-12,COGNIA,2026,407,hernandochristian.org
8070,Hernando,LEARNING LIFE ACADEMY,7352 NORTHWEST AVE,WEBSTER,33597,No,No,No,No,No,Yes,Baptist,06-12,,2025,2,gmail.com
5437,Hernando,LIFE PREPARATORY SCHOOL,6001 DELTONA BLVD,SPRING HILL,34606,Yes,Yes,Yes,No,Yes,Yes,Non-Denominational,PK-02,,2026,132,greatlifechurch.com
693,Hernando,LIFE PREPARATORY SCHOOL - EAST,14494 CORTEZ BLVD,BROOKSVILLE,34613,Yes,Yes,Yes,Yes,Yes,Yes,Non-Denominational,03-12,,2025,174,gmail.com
9828,Hernando,LIFELINE UNIVERSITY INC,PO BOX 15748 AVIATION LOOP,BROOKSVILLE,34604,No,No,No,No,Yes,Yes,Baptist,09,,2025,2,me.com
780,Hernando,METHODIST SCHOOL CENTER,109 S. BROAD ST,BROOKSVILLE,34601,Yes,Yes,Yes,No,Yes,Yes,Methodist,PK-08,,2025,177,1stmsc.com
964,Hernando,NOTRE DAME CATHOLIC SCHOOL,1095 COMMERCIAL WAY,SPRING HILL,34606,Yes,Yes,Yes,No,Yes,Yes,Catholic,PK-08,FCCAP,2025,288,ndcsfl.org
9575,Hernando,OUR LADY OF FATIMA ACADEMY,10360 ATLANTA AVE,BROOKSVILLE,34614,Yes,Yes,Yes,Yes,Yes,Yes,Catholic,PK-02,,2025,24,gmail.com
4540,Hernando,QUEEN OF ALL SAINTS ACADEMY,1000 Spring Lake Hwy,BROOKSVILLE,34602,Yes,Yes,Yes,No,Yes,Yes,Catholic,KG-12,,2026,108,qasonline.org
9480,Hernando,REACH ACADEMY,7318 SUNSHINE GROVE ROAD,BROOKSVILLE,34613,Yes,Yes,Yes,Yes,Yes,No,,PK-10,,2025,29,foreach1.org
660,Hernando,RIDGE MANOR CHRISTIAN ACADEMY,34275 CORTEZ BLVD,RIDGE MANOR,33523,Yes,Yes,Yes,No,Yes,Yes,Non-Denominational,KG-12,CGACS,2026,117,gmail.com
4074,Hernando,ROOTS ACADEMY OF BROOKSVILLE,16 LONE PINE ST,HOMOSASSA,34446,Yes,Yes,Yes,No,No,No,,KG-05,,2025,5,rootsbrooksville.com
1180,Hernando,SPRING HILL CHRISTIAN ACADEMY,3140 MARINER BLVD.,SPRING HILL,34609,Yes,Yes,Yes,No,Yes,Yes,Baptist,01-12,FACCS,2026,294,springhillca.com
1370,Hernando,SPRING HILL CHRISTIAN ACADEMY WEST,,,,Yes,Yes,Yes,No,Yes,Yes,Baptist,PK-KG,FACCS,2026,58,springhillca.com
4887,Hernando,Twc Academy,515 S. Main Street,,34785-4315,No,No,No,No,Yes,Yes,Non-Denominational,,,2026,0,yahoo.com
1255,Hernando,WEST HERNANDO CHRISTIAN SCHOOL,2250 OSOWAW BLVD.,SPRING HILL,34607,Yes,Yes,Yes,No,Yes,Yes,Non-Denominational,PK-12,,2026,260,whcs.net
834,Hernando,WIDER HORIZONS SCHOOL,4060 CASTLE AVENUE,SPRING HILL,34609,Yes,Yes,Yes,No,No,No,,PK-12,COGNIA,2025,127,widerhorizonsschool.com
7245,Hernando,WIGGLE WORMS LEARNING CENTER,7279 PINEHURST DR.,SPRING HILL,34606,Yes,Yes,Yes,No,No,Yes,Baptist,PK-03,,2025,31,gmail.com
46,Highlands,ASSEMBLY ACADEMY,6500 US 27 N,SEBRING,33870,Yes,Yes,Yes,No,Yes,Yes,Assemblies of God,KG-04,,2025,18,gmail.com
8204,Highlands,BUSY KIDS CREATIVE LEARNING CENTER INC.,922 PERSIMMON AVENUE,SEBRING,33870,Yes,Yes,Yes,No,No,No,,PK-01,,2025,127,gmail.com
6875,Highlands,CORNERSTONE CHRISTIAN ACADEMY,2600 N. HIGHLANDS BLVD,AVON PARK,33825,Yes,Yes,Yes,No,Yes,Yes,Baptist,KG-12,,2025,170,geodevinc.net
9248,Highlands,CRANE BROOK ACADEMICS,P.O. BOX 1042,LAKE PLACID,33862,Yes,Yes,Yes,No,Yes,No,,01-12,,2025,48,golpell.org
1350,Highlands,HEARTLAND CHRISTIAN SCHOOL,1160 PERSIMMON AVENUE,SEBRING,33870,Yes,Yes,Yes,Yes,Yes,Yes,Non-Denominational,PK-12,"FLOCS, COGNIA",2026,332,heartlandchristian.org
6115,Highlands,INDEPENDENT BAPTIST ACADEMY,5704 CR 17 S,SEBRING,33876,Yes,Yes,Yes,No,Yes,Yes,Baptist,KG-11,,2026,26,gmail.com
836,Highlands,LAKEVIEW CHRISTIAN SCHOOL,496 KENT AVE,LAKE PLACID,33852,Yes,Yes,Yes,No,Yes,Yes,Non-Denominational,PK-08,,2026,149,lakeviewchristianschool.org
5642,Highlands,Life Christian Academy,910 West Martin Road,Avon Park,33825,Yes,Yes,Yes,No,Yes,Yes,Church of God,,,2025,0,gmail.com
3350,Highlands,MAVITA O. G. EXCEPTIONAL LEARNING ACADEMY,119 MARTIN STREET,LAKE PLACID,33852,No,No,No,No,No,No,,06-08,,2025,3,yahoo.com
7754,Highlands,OASIS ADONAI ACADEMY,975 CR 621 E,LAKE PLACID,33852,Yes,Yes,Yes,No,Yes,Yes,Non-Denominational,KG-12,,2026,40,gmail.com
2259,Highlands,PARKVIEW PREP ACADEMY,107 A MIRACLE AVE.,AVON PARK,33825,Yes,Yes,Yes,No,Yes,Yes,Non-Denominational,PK-12,,2026,194,gmail.com
1659,Highlands,SPARTA CHRISTIAN ACADEMY,1305 TRAVERTINE TER,SANFORD,32771,Yes,Yes,Yes,No,No,No,,KG,,2025,15,gmail.com
1433,Highlands,ST. CATHERINE CATHOLIC SCHOOL,882 BAY STREET,SEBRING,33870,Yes,Yes,Yes,No,Yes,Yes,Catholic,01-08,FCCAP,2026,130,stcatheschool.org
5463,Highlands,ST. CATHERINE CATHOLIC SCHOOL 2,882 BAY STREET,SEBRING,33870,Yes,Yes,Yes,No,Yes,Yes,Catholic,PK-KG,,2026,45,stcatheschool.org
1707,Highlands,SUN N LAKE CHRISTIAN ACADEMY,1305 TRAVERTINE TER,SANFORD,32771,Yes,Yes,Yes,No,No,No,,KG-04,,2025,54,gmail.com
3777,Highlands,SYNERGY EDUCATION SERVICES INC.,326 N RIDGEWOOD DRIVE,SEBRING,33870,Yes,Yes,Yes,Yes,Yes,No,,,,2025,0,shg.center
9840,Highlands,THE ACADEMY AT THE PARC,5710 BIRCH AVENUE,SEBRING,33876,Yes,Yes,Yes,No,No,No,,PK-11,,2025,100,academyattheparc.com
438,Highlands,WALKER MEMORIAL ACADEMY,1525 W. AVON BOULEVARD,AVON PARK,33825,Yes,Yes,Yes,No,Yes,Yes,Seventh Day Adventist,KG-12,COGNIA,2025,225,wmaeagles.org
529,Hillsborough,A MORE EXCELLENT WAY ACADEMY INC,302 E LINEBAUGH AVENUE,TAMPA,33612,No,No,No,No,Yes,No,,,,2025,0,gmail.com
7105,Hillsborough,ACADEMY OF MONTESSORI INTERNATIONAL,15421 MORRIS BRIDGE ROAD,THONOTOSASSA,33592,Yes,Yes,Yes,No,No,No,,PK-06,,2025,91,gmail.com
724,Hillsborough,ACADEMY OF THE HOLY NAMES,3319 BAYSHORE BOULEVARD,TAMPA,33629,Yes,Yes,Yes,No,Yes,Yes,Catholic,PK-12,COGNIA,2026,1040,holynamestpa.org
4256,Hillsborough,ACADEMY PREP CENTER OF TAMPA INC.,1407 E. COLUMBUS DRIVE,TAMPA,33605,Yes,Yes,Yes,No,Yes,No,,05-08,FCIS,2026,143,academyprep.org
9423,Hillsborough,ACHIEVERS DAY SCHOOL INC,18288 N US HWY 41,LUTZ,33549,Yes,Yes,Yes,No,No,No,,PK-12,,2025,32,achieveabilitytherapy.com
5340,Hillsborough,Amazing Explorers Academy,10011 Westpark Preserve Boulevard,Tampa,33625,Yes,Yes,Yes,No,No,No,,PK,,2025,39,aexplorers.com
1410,Hillsborough,AMERICAN EDUCATION INTERNATIONAL K-12,615 CHANNELSIDE DR.,TAMPA,33602,No,No,No,No,No,No,,,,2025,0,gmail.com
2267,Hillsborough,AMERICAN MONTESSORI PREPARATORY SCHOOL,15102 AMBERLY DRIVE,TAMPA,33647,Yes,Yes,Yes,No,No,No,,PK-KG,,2025,25,gmail.com
4409,Hillsborough,AMERICAN YOUTH ACADEMY INC.,5905 EAST 130TH AVE.,TAMPA,33617,Yes,Yes,Yes,No,Yes,Yes,Islamic/Muslim,PK-12,COGNIA,2026,1201,ayatampa.com
494,Hillsborough,APOLLO ACADEMY,1309 W. SWANN AVE,TAMPA,33606,Yes,Yes,Yes,Yes,No,No,,KG-07,,2025,34,theapolloacademy.com
7192,Hillsborough,BAYCREST ACADEMY FOR CREATIVE LEARNING,1904 FRUITRIDGE STREET,BRANDON,33510,Yes,Yes,Yes,No,No,No,,KG-11,,2025,20,gmail.com
2534,Hillsborough,BAYSHORE CHRISTIAN SCHOOL,3909 S. MACDILL AVENUE,TAMPA,33611,Yes,Yes,Yes,No,Yes,Yes,Non-Denominational,PK-12,COGNIA,2025,388,bayshorechristianschool.org
3654,Hillsborough,BEACH PARK SCHOOL,4200 W. NORTH A STREET,TAMPA,33609,Yes,Yes,Yes,No,Yes,No,,PK-11,,2025,81,beachparkschool.org
2764,Hillsborough,BELL SHOALS ACADEMY,2102 BELL SHOALS ROAD,BRANDON,33511,Yes,Yes,Yes,No,Yes,Yes,Baptist,PK-09,ACSI,2025,642,bellshoals.com
2777,Hillsborough,BIBLE TRUTH MINISTRIES,4902 NORTH 22ND ST,TAMPA,33610,Yes,Yes,Yes,Yes,Yes,Yes,Pentecostal,PK-11,FLOCS,2025,108,yahoo.com
1030,Hillsborough,BRANDON ACADEMY LLC,801 LIMONA ROAD,BRANDON,33510,Yes,Yes,Yes,No,No,No,,PK-12,COGNIA,2026,221,brandon-academy.com
9628,Hillsborough,BRANDON CLASSICAL CHRISTIAN SCHOOL,402 EAST LUMSDEN ROAD,BRANDON,33511,Yes,Yes,Yes,No,Yes,Yes,Presbyterian,KG-02,,2026,20,wpcbrandon.org
9599,Hillsborough,BRIDGEMONT INTERNATIONAL SCHOOL,4532 WEST KENNEDY BLVD. # 233,TAMPA,33609,No,No,No,No,No,No,,,COGNIA,2025,0,bridgemontschool.com
8106,Hillsborough,BRILLIANT MICROSCHOOLS,1032 E BRANDON BLVD 6442,BRANDON,33511,No,No,No,No,No,No,,KG-12,COGNIA,2025,143,brilliantmicroschool.org
4434,Hillsborough,BROOKE HOUSE ACADEMY TAMPA,260 1ST AVE S,SAINT PETERSBURG,33701,Yes,Yes,Yes,Yes,Yes,No,,,,2025,0,brookehouseacademy.com
49,Hillsborough,BY THE GRACE OF GOD CHRISTIAN ACADEMY,3313 E. SHADOWLAWN AVE,TAMPA,33610,No,No,No,No,Yes,Yes,Non-Denominational,,,2025,0,gmail.com
7246,Hillsborough,CAMBRIDGE CHRISTIAN SCHOOL,6101 N. HABANA AVE.,TAMPA,33614,Yes,Yes,Yes,No,Yes,Yes,Non-Denominational,PK-12,COGNIA,2025,945,ccslancers.com
6735,Hillsborough,Carter International School,400 North Tampa Street Ste 1550 #946406,Tampa,33602,No,No,No,No,No,No,,,,2025,0,carterinternationalschool.com
1879,Hillsborough,CENTER ACADEMY-RIVERVIEW,10518 RIVERVIEW DRIVE,RIVERVIEW,33578,Yes,Yes,Yes,No,No,No,,05-12,COGNIA,2025,89,centeracademy.com
4088,Hillsborough,CENTRAL BAPTIST CHRISTIAN SCHOOL,402 E. WINDHORST ROAD,BRANDON,33510,Yes,Yes,Yes,No,Yes,Yes,Baptist,PK-12,COGNIA,2025,396,cbcslions.com
3462,Hillsborough,CES ACADEMY,4811 EHRLICH RD,TAMPA,33624,Yes,Yes,Yes,No,Yes,Yes,Non-Denominational,KG-12,COGNIA,2026,198,cesacademy.net
3919,Hillsborough,CHRIST THE KING CATHOLIC SCHOOL,3809 MORRISON AVENUE,TAMPA,33629,Yes,Yes,Yes,No,Yes,Yes,Catholic,PK-08,"FCCAP, COGNIA",2026,529,cks-school.org
3338,Hillsborough,CHURCH AVE NEXT STEP ACADEMY,5800 N CHURCH AVE,TAMPA,33614,No,No,No,No,Yes,Yes,Pentecostal,,,2026,0,lovingchildren.org
1719,Hillsborough,COMMUNITY MONTESSORI SCHOOL,8411 CIVIC ROAD,TAMPA,33615,Yes,Yes,Yes,No,Yes,No,,PK-09,,2025,119,communitymontessori.org
1695,Hillsborough,CORBETT PREPARATORY SCHOOL OF IDS,12015 ORANGE GROVE DR,TAMPA,33618,Yes,Yes,Yes,No,Yes,No,,PK-08,COGNIA,2025,608,corbettprep.com
7738,Hillsborough,CORNERSTONE FOUNDATION ACADEMY,1301 W LINEBOUGH AVENUE,TAMPA,33612,Yes,Yes,Yes,No,No,Yes,Baptist,KG-08,,2025,48,gmail.com
1182,Hillsborough,CORPUS CHRISTI CATHOLIC SCHOOL,9715 N 56TH ST,TEMPLE TERRACE,33617,Yes,Yes,Yes,No,Yes,Yes,Catholic,PK-08,"FCCAP, COGNIA",2026,218,cccstt.org
5155,Hillsborough,COUNTRY DAY MONTESSORI SCHOOL-BLOOMINGDALE,11650 131ST STREET NORTH,LARGO,33774,Yes,Yes,Yes,No,No,No,,PK-03,,2025,45,cdstampabay.com
8321,Hillsborough,CRISTO REY TAMPA,6400 EAST CHELSEA STREET,TAMPA,33610,Yes,Yes,Yes,No,Yes,Yes,Catholic,09-12,FCIS,2025,252,cristoreytampa.org
7275,Hillsborough,CUTTINGEDGE LEARNING ACADEMY INC.,10550 Johanna Avenue,RIVERVIEW,33578,Yes,Yes,Yes,Yes,Yes,Yes,Catholic,KG-12,,2025,70,yahoo.com
4577,Hillsborough,DOCTORS OF ACADEMICS LEARNING ACADEMY,1503 S US 301,TAMPA,33619,Yes,Yes,Yes,Yes,Yes,Yes,Non-Denominational,KG-08,,2025,20,doctorsofacademics.com
8524,Hillsborough,EARLY SCHOLARS LEARNING ACADEMY,9321 NORTH ARMENIA AVENUE,TAMPA,33612,Yes,Yes,Yes,No,No,No,,PK-02,,2025,36,gmail.com
9146,Hillsborough,EARLY STEPS MONTESSORI ACADEMY,10701 ANDERSON ROAD,TAMPA,33624,Yes,Yes,Yes,No,No,No,,PK-06,,2025,64,earlystepsmontessori.com
4448,Hillsborough,EAST BAY CHRISTIAN SCHOOL,10102 OLD BIG BEND ROAD,RIVERVIEW,33578,Yes,Yes,Yes,No,Yes,Yes,Baptist,PK-12,,2025,154,verizon.net
7522,Hillsborough,EASTERSEALS SCHOOL FOR LIMITLESS LEARNING,2460 BLOOMINGDALE AVENUE,VALRICO,33596,Yes,Yes,Yes,No,Yes,No,,PK-02,,2025,33,fl.easterseals.com
8399,Hillsborough,EASTSIDE PREPARATORY ACADEMY,5708 ORIENT ROAD,TAMPA,33610,Yes,Yes,Yes,No,No,No,,PK-12,,2025,95,aol.com
4799,Hillsborough,EDUCATED MINDS PRIMARY SCHOOL,10025 W HILLSBOROUGH AVENUE,TAMPA,33615,Yes,Yes,Yes,No,No,No,,KG-07,,2025,101,educatedmindsacademy.net
1046,Hillsborough,Elijah’s Way School Inc,,,,No,No,No,No,Yes,No,,09,,2026,1,
2676,Hillsborough,EVANS CHRISTIAN ACADEMY,14205 N. FLORIDA AVENUE,TAMPA,33613,Yes,Yes,Yes,No,Yes,Yes,Assemblies of God,KG-12,"FLOCS, COGNIA",2026,146,gcatampa.org
8964,Hillsborough,EVOLVE SCHOOL OF LEARNING,8610 HIDDEN RIVER PARKWAY,TAMPA,33637,No,No,No,No,No,No,,KG-12,,2025,55,evolveschooloflearning.com
928,Hillsborough,EXCEL LEARNING ACADEMY,2610 GREEN VALLEY ST,VALRICO,33596,Yes,Yes,Yes,No,Yes,No,,KG-07,,2025,18,behaviorinitiatives.org
9859,Hillsborough,EXTRAORDINARY STUDENT EDUCATION INC.,12011 EAST BAY ROAD,GIBSONTON,33534,No,No,No,No,Yes,No,,KG-12,,2025,11,extraordinarystudenteducation.org
6913,Hillsborough,FACE TO FACE VIRTUAL ACADEMY,7113 WHITTIER ST,TAMPA,33617,No,No,No,No,Yes,No,,03-09,,2025,16,yahoo.com
6302,Hillsborough,FAITH CHRISTIAN ACADEMY,100 FALCONS LANDING PLACE,PLANT CITY,33563,Yes,Yes,Yes,Yes,Yes,Yes,Pentecostal,KG-12,"FLOCS, COGNIA",2025,208,fcafalcons.org
2619,Hillsborough,FAITH OUTREACH ACADEMY,7607 SHELDON ROAD,TAMPA,33615,Yes,Yes,Yes,No,Yes,Yes,Non-Denominational,KG-12,FLOCS,2026,147,yahoo.com
4117,Hillsborough,FAMILY OF CHRIST CHRISTIAN SCHOOL,16190 BRUCE B. DOWNS BLVD,TAMPA,33647,Yes,Yes,Yes,No,Yes,Yes,Lutheran,PK-08,FLGA-LCMS,2026,259,familyofchrist.org
4104,Hillsborough,FIRST BAPTIST BRANDON CHRISTIAN ACADEMY,216 N. PARSONS AVE.,BRANDON,33510,Yes,Yes,Yes,No,Yes,Yes,Baptist,PK-08,COGNIA,2025,279,fbcbrandon.org
2847,Hillsborough,FIRST BAPTIST RUSKIN CHRISTIAN SCHOOL,820 COLLEGE AVENUE WEST,RUSKIN,33570,Yes,Yes,Yes,No,Yes,Yes,Baptist,PK-12,COGNIA,2025,386,rcsruskin.com
8080,Hillsborough,FIRST DISCOVERIES ACADEMY,1311 BROOKER RD,BRANDON,33511,Yes,Yes,Yes,No,No,Yes,Non-Denominational,PK-05,,2025,42,firstdiscoveriesacademy.com
1256,Hillsborough,FLORIDA COLLEGE,7032 TEMPLE TERRACE HIGHWAY,TAMPA,33637,Yes,Yes,Yes,No,Yes,Yes,Non-Denominational,KG-12,FCIS,2025,469,floridacollege.edu
4254,Hillsborough,FOCUS DAY SCHOOL INC.,502 Druid Hills Road,TEMPLE TERRACE,33617,Yes,Yes,Yes,No,Yes,No,,05-06,,2025,8,focusdayschool.org
1778,Hillsborough,FORTRESS CHRISTIAN SCHOOL,119 N. GLEN ARVEN AVE.,TEMPLE TERRACE,33617,No,No,No,No,Yes,Yes,Non-Denominational,09,,2025,1,floridacollege.edu
4947,Hillsborough,FOUNDATION CHRISTIAN ACADEMY,3955 LITHIA-PINECREST RD,VALRICO,33596,Yes,Yes,Yes,No,Yes,Yes,,PK-12,COGNIA,2026,493,verizon.net
2875,Hillsborough,FRIENDSHIP CHRISTIAN ACADEMY INC.,6522 NORTH 43RD ST,TAMPA,33610,Yes,Yes,Yes,No,No,Yes,Non-Denominational,KG-12,,2026,85,aol.com
5144,Hillsborough,Fusion Academy Tampa,"2909 West Bay to Bay Boulevard, Ste 200",Tampa,33629,No,No,No,No,No,No,,,,2025,0,fusionacademy.com
8955,Hillsborough,FUTURE LEADERS PREPARATORY SCHOOL,4212 VINSON ROAD,LAKELAND,33810,Yes,Yes,Yes,No,Yes,Yes,Methodist,KG-09,,2025,46,yahoo.com
2404,Hillsborough,GENESIS CHRISTIAN ACADEMY,4105 NW 195TH STREET,MIAMI GARDENS,33055,No,No,No,No,Yes,Yes,Non-Denominational,KG-12,,2025,215,churchofthelivinggodmiami.org
1352,Hillsborough,GRACE CHRISTIAN SCHOOL,P. O. BOX 843,BRANDON,33509,Yes,Yes,Yes,No,Yes,Yes,Non-Denominational,PK-12,,2025,705,gracechristianschool.com
7415,Hillsborough,GRANT PARK CHRISTIAN ACADEMY,5107 E 32ND AVE,TAMPA,33619,Yes,Yes,Yes,No,Yes,Yes,Non-Denominational,KG-08,,2025,87,famacademies.com
5989,Hillsborough,Great Futures Academy at Temple Terrace Boys and Girls Club,7701 Temple Terrace Highway,Tampa,33637,No,No,No,No,Yes,No,,,,2025,0,wearemontessori.com
6877,Hillsborough,HARMON PREP SCHOOL,5030 E. BUSCH BLVD,TAMPA,33617,Yes,Yes,Yes,No,No,No,,PK-10,,2025,123,harmonprep.org
2569,Hillsborough,HEBREW ACADEMY OF TAMPA,14908 PENNINGTON ROAD,TAMPA,33624,Yes,Yes,Yes,No,Yes,Yes,Jewish,PK-08,,2025,83,gmail.com
3188,Hillsborough,HIDDEN HANDS ACADEMY,7901 4TH ST N,ST.PETERSBURG,33702,No,No,No,No,No,Yes,Other,,,2025,0,gmail.com
8214,Hillsborough,HIFZ ACADEMY,7326 EAST SLIGH AVENUE,TAMPA,33610,Yes,Yes,Yes,No,Yes,Yes,Islamic/Muslim,KG-12,,2025,496,hifzacademy.org
1449,Hillsborough,HILLEL SCHOOL OF TAMPA INC.,2020 WEST FLETCHER AVENUE,TAMPA,33612,Yes,Yes,Yes,No,Yes,Yes,Jewish,PK-08,FCIS,2025,84,hillelacademytampa.com
2323,Hillsborough,HILLSBOROUGH BAPTIST SCHOOL,6021 WILLIAMS ROAD,SEFFNER,33584,Yes,Yes,Yes,No,Yes,Yes,Baptist,PK-12,,2025,243,aol.com
6802,Hillsborough,HILLSDALE CHRISTIAN ACADEMY,6201 EHRLICH ROAD,TAMPA,33625,Yes,Yes,Yes,No,Yes,Yes,Baptist,PK-08,,2025,196,hcatampa.org
1475,Hillsborough,HOLY TRINITY LUTHERAN,3712 EL PRADO BOULEVARD,TAMPA,33629,Yes,Yes,Yes,No,Yes,Yes,Lutheran,PK-08,FLGA-LCMS,2026,252,htlstampa.org
9865,Hillsborough,HOPE CHRISTIAN SCHOOL,11415 HOPE INTERNATIONAL DR,TAMPA,33625,Yes,Yes,Yes,No,Yes,Yes,Baptist,PK-12,COGNIA,2026,54,hopechildrenshome.org
4314,Hillsborough,HUNTINGTON LEARNING CENTER DAY SCHOO- TAMPA,13911 N. DALE MABRY HWY,TAMPA,33618,Yes,Yes,Yes,No,No,No,,01-12,CITA,2025,20,aol.com
390,Hillsborough,I & I INTERNATIONAL ACADEMY,,,,Yes,Yes,Yes,Yes,Yes,Yes,Non-Denominational,,,2025,0,iiint.org
277,Hillsborough,ICON HIGH SCHOOL,2202 N HAROLD AVE,TAMPA,33607,Yes,Yes,Yes,No,Yes,No,,,COGNIA,2025,0,iconprep.org
9311,Hillsborough,ICON PREPARATORY SCHOOL,3319 W Hillsborough Avenue,Tampa,33614,Yes,Yes,Yes,No,Yes,No,,KG-12,COGNIA,2025,633,iconprep.org
1755,Hillsborough,IDEAL SCHOOL,100 ASHLEY DRIVE S. SUITE 600,TAMPA,33602,No,No,No,No,No,No,,KG-12,COGNIA,2026,176,msn.com
2817,Hillsborough,IMMANUEL LUTHERAN SCHOOL,2913 JOHN MOORE ROAD,BRANDON,33511,Yes,Yes,Yes,No,Yes,Yes,Lutheran,PK-08,FLGA-LCMS,2025,188,ilsbrandon.com
7504,Hillsborough,Impact Academy Plant City,2402 Mudlake Rd,Plant,33566,Yes,Yes,Yes,No,Yes,No,,PK-12,,2025,19,yahoo.com
7379,Hillsborough,IMPACT ACADEMY SCHOOL,P.O. BOX 6874,SEFFNER,33583,Yes,Yes,Yes,No,Yes,No,,KG-12,,2025,72,impactacademyschool.org
8647,Hillsborough,IMPACT ACADEMY SOUTH LLC,3911 W Bay Ave,Tampa,33616,Yes,Yes,Yes,No,No,No,,KG-12,,2025,37,impactacademyschool.org
1539,Hillsborough,INCARNATION CATHOLIC SCHOOL,5111 WEBB ROAD,TAMPA,33615,Yes,Yes,Yes,No,Yes,Yes,Catholic,,FCCAP,2026,0,icstampa.org
6283,Hillsborough,INTERACTIVE EDUCATION ACADEMY,1474 BLOOMINGDALE AVE.,VALRICO,33596,Yes,Yes,Yes,No,No,No,,06-12,NIPSA,2025,31,gmail.com
7199,Hillsborough,IVY GLOBAL SCHOOL,26945 BELLA VISTA DRIVE,HOWEY-IN-THE-HILLS,34737,No,No,No,No,No,No,,09-12,COGNIA,2025,16,ivyglobalschool.org
3940,Hillsborough,IVYBROOK ACADEMY TAMPA PALMS,5392 PRIMROSE LAKE CIRCLE,TAMPA,33647,Yes,Yes,Yes,Yes,No,No,,PK,,2025,70,ivybrookacademy.com
1599,Hillsborough,JESUIT HIGH SCHOOL,4701 N HIMES AVE,TAMPA,33614,Yes,Yes,Yes,No,Yes,Yes,Catholic,09-12,COGNIA,2026,849,jesuittampa.org
6950,Hillsborough,KEYSTONE PREP HIGH SCHOOL,18105 GUNN HWY,ODESSA,33556,Yes,Yes,Yes,No,Yes,No,,09-12,FCIS,2025,35,keystoneprep.org
5577,Hillsborough,Kids Discovery International Academy at Riverview East,12010 Balm Riverview Road,Riverview,33569,Yes,Yes,Yes,No,No,No,,,,2025,0,littlegiantslearning.com
8810,Hillsborough,KIDZ COVE II,808 E. RICHMERE ST.,TAMPA,33612,Yes,Yes,Yes,Yes,No,No,,KG-12,,2025,60,yahoo.com
2965,Hillsborough,KING'S KIDS CHRISTIAN ACADEMY,3000 NORTH 34TH STREET,TAMPA,33605,Yes,Yes,Yes,No,Yes,Yes,Non-Denominational,PK-KG,,2026,12,kkca.org
4411,Hillsborough,KINOVU SCHOOL OF LITHIA,3105 LITHIA PINECREST RD,VALRICO,33596,Yes,Yes,Yes,No,No,No,,PK-KG,,2025,4,educationfirstinc.com
2837,Hillsborough,LAKE MAGDALENE CHRISTIAN SCHOOL,2902 W. FLETCHER AVENUE,TAMPA,33618,Yes,Yes,Yes,No,Yes,Yes,,PK-KG,,2026,116,lmctampa.org
3607,Hillsborough,LAND OF LEARNING ACADEMY,8816 WEST ROBSON STREET,TAMPA,33615,Yes,Yes,Yes,No,No,No,,PK-01,,2026,58,landoflearning.com
3087,Hillsborough,LEARN TO THRIVE ACADEMY,3315 Bryan Road,Brandon,33511,No,No,No,No,No,No,,KG-10,,2026,28,learntothriveeducation.org
2596,Hillsborough,LEE ACADEMY FOR GIFTED EDUCATION,3001 LEE ACADEMY COURT,TAMPA,33614,Yes,Yes,Yes,No,No,No,,KG-12,,2025,59,aol.com
337,Hillsborough,LEGACY ACADEMY,3320 W. PARIS ST,TAMPA,33614,Yes,Yes,Yes,No,Yes,Yes,Pentecostal,PK-08,,2025,49,legacyprivateacademy.com
4313,Hillsborough,LEGACY CHRISTIAN ACADEMY,131 NEW LEGACY DRIVE,SEFFNER,33584,Yes,Yes,Yes,No,Yes,Yes,Non-Denominational,KG-12,,2025,45,familyministriesfl.org
7118,Hillsborough,LETTA K LEWIS PREPARATORY,2780 E. FOWLER AVE,TAMPA,33612,No,No,No,No,Yes,No,,,,2025,0,gpatech.org
3789,Hillsborough,LIBERTY ACADEMY,6718 EAST FOWLER AVE,TAMPA,33617,Yes,Yes,Yes,No,Yes,Yes,Non-Denominational,KG-09,,2025,34,gmail.com
5862,Hillsborough,Liberty Scholars,2505 West Granfield Avenue,Plant City,33563,No,No,No,No,No,Yes,Non-Denominational,,,2025,0,libertyscholars.com
9634,Hillsborough,LIFE INTERNATIONAL ACADEMY,15435 MORRIS BRIDGE RD.,THONOTOSASSA,33592,Yes,Yes,Yes,Yes,Yes,No,,KG-06,,2025,29,lifeia.org
4652,Hillsborough,LINABEAN ACADEMY 2 INC,1924 E COMANCHE AVENUE,TAMPA,33610,Yes,Yes,Yes,Yes,Yes,No,,PK-12,,2026,28,gmail.com
6757,Hillsborough,LIVING LEGACY ACADEMY INC.,840 Neptune Street,Port Charlotte,33948,No,No,No,No,Yes,No,,KG-12,,2025,74,livinglegacyacademy.org
4006,Hillsborough,LIVINGSTONE ACADEMY - SEFFNER,1204 S LENNA AVE,SEFFNER,33584,Yes,Yes,Yes,No,Yes,No,,KG-12,,2025,172,livingstoneschools.org
6957,Hillsborough,LIVINGSTONE ACADEMY AUTISM CENTER,1649 BLOOMINGDALE AVE,VALRICO,33594,Yes,Yes,Yes,No,Yes,No,,KG-08,,2025,110,livingstoneschools.org
9295,Hillsborough,LIVINGSTONE ACADEMY EXCEPTIONAL CENTER,1204 LENNA AVE,SEFFNER,33584,Yes,Yes,Yes,No,Yes,No,,01-12,,2025,56,livingstoneschools.org
1730,Hillsborough,LUTZ LEARNING CENTER,621 SUNSET LANE,LUTZ,33549,Yes,Yes,Yes,No,No,No,,PK-03,,2026,51,lutzlearning.com
1829,Hillsborough,LUTZ MONTESSORI SCHOOL,18731 CHOPIN DR,LUTZ,33558,Yes,Yes,Yes,No,No,No,,PK-KG,,2025,55,lutzmontessori.com
2645,Hillsborough,M.O.T. ACADEMY,14202 SW 62ND ST,MIAMI,33183,Yes,Yes,Yes,Yes,No,No,,KG-07,,2025,11,motacademy.com
4583,Hillsborough,MANIFESTATIONS SCHOOL FOR INNOVATION AND LE,2631 EAST LAKE AVENUE,TAMPA,33610,Yes,Yes,Yes,Yes,Yes,Yes,Non-Denominational,KG-12,,2025,68,aol.com
3197,Hillsborough,MANIFESTATIONS SCHOOL K-2,2631 EAST LAKE AVENUE,TAMPA,33610,No,No,No,No,Yes,Yes,Non-Denominational,KG-01,"FLOCS, COGNIA",2025,20,aol.com
4367,Hillsborough,MATER DEI CATHOLIC SCHOOL,1131 N US HIGHWAY 41,RUSKIN,33570,No,No,No,No,Yes,Yes,Catholic,,,2025,0,dosp.org
4452,Hillsborough,MISSIONARY CHRISTIAN ACADEMY,10902 N. ARMENIA AVE,TAMPA,33612,Yes,Yes,Yes,No,Yes,Yes,Pentecostal,KG-12,ACTS,2025,59,yahoo.com
8920,Hillsborough,MISSIONARY CHRISTIAN SCHOOL,10651 ANDERSON ROAD,TAMPA,33624,Yes,Yes,Yes,No,Yes,Yes,Assemblies of God,PK-12,,2025,189,gmail.com
4059,Hillsborough,MONTESSORI ACADEMY OF TAMPA BAY,1901 W. WATERS AVENUE,TAMPA,33604,Yes,Yes,Yes,No,Yes,No,,PK-03,,2026,70,montessoriacademies.com
2970,Hillsborough,MONTESSORI CHILDREN'S HOUSE OF HYDE PARK,2416 W. CLEVELAND AVE.,TAMPA,33609,Yes,Yes,Yes,No,No,No,,PK-06,,2025,108,cdstampabay.com
2702,Hillsborough,MONTESSORI HOUSE DAY SCHOOL,7010 HANLEY ROAD,TAMPA,33634,Yes,Yes,Yes,No,No,No,,PK-KG,"FCIS, AMS",2025,36,countrydaylargo.com
2614,Hillsborough,MONTESSORI HOUSE DAY SCHOOL 1,5117 EHRLICH ROAD,TAMPA,33624,Yes,Yes,Yes,No,No,No,,PK-04,"FCIS, AMS",2025,73,countrydaylargo.com
3510,Hillsborough,MONTESSORI PREPARATORY SCHOOL,11302 N. 53RD STREET,TEMPLE TERRACE,33617,Yes,Yes,Yes,No,No,No,,KG-05,,2026,162,montessoriacademies.com
1792,Hillsborough,MORNING STAR CATHOLIC SCHOOL,210 E LINEBAUGH AVENUE,TAMPA,33612,Yes,Yes,Yes,No,Yes,Yes,Catholic,KG-08,FCCAP,2025,65,morningstartampa.org
1809,Hillsborough,MOTHER TERESA OF CALCUTTA CATHOLIC SCHOOL,17524 LAKESHORE R.D.,LUTZ,33358,Yes,Yes,Yes,No,Yes,Yes,Catholic,KG-08,FCCAP,2025,461,mtctampa.org
2773,Hillsborough,MT. CALVARY S.D.A. JR. ACADEMY,3111 E. WILDER AVE.,TAMPA,33610,Yes,Yes,Yes,No,Yes,Yes,Seventh Day Adventist,KG-08,,2026,77,secsda.org
5330,Hillsborough,Nativa Alliance Community High School,7014 Summer Holly Pl,Riverview,33578-4952,No,No,No,No,No,No,,,,2025,0,nativaparty.org
1842,Hillsborough,NATIVITY CATHOLIC SCHOOL,705 E BRANDON BOULEVARD,BRANDON,33511,Yes,Yes,Yes,No,Yes,Yes,Catholic,PK-08,FCCAP,2026,590,nativitycatholicschool.org
8100,Hillsborough,NEW EAST TAMPA ACADEMY,18125 Kara Ct,Tampa,33647,Yes,Yes,Yes,No,Yes,No,,KG-12,,2025,59,neweasttampaacademy.org
3328,Hillsborough,NEW JERUSALEM CHRISTIAN ACADEMY,P.O. BOX 1238,SEFFNER,33583,Yes,Yes,Yes,No,Yes,Yes,Non-Denominational,PK-12,,2026,335,gmail.com
5894,Hillsborough,Next Jen Futures Elementary,410 S. Collins St,Plant City,33563,Yes,Yes,Yes,No,Yes,No,,,,2025,0,nextjka.com
8766,Hillsborough,NLT ACADEMY INC.,6912 WILLIAMS ROAD,SEFFNER,33584,Yes,Yes,Yes,No,Yes,Yes,Pentecostal,KG-08,"FLOCS, COGNIA",2025,91,nltacademy.com
2232,Hillsborough,NORTH TAMPA CHRISTIAN ACADEMY,,TAMPA,33544,Yes,Yes,Yes,No,Yes,Yes,Seventh Day Adventist,KG-12,,2026,494,northtampaca.com
4182,Hillsborough,NORTHDALE CHRISTIAN ACADEMY,15709 MAPLEDALE BLVD.,TAMPA,33624,Yes,Yes,Yes,No,Yes,Yes,Lutheran,PK-08,,2025,99,northdalelutheran.org
5165,Hillsborough,ODESSA CHRISTIAN SCHOOL,19521 MICHIGAN AVE,ODESSA,33556,Yes,Yes,Yes,No,Yes,Yes,Non-Denominational,KG-12,"FCCPSA, COGNIA",2025,59,odessachristianschool.org
4539,Hillsborough,Peninsular Prep,3705 W. SAN JUAN ST.,TAMPA,33629,Yes,Yes,Yes,Yes,No,No,,KG-08,,2025,133,stmicroschool.com
5075,Hillsborough,Pi Learning Academy,316 E Bloomingdale Ave,BRANDON,33511,No,No,No,No,No,No,,KG-07,,2026,6,pilearningacademy.org
9795,Hillsborough,PLANT CITY CHRISTIAN ACADEMY,1305 TRAVERTINE TERRACE,SANFORD,32771,Yes,Yes,Yes,No,No,Yes,Non-Denominational,PK-12,,2025,260,gmail.com
1094,Hillsborough,PREMIER ACADEMY TEMPLE TERRACE LLC,12420 TELECOM DR,TEMPLE TERRACE,33637,Yes,Yes,Yes,No,No,No,,PK-KG,,2026,67,premieracademytampa.com
6953,Hillsborough,PREPARATORY ACADEMY INC.,17001 MELBA LANE,LUTZ,33549,No,No,No,No,Yes,No,,01,,2025,1,preparatoryacademyinc.org
2976,Hillsborough,PRODIGY ACADEMY AT CREEKSIDE,14044 US-301 SOUTH,RIVERVIEW,33578,Yes,Yes,Yes,No,No,No,,PK-02,COGNIA,2026,58,prodigylearn.com
2248,Hillsborough,PRODIGY EARLY LEARNING AT WINTHROP,6390 SCHOLARS HILL LN,RIVERVIEW,33578,Yes,Yes,Yes,No,No,No,,PK-KG,COGNIA,2026,80,prodigylearn.com
5074,Hillsborough,PROGRESS VILLAGE ACADEMY,P.O. BOX 3419,RIVERVIEW,33568,Yes,Yes,Yes,No,Yes,Yes,Baptist,PK-05,,2025,88,pvcacademy.org
2636,Hillsborough,PROVIDENCE CHRISTIAN SCHOOL,5416 PROVIDENCE ROAD,RIVERVIEW,33578,Yes,Yes,Yes,No,Yes,Yes,Baptist,PK-12,,2025,300,pcsknights.org
1218,Hillsborough,RESURRECTION CHRISTIAN SCHOOL,3215 BELL SHOALS ROAD,BRANDON,33511,Yes,Yes,Yes,No,Yes,Yes,Non-Denominational,KG-09,,2026,13,gmail.com
9853,Hillsborough,ROTH ACADEMY,PO BOX 89942,TAMPA,33689,No,No,No,No,Yes,No,,,,2025,0,rehabilitationoftheheart.org
2016,Hillsborough,SAINT JOHNS EPISCOPAL PARISH DAY SCHOOL,240 SOUTH PLANT AVENUE,TAMPA,33606,Yes,Yes,Yes,No,Yes,Yes,Episcopalian,PK-08,FCIS,2025,602,stjohnseagles.org
2039,Hillsborough,SAINT JOSEPH PARISH SCHOOL,2200 N GOMEZ AVENUE,TAMPA,33607,Yes,Yes,Yes,No,Yes,Yes,Catholic,PK-08,FCCAP,2026,280,sjstampa.org
2070,Hillsborough,SAINT LAWRENCE CATHOLIC SCHOOL,5223 N HIMES AVENUE,TAMPA,33614,Yes,Yes,Yes,No,Yes,Yes,Catholic,PK-08,FCCAP,2026,512,stlawrence.org
2089,Hillsborough,SAINT MARYS EPISCOPAL DAY SCHOOL,2101 SOUTH HUBERT AVENUE,TAMPA,33629,Yes,Yes,Yes,No,Yes,Yes,Episcopalian,PK-08,FCIS,2025,451,smeds.org
2543,Hillsborough,SAINT PETER CLAVER,1401 GOVERNOR ST.,TAMPA,33602,Yes,Yes,Yes,No,Yes,Yes,Catholic,KG-08,FCCAP,2025,63,spccs.org
7932,Hillsborough,SCHOLARS CHRISTIAN ACADEMY,2801 EAST 17TH AVE,TAMPA,33605,Yes,Yes,Yes,No,Yes,Yes,Non-Denominational,PK-12,,2026,47,gmail.com
2840,Hillsborough,SEFFNER CHRISTIAN ACADEMY,11605 US HWY 92 EAST,SEFFNER,33584,Yes,Yes,Yes,No,Yes,Yes,Baptist,PK-12,COGNIA,2026,829,scacrusaders.com
5334,Hillsborough,"Shining Star Christian Schools, Inc.",2650 Lithia Pinecrest Road,Valrico,33596,No,No,No,No,Yes,Yes,Non-Denominational,,,2025,0,shiningstarschools.org
5835,Hillsborough,SOUTH BAY ACADEMY,13498 US HWY 301 SOUTH,RIVERVIEW,33578,Yes,Yes,Yes,No,Yes,Yes,Non-Denominational,PK-10,,2025,182,southbay.academy
4683,Hillsborough,SOUTHSHORE MONTESSORI II,7060 SAIL VIEW LN,APOLLO BEACH,33572,Yes,Yes,Yes,No,No,No,,KG-05,COGNIA,2026,98,wearemontessori.com
8651,Hillsborough,SPARK LEARNING XXIII,2101 LOWE ST,TAMPA,33605,Yes,Yes,Yes,No,No,No,,KG-08,,2026,45,withprimer.com
9704,Hillsborough,SPECIALLY FIT,2112 MARTIN ROAD,DOVER,33527,Yes,Yes,Yes,Yes,Yes,No,,09-12,COGNIA,2025,70,gmail.com
2563,Hillsborough,ST ANDREWS ACADEMY,3315 BRYAN RD,BRANDON,33511,Yes,Yes,Yes,No,Yes,Yes,Methodist,PK-KG,,2026,99,saumc.net
5435,Hillsborough,St. John's Episcopal Parish Day School,906 South Orleans Avenue,Tampa,33606,Yes,Yes,Yes,No,Yes,Yes,Episcopalian,PK-08,,2025,601,stjohnseagles.org
5383,Hillsborough,St. John's Episcopal Parish Day School,1002 South Rome Avenue,Tampa,33606,Yes,Yes,Yes,No,Yes,Yes,Episcopalian,PK-08,,2025,601,stjohnseagles.org
9636,Hillsborough,ST. RITA ACADEMY OF HOPE,11357 ANDY DR,RIVERVIEW,33569,Yes,Yes,Yes,No,Yes,No,,PK-02,,2026,11,aol.com
3513,Hillsborough,ST. STEPHEN CATHOLIC SCHOOL,10424 SAINT STEPHEN CIRCLE,RIVERVIEW,33569,Yes,Yes,Yes,No,Yes,Yes,Catholic,PK-08,FCCAP,2026,285,sscsfl.org
9861,Hillsborough,ST. THOMAS AQUINAS ACADEMY,4518 S. MANHATTAN AVE.,TAMPA,33611,Yes,Yes,Yes,No,Yes,Yes,Catholic,PK-08,,2026,103,aquinastampa.org
1772,Hillsborough,STEPPING STONES SCHOOL,17633 GUNN HWY. SUITE 115,ODESSA,33556,No,No,No,No,No,No,,09-12,,2025,203,gmail.com
1338,Hillsborough,SUNSHINE DAYCARE OF TAMPA LLC,8401 W HILLSBOROUGH AVE STE 2,TAMPA,33615,No,No,No,No,No,No,,,,2025,0,yahoo.es
8777,Hillsborough,TAMPA BAY ACADEMY,14214 N. NEBRASKA AVE.,TAMPA,33613,Yes,Yes,Yes,No,Yes,Yes,Pentecostal,PK-08,,2026,191,tbacademyadmin.com
1043,Hillsborough,Tampa Bay Christian Academy,6815 N Rome Ave,Tampa,33604,No,No,No,No,Yes,Yes,Non-Denominational,08-12,,2026,141,tbcarams.org
7104,Hillsborough,TAMPA BAY CHRISTIAN ACADEMY OF FLORIDA INC,6815 N. ROME AVE.,TAMPA,33604,Yes,Yes,Yes,No,Yes,Yes,Non-Denominational,PK-12,CSF,2025,476,tbcarams.org
2200,Hillsborough,TAMPA CATHOLIC HIGH SCHOOL INC.,4630 N. ROME AVE.,TAMPA,33603,Yes,Yes,Yes,No,Yes,Yes,Catholic,09-12,COGNIA,2026,812,tampacatholic.org
1643,Hillsborough,TAMPA CHRISTIAN ACADEMY,1305 TRAVERTINE TER,SANFORD,32771,Yes,Yes,Yes,No,No,No,,KG-01,,2025,19,yahoo.com
3836,Hillsborough,TAMPA CHRISTIAN COMMUNITY SCHOOL,P.O. BOX 341193,TAMPA,33694,No,No,No,Yes,Yes,Yes,Non-Denominational,KG-12,"COGNIA, CSI",2025,105,gmail.com
6958,Hillsborough,TAMPA DAY SCHOOL,12606 HENDERSON ROAD,TAMPA,33625,Yes,Yes,Yes,No,No,No,,03-08,"FCIS, COGNIA",2025,145,tampadayschool.com
7150,Hillsborough,TAMPA PINNACLE ACADEMY LLC,207 COMO STREET,TAMPA,33606,Yes,Yes,Yes,No,No,No,,KG-08,,2025,67,gmail.com
2246,Hillsborough,TAMPA PREPARATORY SCHOOL,727 W. CASS ST.,TAMPA,33606,No,No,No,No,Yes,No,,06-12,"FCIS, COGNIA",2025,698,tampaprep.org
8844,Hillsborough,TAMPA TORAH ACADEMY,5209 TAMPA PALMS BLVD.,TAMPA,33647,Yes,Yes,Yes,No,Yes,Yes,Jewish,PK-11,,2025,73,tampatorah.org
7203,Hillsborough,THE ACADEMY AT TRUE SANCTUARY OF PRAISE,13194 US HWY 301 S SUITE 193,RIVERVIEW,33578,Yes,Yes,Yes,No,Yes,Yes,Non-Denominational,PK-06,,2026,79,tsop-academy.org
966,Hillsborough,THE BRANDON MONTESSORI SCHOOL,4223 LYNX PAW TRAIL,VALRICO,33596,Yes,Yes,Yes,No,No,No,,PK-KG,COGNIA,2025,57,wearemontessori.com
9294,Hillsborough,THE ENCOUNTER WORSHIP CENTER CHRISTIAN,10701 CROSS CREEK BLVD,TAMPA,33647,Yes,Yes,Yes,No,Yes,Yes,Non-Denominational,01-12,,2025,22,gmail.com
7142,Hillsborough,THE GODDARD SCHOOL FOR EARLY CHILDHOOD DEV,13401 TAMPA OAKS BLVD,TAMPA,33637,No,No,No,No,No,No,,PK,COGNIA,2025,30,goddardschools.com
9307,Hillsborough,THE GODDARD SCHOOL OF SOUTH TAMPA,2401 WEST KENNEDY BLVD,TAMPA,,No,No,No,No,No,No,,PK-KG,COGNIA,2025,70,goddardschools.com
1306,Hillsborough,THE PAIDEIA SCHOOL OF TAMPA BAY,7834 NORTH 56 STREET,TAMPA,33617,Yes,Yes,Yes,No,Yes,Yes,Non-Denominational,KG-11,,2026,77,thepaideiaschool.org
7263,Hillsborough,THE PRESLEY LEARNING CENTER ACADEMY,4454 SW 32ND ROAD #103,GAINESVILLE,32608,No,No,No,No,Yes,No,,PK-11,,2025,35,gmail.com
3084,Hillsborough,THE RIVERVIEW MONTESSORI SCHOOL AT RIVERCRE,11520 RAMBLE CREEK DRIVE,RIVERVIEW,33569,Yes,Yes,Yes,No,No,No,,PK-05,COGNIA,2026,112,wearemontessori.com
8837,Hillsborough,THE WAY CHRISTIAN ACADEMY,1712 E. BUSCH BLVD,TAMPA,33612,Yes,Yes,Yes,No,Yes,Yes,Baptist,KG-12,,2026,60,gmail.com
4571,Hillsborough,TIME OF WONDER,5130 SUNFOREST BLVD SUITE 180,TAMPA,33634,No,No,No,No,No,No,,PK-KG,,2025,10,gmail.com
1464,Hillsborough,TOP KIDS SCHOOLS,6701 S MANHATTAN AVE STE D,TAMPA,33616,Yes,Yes,Yes,Yes,Yes,No,,PK-05,,2025,13,gmail.com
2335,Hillsborough,UNIVERSAL ACADEMY OF FLORIDA,6801 ORIENT ROAD,TAMPA,33610,Yes,Yes,Yes,No,Yes,Yes,Islamic/Muslim,PK-12,COGNIA,2025,820,uaftampa.org
2356,Hillsborough,VILLA MADONNA,315 W COLUMBUS DRIVE,TAMPA,33602,Yes,Yes,Yes,No,Yes,Yes,Catholic,PK-08,"FCCAP, COGNIA",2026,376,villamadonnaschool.com
4576,Hillsborough,VISIONARY ACADEMY,1251-A EAST FOWLER AVENUE,TAMPA,33612,Yes,Yes,Yes,No,No,No,,KG-12,,2025,127,princeprivateacademy.org
1574,Hillsborough,WEST GATE CHRISTIAN SCHOOL,5121 KELLY ROAD,TAMPA,33615,Yes,Yes,Yes,No,Yes,Yes,Baptist,PK-12,,2025,303,westgate.org
6764,Hillsborough,WESTMINSTER ACADEMY,804 NORTH LINCOLN AVENUE,TAMPA,33609,Yes,Yes,Yes,No,Yes,Yes,Presbyterian,KG-07,,2026,76,westminstertampa.org
1149,Hillsborough,WINDSOR LEARNING ACADEMY,6337 MEMORIAL HWY,TAMPA,33615,Yes,Yes,Yes,No,No,No,,KG-12,,2025,74,gmail.com
9574,Holmes,GRACE FELLOWSHIP CHRISTIAN ACADEMY INC.,P.O. BOX 252,BONIFAY,32425,Yes,Yes,Yes,Yes,Yes,Yes,Non-Denominational,KG-11,,2025,74,outlook.com
624,Holmes,Heartland Academy-Florida,1213 HOPE CIRCLE,BONIFAY,32425,No,No,No,No,Yes,Yes,Non-Denominational,06-11,"FLOCS, COGNIA",2026,25,teenchallenge.cc
7474,Indian River,Amarikhotanale,"601 21st Street, Suite 300",Vero Beach,32960,No,No,No,No,No,No,,KG-05,,2025,6,amarikhotanale.com
1885,Indian River,AMERICAN NATION BUILDERS CHRISTIAN ACADEMY,P.O. BOX 1965,ORLANDO,32802,No,No,No,No,No,Yes,Non-Denominational,,,2025,0,americannationbuilders.org
2254,Indian River,CHESTERTON ACADEMY OF VERO BEACH,P.O. BOX 644114,VERO BEACH,32964,No,No,No,No,Yes,Yes,Other,09-11,,2026,10,chestertonvero.org
8263,Indian River,CHRIST CHURCH ACADEMY,667 20TH STREET,VERO BEACH,32960,Yes,Yes,Yes,No,Yes,Yes,Other,PK-04,,2025,79,ccavero.org
3107,Indian River,CROSSTYLE ACADEMY,641 CRYSTAL MIST AVE,SEBASTIAN,32958,Yes,Yes,Yes,No,Yes,Yes,Nazarene,KG-12,,2025,24,gmail.com
7128,Indian River,FIRST METHODIST ACADEMY,1750 20TH ST.,VERO BEACH,32960,Yes,Yes,Yes,No,Yes,Yes,Methodist,KG-02,,2025,25,fmavero.org
1289,Indian River,GLENDALE CHRISTIAN SCHOOL,790 27TH AVENUE,VERO BEACH,32968,Yes,Yes,Yes,No,Yes,Yes,Baptist,PK-05,,2025,207,comcast.net
3545,Indian River,GLENDALE CHRISTIAN SCHOOL WEST,455 58TH AVE SW,VERO BEACH,32968,Yes,Yes,Yes,No,Yes,Yes,Baptist,06-11,,2025,63,glendalechristianschool.com
5957,Indian River,Heartwood Academy,1415 5th Place,Vero Beach,32962,No,No,No,No,Yes,No,,KG-11,,2025,23,gmail.com
4838,Indian River,MASTER'S ACADEMY OF VERO BEACH,1115 58TH AVENUE,VERO BEACH,32966,Yes,Yes,Yes,No,Yes,Yes,Non-Denominational,PK-12,ACSI,2026,360,mastersvb.org
1098,Indian River,MVG ELITE ACADEMY INC.,3900 US 1,VERO BEACH,32960,No,No,No,No,Yes,Yes,Non-Denominational,03-07,,2025,9,maximumvelocitygym.com
7615,Indian River,NEXT WAVE ACADEMY,44 North Pine Street,FELLSMERE,32948,Yes,Yes,Yes,Yes,No,No,,06-10,COGNIA,2026,49,gmail.com
725,Indian River,SAINT EDWARD'S SCHOOL,1895 SAINT EDWARD'S DRIVE,VERO BEACH,32963,Yes,Yes,Yes,No,Yes,Yes,Episcopalian,PK-12,FCIS,2025,638,steds.org
785,Indian River,SAINT HELEN CATHOLIC SCHOOL,2025 20TH AVENUE,VERO BEACH,32960,Yes,Yes,Yes,No,Yes,Yes,Catholic,PK-08,FCCAP,2025,232,sthelenschoolvero.org
3312,Indian River,SUNCOAST PRIMARY SCHOOL,3050 43RD AVENUE,VERO BEACH,32960,Yes,Yes,Yes,No,Yes,No,,PK-08,,2025,43,gmail.com
4604,Indian River,THE WILLOW SCHOOL,950 43RD AVE.,VERO BEACH,32960,Yes,Yes,Yes,No,Yes,No,,KG-08,,2026,47,thewillowschool.org
576,Indian River,TOUCHED BY GRACE ACADEMY,2349 OLD DXIE HWY SE,VERO BEACH,32962,Yes,Yes,Yes,No,No,Yes,Other,03-12,,2025,24,gmail.com
6596,Indian River,TRINITY EPISCOPAL SCHOOL,2365 PINE AVENUE,VERO BEACH,32960,Yes,Yes,Yes,No,Yes,Yes,Episcopalian,PK-04,"FCCPSA, COGNIA",2025,98,trinityvero.org
9755,Indian River,VERO CLASSICAL SCHOOL,1855 28TH AVE,VERO BEACH,32960,Yes,Yes,Yes,No,Yes,Yes,Non-Denominational,KG-06,,2025,114,veroclassicalschool.org
9877,Jackson,ADAPTIVE LEARNING CENTER,4540 LAFAYETTE STREET SUITE C,MARIANNA,32446,Yes,Yes,Yes,No,No,No,,02-12,,2025,28,gmail.com
786,Jackson,DAYSPRING CHRISTIAN ACADEMY,4685 MEADOWVIEW ROAD,MARIANNA,32446,Yes,Yes,Yes,No,Yes,Yes,Non-Denominational,PK-12,,2025,292,dayspringca.com
8266,Jackson,FLEXI ACADEMY,"101 ROYAL CT, ROYAL PALM BEACH",PALM BEACH,33411,No,No,No,No,No,No,,01-12,,2025,53,yahoo.com
3856,Jackson,SAND BASIN SCHOOLHOUSE,7782 WOODLAWN DRIVE,GRAND RIDGE,32442,No,No,No,No,No,Yes,Non-Denominational,PK-03,,2025,7,gmail.com
443,Jackson,VICTORY CHRISTIAN ACADEMY,2271 RIVER ROAD,SNEADS,32460,Yes,Yes,Yes,Yes,Yes,Yes,Non-Denominational,PK-12,,2025,43,victory-christian.net
446,Jefferson,AUCILLA CHRISTIAN ACADEMY INC.,7803 AUCILLA ROAD,MONTICELLO,32344,Yes,Yes,Yes,No,Yes,Yes,Non-Denominational,PK-12,COGNIA,2026,483,aucilla.org
8549,Jefferson,FRANKLIN ACADEMY INC.,1101 MISSIONWOOD LANE,TALLAHASSEE,32304,Yes,Yes,Yes,No,Yes,Yes,Non-Denominational,02-11,,2025,20,gmail.com
4979,Jefferson,The Village Academy,225 N Jefferson st,Monticello,32344,Yes,Yes,Yes,Yes,Yes,No,,,,2025,0,gmail.com
4185,Lafayette,LIGHTHOUSE CHRISTIAN ACADEMY,772 N HWY 51,MAYO,32066,Yes,Yes,Yes,Yes,Yes,Yes,Non-Denominational,PK-12,FLOCS,2026,80,lcamayo.org
2565,Lake,ADONAI ACADEMY INCORPORATED,6909 OLD HIGHWAY 441SUITE 108,MOUNT DORA,32757,Yes,Yes,Yes,No,Yes,Yes,Non-Denominational,PK-12,,2025,20,gmail.com
7401,Lake,APPLIED BEHAVIOR EDU AND LIFESKILLS ACADEMY,13201 SUGARBLUFF RD,CLERMONT,34715,Yes,Yes,Yes,No,No,No,,PK-12,,2025,75,southlakeautism.com
8899,Lake,ASTATULA CHRISTIAN SCHOOL,13239 FLORIDA AVENUE,ASTATULA,34705,Yes,Yes,Yes,No,Yes,Yes,Baptist,KG-12,,2025,174,comcast.net
1689,Lake,BELIEVERS CHRISTIAN ACADEMY,6738 OIL WELL ROAD,CLERMONT,34714,Yes,Yes,Yes,No,Yes,Yes,Non-Denominational,KG-12,,2025,24,yahoo.com
8172,Lake,BETTER LIFE ACADEMY,1650 W MAIN ST.  1,LEESBURG,34748,Yes,Yes,Yes,No,No,No,,KG-12,,2025,75,betterlifeofcentralfl.com
6947,Lake,BUILDING FUTURES ACADEMY AND PRESCHOOL,25541 STATE RD 46,SORRENTO,32776,Yes,Yes,Yes,Yes,No,Yes,Non-Denominational,PK-12,,2025,26,gmail.com
9781,Lake,CAREER INNOVATIONS ACADEMY - FL LLC,2307 South Street,Leesburg,34748,Yes,Yes,Yes,Yes,No,Yes,Non-Denominational,,,2025,0,gmail.com
1815,Lake,CHILDREN OF CHRIST LLC,2220 CLUSTER OAK DR,CLERMONT,34711,Yes,Yes,Yes,Yes,Yes,Yes,Non-Denominational,,,2025,0,childrenca.org
9500,Lake,CHOSEN GENERATION CHRISTIAN ACADEMY 2,4906 OLD PLEASANT HILL ROAD,KISSIMMEE,34759,Yes,Yes,Yes,Yes,Yes,Yes,Pentecostal,02-12,,2025,17,chosengenca.com
1290,Lake,CHRISTIAN HERITAGE ACADEMY,PO Box 916,Fruitland Park,34731,No,No,No,No,Yes,No,,01-12,,2025,11,gmail.com
4156,Lake,CITRUS HEIGHTS ACADEMY,101 S. GRAND HIGHWAY,CLERMONT,34711,Yes,Yes,Yes,No,Yes,Yes,Nazarene,01-12,,2025,67,icloud.com
899,Lake,COVENANT LIGHT PRIVATE,24900 MARTIN ST.,EUSTIS,32736,No,No,No,No,Yes,Yes,Baptist,01-12,,2026,15,covenantlightschool.com
7470,Lake,CREATE CONSERVATORY,4900 LAKE PARK CT,MOUNT DORA,32757,Yes,Yes,Yes,No,Yes,No,,KG-08,,2025,42,createconservatory.com
9137,Lake,DOMINION AND POWER CHRISTIAN ACADEMY,301 W WARD AVE,EUSTIS,32726,Yes,Yes,Yes,No,Yes,Yes,Non-Denominational,,,2025,0,embarqmail.com
5451,Lake,DREAMPLEX THERAPEUTIC SCHOOL,PO BOX 120547,CLERMONT,34712,Yes,Yes,Yes,No,Yes,No,,PK-12,,2025,49,cfldreamplex.com
727,Lake,FAITH LUTHERAN SCHOOL,2727 SOUTH GROVE STREET,EUSTIS,32726,Yes,Yes,Yes,No,Yes,Yes,Lutheran,PK-08,FLGA-LCMS,2026,240,flcse.org
4338,Lake,FAMILY CHRISTIAN CENTER SCHOOL - CLERMONT,2500 SOUTH HIGHWAY 27,CLERMONT,34711,Yes,Yes,Yes,Yes,Yes,Yes,Non-Denominational,KG-12,"FLOCS, COGNIA",2025,557,fcclive.com
1500,Lake,FIRST ACADEMY-LEESBURG,219 N. 13TH STREET,LEESBURG,34748,Yes,Yes,Yes,No,Yes,Yes,Baptist,KG-12,COGNIA,2026,514,faleesburg.com
5338,Lake,First Presbyterian Preschool,222 West 6th Avenue,Mt Dora,32757,Yes,Yes,Yes,No,Yes,Yes,Presbyterian,PK,,2025,59,fpcmtdora.org
8965,Lake,FIRST TRINITY ACADEMY,302 E MIRROR LAKE DR,FRUITLAND PARK,34731,Yes,Yes,Yes,No,No,Yes,Non-Denominational,PK-09,,2025,115,live.com
840,Lake,FOREST LAKE ACADEMY,04619 SUNNYSIDE DR.,FRUITLAND PARK,34731,No,No,No,No,No,No,,01-04,,2025,2,embarqmail.com
3787,Lake,GATEWAY CHRISTIAN SCHOOL,18440 U.S. HWY. 441,MOUNT DORA,32757,Yes,Yes,Yes,No,Yes,Yes,Seventh Day Adventist,PK-09,,2025,84,flcoe.org
8109,Lake,GREATER HORIZONS ACADEMY OF EXCELLENCE,465 BLUE CYPRESS DR.,GROVELAND,34736,Yes,Yes,Yes,No,No,Yes,Non-Denominational,KG-08,,2025,26,greaterhorizonsacademy.com
6209,Lake,HERITAGE CHRISTIAN ACADEMY,432 COUNTY ROAD 466,LADY LAKE,32159,Yes,Yes,Yes,No,Yes,Yes,Baptist,02-12,,2025,33,fbcladylake.org
787,Lake,HOLY TRINITY EPISCOPAL SCHOOL,02201 SPRING LAKE ROAD,FRUITLAND PARK,34731,Yes,Yes,Yes,No,Yes,Yes,Episcopalian,06-12,,2025,52,htepiscopalschool.org
2564,Lake,HOP TO THE LIGHT CHRISTIAN ACADEMY,PO BOX 711,OKAHUMPKA,34762,Yes,Yes,Yes,Yes,No,Yes,Non-Denominational,03-11,,2025,6,gmail.com
8000,Lake,HOPE ACADEMY INCORPORATED,13806 SR 33,GROVELAND,34736,Yes,Yes,Yes,Yes,Yes,Yes,Non-Denominational,KG-12,FLOCS,2025,227,gohopeacademy.org
7519,Lake,Inspire Learning Academy-North,1904 Thomas Ave,Leesburg,,Yes,Yes,Yes,Yes,No,No,,PK-04,,2025,10,gmail.com
6889,Lake,INTEGRITY CHRISTIAN ACADEMY,239 CURTIS AVE,GROVELAND,34736,Yes,Yes,Yes,No,Yes,Yes,Pentecostal,PK-12,FLOCS,2025,145,integritychristianacademyfl.com
9832,Lake,JOSEPH'S HOUSE SCHOOL,2021 ABRAMS ROAD,EUSTIS,32726,No,No,No,No,No,Yes,Non-Denominational,KG-11,,2025,10,josephshouse.com
5145,Lake,KERRINGTON'S CARE ACADEMY OF EXCELLENCE INC,920 COUNTY ROAD 468,LEESBURG,34748,Yes,Yes,Yes,No,Yes,No,,PK-12,,2025,21,kerringtonscareacademy.com
6268,Lake,Kingdom Christian Academy,216 Oak Hill Road,Lady Lake,32159,No,No,No,No,Yes,Yes,Church of God,,,2026,0,ladylakecog.org
1488,Lake,Lake County Prep Academy,,,,No,No,No,No,No,No,,PK-KG,,2026,15,gmail.com
6687,Lake,Lake Geneva Primary School,,,,Yes,Yes,Yes,No,No,No,,PK-02,,2025,13,lakegenevaprimary.com
968,Lake,LAKE MONTESSORI SCHOOL,415 N. LEE STREET,LEESBURG,34748,Yes,Yes,Yes,No,No,No,,PK-12,COGNIA,2025,242,lakemontessori.com
6473,Lake,LAKE PREPARATORY SCHOOL INC.,1000 WEST MAIN ST,LEESBURG,34748,Yes,Yes,Yes,No,Yes,No,,PK-08,,2025,99,hotmail.com
4629,Lake,LAND OF LAKES MONTESSORI SCHOOL,1650 OAKLEY SEAVER DR,CLERMONT,34711,Yes,Yes,Yes,No,No,No,,PK-03,,2026,92,lolms.org
9720,Lake,LEESBURG CHRISTIAN ACADEMY,1414 WEST MAIN STREET,LEESBURG,34748,Yes,Yes,Yes,No,Yes,Yes,Pentecostal,KG-05,,2025,57,leesburgchristianacademy.org
8420,Lake,LEESBURG CHRISTIAN PREPARATORY SCHOOL IEP,10516 TREADWAY SCHOOL RD,LEESBURG,34788,Yes,Yes,Yes,Yes,Yes,Yes,Non-Denominational,KG-12,,2025,136,christianprepschools.com
2074,Lake,LIBERTY CHRISTIAN PREPARATORY SCHOOL,2451 DORA AVENUE,TAVARES,32778,Yes,Yes,Yes,No,Yes,Yes,Non-Denominational,PK-12,FACCS,2025,521,lcplions.com
7280,Lake,MEANINGFUL MILESTONE ACADEMY INC,480 W CR 44,EUSTIS,32727,Yes,Yes,Yes,No,Yes,No,,PK-11,,2025,75,meaningfulmilestonesacademy.org
8216,Lake,MILESTONES COMMUNITY SCHOOL OF LAKE COUNTY,10401 US HWY 441 SUITE 136,LEESBURG,34788,Yes,Yes,Yes,No,Yes,No,,07-12,,2025,16,aol.com
8364,Lake,MODERN SCHOOLHOUSE,131 MADRONA DR.,EUSTIS,32726,Yes,Yes,Yes,No,No,No,,PK-09,,2025,80,gmail.com
9594,Lake,MONTESSORI BILINGUAL ACADEMY,355 CITRUS TOWER BLVD,CLERMONT,34711,Yes,Yes,Yes,No,No,No,,PK-03,,2025,87,clermontmontessori.com
1034,Lake,MONTVERDE ACADEMY,17235 7TH STREET,MONTVERDE,34756,No,No,No,No,Yes,No,,PK-12,COGNIA,2025,1226,montverde.org
629,Lake,MOUNT DORA CHRISTIAN ACADEMY,301 WEST 13TH AVENUE,MOUNT DORA,32757,Yes,Yes,Yes,No,Yes,Yes,Other,PK-12,COGNIA,2026,921,mdcacademy.org
1810,Lake,Mount Dora Montessori LLC,751 EAST 5TH AVENUE,MOUNT DORA,32757,Yes,Yes,Yes,No,No,No,,PK-10,,2025,141,montessorinest.com
5260,Lake,NEXT STEPS ACADEMY,606 S 9TH STREET,LEESBURG,34748,No,No,No,No,No,No,,,,2025,0,gmail.com
5179,Lake,Palms Day School - Clermont Campus,17445 Cabrini Way,Estero,33928,Yes,Yes,Yes,No,No,No,,PK,,2025,15,palmsdayschool.com
5190,Lake,Potters Hands Christian Academy,205 Woodfield Court,Groveland,34736,No,No,No,No,No,Yes,Non-Denominational,02-10,,2025,6,gmail.com
3727,Lake,PRAISE TEMPLE CHRISTIAN ACADEMY,5910 BIBLE CAMP ROAD,GROVELAND,34736,Yes,Yes,Yes,No,Yes,Yes,Church of God,PK-12,CGACS,2025,165,aol.com
9753,Lake,RAFIKI CLASSICAL ACADEMY,23315 CR 44A,EUSTIS,32736,Yes,Yes,Yes,No,Yes,Yes,Other,PK-06,,2025,64,rafikiclassical.org
1219,Lake,REAL LIFE CHRISTIAN ACADEMY,1501 STEVE'S RD.,CLERMONT,34711,Yes,Yes,Yes,No,Yes,Yes,Non-Denominational,PK-12,"CSF, ACSI",2025,609,real.life
9569,Lake,RISE UP 4 SUCCESS,931 E ALFRED ST,TAVARES,32778,No,No,No,No,No,No,,,,2025,0,gmail.com
2959,Lake,RIVER ACADEMY,796 HOOKS ST.,CLERMONT,34711,Yes,Yes,Yes,No,No,Yes,Non-Denominational,KG-11,,2025,35,gmail.com
1257,Lake,SAINT PAUL'S CATHOLIC SCHOOL,1322 SUNSHINE AVENUE,LEESBURG,34748,Yes,Yes,Yes,No,Yes,Yes,Catholic,PK-08,FCCAP,2026,202,stpaulschoolleesburg.org
4529,Lake,SELAH PERFORMING ARTS ACADEMY,100 S GRAND HWY,CLERMONT,34711,No,No,No,No,Yes,Yes,Non-Denominational,,,2025,0,mydoorkeeper.org
1942,Lake,SOLID ROCK CHRISTIAN SCHOOL,21951 U S HWY 441,MOUNT DORA,32757,Yes,Yes,Yes,No,Yes,Yes,Non-Denominational,KG-12,,2025,76,solidrockfla.com
7895,Lake,Sorrento Bright Future Academy LLC,14519 Whittridge Dr,Winter Garden,34787,Yes,Yes,Yes,Yes,No,Yes,Other,,,2025,0,gmail.com
4402,Lake,SOUTH LAKE MONTESSORI SCHOOL,983 W. DESOTO STREET,CLERMONT,34711,Yes,Yes,Yes,No,No,No,,PK-KG,,2025,22,gmail.com
3562,Lake,SUNSHINE SCHOOLHOUSE,1305 SUNSHINE AVE,LEESBURG,34748,Yes,Yes,Yes,No,No,No,,PK-06,,2025,55,sunshineschoolhouseflorida.com
8606,Lake,THE DREAM ACADEMY INC,2400 SOUTH HIGHWAY 27,CLERMONT,34711,Yes,Yes,Yes,No,Yes,No,,KG-10,,2026,52,thedreamacademyfl.com
8949,Lake,THE KEY TO LEARNING,10726 LIBBY NUMBER 3 ROAD,CLERMONT,34715,Yes,Yes,Yes,Yes,Yes,No,,KG-12,FLOCS,2025,165,thekeytolearning.org
3383,Lake,THE LEARNING CURVE ACADEMY INC.,37711 CR 439,EUSTIS,32736,Yes,Yes,Yes,No,Yes,Yes,Other,PK-10,,2025,10,yahoo.com
269,Lake,THE POTTER'S ACADEMY,10401 REAGANS RUN DRIVE,CLERMONT,34711,Yes,Yes,Yes,No,Yes,Yes,Non-Denominational,08-10,FLOCS,2025,9,thepottersacademy.com
9254,Lake,VIBES LEARNING ACADEMY,1211 WINDY MEADOW DR,MINNEOLA,34715,Yes,Yes,Yes,Yes,Yes,Yes,Non-Denominational,KG-04,,2025,3,vibesnetwork.org
5546,Lake,Village Montessori,983 West Desoto Street,Clermont,34711,Yes,Yes,Yes,No,No,No,,,,2025,0,villagemontessori.us
5858,Lake,VILLAGE VIEW CHRISTIAN ACADEMY,197 E LAVISTA STREET,FRUITLAND PARK,34731,Yes,Yes,Yes,No,Yes,Yes,Non-Denominational,KG-12,FLOCS,2025,176,villageviewchristianacademy.com
8477,Lake,WESLEY CHRISTIAN ACADEMY,950 7TH ST,CLERMONT,34711,Yes,Yes,Yes,Yes,Yes,Yes,Methodist,PK-08,,2025,454,lh.today
1657,Lee,3 OAKS ACADEMY,21101 DESIGN PARC LANE,ESTERO,33928,Yes,Yes,Yes,Yes,Yes,No,,KG-12,,2025,55,3oaksacademy.com
6147,Lee,A LITTLE PIECE OF ME MONTESSORI ACADEMY,229 DEL PRADO BOULEVARD N 3,CAPE CORAL,33909,Yes,Yes,Yes,No,No,No,,PK-08,,2025,175,aol.com
9783,Lee,ACTON ACADEMY ALVA,22101 LUCKY LEE LN,ALVA,33920,Yes,Yes,Yes,No,Yes,No,,PK-06,,2025,17,actonacademyalva.org
5886,Lee,ACTON ACADEMY ESTERO,17596 KINZIE LANE,ESTERO,33928,No,No,No,No,Yes,Yes,Non-Denominational,KG-06,,2025,34,actonacademyestero.org
5502,Lee,ALMEGA ACADEMY INC,3088 EVANS AVE,FORT MYERS,33901,No,No,No,No,Yes,Yes,Pentecostal,12,,2026,1,almegaacademy.com
3628,Lee,APOSTOLIC REVIVAL CENTER CHRISTIAN SCHOOL,2100 BARDEN STREET,FT. MYERS,33916,Yes,Yes,Yes,No,Yes,Yes,Pentecostal,PK-05,,2025,33,embarqmail.com
6641,Lee,BANNWORTH ACADEMY OF CLASSICAL EDUCATION,3714 EVANS AVENUE,FORT MYERS,33901,No,No,No,No,No,Yes,Other,01-11,,2025,17,bannworthacademy.com
630,Lee,BISHOP VEROT CATHOLIC HIGH SCHOOL,5598 SUNRISE DRIVE,FORT MYERS,33919,Yes,Yes,Yes,No,Yes,Yes,Catholic,09-12,COGNIA,2025,859,bvhs.org
3119,Lee,BLUE HORIZON SCHOOL ACADEMY,13751 METROPOLIS AVE,FORT MYERS,33912,Yes,Yes,Yes,No,No,No,,PK-05,,2026,107,bluehorizonschool.org
7289,Lee,BRIGHTON ACADEMY I,560 E MCNAB RD,POMPANO BEACH,33060,Yes,Yes,Yes,No,Yes,No,,KG-05,,2025,32,comcast.net
4805,Lee,Brown Academy,12211 Towne Lake Drive,Fort Myers,33913,Yes,Yes,Yes,No,No,No,,PK-KG,,2026,58,brownacademy.net
728,Lee,CANTERBURY SCHOOL,8141 COLLEGE PARKWAY,FORT MYERS,33919,No,No,No,No,Yes,No,,PK-12,"FCIS, COGNIA",2025,797,canterburyfortmyers.org
2145,Lee,CAPE ACADEMY,2111 SKYLINE BLVD UNIT 102,CAPE CORAL,33991,Yes,Yes,Yes,No,No,No,,KG-12,COGNIA,2025,267,capeacademyedu.com
8217,Lee,Cape Academy - South,2111 Skyline Blvd,Cape Coral,33991,No,No,No,No,No,No,,,,2026,0,capeacademyedu.com
9702,Lee,CENTER ACADEMY CAPE CORAL,706 SW 6TH AVE,CAPE CORAL,33991,Yes,Yes,Yes,No,No,No,,04-11,COGNIA,2025,34,centeracademy.com
5379,Lee,Champions Christian Academy,"1251 Taylor LaneSuites D, E, F",Lehigh Acres,33936,Yes,Yes,Yes,Yes,Yes,Yes,Non-Denominational,,,2025,0,gmail.com
508,Lee,CHRISTIAN ACADEMY FOR AUTISM INC,1430 HOMESTEAD RD,LEHIGH ACRES,33936,Yes,Yes,Yes,No,Yes,Yes,Non-Denominational,PK-11,,2025,104,outlook.com
3194,Lee,CHRISTIAN ACADEMY FOR AUTISM LEHIGH ACRES,705 Leeland Heights Blvd E,Lehigh Acres,33936,Yes,Yes,Yes,Yes,Yes,Yes,Non-Denominational,PK-10,,2025,53,gmail.com
7300,Lee,CHRISTIAN LIFE ACADEMY OF LEE COUNTY INC.,1150 SW 20th Avenue,CAPE CORAL,33991,Yes,Yes,Yes,No,Yes,Yes,Non-Denominational,PK-11,,2026,349,clawarriors.com
4614,Lee,CLASSICAL CHRISTIAN ACADEMY INC.,8250 Littleton Road,North Fort Myers,33903,No,No,No,Yes,Yes,Yes,Non-Denominational,PK-12,COGNIA,2026,212,discovercca.org
2368,Lee,CRESTWELL SCHOOL,1901 PARK MEADOWS DRIVE,FORT MYERS,33907,Yes,Yes,Yes,No,Yes,No,,PK-08,"AISF, COGNIA",2026,318,crestwellschool.org
5306,Lee,CROSSPOINTE ACADEMY INC.,6900-29 DANIELS PKWY.,FORT MYERS,33912,Yes,Yes,Yes,No,Yes,Yes,Non-Denominational,PK-12,FCCPSA,2025,159,cpaclass.org
2952,Lee,CROSSROADS BAPTIST ACADEMY,PO BOX 50935,FORT MYERS,33994,Yes,Yes,Yes,No,Yes,Yes,Baptist,KG-10,,2025,19,crossroadsbaptist.net
6320,Lee,CROWN OF LIFE CHRISTIAN ACADEMY,5820 DANIEL'S PKWY,FT MYERS,33912,Yes,Yes,Yes,No,Yes,Yes,Lutheran,PK-08,,2026,128,crownlifeacademy.com
6174,Lee,DE LASALLE ACADEMY OF FORT MYERS,6401 TECHSTER BLVD.,FORT MYERS,33966,Yes,Yes,Yes,No,Yes,No,,01-12,,2025,127,delasallefm.org
7390,Lee,DISCOVERY DAY ACADEMY,25355 SOUTH TAMIAMI TRAIL,BONITA SPRINGS,34134,Yes,Yes,Yes,No,No,No,,PK-08,COGNIA,2025,56,discoverydayacademy.com
9648,Lee,EDUCATIONAL PATHWAYS ACADEMY II,23601 N COMMONS DR,ESTERO,34134,Yes,Yes,Yes,No,Yes,Yes,Non-Denominational,03-12,,2025,81,educationalpathwaysacademy.com
6695,Lee,Emerge Specialized Education Center,13461 Parker Commons Boulevard ste 202,Fort Myers,33912,No,No,No,No,No,No,,PK-01,,2026,6,evolvebehaviortherapyservices.com
7163,Lee,Empowered Preparatory School,2529 SW 38TH STREET,CAPE CORAL,33914,Yes,Yes,Yes,Yes,No,No,,05-08,,2025,6,fsvacademy.com
905,Lee,EVANGELICAL CHRISTIAN,8237 BEACON BOULEVARD S.E.,FORT MYERS,33907,Yes,Yes,Yes,No,Yes,Yes,Non-Denominational,PK-08,FACCS,2026,1237,goecs.org
270,Lee,EVANGELICAL CHRISTIAN SCHOOL,4501 COLONIAL BLVD.,FORT MYERS,33966,Yes,Yes,Yes,No,Yes,Yes,Non-Denominational,09-12,FACCS,2026,370,goecs.org
1603,Lee,FORT MYERS CHRISTIAN SCHOOL,1550 COLONIAL BOULEVARD,FORT MYERS,33907,Yes,Yes,Yes,No,Yes,Yes,Assemblies of God,PK-08,,2025,352,fmcs-fl.com
6689,Lee,Goddard School of Estero,10100 Arcos Avenue,Estero,33928,No,No,No,No,No,No,,PK,,2025,11,goddardschools.com
4085,Lee,GOOD SHEPHERD LUTHERAN SCHOOL,4770 ORANGE GROVE BLVD.,NORTH FORT MYERS,33903,Yes,Yes,Yes,No,Yes,Yes,Lutheran,KG-08,FLGA-LCMS,2026,121,goodshepofnfm.com
1577,Lee,GOSPEL BAPTIST CHRISTIAN SCHOOL,24861 OLD 41 ROAD,BONITA SPRINGS,34135,Yes,Yes,Yes,No,Yes,Yes,Baptist,PK-12,,2026,90,mygbcs.com
7495,Lee,GRACE CLASSICAL ACADEMY,P.O. BOX 1012,BONITA SPRINGS,34133,Yes,Yes,Yes,No,Yes,Yes,Non-Denominational,KG-08,,2026,116,wearegca.com
1844,Lee,GRACE COMMUNITY SCHOOL,8971 BRIGHTON LANE,BONITA SPRINGS,34135,Yes,Yes,Yes,No,Yes,Yes,Non-Denominational,PK-11,,2025,145,gracecommunityschools.com
4494,Lee,GRACE COMMUNITY SCHOOL OF FORT MYERS INC.,1688 MEDICAL LANE,FT. MYERS,33907,Yes,Yes,Yes,No,Yes,Yes,Non-Denominational,PK-12,,2025,167,gracecommunityschools.com
7572,Lee,GRACE COMMUNITY SCHOOL OF LEHIGH,3732 LEE BLVD,LEHIGH ACRES,33971,Yes,Yes,Yes,No,Yes,Yes,Non-Denominational,PK-KG,,2025,168,gracecommunityschools.com
6895,Lee,GRACE COMMUNITY SCHOOL OF NORTH FORT MYERS,4735 ORANGE GROVE BLVD,NORTH FORT MYERS,33903,Yes,Yes,Yes,No,Yes,Yes,Non-Denominational,PK-KG,,2025,133,gracecommunityschools.com
6165,Lee,GRACE COMMUNITY SCHOOL OF SKYLINE,2932 SKYLINE BLVD,CAPE CORAL,33914,Yes,Yes,Yes,No,Yes,Yes,Non-Denominational,PK-KG,,2025,176,gracecommunityschools.com
1652,Lee,GUNNERY ROAD CHRISTIAN ACADEMY,1880 GUNNERY ROAD N.,LEHIGH ACRES,33971,Yes,Yes,Yes,No,Yes,Yes,Baptist,PK-12,,2026,156,msn.com
3608,Lee,HIBERNIAN PRIVATE SCHOOL,1950 CLAYTON COURT,FT. MYERS,33907,Yes,Yes,Yes,No,No,No,,06-12,NIPSA,2025,29,hibernianprivateschool.com
3304,Lee,IN YOUR HANDS BEHAVIOR,3351 MARIANATOWN LANE,N FORT MYERS,33903,Yes,Yes,Yes,No,No,No,,,,2025,0,yahoo.com
470,Lee,KINGDOM CHRISTIAN ACADEMY OF EXCELLENCE,235 JOEL BLVD,LEHIGH ACRES,33936,No,No,No,No,Yes,Yes,Non-Denominational,,,2026,0,gmail.com
7698,Lee,LEE AUTISM ACADEMY,3661 CENTRAL AVE,FORT MYERS,33901,No,No,No,No,No,No,,06-12,,2026,10,abaresults.com
9541,Lee,LEHIGH ACRES CHRISTIAN SCHOOL,P.O. BOX 1136,LEHIGH ACRES,33970,Yes,Yes,Yes,No,Yes,Yes,Non-Denominational,KG-12,,2025,132,gmail.com
2324,Lee,LIVING WORD CHRISTIAN SCHOOL,2900 N. TAMIAMI TRAIL,NORTH FORT MYERS,33903,Yes,Yes,Yes,No,Yes,Yes,Non-Denominational,KG-12,,2025,71,gmail.com
404,Lee,MAIMONIDES HEBREW DAY SCHOOL,5620 WINKLER RD,FT. MYERS,33919,Yes,Yes,Yes,No,Yes,Yes,Jewish,01-07,,2025,5,chabadswf.org
7757,Lee,MILLENNIUM CHRISTIAN ACADEMY,13235 PALM BEACH BLVD,FORT MYERS,33905,Yes,Yes,Yes,No,Yes,Yes,Assemblies of God,PK-07,,2025,29,gmail.com
5128,Lee,MONTESSORI SCHOOL OF FT. MYERS,2151 CRYSTAL DRIVE,FT. MYERS,33907,Yes,Yes,Yes,No,No,No,,PK-KG,,2026,96,msfortmyers.com
7095,Lee,NEW LIFE ACADEMY,3348 EDGEWOOD AVENUE,FT. MYERS,33916,Yes,Yes,Yes,No,Yes,Yes,Non-Denominational,PK-12,,2025,103,gmail.com
8169,Lee,Nova Academy Private School LLC,,,,No,No,No,No,No,No,,,,2026,0,
4286,Lee,PALMS DAY SCHOOL,3480 PELICAN COLONY BLVD,ESTERO,34134,Yes,Yes,Yes,No,No,No,,PK,,2025,15,palmsdayschool.com
1517,Lee,QUALITY LIFE ACADEMY,3210DR.MARTIN LUTHER KING BLVD,FORT MYERS,33916,Yes,Yes,Yes,No,Yes,No,,KG-11,,2025,24,qlcswfl.org
1578,Lee,RIGHT STEPS ACADEMY,12800 KENWOOD LN,FT MYERS,33907,Yes,Yes,Yes,No,No,No,,PK,,2025,82,rightstepsacademy.com
2348,Lee,RISING SUN ACADEMY,138 HARRY AVE S,LEHIGH ACRES,33973,No,No,No,No,Yes,No,,03-04,,2025,2,gmail.com
7443,Lee,ROCK CHRISTIAN ACADEMY,940 TARPON STREET,FORT MYERS,33916,Yes,Yes,Yes,No,Yes,Yes,Other,KG-12,,2026,33,gmail.com
2158,Lee,SACRED HEART OF JESUS PRIVATE SCHOOL,6151 NALLE GRADE ROAD,NORTH FORT MYERS,33917,No,No,No,No,Yes,Yes,Catholic,01-12,,2025,44,gmail.com
1419,Lee,SAINT FRANCIS XAVIER,2055 HEITMAN STREET,FORT MYERS,33901,Yes,Yes,Yes,No,Yes,Yes,Catholic,PK-08,FCCAP,2025,614,sfxfm.org
1452,Lee,SAINT MICHAEL LUTHERAN SCHOOL,3595 BROADWAY,FORT MYERS,33901,Yes,Yes,Yes,No,Yes,Yes,Lutheran,PK-08,COGNIA,2026,444,gsmlcs.org
4407,Lee,SMART START EXCEPTIONAL STUDENT EDUCATION,12493 BRANTLEY COMMONS COURT,FT. MYERS,33907,Yes,Yes,Yes,No,No,No,,KG,,2025,4,smartaba.org
1882,Lee,SONSHINE CHRISTIAN ACADEMY,12925 PALM BEACH BLVD.,FT  MYERS,33905,Yes,Yes,Yes,No,Yes,Yes,Non-Denominational,PK-12,CGACS,2025,420,sonshinewarriors.org
2397,Lee,SOUTHWEST FLORIDA CHRISTIAN ACADEMY,3750 COLONIAL BLVD.,FORT MYERS,33966,Yes,Yes,Yes,No,Yes,Yes,Baptist,PK-12,COGNIA,2026,1256,sfcakings.org
1794,Lee,ST. ANDREW CATHOLIC SCHOOL,1509 S.E. 27TH STREET,CAPE CORAL,33904,Yes,Yes,Yes,No,Yes,Yes,Catholic,PK-08,FCCAP,2025,618,standrewcs.org
2309,Lee,SUMMIT CHRISTIAN SCHOOL,9065 LIGON COURT,FT. MYERS,33908,Yes,Yes,Yes,No,Yes,Yes,Presbyterian,,CSF,2026,0,summitswfl.org
27,Lee,The Blooming Academy,,,,No,No,No,No,No,No,,PK-07,,2026,18,
8543,Lee,THRIVE ACADEMY,3301 CHIQUITA BLVD. S,CAPE CORAL,33914,Yes,Yes,Yes,No,Yes,No,,,,2026,0,fi-florida.org
1158,Lee,VINE ACADEMY,7800 COLLEGE PARKWAY,FORT MYERS,33907,Yes,Yes,Yes,No,Yes,Yes,Non-Denominational,PK-05,,2025,36,vineacademy.org
1667,Lee,VISION HIGH SCHOOL INC,2271 FOWLER ST,FORT MYERS,33901,No,No,No,No,Yes,No,,09-12,,2025,19,hotmail.com
4851,Lee,WILOSTAR3D ACADEMY,27499 RIVERVIEW CENTER BLVD.,BONITA SPRINGS,34135,No,No,No,No,No,No,,06-12,,2025,147,wilostar3d.com
525,Leon,ACADEME,1983 MAHAN DRIVE,TALLAHASSEE,32308,Yes,Yes,Yes,No,Yes,Yes,Non-Denominational,KG-08,,2025,35,academetlh.com
2839,Leon,ANCHOR INSTITUTE OF EDUCATION INC,506 HAMPTON AVE,TALLAHASSEE,32310,Yes,Yes,Yes,No,Yes,No,,KG-05,,2025,32,gmail.com
8699,Leon,ANN'S PRESCHOOL AND KINDERGARTEN,1777 N. MERIDIAN RD.,TALLAHASSEE,32303,Yes,Yes,Yes,No,No,No,,PK-KG,,2025,35,gmail.com
9708,Leon,AVANT SCHOOL OF EXCELLENCE - TALLAHASSEE,3551 AUSTIN DAVIS AVENUE,TALLAHASSEE,32308,Yes,Yes,Yes,Yes,No,Yes,Baptist,KG-12,COGNIA,2026,153,avantschoolsofexcellence.org
4470,Leon,BB SCHOLAR ACADEMY,2750 OLD ST. AUGUSTINE RD #H75,TALLAHASSEE,32301,No,No,No,No,Yes,No,,,,2025,0,bbsacademy.org
2174,Leon,BETHEL CHRISTIAN ACADEMY,224 N MARTIN LUTHER KING JR. B,TALLAHASSEE,32301,Yes,Yes,Yes,No,Yes,Yes,Baptist,KG-08,,2025,43,thebethelchristianacademy.org
1076,Leon,BETTON HILLS PREPARATORY SCHOOL,1815 N. MERIDIAN ROAD,TALLAHASSEE,32303,Yes,Yes,Yes,No,No,No,,PK-02,AISF,2026,42,bettonhills.com
3902,Leon,BRIDGES TO OPPORTUNITY ACADEMY,PO BOX 692,CLARCONA,32710,Yes,Yes,Yes,Yes,No,No,,10-12,,2025,25,gmail.com
5480,Leon,BROWNSVILLE PREPARATORY INSTITUTE,3122 MAHAN RD,TALLAHASSEE,32308,Yes,Yes,Yes,No,No,No,,PK-03,,2025,119,brownsvilleprep.com
8891,Leon,CAPITAL PREPARATORY,2811 INDUSTRIAL PLAZA DRIVE,TALLAHASSEE,32301,Yes,Yes,Yes,No,Yes,Yes,Non-Denominational,KG-12,"FCCPSA, COGNIA",2025,113,capitalpreptally.com
9845,Leon,CARTERS CORNER SPORTS MANAGEMENT ACADEMY,1349 E LAFAYETTE ST,TALLAHASSEE,32310,No,No,No,No,Yes,No,,,,2025,0,me.com
2463,Leon,CHANGING LIVES 4 EVER PREPARATORY ACADEMY,3780 PEDDIE DRIVE,TALLAHASSEE,32303,Yes,Yes,Yes,No,Yes,Yes,Non-Denominational,01-10,,2025,27,yahoo.com
4625,Leon,CHRIST CLASSICAL ACADEMY,2205 THOMASVILLE ROAD,TALLAHASSEE,32308,Yes,Yes,Yes,No,Yes,Yes,Non-Denominational,PK-12,,2025,305,christclassical.com
4773,Leon,COMMON GROUND SCHOOL,3510 WEEMS RD,TALLAHASSEE,32317,Yes,Yes,Yes,No,No,No,,PK-12,,2026,73,tallyarts.com
1420,Leon,COMMUNITY CHRISTIAN SCHOOL,4859 KERRY FOREST PARKWAY,TALLAHASSEE,32309,Yes,Yes,Yes,No,Yes,Yes,Non-Denominational,PK-12,COGNIA,2025,418,ccs-chargers.org
6308,Leon,COMMUNITY LEADERSHIP ACADEMY,3122 MAHAN DR.,TALLAHASSEE,32308,Yes,Yes,Yes,Yes,Yes,Yes,Non-Denominational,PK-12,COGNIA,2025,379,clatallahassee.org
3288,Leon,CORNERSTONE LEARNING COMMUNITY,2524 HARTSFIELD RD.,TALLAHASSEE,32303,Yes,Yes,Yes,No,Yes,No,,PK-08,FCIS,2025,139,cornerstonelc.com
4999,Leon,CREATIVE MINDS SCHOOL OF ARTS,2344-2 LAKE BRADFORD RD,TALLAHASSEE,32310,Yes,Yes,Yes,No,Yes,No,,KG-11,,2025,64,outlook.com
7387,Leon,Epiphany Lutheran Classical School,,,,No,No,No,No,Yes,Yes,Lutheran,PK,,2025,68,epiphanytally.org
3964,Leon,FAITH BAPTIST CHURCH CHILD DEVELOPMENT CENT,3333 APALACHEE PARKWAY,TALLAHASSEE,32311,No,No,No,No,Yes,Yes,Baptist,PK,,2025,9,faithbaptisttally.org
1828,Leon,FAITH PRESBYTERIAN CHURCH PRESCHOOL,2200 N. MERIDIAN ROAD,TALLAHASSEE,32303,Yes,Yes,Yes,No,Yes,Yes,Presbyterian,PK-KG,,2025,45,faithpcusa.org
2260,Leon,FRANKLIN ACADEMY INC.,1101 MISSIONWOOD LANE,TALLAHASSEE,32304,Yes,Yes,Yes,No,Yes,Yes,Non-Denominational,KG-12,,2025,43,gmail.com
8581,Leon,GIANT CAMPUS ACADEMY,100 S. Mill Ave Suite 1700,Tempe,85281,No,No,No,No,No,No,,06-12,COGNIA,2025,22,imaginelearning.com
7642,Leon,GRAHAM PRIVATE CHRISTIAN HIGH SCHOOL,2532 WEST THARPE STREET,TALLAHASSEE,32303,No,No,No,No,No,Yes,Non-Denominational,,,2025,0,mail.com
729,Leon,GRASSROOTS FREE SCHOOL,2458 GRASSROOTS WAY,TALLAHASSEE,32311,Yes,Yes,Yes,No,Yes,No,,KG-09,,2025,29,gmail.com
789,Leon,HOLY COMFORTER EPISCOPAL SCHOOL INC.,2001 FLEISCHMANN ROAD,TALLAHASSEE,32308,No,No,No,No,Yes,Yes,Episcopalian,PK-08,"FCIS, COGNIA",2025,568,hces.org
5449,Leon,IMPACT ACADEMY,1717 HERMITAGE BLVD,TALLAHASSEE,32308,Yes,Yes,Yes,No,Yes,No,,KG-12,,2025,67,impacttlh.org
3195,Leon,INSTITUTE FOR MUSIC BUSINESS LLC,3551 BLAIRSTONE ROAD,TALLAHASSEE,32301,No,No,No,No,Yes,No,,,,2025,0,imbusiness.org
3520,Leon,JOHN PAUL II CATHOLIC HIGH SCHOOL,5100 TERREBONE DRIVE,TALLAHASSEE,32311,Yes,Yes,Yes,No,Yes,Yes,Catholic,09-12,COGNIA,2026,128,jpiichs.org
8714,Leon,KINGDOM LIFE PREPARATORY ACADEMY,P.O. BOX 2523,TALLAHASSEE,32316,Yes,Yes,Yes,No,Yes,Yes,Non-Denominational,06-12,,2025,120,teamkingdom.business
6166,Leon,KINGDOM LIFE PREPARATORY ACADEMY II,POST OFFICE BOX 2523,TALLAHASSEE,32316,Yes,Yes,Yes,No,Yes,Yes,Non-Denominational,KG-05,,2025,143,teamkingdom.business
9564,Leon,LDM LEARNING ACADEMY,13480 MIDDLEFIELD ROAD,TALLAHASSEE,32309,Yes,Yes,Yes,No,Yes,Yes,Non-Denominational,,,2025,0,gmail.com
1944,Leon,MAGNOLIA SCHOOL,2705 W. THARPE STREET,TALLAHASSEE,32303,Yes,Yes,Yes,No,Yes,No,,KG-08,,2025,61,themagnoliaschool.org
8694,Leon,MIRACLES IN ME ACADEMY,228 GAILE AVENUE,TALLAHASSEE,32305,Yes,Yes,Yes,No,No,No,,KG-10,,2026,126,aol.com
5477,Leon,NFC ACADEMY,SAME,,,No,No,No,No,Yes,Yes,Baptist,PK-12,COGNIA,2025,234,nfcacademy.com
1036,Leon,NORTH FLORIDA CHRISTIAN SCHOOL,3000 NORTH MERIDIAN ROAD,TALLAHASSEE,32312,Yes,Yes,Yes,No,Yes,Yes,Baptist,PK-12,COGNIA,2026,671,nflchurch.com
8728,Leon,OXFORD LEARNING ACADEMY LLC,3122 MAHAN DRIVE,TALLAHASSEE,32308,Yes,Yes,Yes,Yes,No,No,,PK-03,,2025,22,learningatoxford.com
2179,Leon,PURPOSEFUL BEGINNINGS LEARNING CENTER INC,3551 Austin Davis Ave,TALLAHASSEE,32308,No,No,No,No,No,Yes,Non-Denominational,PK-01,,2025,40,gmail.com
4900,Leon,RISE INSTITUTE INCORPORATED,1341 CROSS CREEK CIRCLE,TALLAHASSEE,32301,Yes,Yes,Yes,No,Yes,No,,06-09,,2025,8,yahoo.com
744,Leon,ROSE ACADEMY LLC,1268-B TIMBERLANE RD.,TALLAHASSEE,32312,Yes,Yes,Yes,No,No,No,,02-12,,2025,42,rosesac.com
1514,Leon,SCOTTSDALE ACADEMY AT SOUTHWOOD,3693 COOLIDGE COURT,TALLAHASSEE,32311,No,No,No,No,No,No,,PK,,2025,37,scottsdaleacademy.com
7503,Leon,TALLAHASSEE ADVENTIST CHRISTIAN ACADEMY,616 CAPITAL CIRCLE NE,TALLAHASSEE,32301,Yes,Yes,Yes,No,Yes,Yes,Seventh Day Adventist,PK-06,,2025,24,flcoe.org
4959,Leon,Tallahassee Autism Academy,2335 Hansen Court,Tallahassee,32301,Yes,Yes,Yes,No,Yes,No,,,,2025,0,cayerbehavioral.com
8530,Leon,THE ACHIEVE ACADEMY,P.O. BOX 180133,TALLAHASSEE,32318,Yes,Yes,Yes,No,Yes,No,,01-11,,2025,23,theachieveacademy.com
8227,Leon,THE LEARNING CENTER FOR EXCELLENCE ACADEMY,5012 WEST TENNESSEE STREET,TALLAHASSEE,32304,No,No,No,No,Yes,No,,,,2025,0,gmail.com
7629,Leon,TLAP SPORTS ACADEMY,1307 Hancock Street,TALLAHASSEE,32303,Yes,Yes,Yes,No,No,Yes,Non-Denominational,11-12,,2025,5,tlapsportsacademy.com
4971,Leon,TopBridge Academy,1313 N Gadsden St,Tallahassee,32303,No,No,No,No,No,No,,KG-09,,2026,4,gmail.com
8770,Leon,TREE OF LIFE TALLAHASSEE,1248 BLOUNTSTOWN STREET,TALLAHASSEE,32304,Yes,Yes,Yes,No,Yes,Yes,Non-Denominational,KG-12,,2025,36,gmail.com
1153,Leon,TRINITY CATHOLIC SCHOOL,706 E BREVARD STREET,TALLAHASSEE,32308,Yes,Yes,Yes,No,Yes,Yes,Catholic,PK-08,FCCAP,2025,474,trinityknights.org
6537,Leon,UNITY CHILD CARE DEVELOPMENT LLC,2555 N. MONROE ST. SUITE 12,TALLAHASSEE,32301,Yes,Yes,Yes,No,Yes,No,,PK-05,,2026,29,yahoo.com
8097,Leon,V.O.W N.O.W ACADEMY,2810 SHARER RD STE 30,TALLAHASSEE,32312,Yes,Yes,Yes,Yes,Yes,Yes,Non-Denominational,PK-12,,2025,92,vownowacademy.org
8247,Levy,Beacon Christian Academy,P.O. Box 85,Chiefland,32644,No,No,No,No,Yes,Yes,Non-Denominational,KG-05,,2025,11,outlook.com
9560,Levy,C.I.L. dba Recalibrate Academy,PO Box 504,WILLISTON,32696,Yes,Yes,Yes,No,Yes,Yes,Assemblies of God,,,2025,0,gmail.com
3500,Levy,CREEKSIDE CHRISTIAN SCHOOL,P.O. BOX 17,OTTER CREEK,32683,Yes,Yes,Yes,No,Yes,Yes,Baptist,PK-12,,2025,71,gmail.com
7918,Levy,Legacy Chiefland,PO Box 2284,Chiefland,32644,Yes,Yes,Yes,Yes,Yes,Yes,Non-Denominational,,,2025,0,gmail.com
8314,Levy,NEXT GENERATION,5651 NE 167TH COURT,WILLISTON,32696,Yes,Yes,Yes,No,Yes,Yes,Non-Denominational,KG-12,,2025,24,yahoo.com
1047,Levy,VISION CHRISTIAN ACADEMY,18680 NE 75 ST. CR 335,WILLISTON RALEIGH,32696,Yes,Yes,Yes,No,Yes,Yes,Non-Denominational,KG-11,CGACS,2025,46,gmail.com
5792,Levy,WILLISTON CENTRAL CHRISTIAN ACADEMY,PO BOX 680,WILLISTON,32696,Yes,Yes,Yes,No,Yes,Yes,Multi/ Inter/ Trans-Denominational,KG-12,"FLOCS, COGNIA",2025,160,willistoncca.org
790,Levy,WILLISTON CHRISTIAN ACADEMY,FAITH BAPTIST TABERNACLE,WILLISTON,32696,No,No,No,No,Yes,Yes,Baptist,01-12,,2025,11,gmail.com
9441,Liberty,GOLD STAR PRIVATE ACADEMY,12008 NW SR 20,BRISTOL,32321,Yes,Yes,Yes,Yes,Yes,No,,KG-09,,2025,25,gspafl.org
9369,Madison,EXCELLENCE LEARNING ACADEMY PREP SCHOOL,193 SW HUTTO POND TRAIL,MADISON,32340,Yes,Yes,Yes,No,Yes,No,,PK-06,,2025,50,aol.com
3292,Madison,FAMILY TREE PRIVATE SCHOOL,PO BOX 775,LEE,32059,No,No,No,No,Yes,Yes,Multi/ Inter/ Trans-Denominational,,,2025,0,familytreehomeschool.com
4861,Madison,NEW TESTAMENT CHRISTIAN SCHOOL,PO BOX 955,MADISON,32341,Yes,Yes,Yes,No,Yes,Yes,Non-Denominational,KG-12,,2025,45,gmail.com
2535,Manatee,ACADEMY OF BETTER LEARNING,7215 1sr Ave W,BRADENTON,34209,Yes,Yes,Yes,Yes,Yes,No,,,,2026,0,gmail.com
5524,Manatee,AMERICAN ROYAL HIGH SCHOOL,4160 LOCUST POINT COURT,DOVER,17315,No,No,No,No,No,No,,09-12,,2025,55,americanroyalhighschool.com
4423,Manatee,AVE MARIA UNIVERSITY PREPARATORY SCHOOL INC,3200 75TH STREET WEST,BRADENTON,34209,Yes,Yes,Yes,No,Yes,Yes,Non-Denominational,01-12,,2026,62,hotmail.com
2027,Manatee,BEACON PREPARATORY ACADEMY,1501 7TH AVE E.,BRADENTON,34208,Yes,Yes,Yes,No,Yes,Yes,Multi/ Inter/ Trans-Denominational,KG-12,,2025,28,yahoo.com
4596,Manatee,BETTER LEARNING,BOX 14271,BRADENTON,34280,Yes,Yes,Yes,Yes,Yes,Yes,Non-Denominational,02-12,,2025,23,betterlearningcenter.org
636,Manatee,BRADENTON CHRISTIAN SCHOOL,3304 43RD STREET WEST,BRADENTON,34209,Yes,Yes,Yes,No,Yes,Yes,Non-Denominational,PK-12,CSF,2025,833,bcspanthers.org
1294,Manatee,CENTER MONTESSORI SCHOOL,6024 26TH STREET WEST,BRADENTON,34207,Yes,Yes,Yes,No,No,No,,PK-08,,2025,152,centermontessori.org
3659,Manatee,CES ACADEMY,2615 26TH ST. W.,BRADENTON,34205,Yes,Yes,Yes,No,Yes,Yes,Non-Denominational,KG-12,COGNIA,2026,127,cesacademy.net
732,Manatee,COMMUNITY CHRISTIAN SCHOOL,5500 18TH STREET EAST,BRADENTON,34203,Yes,Yes,Yes,No,Yes,Yes,Baptist,PK-12,COGNIA,2025,351,commbapt.com
8648,Manatee,EASTER SEALS SWFL ACADEMY,350 BRADEN AVE,SARASOTA,34243,Yes,Yes,Yes,No,Yes,No,,,,2025,0,easterseals-swfl.org
5900,Manatee,EASTER SEALS SWFL SECONDARY ACADEMY,350 BRADEN AVE,SARASOTA,34243,Yes,Yes,Yes,No,Yes,No,,,,2025,0,easterseals-swfl.org
3609,Manatee,EDISON ACADEMICS,7710 CORTEZ ROAD W.,BRADENTON,34210,Yes,Yes,Yes,No,Yes,No,,09-12,COGNIA,2025,71,edisonacademics.com
8290,Manatee,EDUCATIONAL HARBOR,11521 57TH ST. CIR. EAST,PARRISH,34219,Yes,Yes,Yes,No,Yes,Yes,Baptist,01-11,FCCPSA,2025,22,educationalharbor.com
4523,Manatee,EMBER ACADEMY OF FLORIDA,17507 WATERLINE RD,BRADENTON,34212,No,No,No,No,No,No,,,,2025,0,emberacademyfl.com
2637,Manatee,ESTHER'S SCHOOL PALMETTO,3301 97TH ST E,PALMETTO,34221,Yes,Yes,Yes,No,Yes,Yes,Non-Denominational,KG-11,,2025,25,estherschool.net
2018,Manatee,FAMILY LIFE COMMUNITY SCHOOL INC.,PO BOX 468,PARRISH,34219,Yes,Yes,Yes,Yes,Yes,Yes,Non-Denominational,PK-08,,2025,71,gmail.com
3576,Manatee,HORIZON EDUCATIONAL SYSTEMS,PO 10826,"BRADENTON, FL",34282,No,No,No,No,No,No,,KG-12,,2025,9,cs.com
1223,Manatee,IMG ACADEMY,5500 34TH ST. WEST,BRADENTON,34210,No,No,No,No,No,No,,06-12,COGNIA,2025,1564,img.education
6925,Manatee,INSPIRATION ACADEMY,7900 40TH AVE WEST,BRADENTON,34209,Yes,Yes,Yes,No,Yes,Yes,Non-Denominational,KG-12,COGNIA,2025,225,inspirationacademy.com
4174,Manatee,LAKEWOOD RANCH CHRISTIAN SCHOOL,14305 COVENANT WAY,LAKEWOOD RANCH,34202,Yes,Yes,Yes,No,No,Yes,Non-Denominational,KG-07,,2025,61,lwrchristian.org
6416,Manatee,Manatee Academy,4550 30th St E,Bradenton,34203,No,No,No,No,Yes,No,,09,,2025,25,manateecharter.org
1982,Manatee,MANATEE LEARNING ACADEMY,6210 17 AVE. W.,BRADENTON,34209,Yes,Yes,Yes,Yes,No,No,,PK-12,,2025,117,aol.com
7378,Manatee,NEXT GENERATION ACADEMICS INC,4635 26TH STREET W,BRADENTON,34207,Yes,Yes,Yes,Yes,Yes,Yes,Non-Denominational,PK-12,,2025,40,yahoo.com
3703,Manatee,PINNACLE ACADEMY INC.,6215 LORRAINE ROAD,BRADENTON,34202,Yes,Yes,Yes,No,No,No,,PK-12,COGNIA,2025,162,gmail.com
2076,Manatee,QUEEN OF ANGELS ACADEMY,611 19TH STREET WEST,BRADENTON,34205,No,No,No,No,Yes,No,,PK-12,,2025,41,grovestreetstudio.com
5944,Manatee,RISEN SAVIOR ACADEMY-LWR,14605 59TH AVE EAST,LAKEWOOD RANCH,34211,Yes,Yes,Yes,No,Yes,Yes,Lutheran,PK-03,,2026,114,rsavioracademy.com
1077,Manatee,SAINT JOSEPH CATHOLIC SCHOOL,2990 26TH ST WEST,BRADENTON,34205,Yes,Yes,Yes,No,Yes,Yes,Catholic,PK-08,FCCAP,2025,292,sjsfl.org
9544,Manatee,SEEDS OF LIFE MONTESSORI ACADEMY,5805 WHITFIELD AVE.,BRADENTON,34243,Yes,Yes,Yes,No,No,No,,,,2026,0,solmontessori.org
8588,Manatee,SHEPHERD'S HEART CHRISTIAN SCHOOL,6502 44TH AVE E,BRADENTON,34203,Yes,Yes,Yes,Yes,Yes,Yes,Non-Denominational,01-12,,2026,38,gmail.com
8154,Manatee,SPARK ALC INC.,4850 State Road 64 E,BRADENTON,34208,Yes,Yes,Yes,No,Yes,No,,KG-12,,2025,53,sparkalc.org
4167,Manatee,SUNSHINE ACADEMY,2520 43RD STREET WEST,BRADENTON,34209,Yes,Yes,Yes,No,Yes,Yes,Church of God,PK-12,,2026,119,scaemail.org
3810,Manatee,TABERNACLE CHRISTIAN SCHOOL,1218 SEVENTH AVE. EAST,BRADENTON,34208,Yes,Yes,Yes,No,Yes,No,,KG-10,,2026,21,yahoo.com
7715,Manatee,The Academy of Preprofessional Ballet &  The International Diplomatic Preparatory School,,MIAMI GARDENS,33055,No,No,No,No,Yes,No,,09,,2026,1,thelightprep.org
6673,Manatee,TWIN ANGELS ACADEMY PREPARATORY SCHOOL,737 8TH AVE WEST,PALMETTO,34221,No,No,No,No,Yes,No,,,,2025,0,twinangelscg.com
5529,Manatee,VICTORY CHRISTIAN ACADEMY,706 15TH ST EAST,BRADENTON,34208,No,No,No,No,Yes,Yes,Assemblies of God,,,2025,0,wearevca.org
187,Manatee,VISIONS PREPARATORY ACADEMY OF NORTH RIVER,2736 N OSPREY AVE,SARASOTA,34234,Yes,Yes,Yes,No,No,No,,08-12,,2025,11,visionspreparatoryacademy.com
1422,Manatee,WEST COAST CHRISTIAN ACADEMY,1112 49TH AVENUE EAST,BRADENTON,34203,Yes,Yes,Yes,No,Yes,Yes,Seventh Day Adventist,KG-12,,2025,49,flcoe.org
7657,Manatee,WOODLAND EARLY CHILDHOOD CENTER,9607 STATE RD 70 E,BRADENTON,34202,Yes,Yes,Yes,No,Yes,Yes,Baptist,PK-08,FACCS,2025,471,gowoodland.com
3878,Marion,AMBLESIDE MAGNOLIA,3530 SE FORT KING ST,OCALA,34470,Yes,Yes,Yes,No,Yes,Yes,Non-Denominational,KG-05,,2026,77,amblesidemagnolia.com
4786,Marion,AMBLESIDE OCALA,507 SE BROADWAY STREET,OCALA,33471,Yes,Yes,Yes,No,Yes,Yes,Non-Denominational,KG-12,,2025,196,amblesideocala.com
1738,Marion,ASCEND STEM ACADEMY,3200 NE 29TH COURT,OCALA,34479,No,No,No,No,No,No,,01-12,,2025,6,gmail.com
6113,Marion,BACK TO BASICS LEARNING ACADEMY LLC,11808 NORTH OHIO STREET,DUNNELLON,34431,Yes,Yes,Yes,No,No,No,,KG-06,,2025,43,backtobasicslearning.net
6550,Marion,BARBARA'S KITCHEN SCHOOL OF EXCELLENCE,17050 N HIGHWAY 301,CITRA,32113,Yes,Yes,Yes,Yes,Yes,Yes,Non-Denominational,01-12,,2025,30,yahoo.com
1389,Marion,BELLEVIEW CHRISTIAN ACADEMY,6107 SE AGNEW ROAD,BELLEVIEW,34420,Yes,Yes,Yes,No,Yes,Yes,Baptist,,,2026,0,fbcbelleview.org
2394,Marion,BELLEVIEW KINGDOM ACADEMY,6961 SE 104TH ST,BELLEVIEW,34420,No,No,No,No,No,Yes,Pentecostal,PK-09,,2025,11,gmail.com
559,Marion,BEREAN BAPTIST ACADEMY,4800 SW 20TH STREET,OCALA,34474,No,No,No,No,Yes,Yes,Baptist,01-12,,2026,16,gmail.com
467,Marion,BLESSED TRINITY,5 SE 17TH STREET,OCALA,34471,Yes,Yes,Yes,No,Yes,Yes,Catholic,KG-08,FCCAP,2026,693,btschool.org
628,Marion,CAPSTONE ACADEMY AND PRESCHOOL,7794 SW 60TH AVE,OCALA,34476,Yes,Yes,Yes,No,No,Yes,Non-Denominational,PK-07,FCIS,2025,189,capstoneocala.com
1334,Marion,CAPSTONE ACADEMY HIGH SCHOOL,7794 SW 60TH AVE,OCALA,34474,Yes,Yes,Yes,No,Yes,Yes,Non-Denominational,,,2025,0,capstoneocala.com
726,Marion,Creative Beginnings Christian Academy,639 SE 66 Terrace,Ocala,34472,No,No,No,No,No,Yes,Non-Denominational,KG,,2026,1,
5236,Marion,CROSSROADS ACADEMY,3681 NE 7TH STREET,OCALA,34470,Yes,Yes,Yes,No,Yes,No,,03-12,,2025,145,crossroadsacademyocala.com
7423,Marion,DARUL ULOOM OF OCALA FL INC.,500 N.W. 76 TERRACE,OCALA,34482,Yes,Yes,Yes,No,Yes,Yes,Islamic/Muslim,01-11,,2025,27,yahoo.com
6858,Marion,DR. D.D. BROWN CHRISTIAN ACADEMY OF HOPE,907 SW 3RD STREET,OCALA,34471,Yes,Yes,Yes,No,Yes,Yes,Non-Denominational,PK-12,,2025,76,gmail.com
1604,Marion,DUNNELLON CHRISTIAN ACADEMY,20831 POWELL ROAD,DUNNELLON,34431,Yes,Yes,Yes,No,Yes,Yes,Baptist,PK-08,CSF,2025,240,dcaeagles.com
336,Marion,EMBER ACADEMY LLC,1647 NE 15TH TER,OCALA,34470,Yes,Yes,Yes,Yes,No,No,,01-08,,2025,34,gmail.com
7708,Marion,Epic Montessori,,,,No,No,No,No,No,Yes,Non-Denominational,PK-02,,2025,5,epicmontessori.com
8592,Marion,FAITH HOLISTIC ACADEMY,7634 SW 60TH AVENUE,OCALA,34476,Yes,Yes,Yes,No,Yes,Yes,Non-Denominational,KG-12,,2025,57,faithholisticacademy.org
1592,Marion,FLORIDA LIGHTHOUSE ACADEMY,1411 NE 22ND AVE,OCALA,34470,No,No,No,No,Yes,No,,04,,2026,1,flblind.org
9609,Marion,FUTURE SPORTS BUSINESS EXECUTIVES INC.,5336 SE 103RD STREET,BELLEVIEW,34420,No,No,No,No,No,No,,06-12,,2025,5,yahoo.com
1795,Marion,GENERATION ACADEMY OF OCALA,1827 NE 14TH STREET,OCALA,34470,Yes,Yes,Yes,No,Yes,Yes,Assemblies of God,PK-12,"COGNIA, ACTS",2026,557,facs.ocalafirst.org
1249,Marion,GENERATION ALIVE CHRISTIAN ACADEMY OF THE P,P.O. BOX 396,OCALA,34478,Yes,Yes,Yes,No,Yes,Yes,Non-Denominational,PK-10,,2026,49,gmail.com
6679,Marion,Gethsemane Christian Church Ministry and Educational Church Academy,2555 N. PINE AVENUESuite 2,Ocala,34475,No,No,No,No,Yes,Yes,,,,2026,0,gmail.com
794,Marion,GRACE CHRISTIAN SCHOOL OF OCALA FL INC.,4410 SE 3RD AVE,OCALA,34480,Yes,Yes,Yes,No,Yes,Yes,Other,PK-08,CSF,2026,380,gcsocala.com
5664,Marion,GRACEPOINTE,6185 SE 140TH STREET,SUMMERFIELD,34491,Yes,Yes,Yes,No,Yes,Yes,Baptist,KG-12,CGACS,2026,138,gracepointeacademy.com
3744,Marion,GRACEWAY ACADEMY,2255 SE 38TH STREET,OCALA,34480,Yes,Yes,Yes,No,Yes,Yes,Non-Denominational,PK-08,FLOCS,2025,162,gracewayacademy.org
1045,Marion,KINTERRA INC.,4875 SW 60TH AVENUE -UNIT 100,OCALA,34474,Yes,Yes,Yes,No,No,No,,KG-02,,2025,43,gmail.com
8501,Marion,Lakeside Christian Academy of Silver Springs Fl,14100 E. HWY. 40,SILVER SPRINGS,34488,Yes,Yes,Yes,Yes,Yes,Yes,Baptist,06-12,CGACS,2026,101,bbabears.com
1038,Marion,LIBERTY CHRISTIAN PREPARATORY ACADEMY,6422 N.E. JACKSONVILLE ROAD,OCALA,34479,No,No,No,No,No,Yes,Non-Denominational,KG-12,,2026,36,libertychristianocala.com
8872,Marion,LIFESPAN ACADEMY LLC,4611 SE 100TH PLACE BELLEVIEW,BELLEVIEW,34420,Yes,Yes,Yes,No,No,No,,KG-08,,2025,59,lifespan-academy.com
1883,Marion,MEADOWBROOK ACADEMY INC.,4741 SW 20TH ST BLDG. 1,OCALA,34474,Yes,Yes,Yes,No,Yes,Yes,Non-Denominational,PK-12,COGNIA,2025,300,mbcocala.org
856,Marion,MONTESSORI HOUSE OF OCALA INC.,9880 SW 84TH COURT SUITE D,OCALA,34481,Yes,Yes,Yes,No,Yes,No,,PK-KG,,2026,28,yahoo.com
3593,Marion,MONTESSORI PREPARATORY SCHOOL OF MARION LLC,2967 NE SILVER SPRINGS BLVD,OCALA,34470,Yes,Yes,Yes,No,No,No,,PK-05,,2025,124,yahoo.com
5753,Marion,Mystic Starlight Academy Inc.,11658 Southwest 50th Avenue,Ocala,34476,No,No,No,No,No,No,,,,2025,0,mysticstarlightacademy.com
3682,Marion,NEW HORIZON ACADEMY FOR EXCEPTIONAL STUDENT,1100 NE 31ST STREET,OCALA,34479,Yes,Yes,Yes,No,Yes,No,,05-12,,2026,10,gmail.com
6522,Marion,OCALA ADVENTIST ACADEMY,415 NE 41ST AVE,OCALA,34470,Yes,Yes,Yes,No,Yes,Yes,Seventh Day Adventist,KG-09,,2025,41,flcoe.org
973,Marion,OCALA CHRISTIAN ACADEMY,1714 SE 36TH AVENUE,OCALA,34471,Yes,Yes,Yes,No,Yes,Yes,Baptist,PK-12,"FACCS, ACSI",2025,605,ocacrusaders.com
6885,Marion,OCALA COSMOPOLITAN SCHOOL OF THE ARTS,112 Northeast Sanchez Avenue,Ocala,34470,No,No,No,No,No,No,,,,2025,0,gmail.com
5133,Marion,Olivet Christian School,PO Box 826,Silver Springs,,No,No,No,No,Yes,Yes,Assemblies of God,,,2025,0,olivetchristianschool.org
6436,Marion,Ponder's Christian Academy,623 Northeast 27th Avenue,Ocala,34470,No,No,No,No,No,No,,,,2025,0,gmail.com
1155,Marion,REDEEMER CHRISTIAN SCHOOL,155 S.W. 87TH PLACE,OCALA,34476,Yes,Yes,Yes,No,Yes,Yes,Presbyterian,PK-12,"CSF, COGNIA",2025,520,redeemerlions.com
4134,Marion,RIVERLAND CHRISTIAN ACADEMY,19455 SW 61ST STREET,DUNNELLON,34432,Yes,Yes,Yes,Yes,Yes,Yes,Baptist,KG-12,,2025,90,gmail.com
1118,Marion,SHILOH S.D.A. CHURCH SCHOOL,500 SW 17TH AVENUE,OCALA,34471,Yes,Yes,Yes,No,Yes,Yes,Seventh Day Adventist,KG-08,,2025,70,secsda.org
4549,Marion,SHORES ASSEMBLY OF GOD THE ELIJAH SCHOOL,POST OFFICE BOX 830656,OCALA,34472,Yes,Yes,Yes,No,Yes,Yes,Assemblies of God,KG-06,ACTS,2025,93,hotmail.com
3432,Marion,SOULS HARBOR CHRISTIAN ACADEMY,12650 SE HWY 484,BELLEVIEW,34420,Yes,Yes,Yes,No,Yes,Yes,Pentecostal,PK-12,,2025,153,shcaonline.com
8630,Marion,SPARK LEARNING XXI,3001 W SILVER SPRINGS BLVD400,OCALA,34475,Yes,Yes,Yes,No,No,No,,KG-08,,2026,92,withprimer.com
1295,Marion,ST. JOHN LUTHERAN CHURCH AND SCHOOL OF OCAL,1915 SE LAKE WEIR AVE,OCALA,34471,Yes,Yes,Yes,No,Yes,Yes,Lutheran,PK-12,"FLGA-LCMS, COGNIA",2026,561,stjohnocala.org
9182,Marion,ST. PAUL'S CHRISTIAN SCHOOL,800 SE 41ST AVE,OCALA,34471,Yes,Yes,Yes,No,Yes,Yes,Methodist,PK-KG,,2025,152,spocala.org
8225,Marion,STEP-BY-STEP SUCCESS LLC,5481 SW 60TH STREET STE 402,OCALA,34474,No,No,No,No,No,No,,KG-11,,2025,12,yahoo.com
1479,Marion,THE CORNERSTONE SCHOOL,2313 S.E. LAKE WEIR ROAD,OCALA,34471,Yes,Yes,Yes,No,Yes,No,,PK-08,FCIS,2025,303,thecornerstoneschool.org
9143,Marion,THE KINGS ACADEMY AT VILLAGE VIEW CHURCH,8531 SE 147TH PLACE,SUMMERFIELD,34491,Yes,Yes,Yes,No,Yes,Yes,Non-Denominational,PK-12,,2025,229,villageviewchurch.com
4820,Marion,THE READING CLINIC SCHOOL INC.,3990 N. US HWY 441,OCALA,34475,Yes,Yes,Yes,No,Yes,No,,KG-08,,2025,29,thereadingclinicschool.com
3495,Marion,TRINITY CATHOLIC HIGH SCHOOL,2600 SW 42ND STREET,OCALA,34471,Yes,Yes,Yes,No,Yes,Yes,Catholic,09-12,COGNIA,2025,553,tchs.us
6489,Marion,VICTORY ACADEMY OCALA,328 NE 1ST AVE. SUITE 100,OCALA,34470,Yes,Yes,Yes,No,Yes,Yes,Other,PK-09,,2025,112,gmail.com
8716,Marion,WINGS OF FAITH ACADEMY,5066 SE 64TH AVENUE RD,OCALA,34472,Yes,Yes,Yes,Yes,Yes,Yes,Church of God,PK-01,,2025,86,wingsoffaith.com
2487,Martin,ABA LEARNING ACADEMY LLC,1532 SW MAPP RD,PALM CITY,34990,Yes,Yes,Yes,No,No,No,,PK-KG,,2025,11,abasolutions.org
9585,Martin,ACT WORLD HIGH SCHOOL,729 S.W. FEDERAL HIGHWAY #200,STUART,34994,No,No,No,No,No,No,,,COGNIA,2025,0,hudsonglobalscholars.com
4989,Martin,AMERICAN INTERNATIONAL SCHOOL,P.O. BOX 521494,MIAMI,33152,No,No,No,No,Yes,Yes,Baptist,01-12,,2025,15,americaninternationalschool.net
5806,Martin,BANNER LAKE ACADEMY,PO BOX 1875,HOBE SOUND,33475,Yes,Yes,Yes,No,Yes,No,,KG-05,,2025,120,bannerlake.org
1953,Martin,BEYOND THE LABEL INC.,2454 NE DIXIE HWY,JENSEN BEACH,34957,No,No,No,No,Yes,No,,PK-KG,,2025,4,gmail.com
469,Martin,BRIDGES MONTESSORI SCHOOL,51 SE CENTRAL PARKWAY,STUART,34994,Yes,Yes,Yes,No,No,No,,PK-08,COGNIA,2026,190,brighthorizons.com
8613,Martin,CALVERT PREPARATORY SCHOOL,729 S.W. FEDERAL HIGHWAY 200,STUART,34994,No,No,No,No,No,No,,,COGNIA,2025,0,hudsonglobalscholars.com
9598,Martin,CATHOLIC VIRTUAL,729 S.W. FEDERAL HIGHWAY #200,STUART,34994,No,No,No,No,No,Yes,Catholic,05-11,COGNIA,2025,10,hudsonglobalscholars.com
7613,Martin,COLUMBIA SCHOOL,729 S.W. FEDERAL HIGHWAY #200,STUART,34994,No,No,No,No,No,No,,,COGNIA,2025,0,hudsonglobalscholars.com
1357,Martin,COMMUNITY CHRISTIAN ACADEMY,777 S.E. SALERNO ROAD,STUART,34997,Yes,Yes,Yes,Yes,Yes,Yes,Baptist,KG-12,FACCS,2025,131,ccacougars.net
638,Martin,FIRST BAPTIST CHRISTIAN SCHOOL,201 W. OCEAN BLVD.,STUART FL,34994,Yes,Yes,Yes,No,Yes,Yes,Baptist,KG-08,COGNIA,2025,135,fbcs-stuart.org
3463,Martin,FLORIDA UNSCHOOLERS,8680 S.E. EAGLE AVENUE,HOBE SOUND,33455,No,No,No,No,No,No,,KG-12,,2025,14651,floridaunschoolers.net
8604,Martin,FOR THE LOVE OF LEARNING,4110 SW EGRET POND TERRACE,PALM CITY,34990,Yes,Yes,Yes,No,No,Yes,Non-Denominational,PK-12,,2025,124,gmail.com
5466,Martin,FRANKLIN SCHOOL,729 S.W. FEDERAL HIGHWAY 200,STUART,34994,No,No,No,No,No,No,,,COGNIA,2025,0,hudsonglobalscholars.com
735,Martin,HOBE SOUND CHRISTIAN ACADEMY,P.O. BOX 1065,HOBE SOUND,33475,Yes,Yes,Yes,No,Yes,Yes,,PK-12,COGNIA,2026,202,hsbc.edu
1225,Martin,HOPE RURAL SCHOOL INC.,15929 SW 150TH STREET,INDIANTOWN,34956,Yes,Yes,Yes,No,Yes,Yes,Catholic,PK-05,FCCAP,2025,142,hoperuralschool.org
9118,Martin,MENTORA AMERICAN SCHOOL,729 S.W. FEDERAL HWY #200,STUART,34994,No,No,No,No,No,No,,,COGNIA,2025,0,hudsonglobalscholars.com
8072,Martin,"Palm Beach Christian Academy, North Stuart",,,,Yes,Yes,Yes,No,Yes,Yes,Baptist,PK-KG,,2025,17,pbca.org
1325,Martin,REDEEMER LUTHERAN SCHOOL,2450 S.E. OCEAN BOULEVARD,STUART,34996,Yes,Yes,Yes,No,Yes,Yes,Lutheran,PK-08,FLGA-LCMS,2026,249,rlcsrams.com
4572,Martin,RIVERSIDE MONTESSORI,320 SE FLORIDA ST,STUART,34994,No,No,No,No,No,No,,PK-KG,,2025,19,gmail.com
1079,Martin,SAINT JOSEPH CATHOLIC SCHOOL,1200 E 10TH ST,STUART,34996,Yes,Yes,Yes,No,Yes,Yes,Catholic,PK-08,FCCAP,2026,528,sjscf.org
9550,Martin,THE OAKS CLASSICAL CHRISTIAN ACADEMY INC.,1555 SW Kanner Highway,Stuart,34997,Yes,Yes,Yes,Yes,Yes,Yes,Non-Denominational,KG-09,,2025,96,theoaksflorida.com
1039,Martin,THE PINE SCHOOL,12350 SE FEDERAL HWY,HOBE SOUND,33455,Yes,Yes,Yes,No,Yes,No,,KG-12,"FCIS, COGNIA",2026,519,thepineschool.org
7183,Martin,THE WELL TREASURE COAST INC,720 SE MISTY MEADOW WAY,STUART,34997,Yes,Yes,Yes,Yes,No,Yes,Non-Denominational,06-12,,2025,2,icloud.com
8075,Monroe,COASTAL GLADES MICROSCHOOL,103225 OVERSEAS HWY.,KEY LARGO,33037,Yes,Yes,Yes,No,No,No,,KG-05,,2025,4,coastalgladesmicroschool.com
599,Monroe,GIFTED IN GREATNESS ABA PRIVATE SCHOOL,1970 SE 22ND CT,HOMESTEAD,33035,Yes,Yes,Yes,No,No,No,,PK-11,,2025,6,giftedgreatness.net
644,Monroe,GRACE LUTHERAN,2713 FLAGLER AVENUE,KEY WEST,33040,Yes,Yes,Yes,No,Yes,Yes,Lutheran,PK-08,,2025,124,gmail.com
8254,Monroe,MONTESSORI CHILDREN'S SCHOOL OF KEY WEST,1221 VARELA STREET,KEY WEST,33040,Yes,Yes,Yes,No,Yes,No,,PK-10,,2026,130,montessorikeywest.com
736,Monroe,MONTESSORI SCHOOL OF KEY WEST,1221 VARELA STREET,KEY WEST,33040,No,No,No,No,Yes,No,,04-10,,2026,35,montessorikeywest.com
3665,Monroe,THE ACADEMY AT OCEAN REEF,395 SOUTH HARBOR DRIVE,KEY LARGO,33037,Yes,Yes,Yes,No,No,No,,PK-08,FCIS,2026,49,oracademy.org
975,Monroe,THE BASILICA SCHOOL OF SAINT MARY,700  TRUMAN AVENUE,KEY WEST,33040,Yes,Yes,Yes,No,Yes,Yes,Catholic,PK-12,COGNIA,2025,576,basilicaschool.com
5879,Monroe,The Southernmost Christian Academy,5727 2nd Avenue,Key West,33040,Yes,Yes,Yes,No,Yes,Yes,Baptist,,,2025,0,gmail.com
1040,Nassau,AMELIA ISLAND MONTESSORI SCHOOL,1423 JULIA STREET,FERNANDINA BEACH,32034,Yes,Yes,Yes,No,Yes,No,,PK-06,"FCIS, COGNIA",2026,135,ameliaislandmontessori.com
8971,Nassau,FAITH CHRISTIAN ACADEMY OF NE FL INC,464067 STATE RD. 200,YULEE,32097,Yes,Yes,Yes,No,Yes,Yes,Non-Denominational,KG-12,FLOCS,2025,270,fcaangels.com
1227,Nassau,FAITH CHRISTIAN ACADEMY OF NE FL. INC.,96282 BRADY POINT ROAD,FERNANDINA BEACH,32034,Yes,Yes,Yes,No,Yes,Yes,Non-Denominational,KG-05,COGNIA,2025,148,fcaangels.com
5725,Nassau,FERNANDINA BEACH CHRISTIAN ACADEMY,1600 8TH STREET,FERNANDINA BEACH,32034,Yes,Yes,Yes,No,Yes,Yes,Non-Denominational,KG-08,,2026,263,fbcaknights.com
7119,Nassau,First Coast Montessori,97272 Doubloon Way Doubloon Way,Yulee,32097,No,No,No,No,No,No,,KG,,2025,4,firstcoastmontessori.com
5226,Nassau,LIGHTHOUSE CHRISTIAN SCHOOL CALLAHAN,12276 SAN JOSE BLVD,JACKSONVILLE,32223,Yes,Yes,Yes,No,Yes,Yes,Multi/ Inter/ Trans-Denominational,02-12,,2026,43,lighthousechristianschool.net
8882,Nassau,LINDISFARNE HALL,1830 LAKE PARK DRIVE,FERNANDINA BEACH,32034,Yes,Yes,Yes,No,Yes,Yes,Other,KG-12,,2025,58,gmail.com
1633,Nassau,MONARCH ACADEMY FOR NEURODIVERGENT YOUTH,PO Box 357,Callahan,32011,No,No,No,No,No,No,,PK-04,,2025,6,monarchndacademy.com
996,Nassau,RAIN LILY MONTESSORI SCHOOL,920 DIVISION STREET,FERNANDINA BEACH,32034,Yes,Yes,Yes,No,Yes,No,,PK-KG,,2025,36,rainlilymontessori.org
737,Nassau,SONSHINE CHRISTIAN ACADEMY,P O BOX 5026,CALLAHAN,32011,Yes,Yes,Yes,Yes,Yes,Yes,Assemblies of God,PK-12,"FLOCS, COGNIA",2025,383,sonshinechristian.com
1082,Nassau,ST. MICHAEL'S ACADEMY,228 NORTH 4TH STREET,FERNANDINA BEACH,32034,Yes,Yes,Yes,No,Yes,Yes,Catholic,PK-08,FCCAP,2026,247,smacad.org
1189,Nassau,THE OGBURN SCHOOL INC SE ATLANTIC ACADEMY,1411 S. 14TH ST. SUITE D,FERNANDINA BEACH,32034,No,No,No,No,No,No,,KG-12,COGNIA,2025,47,ogburn.org
5445,Okaloosa,ADVANCED SACRED HOPE ACADEMY,124 E MIRACLE STRIP PKWY 503,MARY ESTHER,32569,Yes,Yes,Yes,No,Yes,No,,PK-12,,2025,65,live.com
5336,Okaloosa,Advanced Sacred Hope Academy,106 Racetrack Road Northeast,Fort Walton Beach,32547,No,No,No,No,Yes,No,,01-11,,2025,60,gmail.com
827,Okaloosa,ALPHA AND OMEGA CHRISTIAN LEARNING CENTER,P.O. BOX 1465,CRESTVIEW,32536,Yes,Yes,Yes,No,No,No,,PK-KG,,2025,11,gmail.com
648,Okaloosa,CALVARY CHRISTIAN ACADEMY,535 CLIFFORD STREET,FORT WALTON BEACH,32547,Yes,Yes,Yes,No,Yes,Yes,Baptist,PK-12,FACCS,2025,325,cbcfwb.org
1515,Okaloosa,CINCO CHRISTIAN SCHOOL,26 YACHT CLUB DRIVE,FORT WALTON BEACH,32548,Yes,Yes,Yes,No,Yes,Yes,Baptist,PK-05,"FLOCS, COGNIA",2025,286,cincoschool.org
963,Okaloosa,COASTAL PREPARATORY SCHOOL,103 RICKEY AVE,FORT WALTON BEACH,32547,Yes,Yes,Yes,No,Yes,No,,,,2025,0,aol.com
5948,Okaloosa,Crosspoint Academy North Crestview,,,,Yes,Yes,Yes,No,Yes,Yes,Methodist,PK,,2025,59,crosspoint.church
2555,Okaloosa,EMERALD COAST AUTISM CENTER,80 COLLEGE BLVD E,NICEVILLE,32578,Yes,Yes,Yes,No,Yes,No,,01-12,,2025,62,ecautismcenter.org
1127,Okaloosa,EMERALD COAST CHRISTIAN SCHOOL,119 ST MARY AVENUE,FORT WALTON BEACH,32548,Yes,Yes,Yes,No,Yes,Yes,,02-08,,2025,5,gscsda.org
9442,Okaloosa,FAITH COAST ACADEMY,726 LEGION DR.,DESTIN,32541,Yes,Yes,Yes,No,Yes,Yes,Assemblies of God,KG-10,,2025,20,mailfca.com
9051,Okaloosa,FIRST UNITED METHODIST SCHOOL,103 1ST STREET SE,FORT WALTON BEACH,32548,Yes,Yes,Yes,No,Yes,Yes,Methodist,PK-KG,,2025,51,fwbfumc.org
2306,Okaloosa,"FLORIDA COASTAL PREP SCHOOL, INC.",,,,No,No,No,No,Yes,Yes,Non-Denominational,09-12,,2026,10,floridacoastalprep.com
5764,Okaloosa,GLOBAL BEACON SCHOOL,747 ADAMS DR,CRESTVIEW,32536,Yes,Yes,Yes,No,No,No,,KG-08,,2025,36,gmail.com
4280,Okaloosa,GROW WITH US LEARNING ACADEMY I,648 ANCHORS STREET NW UNIT 3A,FORT WALTON BEA,32548,No,No,No,No,No,No,,,,2025,0,sihcorp.net
4284,Okaloosa,GROW WITH US LEARNING ACADEMY VII,381 COLEMAN STREET,CRESTVIEW,32536,Yes,Yes,Yes,No,No,No,,KG,,2026,9,sihcorp.net
4653,Okaloosa,GROW WITH US LEARNING ACADEMY VIII,648 Anchors Street NW,Fort Walton Beach,32548,Yes,Yes,Yes,No,No,No,,KG,,2026,7,sihcorp.net
3190,Okaloosa,HOLY FAMILY CATHOLIC ACADEMY,1202 VALPARAISO BLVD.,NICEVILLE,32578,Yes,Yes,Yes,No,Yes,Yes,Catholic,PK-04,,2025,136,holyfamilyniceville.org
5562,Okaloosa,Kids Discovery International Academy at Fort Walton Beach,240 Green Acres Road,Fort Walton Beach,32547,Yes,Yes,Yes,No,No,No,,,,2025,0,kidsdiscovery.com
5553,Okaloosa,Kids Discovery International Academy at Valparaiso,74 South John Sims Parkway,Valparaiso,32580,Yes,Yes,Yes,No,No,No,,,,2025,0,kidsdiscovery.com
413,Okaloosa,LAKEWOOD CHRISTIAN SCHOOL,6250 OLD BETHEL ROAD,CRESTVIEW,32536,Yes,Yes,Yes,No,Yes,Yes,Non-Denominational,KG-12,,2025,81,icloud.com
805,Okaloosa,LOTUS LEARNING ARTS CENTER,PO BOX 259,SHALIMAR,32579,Yes,Yes,Yes,No,Yes,No,,,,2025,0,outlook.com
5926,Okaloosa,LOTUS LEARNING ARTS CENTER,P.O. BOX 259,SHALIMAR,32579,Yes,Yes,Yes,No,Yes,No,,KG-11,,2026,28,gmail.com
850,Okaloosa,MONTESSORI LEARNING CENTER OF FT. WALTON,28 MIRACLE STRIP PKWY SW,FORT WALTON BEACH,32548,Yes,Yes,Yes,No,Yes,No,,PK-05,,2026,108,montessorifwb.com
5452,Okaloosa,Oak Academy,,,,No,No,No,No,No,No,,01-03,,2025,6,gmail.com
5905,Okaloosa,RISEN STAR ACADEMY,803 MELTON ROAD,BAKER,32531,No,No,No,No,No,Yes,Non-Denominational,01-12,,2025,34,live.com
9407,Okaloosa,ROCKY BAYOU CHRISTIAN SCHOOL - THE KEEP,1000 37TH STREET,NICEVILLE,32578,Yes,Yes,Yes,No,Yes,Yes,Non-Denominational,06-08,FACCS,2025,251,rbcs.org
8765,Okaloosa,ROCKY BAYOU CHRISTIAN SCHOOL CRESTVIEW,951 S FERDON BLVD,CRESTVIEW,32536,Yes,Yes,Yes,No,Yes,Yes,Non-Denominational,KG-05,FACCS,2025,152,rbcs.org
738,Okaloosa,ROCKY BAYOU CHRISTIAN SCHOOL NFCEA,2101 NORTH PARTIN DRIVE,NICEVILLE,32578,Yes,Yes,Yes,No,Yes,Yes,Non-Denominational,PK-12,COGNIA,2025,693,rbcs.org
798,Okaloosa,SAINT MARY SCHOOL,110 ROBINWOOD DRIVE SW,FORT WALTON BEACH,32548,Yes,Yes,Yes,No,Yes,Yes,,PK-08,FCCAP,2026,400,saintmaryschool.net
7605,Okaloosa,ST. PAUL CHRISTIAN SCHOOL,1407 E JOHN SIMS PARKWAY,NICEVILLE,32578,Yes,Yes,Yes,No,Yes,Yes,Other,PK-06,,2026,128,stpaulniceville.com
715,Okaloosa,THE BARRETT SCHOOL,4405 COMMONS DRIVE E,DESTIN,32541,Yes,Yes,Yes,No,No,No,,,,2026,0,thebarrettschoolfl.org
9855,Okaloosa,VILLAGE CHRISTIAN ACADEMY,101 MATTHEW BLVD,DESTIN,32541,Yes,Yes,Yes,No,No,Yes,Baptist,PK-01,,2025,39,villagebaptist.org
647,Okeechobee,OKEECHOBEE ADVENTIST CHRISTIAN SCHOOL,P.O. BOX 2118,OKEECHOBEE,34973,Yes,Yes,Yes,No,Yes,Yes,Seventh Day Adventist,03-07,,2025,7,flcoe.org
649,Okeechobee,OKEECHOBEE CHRISTIAN ACADEMY,701 SOUTH PARROTT AVENUE,OKEECHOBEE,34974,Yes,Yes,Yes,No,Yes,Yes,Non-Denominational,KG-12,COGNIA,2026,190,okeechobeechristianacademy.org
5589,Okeechobee,PEACE LUTHERAN SCHOOL,750 NW 23RD LANE,OKEECHOBEE,34972,Yes,Yes,Yes,No,Yes,Yes,Lutheran,PK-KG,,2025,82,gmail.com
2138,Okeechobee,ROCK SOLID CHRISTIAN ACADEMY,401 S.W. 4TH STREET,OKEECHOBEE,34974,Yes,Yes,Yes,No,Yes,Yes,Non-Denominational,PK-12,,2026,354,embarqmail.com
6929,Okeechobee,TRINITY CHRISTIAN PRIVATE SCHOOL,3934 SE 29TH COURT,OKEECHOBEE,34974,No,No,No,No,Yes,Yes,Other,01-12,,2025,16,yahoo.com
9517,Orange,ABSOLUTE EXCELLENCE PREPARATORY ACADEMY,PO BOX 608321,ORLANDO,32860,Yes,Yes,Yes,No,No,Yes,Non-Denominational,PK-08,,2025,89,gmail.com
4496,Orange,ACADEMY 2000 INC,4801 BASSWOOD LN,ORLANDO,32808,No,No,No,No,No,No,,,,2025,0,yahoo.com
4779,Orange,ACADEMY FOR AUTISM,11 EAST LANCASTER ROAD,ORLANDO,32809,Yes,Yes,Yes,No,Yes,No,,KG-12,,2026,55,hotmail.com
3987,Orange,ACCELERATION ACADEMICS,1317 EDGEWATER DR. STE 6000,ORLANDO,32804,No,No,No,No,Yes,Yes,Other,,,2025,0,accelerationacademics.org
7886,Orange,Adventure Educational Academy Elite,1230 n pine hills rd,Orlando,32808,No,No,No,No,No,No,,PK,,2025,13,yahoo.com
5264,Orange,AFFLUENT LEARNING CENTER,2045 NOTTINGHAM DRIVE,ORLANDO,32792,Yes,Yes,Yes,No,No,No,,,,2025,0,affluentlearningcenter.com
8618,Orange,ALL SAINTS SCHOOL,338 EAST LYMAN AVENUE,WINTER PARK,32789,Yes,Yes,Yes,No,Yes,Yes,Episcopalian,KG,,2025,12,allsaintswinterpark.org
4005,Orange,ALPHA LEARNING ACADEMY INC.,1960 BRUTON BLVD.,ORLANDO,32805,Yes,Yes,Yes,No,Yes,Yes,Methodist,KG-05,,2025,50,alaorlando.org
6954,Orange,AMAZING HOPE SCHOOL ACADEMY,601 S HIGHLAND AVENUE,APOPKA,32703,Yes,Yes,Yes,Yes,Yes,Yes,Baptist,KG-12,,2025,32,gmail.com
7455,Orange,AMERICAN NATION BUILDERS COLL.PREP. ACADEMY,ATTN: Dr. Chisholm/ANB,ORLANDO,32802,No,No,No,No,No,No,,,,2025,0,americannationbuilders.org
5625,Orange,AMERICAN SCHOOL OF LEADERSHIP,7380 W SAND LAKE RD SUITE 500,ORLANDO,32819,No,No,No,No,No,No,,08-12,COGNIA,2025,57,americanhigh.us
2916,Orange,ANOINTED WORD FAITH ACADEMY,P.O. BOX 1509,APOPKA,32704,Yes,Yes,Yes,No,Yes,Yes,Non-Denominational,KG-05,,2026,18,earthlink.net
8315,Orange,APOPKA CHRISTIAN ACADEMY- WEST CAMPUS,509 SOUTH PARK AVE,APOPKA,32703,Yes,Yes,Yes,No,Yes,Yes,Non-Denominational,KG-12,FLOCS,2025,307,apopkachristian.org
4049,Orange,APOPKA CHRISTIAN LEARNING ACADEMY INC.,P.O. BOX 2347,APOPKA,32704,Yes,Yes,Yes,Yes,Yes,Yes,Non-Denominational,KG-12,,2025,210,yahoo.com
8708,Orange,APPOINTED LEARNING ACADEMY INC,622 BROOKE COURT,CLERMONT,34711,Yes,Yes,Yes,No,No,No,,KG-07,,2025,31,gmail.com
2910,Orange,AVALON SCHOOL INC.,5002 ANDRUS AVE.,ORLANDO,32804,Yes,Yes,Yes,Yes,No,No,,PK-12,COGNIA,2026,102,aol.com
480,Orange,AZALEA PARK BAPTIST SCHOOL,5725 DAHLIA DRIVE,ORLANDO,32807,Yes,Yes,Yes,Yes,Yes,Yes,Non-Denominational,PK-12,"FLOCS, COGNIA",2025,244,apbs.community
1558,Orange,BEHAVIORAL MULTIDISCIPLINARY CENTER CORP,2840 Willowseed Lane,SAINT CLOUD,34772,No,No,No,No,No,No,,,,2025,0,gmail.com
2880,Orange,BERYL WISDOM ADVENTIST SCHOOL,4955 ROSE AVENUE,ORLANDO,32808,Yes,Yes,Yes,No,Yes,Yes,Seventh Day Adventist,PK-08,,2025,87,flcoe.org
9049,Orange,BEST MEMORIES ACADEMY,5135 CURRY FORD RD,ORLANDO,32812,Yes,Yes,Yes,No,No,No,,PK-02,,2025,50,gmail.com
8065,Orange,BETHANY CHRISTIAN ACADEMY INC,6229 WINEGARD RD.,ORLANDO,32809,Yes,Yes,Yes,No,Yes,Yes,Assemblies of God,PK-12,FLOCS,2025,232,bca-edu.org
1698,Orange,Beyond Tomorrow’s Education,,,,No,No,No,No,No,Yes,Non-Denominational,,,2026,0,gmail.com
3859,Orange,BIG STARS LEARNING CENTER,430 WEST LANCASTER ROAD,ORLANDO,32809,No,No,No,No,No,Yes,Pentecostal,,,2025,0,yahoo.com
799,Orange,BISHOP MOORE CATHOLIC HIGH SCHOOL,3901 EDGEWATER DRIVE,ORLANDO,32804,Yes,Yes,Yes,No,Yes,Yes,Catholic,09-12,COGNIA,2026,1653,bishopmoore.org
6676,Orange,Blossom Preparatory School LLC,573 Neumann Village Court,Ocoee,34761,No,No,No,No,No,No,,PK,,2026,13,gmail.com
4264,Orange,BLUE JAY ACADEMY 4 KIDZ,229 E 5TH ST,APOPKA,32703,No,No,No,No,No,Yes,Non-Denominational,PK,,2025,35,gmail.com
4186,Orange,BRIDGE TO INDEPENDENCE INC.,2138 WEST COLONIAL DRIVE,ORLANDO,32804,Yes,Yes,Yes,Yes,Yes,No,,KG-12,,2025,114,gmail.com
944,Orange,"Bridge to the Future Academy, INC",4765 Old Golden RoadSuite 4,Orlando,32822,No,No,No,No,Yes,Yes,Non-Denominational,KG-12,,2026,17,
5866,Orange,Bridges Life Academy,1002 Carter Street,Orlando,32805,No,No,No,No,Yes,No,,08-12,,2025,20,yahoo.com
1855,Orange,BRIDGING HORIZONS ACADEMY,2000 FALCON TRACE BLVD 142,ORLANDO,32837,Yes,Yes,Yes,Yes,Yes,No,,PK-04,,2026,12,gmail.com
5300,Orange,Bright Abilities Academy INC.,"1220 Winter Garden Vineland Road, Suite 100",Winter Garden,34787,Yes,Yes,Yes,Yes,No,No,,KG-03,,2026,3,gmail.com
3849,Orange,BRIGHT LEARNING - CYBER HIGH SCHOOL,2042 NORTH FORSYTH ROAD,ORLANDO,32807,Yes,Yes,Yes,Yes,No,No,,06-12,,2025,33,gmail.com
7673,Orange,BRIGHTER JOURNEYS ACADEMY LLC,8600 SAND LAKE SHORES DRIVE,ORLANDO,32836,Yes,Yes,Yes,No,No,No,,KG-06,,2025,18,brighterjourneys.com
9538,Orange,BROOKE HOUSE ACADEMY,851 N. MAITLAND AVE.,MAITLAND,32751,Yes,Yes,Yes,No,Yes,No,,06-12,,2025,28,brookehouseacademy.com
2490,Orange,BRUSH ARBOR CHRISTIAN SCHOOL,2304 N GOLDENROD ROAD,ORLANDO,32807,Yes,Yes,Yes,No,Yes,Yes,Baptist,PK-12,FACCS,2026,216,brusharborbaptist.com
4430,Orange,CALVARY CHRISTIAN ACADEMY AND PRESCHOOL,2500 W. OAKRIDGE RD.,ORLANDO,32809,Yes,Yes,Yes,No,Yes,Yes,Assemblies of God,PK-12,ACTS,2025,557,cccap.net
5587,Orange,CAMEN ACADEMY FOR THE PERFORMING ARTS,5959 LAKE ELLENOR DRIVE,ORLANDO,32809,Yes,Yes,Yes,No,No,No,,PK-12,,2026,100,camenacademy.com
7296,Orange,CELANDINE LIFE-PREP ACADEMY INC,331 LAKE AVENUE,MAITLAND,32751,Yes,Yes,Yes,No,Yes,Yes,Non-Denominational,KG-12,,2025,57,clpa13.com
8615,Orange,CENTER ACADEMY - WATERFORD LAKES,1331 S. ALAFAYA TRAIL,ORLANDO,32828,Yes,Yes,Yes,No,No,No,,05-12,COGNIA,2025,67,centeracademy.com
6750,Orange,CENTER ACADEMY HUNTERS CREEK,3430 HUNTERS CREEK BOULEVARD,ORLANDO,32837,Yes,Yes,Yes,No,No,No,,04-12,COGNIA,2025,62,centeracademy.com
1712,Orange,CENTER ACADEMY-MAITLAND,341 N ORLANDO AVENUE,MAITLAND,32751,Yes,Yes,Yes,No,No,No,,05-12,COGNIA,2025,89,centeracademy.com
5736,Orange,CENTRAL CHRISTIAN ACADEMY,PO BOX 680710,ORLANDO,32868,Yes,Yes,Yes,No,Yes,Yes,Other,PK-12,,2025,111,cca.education
2412,Orange,CENTRAL FLORIDA CHRISTIAN ACADEMY,700 GOOD HOMES RD,ORLANDO,32818,Yes,Yes,Yes,No,Yes,Yes,Baptist,KG-12,COGNIA,2025,484,cfcaeagles.org
2369,Orange,CENTRAL FLORIDA PREPARATORY SCHOOL,1800 MARDEN ROAD,APOPKA,32703,Yes,Yes,Yes,No,Yes,No,,PK-12,"AISF, COGNIA",2025,549,cfprep.org
8085,Orange,CHANGING LIVES ACADEMY INC.,7215 MONETARY DRIVE,ORLANDO,32809,Yes,Yes,Yes,No,Yes,Yes,Non-Denominational,PK-12,,2025,142,gmail.com
6095,Orange,CHRISTIAN LEARNING ACADEMY APOPKA INC.,820 ROGER WILLIAMS RD,APOPKA,32703,Yes,Yes,Yes,No,Yes,Yes,Non-Denominational,10-12,,2025,30,claeagles.com
3179,Orange,CIRCLE CHRISTIAN SCHOOL WINTER GARDEN,1491 E STATE RD. 434,WINTER SPRINGS,32708,Yes,Yes,Yes,No,Yes,Yes,Non-Denominational,KG-09,,2026,476,circlechristianschool.org
3973,Orange,COLLEGE PARK FOUNDATION ACADEMY,1521 W. PRINCETON ST,ORLANDO,32804,No,No,No,No,No,Yes,Non-Denominational,PK-KG,,2026,21,cpfacademy.org
4662,Orange,COLOSSUS PRIVATE SCHOOL,800 N. PINE HILLS RD,ORLANDO,32835,Yes,Yes,Yes,Yes,Yes,No,,03-12,,2025,15,gmail.com
3509,Orange,CONDUCTIVE ED CTR OF ORLANDO INC.,931 S. SEMORAN BLVD.,WINTER PARK,32792,No,No,No,No,Yes,No,,KG-12,,2025,50,ceco.org
8537,Orange,CONTINUUM,13205 REAMS ROAD SUITE 132,WINDERMERE,34786,Yes,Yes,Yes,No,No,No,,01-12,,2025,75,continuummontessori.com
8718,Orange,CONWAY CHRISTIAN ACADEMY,3636 E MICHIGAN STREET,ORLANDO,32812,Yes,Yes,Yes,No,Yes,Yes,Church of God,KG-04,CGACS,2025,100,conwaychristianacademy.com
7607,Orange,CORE PREP,744 North Dean Road,"ORLANDO, FL",32825,Yes,Yes,Yes,Yes,Yes,Yes,Other,03-12,,2025,11,yourcoreprep.com
1890,Orange,COVENANT JOURNEY ACADEMY,1053 MAITLAND CTR COMMONS BLVD,MAITLAND,32750,No,No,No,No,Yes,Yes,Non-Denominational,02-12,,2025,7,cj.academy
6223,Orange,CRANIUM ACADEMY,4068 WINTER GARDEN VINELAND RD,WINTER GARDEN,34787,Yes,Yes,Yes,Yes,No,No,,PK-07,,2025,174,craniumacademy.com
8593,Orange,CRANIUM ACADEMY OF EAST ORLANDO,10275 SAVANNAH PARK DR,ORLANDO,32832,Yes,Yes,Yes,No,No,No,,PK-04,,2025,150,craniumacademy.com
9358,Orange,CREATIVE GLOBAL SCHOOLS,3919 PEPPERVINE DRIVE,ORLANDO,32828,Yes,Yes,Yes,No,Yes,No,,KG-11,,2025,30,gmail.com
1177,Orange,CREATIVE LEARNERS ACADEMY LLC,7604 ALOMA AVENUE,WINTER PARK,32792,Yes,Yes,Yes,Yes,No,No,,PK-01,,2026,7,creativelearnerswp.com
1455,Orange,CRENSHAW ACADEMY,P.O. BOX 1159,WINDERMERE,34786,Yes,Yes,Yes,Yes,No,No,,KG-12,COGNIA,2026,100,thecrenshawacademy.com
1922,Orange,CRENSHAW SCHOOL,11520 S APOPKA VINELAND ROAD,ORLANDO,32836,Yes,Yes,Yes,No,No,No,,KG-12,COGNIA,2026,84,plurisacademy.com
7898,Orange,CRIMSON GLOBAL ACADEMY USA,"5401 S. Kirkman Road, Suite 310",ORLANDO,32819,No,No,No,No,No,No,,06-12,,2025,42,cga.school
7279,Orange,CRISTO REY ORLANDO HIGH SCHOOL,6039 S. RIO GRANDE AVE,ORLANDO,32809,Yes,Yes,Yes,No,Yes,Yes,Catholic,09-10,,2026,219,cristoreyorlando.org
2140,Orange,CROSSTOWN 119,1030 W KALEY AVE,ORLANDO,32805,No,No,No,No,Yes,Yes,Non-Denominational,KG-09,,2025,31,crosstown.life
7710,Orange,CVV PRESCHOOL AND ACADEMY,6837 LAKEVILLE RD.,ORLANDO,32818,Yes,Yes,Yes,No,Yes,Yes,Non-Denominational,PK-12,,2025,167,cvvacademy.org
6959,Orange,DEEPER ROOT ACADEMY,449 W. SILVER STAR RD 190,OCOEE,34761,Yes,Yes,Yes,No,Yes,Yes,Non-Denominational,PK-08,,2025,84,deeperrootacademy.org
705,Orange,Developing Minds,"19475 Boggy Creek Road, Suite C",Orlando,32827,No,No,No,No,No,No,,KG-07,,2026,43,
6327,Orange,DISCOVERY ZONE PRESCHOOL,11333 LAKE UNDERHILL RD.,ORLANDO,32825,Yes,Yes,Yes,No,No,No,,KG-01,,2026,10,comcast.net
6068,Orange,DIVINELY ORDERED PREP SCHOOL,1336 NORTH PINE HILLS ROAD,ORLANDO,32808,Yes,Yes,Yes,No,No,No,,KG-03,,2025,7,yahoo.com
8180,Orange,DREAM BIG ACADEMY OF LEARNING DBA GREAT BEG,1209 SPINNING WHEEL DRIVE,APOPKA,32712,Yes,Yes,Yes,Yes,Yes,Yes,Other,PK-11,,2025,35,gmail.com
8939,Orange,DREAMLIGHT HIGH SCHOOL,454 LAKE BRIDGE LN 511,APOPKA,32703,No,No,No,No,Yes,Yes,Non-Denominational,09-12,,2026,66,gmail.com
8540,Orange,E. H. MOTT LEARNING CENTER,6326 W. COLONIAL DRIVE,ORLANDO,32818,Yes,Yes,Yes,Yes,Yes,No,,01-12,,2025,12,gmail.com
1756,Orange,EASTLAND CHRISTIAN SCHOOL,9000 LAKE UNDER HILL RD.,ORLANDO,32825,Yes,Yes,Yes,No,Yes,Yes,Baptist,PK-12,COGNIA,2025,239,eastlandbaptist.com
3517,Orange,EDGEWOOD RANCH ACADEMY,1451 EDGEWOOD RANCH ROAD,ORLANDO,32835,Yes,Yes,Yes,No,Yes,Yes,Non-Denominational,05-11,,2025,20,edgewoodranch.com
8136,Orange,EDNA ACADEMY INC,94 San Blas Ave,Kissimmee,34743,Yes,Yes,Yes,No,No,Yes,Non-Denominational,,,2026,0,myednaacademy.org
4045,Orange,EDNA Academy Private School,6543 MERITMOOR CIRCLE,ORLANDO,32818,Yes,Yes,Yes,No,No,No,,,,2025,0,gmail.com
6975,Orange,EDUCATIVE EL REDENTOR INC.,4751 OLD GOLDENROD RD. STE. 4,ORLANDO,32822,No,No,No,No,Yes,Yes,Pentecostal,10-12,,2025,200,live.com
2856,Orange,EL BETHEL CHRISTIAN ACADEMY,3000 BRUTON BLVD.,ORLANDO,32805,Yes,Yes,Yes,No,Yes,Yes,Non-Denominational,KG-10,,2026,38,ebcaonline.org
2160,Orange,ELEMENTS SCHOOL HOUSE CORP,1050 Mercy Drive,Orlando,32808,Yes,Yes,Yes,Yes,No,No,,02-11,,2026,10,gmail.com
6940,Orange,ELISHA AMERICAN ARTISTIC PREPARATORY ACADEM,350 E. CROWN POINT ROAD,WINTER GARDEN,34787,Yes,Yes,Yes,Yes,No,Yes,Non-Denominational,03-09,,2025,12,elisha.academy
5790,Orange,ELITE ACADEMY,P.O. BOX 661,CLARACONA,32710,Yes,Yes,Yes,No,Yes,Yes,Non-Denominational,PK-05,,2025,11,gmail.com
4445,Orange,ELITE PREPARATORY ACADEMY,1636 WEST OAK RIDGE ROAD,ORLANDO,32809,Yes,Yes,Yes,No,No,Yes,Non-Denominational,KG-12,,2025,354,elitepreparatoryacademy.net
3594,Orange,EMPOWERMENT COUNSELING AND EDUCATIONAL CENT,809-811 SOUTH ORANGE BLOSSOM T,APOPKA,32703,No,No,No,No,No,Yes,Non-Denominational,01-12,,2025,20,hotmail.com
3365,Orange,EXCLUSIVE PREPARATORY ACADEMY LLC,5722 YOUNG PINE RD SUITE 120,ORLANDO,32820,No,No,No,No,No,No,,,,2025,0,gmail.com
8232,Orange,F.M.I. S.T.E.M ACADEMY,1702 LAKE ROBERTS LANDING DR,WINTER GARDEN,34787,Yes,Yes,Yes,Yes,No,No,,06-12,,2025,19,gmail.com
6493,Orange,FAITH ACADEMY,3832 W. NEW HAMPSHIRE STREET,ORLANDO,32808,Yes,Yes,Yes,No,Yes,Yes,Non-Denominational,KG-08,,2025,81,gmail.com
2399,Orange,FAITH CHRISTIAN ACADEMY,9307 CURRY FORD ROAD,ORLANDO,32825,Yes,Yes,Yes,Yes,No,Yes,Assemblies of God,KG-12,"FLOCS, COGNIA",2025,670,fcalions.org
2470,Orange,FAITH GENERATION ACADEMY,1840 N. GOLDENROD RD.,ORLANDO,32807,Yes,Yes,Yes,No,Yes,Yes,Pentecostal,KG-07,,2025,42,gmail.com
625,Orange,FAMILY CHRISTIAN ACADEMY ORLANDO,15060 OLD CHENEY HWY,ORLANDO,32828,Yes,Yes,Yes,No,No,Yes,Non-Denominational,KG-12,COGNIA,2026,262,fcaorlando.com
4162,Orange,"FAMILY CHRISTIAN SCHOOL, INC.",P.O. BOX 770698,WINTER GARDEN,34777,No,No,No,No,Yes,Yes,Non-Denominational,KG-08,,2025,124,gmail.com
9649,Orange,FATAJ TRANSITION LEARNING ACADEMY INC,3099 ORANGE CENTER BLVD,ORLANDO,32805,Yes,Yes,Yes,No,Yes,No,,PK-03,,2025,23,fatajtlc.com
188,Orange,FAVOREDTOUCH CHRISTIAN ACADEMY,501 BIRCH COURT,APOPKA,32712,Yes,Yes,Yes,No,No,Yes,Non-Denominational,01-06,,2025,12,yahoo.com
6730,Orange,FIORELLA PREPARATORY SCHOOL,6965 PIAZZA GRANDE AVE,ORLANDO,32835,Yes,Yes,Yes,No,No,Yes,Non-Denominational,PK-05,,2025,87,fiorellaprepschool.org
7764,Orange,FIRST PHASE CORE ACADEMY INC.,2582 MAGUIRE ROAD SUITE 508,OCOEE,34761,Yes,Yes,Yes,No,No,No,,,,2026,0,gmail.com
8958,Orange,FLEX MAJOR SCHOOL,1878 Thetford Circle,Orlando,32824,No,No,No,No,No,No,,,,2025,0,flexmajorschool.com
632,Orange,FLORIDA CHILDREN'S ACADEMY,1199 Clay st. 400,Winter Park,32789,Yes,Yes,Yes,No,Yes,No,,PK-05,,2025,15,gmail.com
1639,Orange,FOREST CITY ADVENTIST SCHOOL,7563 FOREST CITY ROAD,ORLANDO,32810,Yes,Yes,Yes,No,Yes,Yes,Seventh Day Adventist,PK-08,,2025,201,flcoe.org
2818,Orange,FOUNDATION ACADEMY,15304 TILDEN ROAD,WINTER GARDEN,34787,Yes,Yes,Yes,No,Yes,Yes,Baptist,06-12,COGNIA,2026,851,foundationacademy.net
5595,Orange,FOUNDATION ACADEMY,15304 TILDEN RD,WINTER GARDEN,34787,Yes,Yes,Yes,No,Yes,Yes,Baptist,PK-05,COGNIA,2026,505,foundationacademy.net
4697,Orange,FOUNDATION ACADEMY LAKESIDE,8464 WINTER GARDEN VINELAND RD,ORLANDO,32836,Yes,Yes,Yes,No,Yes,Yes,Baptist,KG-05,,2026,136,foundationacademy.net
6763,Orange,FUTURE LEADERS ACADEMY,639 N PINE HILLS RD.  101,ORLANDO,32808,Yes,Yes,Yes,Yes,Yes,No,,PK-11,,2025,63,aol.com
9297,Orange,FUTURE STARS ACADEMY,1101 N PINE HILLS RD,ORLANDO,32808,Yes,Yes,Yes,No,No,No,,02,,2025,1,yahoo.com
7449,Orange,GLAD TIDINGS ACADEMY,P.O.BOX 189,OCOEE,34761,Yes,Yes,Yes,No,Yes,Yes,Assemblies of God,PK-02,FLOCS,2025,80,ocoeegt.com
2729,Orange,GLAD TIDINGS ACADEMY- EAST,8550 CLARCONA OCOEE RD,ORLANDO,32818,Yes,Yes,Yes,No,Yes,Yes,Assemblies of God,PK-12,FLOCS,2025,262,ocoeegt.com
1228,Orange,GOOD SHEPHERD CATHOLIC SCHOOL,5902 OLEANDER DRIVE,ORLANDO,32807,Yes,Yes,Yes,No,Yes,Yes,Catholic,PK-08,FCCAP,2025,414,goodshepherd.org
3453,Orange,GRACE CHRISTIAN ACADEMY,5401 CURRY FORD ROAD,ORLANDO,32812,Yes,Yes,Yes,No,Yes,Yes,Non-Denominational,KG-12,,2025,81,gcapatriots.com
7407,Orange,GREAT MINDS ACADEMY LLC,1264 SOUTH RIO GRANDE,ORLANDO,32805,Yes,Yes,Yes,No,Yes,No,,PK-05,,2025,33,live.com
6483,Orange,GREATER OASIS CHRISTIAN ACADEMY,2622 MEADOW OAKS LOOP,CLERMONT,34714,Yes,Yes,Yes,No,Yes,Yes,Non-Denominational,KG-12,,2025,344,gmail.com
4394,Orange,GREATER VISION PREPARATORY ACADEMY,788 MONTGOMERY AVE OCOEE FL,OCOEE,34761,No,No,No,No,Yes,Yes,Non-Denominational,,,2025,0,gvpreparatoryacademy.com
4828,Orange,GROWING MINDS MONTESSORI SCHOOL,8121 OAK PARK RD,ORLANDO,32819,Yes,Yes,Yes,Yes,No,No,,PK-KG,,2025,47,gmail.com
3954,Orange,GROWING TOGETHER ACADEMY INC.,843 WOODBURY RD. SUITE 101,ORLANDO,32828,Yes,Yes,Yes,Yes,No,Yes,Non-Denominational,PK-12,,2026,107,outlook.com
1976,Orange,"H.O.P.E. Cares, Inc",PO Box 681286,Orlando,32868,No,No,No,No,Yes,No,,,,2026,0,
2747,Orange,HALO ABA ACADEMY,2204 Cairns Court,Orlando,32835,Yes,Yes,Yes,No,No,No,,,,2025,0,gmail.com
2189,Orange,HAMPDEN DUBOSE ACADEMY,P.O. BOX 639,ZELLWOOD,32798,Yes,Yes,Yes,No,Yes,Yes,Non-Denominational,KG-12,AISF,2025,279,hampdenduboseacademy.com
2826,Orange,HAND 'N HAND CHILD ENRICHMENT CENTER,6225 HAZELTINE NATIONAL DRIVE,ORLANDO,32822,No,No,No,No,No,No,,PK,,2025,15,gmail.com
3028,Orange,HARVEST BAPTIST CHRISTIAN ACADEMY,512 S. PARRAMORE AVENUE,ORLANDO,32805,Yes,Yes,Yes,No,Yes,Yes,Baptist,KG-12,,2025,22,gmail.com
1516,Orange,HERITAGE PREPARATORY SCHOOL,6000 WEST COLONIAL DRIVE,ORLANDO,32808,Yes,Yes,Yes,No,Yes,Yes,Baptist,KG-12,COGNIA,2026,324,aol.com
4725,Orange,HIGHER DIMENSION OF LEARNING ACADEMY,P.O BOX 720815,ORLANDO,32872,Yes,Yes,Yes,Yes,Yes,Yes,Non-Denominational,02-10,,2025,12,yahoo.com
6079,Orange,Highlands Preparatory Academy Florida,12386 County Road 535,Orlando,32836,No,No,No,No,No,No,,12,,2026,1,highlandsprepfl.com
2550,Orange,HOLY FAMILY CATHOLIC SCHOOL,5129 S. APOPKA-VINELAND ROAD,ORLANDO,32819,Yes,Yes,Yes,No,Yes,Yes,Catholic,PK-08,FCCAP,2025,609,hfcschool.com
3990,Orange,HOPE BRIDGE ACADEMY,PO BOX 520880,LONGWOOD,32750,Yes,Yes,Yes,Yes,No,No,,01-12,,2025,8,jtbehavioral.com
3578,Orange,HORACE GRACE CHRISTIAN ACADEMY,318 SPRING LEAP CIRCLE,WINTERGARDEN,34787,Yes,Yes,Yes,Yes,Yes,No,,PK-12,,2025,58,horacegrace.com
8505,Orange,HUNTINGTON LEARNING CENTER,5060 DR. PHILLIPS BLVD,ORLANDO,32819,Yes,Yes,Yes,No,No,No,,,,2026,0,gmail.com
6097,Orange,I CAN DO IT ACADEMY,2345 Golden Aster Street,Clermont,34711,No,No,No,No,Yes,No,,06-12,,2025,3,icandoit.academy
4414,Orange,I3 ACADEMICS,3465 SENECA CLUB LOOP-1,ORLANDO,32808,No,No,No,No,No,No,,02-08,,2026,14,gmail.com
4189,Orange,IBN SEENA ACADEMY INC.,12908 S. ORANGE BLOSSOM TRAIL,ORLANDO,32837,Yes,Yes,Yes,No,Yes,Yes,Islamic/Muslim,PK-11,,2025,330,ibnseenaacademy.org
9546,Orange,ILINGO ACADEMY,9830 MERE PKY,ORLANDO,32832,No,No,No,No,No,No,,PK,,2025,133,ilingoacademy.com
8838,Orange,ILLUMINATED PATH INTERNATIONAL ACADEMY,1317 EDGEWATER DRIVE # 6141,ORLANDO,32804,No,No,No,No,Yes,No,,,,2025,0,gmail.com
9687,Orange,IMAGINE INTERNATIONAL ACADEMY LLC,2460 GRAND CENTRAL PKWY,ORLANDO,32839,Yes,Yes,Yes,Yes,No,No,,09-12,,2025,30,yahoo.com
7899,Orange,INSPIRE PREPARATORY ACADEMY,P.O. BOX 683525,ORLANDO,32868,Yes,Yes,Yes,No,Yes,Yes,Non-Denominational,KG-12,,2025,141,inspirecad.com
7538,Orange,INTERNATIONAL HARVEST CHRISTIAN SCHOOL,2740 OLD WINTER GARDEN ROAD,ORLANDO,32805,No,No,No,No,Yes,Yes,Church of God,,,2025,0,gmail.com
5285,Orange,J.M.G.C. ACADEMY,2550 W. COLONIAL DR. STE 300,ORLANDO,32804,Yes,Yes,Yes,No,Yes,Yes,Non-Denominational,01-11,,2025,17,jmgcacademy.org
1678,Orange,JEWISH ACADEMY OF ORLANDO,851 N. MAITLAND AVENUE,MAITLAND,32751,Yes,Yes,Yes,No,Yes,Yes,Jewish,KG-05,FCIS,2025,101,myjao.org
3250,Orange,JMJ ACADEMY,P.O. BOX 680770,ORLANDO,32868,No,No,No,No,Yes,Yes,Catholic,KG-12,,2025,42,juno.com
8220,Orange,JOHN C RISPER ACADEMIC CENTER INC,1800 WEST WASHINGTON ST,ORLANDO,32805,Yes,Yes,Yes,No,Yes,No,,KG-01,,2025,5,gmail.com
5432,Orange,JUDAH TEMPLE ACADEMY OUTREACH CENTER,1210 W ROBINSON ST.,ORLANDO,32805,Yes,Yes,Yes,No,Yes,Yes,Non-Denominational,02-12,,2026,18,gmail.com
4765,Orange,KID'S KINGDOM CHRISTIAN ACADEMY,1342 BRUTON BLVD.,ORLANDO,32805,Yes,Yes,Yes,No,No,Yes,Non-Denominational,,,2025,0,yahoo.com
5572,Orange,KIDS NOW ACADEMY I,2132 CENTRAL FLORIDA PKWY,ORLANDO,32837,Yes,Yes,Yes,No,No,No,,PK-03,,2025,20,yahoo.com
2792,Orange,KIDS R KIDS LANDSTAR,540 PINNACLE COVE BLVD,ORLANDO,32824,Yes,Yes,Yes,Yes,No,No,,PK-03,,2025,80,krklandstar.com
3735,Orange,KIDS R KIDS WATERFORD,415 WOODBURY RD,ORLANDO,32828,Yes,Yes,Yes,No,No,No,,KG-02,,2025,33,kidsrkidswaterfordlakes.com
3986,Orange,KIDZ COLLEGE PRIMARY SCHOOL,6559 OLD WINTER GARDEN RD,ORLANDO,32835,Yes,Yes,Yes,No,Yes,No,,KG-11,,2025,137,kidzcollegeps.net
1297,Orange,KING OF KINGS LUTHERAN,1101 N WYMORE ROAD,MAITLAND,32751,Yes,Yes,Yes,No,Yes,Yes,Lutheran,PK-08,WELSSA,2025,65,visitkok.com
3615,Orange,KINGSWAY CHRISTIAN ACADEMY,4161 N. POWERS DRIVE,ORLANDO,32818,Yes,Yes,Yes,No,Yes,Yes,Non-Denominational,PK-08,,2026,352,kingswaychristianacademy.com
1594,Orange,L.J PREPARATORY CHRISTIAN ACADEMY LLC,1056 NORTH PINE HILLS RD,ORLANDO,32808,Yes,Yes,Yes,No,No,Yes,Non-Denominational,02-10,,2026,14,gmail.com
2859,Orange,LAKE ROSE CHRISTIAN ACADEMY,4340 NORTH HIAWASSEE ROAD,ORLANDO,32818,Yes,Yes,Yes,Yes,Yes,Yes,Pentecostal,KG-12,,2025,63,mylrca.com
6197,Orange,LEADERS IN LEARNING ACADEMY,1211 NORTH PINE HILLS ROAD,ORLANDO,32808,Yes,Yes,Yes,No,Yes,No,,KG-09,,2025,5,gmail.com
3551,Orange,LEADERS PREPARATORY SCHOOL,1021 N. GOLDENROD ROAD,ORLANDO,32807,Yes,Yes,Yes,No,Yes,Yes,Islamic/Muslim,PK-12,"FCIS, COGNIA",2026,175,lpscfl.org
9750,Orange,LEARNERS CHRISTIAN ACADEMY,800 N PINE HILLS RD,ORLANDO,32808,Yes,Yes,Yes,No,No,Yes,Seventh Day Adventist,KG-06,,2025,18,gmail.com
1109,Orange,LEARNING LADDER ACADEMY,297 S COTTAGE HILL RD,ORLANDO,32805,Yes,Yes,Yes,No,No,Yes,Non-Denominational,PK-KG,,2025,2,yahoo.com
296,Orange,LIFE CHRISTIAN ACADEMY,P.O. Box 2375,EATONVILLE,32751,No,No,No,No,Yes,Yes,Non-Denominational,,,2026,0,gmail.com
7380,Orange,LIGHT CHRISTIAN ACADEMY - SOUTH CAMPUS,1450 CITRUS OAKS AVENUE,GOTHA,34734,Yes,Yes,Yes,No,Yes,Yes,Church of God,KG-12,CGACS,2026,271,mylcac.com
9448,Orange,LIGHTHOUSE CITY SCHOOL OF EXCELLENCE,7510 SILVER STAR ROAD,ORLANDO,32818,No,No,No,No,Yes,Yes,Non-Denominational,,,2025,0,outlook.com
5652,Orange,LIGHTHOUSE HIGH SCHOOL,P.O. BOX 585477,ORLANDO,32585,Yes,Yes,Yes,No,Yes,No,,KG-12,,2025,45,lighthousehigh.com
6414,Orange,LITTLE ANGELS CHILDCARE,5700 SILVER STAR ROAD,ORLANDO,32808,Yes,Yes,Yes,No,No,No,,PK-02,,2025,50,gmail.com
7332,Orange,LITTLE STEPS ACADEMY,26 WILLOW DR,ORLANDO,32807,Yes,Yes,Yes,No,No,No,,PK-08,,2025,177,gmail.com
3770,Orange,LIVING WORD ACADEMY,653 WETHERBEE ROAD,ORLANDO,32824,Yes,Yes,Yes,Yes,Yes,Yes,Assemblies of God,PK-12,,2025,273,lwaorlando.com
8890,Orange,LODESTONE ACADEMY,PO BOX 536010,ORLANDO,32853,No,No,No,No,No,No,,08-12,,2025,6,lodestoneacademy.org
7395,Orange,LORDS KINGDOM ACADEMY INC.,570 N. ALAFAYA TRAIL,ORLANDO,32828,Yes,Yes,Yes,No,Yes,Yes,Non-Denominational,PK-01,,2025,23,littlelordsacademy.com
3767,Orange,LS ACADEMY,5800 HANSEL AVE,ORLANDO,32809,Yes,Yes,Yes,No,No,No,,09-10,,2025,24,littlestepsacademy.org
7294,Orange,MAITLAND COMMUNITY PRESCHOOL,1300 W. MAITLAND BLVD.,MAITLAND,32751,Yes,Yes,Yes,No,Yes,Yes,Presbyterian,PK-KG,CSF,2025,54,orangewood.org
978,Orange,MAITLAND MONTESSORI SCHOOL,236 NORTH SWOOPE AVE.,MAITLAND,32751,Yes,Yes,Yes,No,No,No,,PK-08,COGNIA,2025,155,maitlandmontessori.org
3575,Orange,MAMAS PRIDE  JOY PRESCHOOL  CHILDCARE,933 S IVEY LANE,ORL,32811,Yes,Yes,Yes,No,No,No,,PK-02,,2025,3,ymail.com
8105,Orange,MASTER TREE ACADEMY,4418 EDGEWATER DR.,ORLANDO,32804,No,No,No,No,Yes,No,,KG-07,,2025,30,mastertreeacademy.org
4700,Orange,Mater Virtual Academy at Narcoossee,8315 Academy Drive,Orlando,32827,Yes,Yes,Yes,Yes,Yes,No,,,,2025,0,aveteaching.com
4986,Orange,MERIDIAN CHRISTIAN ACADEMY,3000 C.R. Smith Street,ORLANDO,32805,Yes,Yes,Yes,No,No,Yes,Non-Denominational,KG-09,,2025,207,mcaorlando.org
7600,Orange,MIGHTY MINDS CHRISTIAN ACADEMY,11876 STORY TIME DR,ORLANDO,32832,Yes,Yes,Yes,No,Yes,Yes,Non-Denominational,PK-12,,2025,89,mmca23.com
1292,Orange,MILLENIA LEARNING ACADEMY,4974 MILLENIA BLVD,ORLANDO,32839,Yes,Yes,Yes,No,No,No,,KG-03,,2025,16,yahoo.com
5307,Orange,"MIND ORBIT ACADEMY, DBA OF ASTRO ARPANET LLC",7901 4th St N,ST PETERSBURG,33702,No,No,No,No,No,No,,,,2025,0,mind-orbit.org
7534,Orange,MIRACLE GRACE ACADEMY,3311 N. Powers Dr. Bldg 1,ORLANDO,32818,Yes,Yes,Yes,No,Yes,Yes,Non-Denominational,KG-12,,2025,34,gmail.com
5630,Orange,MONARCH LEARNING ACADEMY,1914 EDGEWATER DR,ORLANDO,32804,Yes,Yes,Yes,No,Yes,Yes,Non-Denominational,PK-08,,2026,233,monarchlearningacademy.com
2615,Orange,MONTE ARARAT SCHOOL,1317 EDGEWATER DR #7369,ORLANDO,32804,No,No,No,No,No,No,,,,2025,0,gmail.com
3700,Orange,MONTESSORI BILINGUAL ACADEMY,61 DEAN RD.,ORLANDO,32825,Yes,Yes,Yes,No,No,No,,PK-06,,2026,223,orlandomontessori.com
7971,Orange,Montessori Christian Academy (Pre-K/Kindergarten,,,,No,No,No,No,No,Yes,Non-Denominational,,,2025,0,
6150,Orange,Montessori Kids Academy of Windermere,,,,Yes,Yes,Yes,No,No,No,,PK-KG,,2025,12,gmail.com
8950,Orange,MONTESSORI SCHL OF LAKE NONA DBA NONA PARK,9186 DOWDEN RD,ORLANDO,32827,Yes,Yes,Yes,No,No,No,,PK-08,,2026,192,nonaparkmontessori.com
5087,Orange,MONTESSORI SCHOOL OF EAST ORLANDO,2526 PERCIVAL RD.,ORLANDO,32826,Yes,Yes,Yes,No,No,No,,PK-08,,2025,61,mseastorlando.com
4916,Orange,MONTESSORI WAY SCHOOL,12307 S ORANGE BLOSSOM TRAIL,ORLANDO,32837,Yes,Yes,Yes,No,No,No,,PK-06,,2025,87,gmail.com
2807,Orange,MONTESSORI WORLD SCHOOL,11659 RUBY LAKE ROAD,ORLANDO,32836,Yes,Yes,Yes,No,No,No,,PK-06,,2025,165,mwsteam.org
1654,Orange,MORNING STAR CATHOLIC SCHOOL,930 LEIGH AVE.,ORLANDO,32804,Yes,Yes,Yes,No,Yes,Yes,Catholic,01-12,FCCAP,2025,69,morningstarorlando.org
3633,Orange,MOSES MARY CHRISTIAN ACADEMY CORP,3003 VILLA PRECIOSA DR,KISSIMMEE,34744,Yes,Yes,Yes,No,Yes,Yes,Non-Denominational,06-12,,2025,38,gmail.com
1416,Orange,MURPHY CHRISTIAN ACADEMY,7507 KINGSPOINTE PKWAY STE 104,ORLANDO,32819,Yes,Yes,Yes,No,Yes,Yes,Assemblies of God,,,2025,0,murphychristianacademy.org
3972,Orange,MUSLIM ACADEMY OF GREATER ORLANDO,11551 RUBY LAKE ROAD,ORLANDO,32836,Yes,Yes,Yes,No,Yes,Yes,Islamic/Muslim,PK-08,,2026,411,magorlando.net
5868,Orange,NATEUSALE LLC  DBA HUNTINGTON LEARNING,3018 Eaglet Loop,Orlando,32837,No,No,No,No,No,No,,PK-12,,2025,22,gmail.com
9122,Orange,NeuroNest Academy,1150 ELBOC WAY,WINTER GARDEN,34787,Yes,Yes,Yes,Yes,No,No,,KG-12,,2025,88,gmail.com
6442,Orange,NEW DIRECTIONS COMMUNITY SCHOOL OF ORLANDO,9549 LAVILL LN,WINDERMERE,34786,Yes,Yes,Yes,Yes,No,No,,07-12,,2025,137,pbbnow.com
2755,Orange,NEW HEIGHTS PREPARATORY ACADEMY,4484 N. John Young Parkway,ORLANDO,32804,Yes,Yes,Yes,No,No,No,,KG-12,,2025,15,gmail.com
8698,Orange,NEW WORLD DREAM ACADEMY,7380 W SAND LAKE RD,ORLANDO,32819,No,No,No,No,No,Yes,Multi/ Inter/ Trans-Denominational,KG-10,,2025,7,nwdacademy.com
7729,Orange,NEXT STEPS ACADEMY,9367 TREVARTHON RD,ORLANDO,32817,No,No,No,No,No,No,,,,2026,0,gmail.com
6423,Orange,OAK RIDGE CHILDREN'S ACADEMY DAYCARE,1118 W. OAK RIDGE RD.,ORLANDO,32809,Yes,Yes,Yes,No,No,No,,KG-05,,2025,78,gmail.com
8234,Orange,OCALA CHRISTIAN LEARNING ACADEMY INC.,PO BOX 2347,APOPKA,32704,Yes,Yes,Yes,Yes,Yes,Yes,Non-Denominational,KG-10,,2025,30,yahoo.com
4808,Orange,OCOEE OAKS SCHOOL,201 S. CLARKE RD.,OCOEE,34761,Yes,Yes,Yes,No,Yes,Yes,Methodist,KG,,2025,14,gmail.com
1978,Orange,ONE ACCORD CHRISTIAN ACADEMY,7301 EDGEWATER DRIVE,ORLANDO,32810,Yes,Yes,Yes,No,Yes,Yes,Non-Denominational,KG-12,,2025,77,aol.com
2113,Orange,ORANGE COUNTY ACADEMY,18415 11TH AVE,ORLANDO,32833,Yes,Yes,Yes,No,Yes,No,,PK-12,,2025,32,outlook.com
2558,Orange,ORANGEWOOD CHRISTIAN SCHOOL 7-12,1300 W MAITLAND BLVD,MAITLAND,32751,Yes,Yes,Yes,No,Yes,Yes,Presbyterian,07-12,COGNIA,2025,546,ocsrams.org
2707,Orange,ORLANDO CHRISTIAN PREP,500 S. SEMORAN BLVD.,ORLANDO,32807,Yes,Yes,Yes,No,Yes,Yes,Baptist,PK-12,COGNIA,2025,731,orlandochristianprep.org
8474,Orange,ORLANDO GIRLS JEWISH HIGH SCHOOL,8975 ROYAL BIRKDALE LANE,ORLANDO,32819,Yes,Yes,Yes,No,Yes,Yes,Jewish,09-12,,2026,34,meoros.org
7159,Orange,ORLANDO JEWISH DAYSCHOOL,7347 W. SAND LAKE ROAD,ORLANDO,32819,Yes,Yes,Yes,No,Yes,Yes,Jewish,PK-08,,2025,75,aol.com
1296,Orange,ORLANDO JUNIOR ACADEMY,30 E EVANS STREET,ORLANDO,32804,Yes,Yes,Yes,Yes,Yes,Yes,Seventh Day Adventist,PK-08,,2025,140,discoveroja.com
7869,Orange,ORLANDO PRIVATE SCHOOL,4643 CAVERNS DRIVE,KISSIMMEE,34758,Yes,Yes,Yes,No,No,Yes,Non-Denominational,PK-08,,2025,30,gmail.com
9617,Orange,ORLANDO S.T.E.A.M ACADEMY,5301 GODDARD AVE,ORLANDO,32810,Yes,Yes,Yes,No,Yes,Yes,Non-Denominational,PK-08,,2025,49,gmail.com
5647,Orange,ORLANDO TORAH ACADEMY,8651 COMMODITY CIRCLE,ORLANDO,32819,Yes,Yes,Yes,No,Yes,Yes,Jewish,PK-09,,2025,236,orlandotorah.com
5646,Orange,Park Avenue of Apopka Kindergarten & K-1 Education Center,33 North Park Avenue,Apopka,32703,No,No,No,No,Yes,No,,,,2026,0,gmail.com
7169,Orange,PARK MAITLAND SCHOOL,1450 S ORLANDO AVE,MAITLAND,32751,No,No,No,No,No,No,,PK-08,FCIS,2025,552,parkmaitland.com
2898,Orange,PARK MAITLAND SOUTH,1766 MINNESOTA AVE,WINTER PARK,32789,No,No,No,No,No,No,,PK-05,FCIS,2025,151,parkmaitland.org
7110,Orange,PARK SCHOOL,613 Concourse Parkway S,Maitland,32751,Yes,Yes,Yes,No,No,No,,01-10,,2026,43,parkschoolfl.org
7927,Orange,PATHWAYS FOR LIFE ACADEMY,PO BOX 1816,WINDERMERE,34786,No,No,No,No,Yes,No,,07-12,,2025,15,pflacademy.com
1124,Orange,PATHWAYS SCHOOL,1877 WEST OAK RIDGE ROAD,ORLANDO,32809,Yes,Yes,Yes,No,Yes,No,,KG-12,,2025,165,aol.com
3559,Orange,PEACEFORCE CHRISTIAN ACADEMY,501 WILMER AVENUE,ORLANDO,32808,Yes,Yes,Yes,No,Yes,Yes,Non-Denominational,02-12,,2026,15,peaceforceca.org
5855,Orange,"Phoenix Preparatory Academy, Inc.",724 N Hastings Street,Orlando,32808,No,No,No,No,No,No,,,,2025,0,thephoenixprep.com
5822,Orange,PINE CASTLE CHRISTIAN ACADEMY,7101 LAKE ELLENOR DR.,ORLANDO,32809,Yes,Yes,Yes,Yes,Yes,Yes,Non-Denominational,PK-12,"ACSI, COGNIA, ACTS",2025,415,pccaeagles.org
9190,Orange,PLANET LEARNING ACADEMY INC,1335 FLORIDA MALL AVE,ORLANDO,32809,Yes,Yes,Yes,No,No,No,,PK-03,,2025,42,gmail.com
5495,Orange,POTTER'S HOUSE ACADEMY,7051 PERSHING AVE,ORLANDO,32822,Yes,Yes,Yes,No,Yes,Yes,Assemblies of God,PK-12,,2025,228,phaorlando.org
4183,Orange,PRECIOUS CREATIONS,201 N. KIRKMAN RD.,ORLANDO,32811,Yes,Yes,Yes,No,No,Yes,Non-Denominational,KG-05,,2025,37,gmail.com
6319,Orange,PREMIER ACADEMY OF GOTHA LLC,9380 GOTHA RD,WINDERMERE,34786,Yes,Yes,Yes,No,No,No,,PK-01,,2026,67,premieracademyschools.com
9309,Orange,PRISMA LEARNING INC.,16521 NEW PROVIDENCE LANE,CHARLOTTE,28277,No,No,No,No,No,No,,04-12,COGNIA,2025,695,joinprisma.org
5950,Orange,PROVIDENCE CHRISTIAN PREPARATORY SCHOOL,P.O. BOX 682818,ORLANDO,32868,Yes,Yes,Yes,No,No,No,,KG-12,,2025,202,aol.com
3946,Orange,QUEST KIDS,500 E. COLONIAL DR.,ORLANDO,32803,No,No,No,No,Yes,No,,01-12,,2025,43,questinc.org
3889,Orange,RADIANT LIFE ACADEMY,8151 CLARCONA OCOEE RD,ORLANDO,32818,Yes,Yes,Yes,No,Yes,Yes,Assemblies of God,PK-08,FLOCS,2025,258,rlalions.com
7584,Orange,RAISING KNOWLEDGE ACADEMY INC.,1701 W. WETHERBEE RD. 771313,ORLANDO,32837,Yes,Yes,Yes,Yes,Yes,Yes,Non-Denominational,PK-12,,2025,94,gmail.com
2325,Orange,REGENCY CHRISTIAN ACADEMY,11513 S. ORANGE BLOSSOM TRAIL,ORLANDO,32837,Yes,Yes,Yes,No,Yes,Yes,Baptist,PK-08,COGNIA,2025,147,gmail.com
8219,Orange,REVELATION CHRISTIAN ACADEMY ORLANDO,858 CARDINAL POINTE COVE,SANFORD,32771,Yes,Yes,Yes,No,Yes,Yes,Non-Denominational,KG-10,FCCPSA,2025,96,rcastallions.com
9626,Orange,RIVERSIDE PREPARATORY ACADEMY,1865 N ECONLOCKHATCHEE TRAIL,ORLANDO,32817,Yes,Yes,Yes,No,No,No,,PK-12,,2025,79,aetutors.com
4980,Orange,RJB CHRISTIAN SCHOOL,1750 CAROLINA WREN DRIVE,OCOEE,34761,No,No,No,No,Yes,Yes,Non-Denominational,,,2025,0,aol.com
5500,Orange,S.H.I.P. ACADEMY,639 N. PINE HILL RD,ORLANDO,32808,Yes,Yes,Yes,No,Yes,Yes,Non-Denominational,KG-12,,2025,58,hotmail.com
1549,Orange,SAINT ANDREW CATHOLIC SCHOOL,877 N. HASTINGS STREET,ORLANDO,32808,Yes,Yes,Yes,No,Yes,Yes,Catholic,PK-08,FCCAP,2026,349,standrewcatholicschool.org
913,Orange,SAINT CHARLES BORROMEO PARISH SCHOOL,4005 EDGEWATER DRIVE,ORLANDO,32804,Yes,Yes,Yes,No,Yes,Yes,Catholic,PK-08,FCCAP,2026,375,scbcs.net
740,Orange,SAINT JOHN VIANNEY SCHOOL,6200 S ORANGE BLOSSOM TRAIL,ORLANDO,32809,Yes,Yes,Yes,No,Yes,Yes,Catholic,PK-08,FCCAP,2025,475,sjvs.org
2278,Orange,SAINT MARGARET MARY,142 E SWOOPE,WINTER PARK,32789,Yes,Yes,Yes,No,Yes,Yes,Catholic,PK-08,FCCAP,2025,535,smmknight.org
4449,Orange,SAINTS ACADEMY INC.,P.O. BOX 680487,ORLANDO,32868,Yes,Yes,Yes,No,Yes,Yes,Non-Denominational,KG-12,FCCPSA,2025,172,gmail.com
3547,Orange,SANCTA FAMILIA ACADEMY,12001 RESEARCH PKWY,ORLANDO,32826,No,No,No,No,Yes,Yes,Catholic,02-12,,2025,8,gmail.com
2177,Orange,SANEAUX CHRISTIAN ACADEMY,11021 PRAIRIE HAWK DRIVE,ORLANDO,32837,No,No,No,No,No,Yes,Non-Denominational,03-08,,2025,4,gmail.com
6862,Orange,SANTIAGO FRIENDS ACADEMY,8617 E. COLONIAL DRIVE,ORLANDO,32817,Yes,Yes,Yes,No,Yes,No,,PK-10,,2025,30,santiagoandfriends.com
8432,Orange,SCHOLAR'S PREP ACADEMY INC,1336 ERROL PKWY,APOPKA,32712,Yes,Yes,Yes,No,Yes,Yes,Non-Denominational,KG-12,,2025,109,gmail.com
7206,Orange,Shevet Preparatory Academy,4531 Santa Cruz Ct,Orlando,32808,No,No,No,No,No,No,,,,2025,0,gmail.com
5368,Orange,"Shining Star Christian Schools, Inc.",,,,No,No,No,No,Yes,Yes,Non-Denominational,,,2025,0,shiningstarschools.org
9641,Orange,SMARTY PANTS ACADEMY,5389 CONROY RD,ORLANDO,32811,Yes,Yes,Yes,No,No,Yes,Non-Denominational,KG-01,,2025,10,hotmail.com
2435,Orange,SOUTH ORLANDO CHRISTIAN ACADEMY,5815 MAKOMA DRIVE,ORLANDO,32839,Yes,Yes,Yes,No,No,No,,KG-12,,2025,314,yahoo.com
9334,Orange,SOUTHEASTERN PREPARATORY ACADEMY,8701 MAITLAND SUMMIT BLVD,ORLANDO,32810,Yes,Yes,Yes,No,Yes,No,,,,2026,0,southeasternpreparatoryacademy.com
4755,Orange,SPOTLIGHT SCHOLARS,5900 Auver Blvd,Orlando,32804,No,No,No,No,No,No,,,,2025,0,spotlightscholars.com
6236,Orange,SPUR CHRISTIAN ACADEMY,11334 RAPALLO LN,WINDERMERE,34786,No,No,No,No,Yes,Yes,Non-Denominational,KG-08,,2025,11,gmail.com
2715,Orange,ST. CLEMENT ACADEMY MAITLAND INC.,1185 N. WYMORE ROAD,MAITLAND,32751,Yes,Yes,Yes,No,Yes,Yes,Other,KG-04,,2025,10,gmail.com
2604,Orange,ST. JAMES CATHEDRAL SCHOOL,505 EAST RIDGEWOOD STREET,ORLANDO,32803,Yes,Yes,Yes,No,Yes,Yes,Catholic,PK-08,FCCAP,2025,485,stjcs.com
2512,Orange,STARCHILD ACADEMY - WEKIVA,1550 N. WEKIWA SPRINGS ROAD,APOPKA,32712,Yes,Yes,Yes,No,No,No,,PK-05,,2025,209,starchildwekiva.com
999,Orange,STARCHILD ACADEMY WINTER GARDEN,1324 WINTER GARDEN VINELAND RD,WINTER GARDEN,34787,Yes,Yes,Yes,No,No,No,,PK-05,,2025,173,starchildwg.com
7752,Orange,STARCHILDHC LLC,12050 CRYSTAL COMMERCE WAY,ORLANDO,32837,Yes,Yes,Yes,No,No,No,,PK-02,,2025,105,starchildhc.com
6814,Orange,Sterling Bridge Preparatory Academy,5240 Curry Ford Road,Orlando,32812,No,No,No,No,Yes,No,,,,2025,0,sbpaacademy.com
2520,Orange,STORYBOOK SCHOOL CONWAY LLC,5495 LAKE MARGARET DRIVE,ORLANDO,32812,Yes,Yes,Yes,No,No,No,,PK-01,,2025,26,storybookschoolorlando.com
5490,Orange,STORYBOOK SCHOOL LLC,209 W OAKRIDGE ROAD,ORLANDO,32809,Yes,Yes,Yes,No,No,No,,PK-01,,2025,26,yahoo.com
2336,Orange,STREAMLINE LEARNING,2252 EAST SEMORAN BLVD,APOPKA,32703,No,No,No,No,No,No,,PK-12,,2025,14,streamlinelearning.org
4967,Orange,"Summit Scholars Academy, LLC",5029 North lane,Orlando,32808,No,No,No,No,No,No,,,,2025,0,summit-scholars.com
6547,Orange,TANGERINE SCHOOLHOUSE,7228 EARLWOOD AVE.,MOUNT DORA,32757,Yes,Yes,Yes,No,No,No,,PK-04,,2025,68,tangerineschoolhouse.com
6326,Orange,TDR LEARNING ACADEMY,3057 CURRY FORD ROAD UNIT1B-3B,ORLANDO,32806,Yes,Yes,Yes,No,Yes,Yes,Non-Denominational,PK-12,,2025,104,gmail.com
2456,Orange,TEACH ENRICH FOCUS ACADEMY,3930 ANGOLA LANE,ANGOLA,32771,No,No,No,No,No,No,,,,2025,0,teachenrich.org
2778,Orange,THE ACADEMY OF CENTRAL FLORIDA,1865 N. ECONLOCKHATCHEE TRAIL,ORLANDO,32817,No,No,No,No,Yes,No,,09-12,,2025,107,theacademycfl.com
9482,Orange,The Academy of MLC,200 Victor Avenue,ORLANDO,32801,No,No,No,No,No,No,,,,2026,0,gmail.com
7172,Orange,THE CHILDHOOD DEVELOPMENT CENTER BY ATTAIN,2710 STATEN RD.,ORLANDO,32804,Yes,Yes,Yes,No,Yes,No,,06-12,,2025,5,myattain.org
190,Orange,THE CHRIST SCHOOL,106 EAST CHURCH STREET,ORLANDO,32801,Yes,Yes,Yes,No,Yes,Yes,Non-Denominational,KG-08,COGNIA,2026,577,thechristschool.org
3409,Orange,THE CONRAD ACADEMY,2008 N. GOLDENROD RD,ORLANDO,32807,Yes,Yes,Yes,No,No,Yes,Non-Denominational,PK-12,,2025,454,conradacademy.org
1962,Orange,THE FIRST ACADEMY,2667 BRUTON BLVD,ORLANDO,32805,Yes,Yes,Yes,Yes,Yes,Yes,Baptist,PK-12,COGNIA,2025,1181,thefirstacademy.org
3120,Orange,THE FIRST HOPE OF THE FIRST ACADEMY,2667 BRUTON BLVD,ORLANDO,32805,Yes,Yes,Yes,No,Yes,Yes,Baptist,KG-12,,2025,56,thefirstacademy.org
8153,Orange,The Goddard School Horizon West,4974 Lake Hamlin Trail,Winter Garden,34787-9599,No,No,No,No,No,No,,PK-KG,,2026,85,goddardschools.com
7794,Orange,THE GODDARD SCHOOL WINTER GARDEN,2007 AVALON RD,WINTER GARDEN,34787,Yes,Yes,Yes,No,No,No,,PK-KG,,2025,84,goddardschools.com
7139,Orange,THE KING'S ACADEMY,1302 EDGEWAY DRIVE,WINTER GARDEN,34787,Yes,Yes,Yes,No,Yes,Yes,Pentecostal,PK-05,,2025,30,yourkingsacademy.com
7518,Orange,THE PARAMOUNT SCHOOL/ISA,4055 W TOWN CENTER BLVD,ORLANDO,32837,Yes,Yes,Yes,No,No,Yes,Non-Denominational,PK-07,,2025,58,isautism.org
7077,Orange,THOMAS LEADERSHIP ACADEMY,107 WYMORE ROAD,EATONVILLE,32751,Yes,Yes,Yes,Yes,Yes,Yes,Non-Denominational,KG-12,,2025,77,thomasleadershipacademy.com
9619,Orange,TOP SPOT ACADEMY,1715 LAKE PICKETT ROAD,ORLANDO,32826,Yes,Yes,Yes,No,No,No,,PK-KG,,2026,35,gmail.com
2886,Orange,TRACE ACADEMY,4200 S. CHICKASAW TRAIL,ORLANDO,32829,Yes,Yes,Yes,No,Yes,Yes,Non-Denominational,KG-08,,2025,71,traceacademy.org
8986,Orange,TRANSFORMATION ACADEMY OF THE ARTS,6900 SILVER STAR RD STE 112,ORLANDO,32818,Yes,Yes,Yes,No,Yes,Yes,Non-Denominational,01-12,,2025,16,gmail.com
4429,Orange,TREASURE OF KNOWLEDGE CHRISTIAN ACADEMY,13001 LANDSTAR BLVD.,ORLANDO,32824,Yes,Yes,Yes,Yes,Yes,Yes,Non-Denominational,PK-12,,2025,174,tkcaorlando.com
3543,Orange,TRI-L CHRISTIAN ACADEMY INC.,1039 W. FAIRBANKS AVENUE,ORLANDO,32804,Yes,Yes,Yes,No,Yes,Yes,Non-Denominational,KG-08,FLOCS,2025,65,gmail.com
1629,Orange,TRINITY CHRISTIAN SCHOOL,1022 S. ORANGE BLOSSOM TRAIL,APOPKA,32703,Yes,Yes,Yes,No,Yes,Yes,Baptist,PK-12,COGNIA,2025,308,tcsapopka.org
1426,Orange,TRINITY PREPARATORY SCHOOL,5700 TRINITY PREP LANE,WINTER PARK,32792,No,No,No,No,Yes,Yes,Episcopalian,06-12,FCIS,2025,882,trinityprep.org
8417,Orange,TRINITY VICTORIOUS ACADEMY,713 MISTY MAPLE STREET,APOPKA,32703,Yes,Yes,Yes,No,Yes,Yes,Non-Denominational,KG-05,,2025,92,yahoo.com
5191,Orange,Truth Academy,8125 Gilliam Road,Apopka,32703,No,No,No,No,Yes,Yes,Pentecostal,02-10,,2025,6,protonmail.com
306,Orange,TTS MENTORING & DEVELOPMENT SERVICES LLC,924  N MAGNOLIA AVE SUITE 202,ORLANDO,32803,No,No,No,No,No,No,,,,2025,0,gmail.com
7428,Orange,UCP EAST ORANGE PRIVATE ACADEMY,4780 DATA COURT,ORLANDO,32817,Yes,Yes,Yes,No,Yes,No,,,,2025,0,ucpcfl.org
5408,Orange,VARYVODA CHRISTIAN,2610 ORANGE CENTER BLVD,ORLANDO,32805,Yes,Yes,Yes,No,No,Yes,Non-Denominational,02-12,,2026,6,gmail.com
5784,Orange,VICTORY ACADEMY,10301 E. COLONIAL DR.,ORLANDO,32817,Yes,Yes,Yes,No,Yes,Yes,Non-Denominational,PK-10,,2025,51,victoryacademyschool.org
3753,Orange,VICTORY CHRISTIAN ACADEMY,240 N. IVEY LANE,ORLANDO,32811,Yes,Yes,Yes,No,Yes,Yes,Non-Denominational,KG-12,,2025,126,vcaorlando.com
1192,Orange,VICTORY CHRISTIAN ACADEMY,1601 A.D. MIMS ROAD,OCOEE,34761,No,No,No,No,Yes,Yes,Baptist,KG-08,,2026,72,gmail.com
9584,Orange,VIRTUAL INTERNATIONAL MODERN SCHOOL,3303 S. SEMORAN BLVD SUITE 301,ORLANDO,32822,No,No,No,No,No,No,,,,2025,0,hotmail.com
5916,Orange,WAY OF WISDOM ACADEMY,2053 AMERICANA BLVD,ORLANDO,32839,Yes,Yes,Yes,Yes,Yes,No,,KG-12,,2025,68,gmail.com
2508,Orange,WE ARE ONE SERVICES LLC,P.O BOX 585824,ORLANDO,32858,Yes,Yes,Yes,No,No,No,,PK-05,,2025,18,gmail.com
2445,Orange,WEST OAKS ACADEMY,8624 A.D. MIMS ROAD,ORLANDO,32818,Yes,Yes,Yes,No,Yes,Yes,Church of God,KG-12,FCCPSA,2026,350,westoaksacademy.net
2133,Orange,WINDERMERE PREPARATORY SCHOOL,6189 WINTER GARDEN-VINELAND RD,WINDERMERE,34786,No,No,No,No,No,No,,PK-12,COGNIA,2026,1682,windermereprep.com
7622,Orange,WINTER GARDEN CHRISTIAN ACADEMY,305 BEULAH RD,WINTER GARDEN,34787,Yes,Yes,Yes,No,Yes,Yes,Nazarene,KG-06,,2025,93,wgcacademy.org
8819,Orange,WORLD CHANGERS CHRISTIAN ACADEMY,6925 Lake Ellenor Drive Suite 100,ORLANDO,32809,Yes,Yes,Yes,No,Yes,Yes,Non-Denominational,KG-12,,2025,34,gmail.com
7448,Orange,Worldwide Preparatory Academy,2221 North Forsyth Road,Orlando,32807,No,No,No,No,No,No,,09-12,,2025,90,gmail.com
555,Orange,XL ACADEMY,12314 SUTTNER AVE,ORLANDO,32827,Yes,Yes,Yes,No,No,No,,02-06,,2026,86,xlsportsworld.com
6822,Orange,XL ACADEMY LLC,825 COURTLAND ST,ORLANDO,32804,Yes,Yes,Yes,No,No,No,,06-12,COGNIA,2026,157,xlsocceracademy.com
2682,Orange,YOUNG INNOVATORS ACADEMY WINTER GARDEN,6970 PIAZZA ST,ORLANDO,32819,No,No,No,No,No,No,,PK,,2025,50,younginnovatorsccn.com
2964,Orange,YOUNG INNOVATORS ACADEMY WINTER PARK,7552 Municipal Drive,ORLANDO,32819,Yes,Yes,Yes,No,No,No,,PK,,2025,37,gmail.com
2737,Osceola,ADMIRABLE ADONAI CHRISTIAN ACADEMY AND DOWN,1082 PLAZA DR,KISSIMMEE,34743,No,No,No,No,Yes,Yes,Non-Denominational,KG-05,,2025,2,gmail.com
4856,Osceola,ADVENTURE WORLD KIDS,1388 S NARCOOSSEE RD,SAINT CLOUD,34771,Yes,Yes,Yes,Yes,No,No,,PK-KG,,2026,29,gentlebirth.com
6496,Osceola,ARTS THERE AFTER CHRISTIAN SCHOOL,2745 CANOE CREEK RD.,ST. CLOUD,34772,Yes,Yes,Yes,No,Yes,Yes,Non-Denominational,KG-12,,2026,119,artsthereafter.com
8843,Osceola,BEYOND INSTITUTE CENTER,2921 VINELAND RD SUITE A,KISSIMMEE,34746,Yes,Yes,Yes,No,Yes,No,,,,2025,0,gmail.com
1113,Osceola,BIGSTAR ACADEMY LLC,1725 BUSINESS CENTER LN,KISSIMMEE,34758,Yes,Yes,Yes,No,No,No,,PK-11,,2025,89,gmail.com
8670,Osceola,BILINGUAL CHRISTIAN ACADEMY TECHNOLOGY,2845 MOONSTONE BEND,KISSIMMEE,34758,Yes,Yes,Yes,Yes,No,Yes,Multi/ Inter/ Trans-Denominational,KG-12,,2025,151,bcatschool.com
6363,Osceola,BUILDING BRAINS ACADEMY,900 N. NARCOOSSEE ROAD,SAINT CLOUD,34771,Yes,Yes,Yes,No,No,No,,KG-01,,2025,29,buildingbrainsacademy.com
9147,Osceola,CADEST,1156 EAST VINE STREET,KISSIMMEE,34744,No,No,No,No,Yes,No,,07-12,,2025,87,gmail.com
4679,Osceola,CALVARY CHRISTIAN ACADEMY & Preschool of Kissimmee,2500 W OAK RIDGE RD,ORLANDO,32809,Yes,Yes,Yes,Yes,Yes,Yes,Assemblies of God,,,2025,0,cccap.net
6553,Osceola,CENTRAL POINTE CHRISTIAN ACADEMY,2031 SIMPSON ROAD,KISSIMMEE,34744,Yes,Yes,Yes,Yes,Yes,Yes,Non-Denominational,PK-05,COGNIA,2025,177,gmail.com
7427,Osceola,CENTRAL POINTE CHRISTIAN ACADEMY POINCIANA,2031 SIMPSON ROAD,KISSIMMEE,34744,Yes,Yes,Yes,Yes,Yes,Yes,Non-Denominational,PK-11,COGNIA,2025,529,gmail.com
8503,Osceola,CENTRAL POINTE CHRISTIAN HIGH SCHOOL,1990 NEPTUNE ROAD,KISSIMMEE,34744,Yes,Yes,Yes,Yes,Yes,Yes,Non-Denominational,09-12,COGNIA,2025,428,gmail.com
1119,Osceola,CENTRAL POINTE CHRISTIAN MIDDLE SCHOOL,818 MABBETTE ST.,KISSIMMEE,34741,Yes,Yes,Yes,Yes,Yes,Yes,Non-Denominational,06-08,,2026,170,gmail.com
5373,Osceola,CHOSEN GENERATION CHRISTIAN ACADEMY,4906 OLD PLEASANT HILL RD.,KISSIMMEE,34759,Yes,Yes,Yes,Yes,Yes,Yes,Pentecostal,01-12,,2025,114,chosengenca.com
4014,Osceola,CHRIST CENTERED ACADEMICS,6375 Carroll Circle,SAINT CLOUD,34771,No,No,No,No,Yes,Yes,Non-Denominational,02-12,,2025,12,gmail.com
800,Osceola,CITY OF LIFE CHRISTIAN ACADEMY,2874 E IRLO BRONSON MEMORIAL,KISSIMMEE,34744,Yes,Yes,Yes,No,Yes,Yes,Non-Denominational,PK-12,COGNIA,2025,492,colca.education
3717,Osceola,CLEAR VIEW ACADEMY,1364 S. NARCOOSSEE ROAD,SAINT CLOUD,34771,Yes,Yes,Yes,No,No,No,,04-12,,2026,43,cvaschools.com
8870,Osceola,CONQUER TECH CHRISTIAN ACADEMY,652 LINNET CT,KISSIMMEE,34759,Yes,Yes,Yes,Yes,Yes,Yes,Non-Denominational,KG-12,,2025,83,gmail.com
6130,Osceola,CPCA LEARNING CENTER,2480 SMITH STREET,KISSIMMEE,34744,Yes,Yes,Yes,Yes,Yes,Yes,Non-Denominational,PK-11,,2025,102,gmail.com
7138,Osceola,CREATION VILLAGE WORLD SCHOOL,599 CELEBRATION PLACE,CELEBRATION,34747,Yes,Yes,Yes,No,Yes,No,,PK-12,,2026,445,creationvillage.com
3817,Osceola,CREATIVE WORLD SCHOOL OF ST. CLOUD,4500 LEXINGTON BLVD.,ST. CLOUD,34769,No,No,No,No,No,No,,PK-KG,COGNIA,2025,31,creativeworldschool.com
6313,Osceola,DANIELS-BLAKE CAREER PATHWAYS ACADEMY,1908 Osceola Parkway Unit 292,Kissimmee,34743,No,No,No,No,Yes,No,,06-11,,2025,25,dbcpacademy.com
5301,Osceola,DREAMING BIG LEARNING CENTER,3301 WEST OAK STREET,KISSIMMEE,34741,Yes,Yes,Yes,No,No,Yes,Non-Denominational,PK-12,,2025,245,yahoo.com
2144,Osceola,EDISON ACADEMICS ORLANDO,2540 MICHIGAN AVE,KISSIMMEE,34744,Yes,Yes,Yes,No,No,No,,09-12,,2025,113,edisonacademics.com
2665,Osceola,EDUKIDS ACADEMY,2610 N JOHN YOUNG PKWY,KISSIMMEE,34741,Yes,Yes,Yes,No,No,No,,KG,,2025,14,edukidsacademyfl.com
7552,Osceola,ESTHER'S SCHOOL INC. - KISSIMMEE,522 SIMPSON RD,KISSIMMEE,34744,Yes,Yes,Yes,No,Yes,Yes,Non-Denominational,KG-12,,2025,110,estherschool.net
4433,Osceola,FAITH HARVEST CHRISTIAN ACADEMY,1537 MILL SLOUGH ROAD,KISSIMMEE,34744,Yes,Yes,Yes,No,Yes,Yes,Non-Denominational,07-12,,2025,8,hotmail.com
5703,Osceola,FOREIGN LANGUAGE IMMERSION PREPARATORY ACAD,1550 CELEBRATION BLVD.,CELEBRATION,34747,Yes,Yes,Yes,No,No,No,,KG-06,,2025,105,languageimmersionschool.com
2272,Osceola,FREEDOMLAND CHRISTIAN ACADEMY,1210 N MAIN ST,KISSIMMEE,34744,Yes,Yes,Yes,No,Yes,Yes,Non-Denominational,PK-12,COGNIA,2025,142,freedomlandacademy.com
3845,Osceola,GRACEFUL CHRISTIAN ACADEMY,3019 ELBIB DRIVE,SAINT CLOUD,34772,Yes,Yes,Yes,No,Yes,Yes,Non-Denominational,,,2025,0,gcscfl.org
9422,Osceola,GRACEVIEW ACADEMY OF ST. CLOUD,2395 HICKORY TREE RD.,ST. CLOUD,34772,Yes,Yes,Yes,No,Yes,Yes,Non-Denominational,KG-11,,2025,323,graceviewacademy.com
7706,Osceola,HEART OF A CHILD LEARNING CENTER,3500 Harmony Square Drive W,Harmony,34773,Yes,Yes,Yes,No,No,Yes,Non-Denominational,PK-05,,2026,70,gmail.com
1458,Osceola,HERITAGE CHRISTIAN SCHOOL,1500 E. VINE STREET,KISSIMMEE,34744,Yes,Yes,Yes,No,Yes,Yes,Baptist,PK-12,"FCCPSA, COGNIA",2026,595,heritageeagles.org
1583,Osceola,HOLY REDEEMER CATHOLIC SCHOOL,1800 W. COLUMBIA AVENUE,KISSIMMEE,34741,Yes,Yes,Yes,No,Yes,Yes,Catholic,PK-08,FCCAP,2026,548,holyredeemerkissimmee.org
2459,Osceola,HOUSE OF BLESSING ACADEMY,4139 W VINE ST,KISSIMMEE,34741,No,No,No,No,Yes,Yes,Pentecostal,,,2025,0,gmail.com
5993,Osceola,IBELIEVE CHRISTIAN ACADEMY,4475 REAVES RD,KISSIMMEE,34746,Yes,Yes,Yes,No,Yes,Yes,Pentecostal,KG-12,,2025,55,ibelieveacademy.org
2899,Osceola,IBELIEVE CHRISTIAN ACADEMY SOUTH,90 S. DOVERPLUM AVE.,KISSIMME,34758,Yes,Yes,Yes,No,Yes,Yes,Pentecostal,01-06,,2026,12,ibelieveacademy.org
9239,Osceola,IGNYTE PERFORMING ARTS INC.,1950 Nations Way,Saint Cloud,34769,Yes,Yes,Yes,No,Yes,No,,01-12,,2025,30,gmail.com
7773,Osceola,Imagineers Academy,3201 Budinger Avenue,Saint Cloud,34769,No,No,No,No,No,No,,PK-KG,,2025,36,imagineers-academy.com
6092,Osceola,INTEGRITY TABERNACLE CHRISTIAN ACADEMY,2151 SIMPSON RD,KISSIMMEE,34744,Yes,Yes,Yes,No,Yes,Yes,Pentecostal,KG-12,,2025,78,itcafl.com
6963,Osceola,INTERNATIONAL SCHOOL FOR AUTISM/GLA,3501 W VINE STREET SUITE 105,KISSIMMEE,34741,Yes,Yes,Yes,No,Yes,No,Non-Denominational,,,2025,0,live.com
7517,Osceola,JJCC BILINGUAL CHRISTIAN ACADEMY,PO BOX 700803,ST CLOUD,34769,Yes,Yes,Yes,Yes,Yes,Yes,Assemblies of God,PK-12,FLOCS,2025,80,gmail.com
2892,Osceola,JOHNSON ACADEMY,3911 CARRICK BEND DR,KISSIMMEE,34746,No,No,No,No,Yes,No,,KG-12,,2025,88,johnson-academy.org
7277,Osceola,KCBS ADVANCE ACADEMY,317 COMMERCE CENTER DRIVE,SAINT CLOUD,34769,Yes,Yes,Yes,No,Yes,No,,KG-05,,2025,49,kcbsadvanceacademy.com
4177,Osceola,KCBS ADVANCE ACADEMY OF KISSIMMEE,1975 S JOHN YOUNG PKWY SUITE,KISSIMMEE,34741,No,No,No,No,No,No,,PK,,2025,10,gmail.com
9047,Osceola,KIDSVILLE ACADEMY 2,2563 REMINGTON BOULEVARD,KISSIMMEE,34744,Yes,Yes,Yes,No,Yes,No,,PK-12,,2026,103,kidsvilleacademy.com
7248,Osceola,KINGDOM KIDS CHRISTIAN ACADEMY,1003 S JOHN YOUNG PARKWAY,KISSIMMEE,34741,Yes,Yes,Yes,No,Yes,Yes,Non-Denominational,PK-12,,2025,185,gmail.com
1396,Osceola,KIOMY'S ELITE ACADEMY LLC,85 PINE ISLAND CIRCLE,KISSIMMEE,34743,Yes,Yes,Yes,No,No,Yes,Non-Denominational,PK-12,,2025,58,gmail.com
8425,Osceola,KISSIMMEE CHRISTIAN ACADEMY,415 N MAIN STREET,KISSIMMEE,34744,Yes,Yes,Yes,No,Yes,Yes,Non-Denominational,PK-08,FCCPSA,2025,205,kcaflorida.org
1348,Osceola,LADYBIRD ACADEMY OF ST. CLOUD,3475 PROGRESS LN,SAINT CLOUD,34769,No,No,No,No,No,No,,PK,,2026,200,ladybirdacademy.com
4532,Osceola,LEGACY ARROWS ACADEMY LLC,3500 posner blvd #1332,davenport,33837,No,No,No,No,No,No,,,,2025,0,gmail.com
9725,Osceola,LIFE ACADEMY,2332 WALNUT CANYON DRIVE,KISSIMMEE,34758,No,No,No,No,Yes,Yes,Pentecostal,,,2025,0,thebolacademy.org
1229,Osceola,LIFE ASSEMBLY OF GOD LIFE ACADEMY,2269 PARTIN SETTLEMENT ROAD,KISSIMMEE,34744,Yes,Yes,Yes,Yes,Yes,Yes,Assemblies of God,PK-12,"FLOCS, COGNIA",2025,359,lifechurchflorida.com
2539,Osceola,LIGHT OF REFUGE CHRISTIAN ACADEMY,2106 THE OAKS BLVD,KISSIMMEE,34746,No,No,No,No,No,Yes,Church of God,,,2025,0,aol.com
7433,Osceola,LITTLE STARS FAMILY LEARNING ACADEMY,101 GARDENIA RD,KISSIMMEE,34743,Yes,Yes,Yes,No,No,Yes,Assemblies of God,PK-02,,2025,17,littlestarsfamilyacademy.org
6808,Osceola,LIVING WATER CHRISTIAN SCHOOL,4101 PLEASANT HILL ROAD,KISSIMMEE,34746,Yes,Yes,Yes,No,Yes,Yes,Assemblies of God,PK-04,,2025,97,lwf.live
5873,Osceola,Maranatha Academy by Jireh,1791 Chatsworth Cir,,,Yes,Yes,Yes,Yes,Yes,Yes,Pentecostal,,,2025,0,gmail.com
4699,Osceola,MATER VIRTUAL ACADEMY AT BRIGHTON LAKES,,,,Yes,Yes,Yes,Yes,Yes,No,,,,2025,0,aveteaching.com
5952,Osceola,MONTESSORI ACADEMY OF CELEBRATION,13319 BONICA WAY,WINDERMERE,34786,Yes,Yes,Yes,No,No,No,,PK-12,,2025,164,montessoriacademycelebration.com
1160,Osceola,MONTESSORI CLUB LLC,978 TRAMELLS TRAIL,KISSIMMEE,34744,No,No,No,No,No,No,,PK-03,,2026,17,gmail.com
8982,Osceola,MT. SINAI ARTS PREPARATORY ACADEMY,1901 S. JOHN YOUNG PARKWAY,KISSIMMEE,34741,Yes,Yes,Yes,Yes,Yes,Yes,Assemblies of God,PK-12,,2025,18,mtsaprepa.org
7162,Osceola,MY REFUGE CHRISTIAN ACADEMY,1050 PLAZA DRIVE UNIT C,KISSIMMEE,34743,Yes,Yes,Yes,No,Yes,Yes,Pentecostal,PK-12,,2025,28,hotmail.com
6134,Osceola,Nation Of Faith Christian Academy Corp,4555 West Irlo Bronson Memorial Highway,Kissimmee,34746,No,No,No,No,Yes,Yes,Non-Denominational,,,2025,0,ymail.com
9340,Osceola,NAZARET CHRISTIAN ACADEMY INC.,3051 LIONS CT,KISSIMMEE,34744,Yes,Yes,Yes,No,Yes,Yes,Assemblies of God,PK-12,,2025,250,gmail.com
7472,Osceola,NEW DIRECTION ACADEMY,711 EAST MAIN STREET SUITE 10,HAINES CITY,33844,Yes,Yes,Yes,No,No,No,,02-12,,2025,62,newdirectionacademy.com
4240,Osceola,NEW JERUSALEM ACADEMY,4925 PLEASANT HILL ROAD,KISSIMMEE,34759,Yes,Yes,Yes,Yes,Yes,Yes,Non-Denominational,KG-12,,2025,117,newjerusalemacademy.com
1550,Osceola,NORTH KISSIMMEE CHRISTIAN SCHOOL,425 W. DONEGAN AVENUE,KISSIMMEE,34741,Yes,Yes,Yes,No,Yes,Yes,Baptist,PK-12,,2025,318,yahoo.com
6816,Osceola,OAN CHRISTIAN ACADEMY,220 N LAKE COURT,KISSIMMEE,34745,No,No,No,No,Yes,Yes,Non-Denominational,05-12,,2025,6,omegalphanu.org
4553,Osceola,ORIGINS RECLAIMED ACADEMY LLC,3128 CRISPIN CIR,HARMONY,34773,No,No,No,No,No,No,,KG-06,,2025,9,gmail.com
670,Osceola,OSCEOLA ADVENTIST CHRISTIAN SCHOOL,2395 FORTUNE ROAD,KISSIMMEE,34744,Yes,Yes,Yes,No,Yes,Yes,,PK-12,,2026,117,flcoe.org
8746,Osceola,OSCEOLA CHRISTIAN PREPARATORY SCHOOL IEP,1515 MICHIGAN AVE,KISSIMMEE,34744,Yes,Yes,Yes,Yes,Yes,Yes,Non-Denominational,KG-12,,2025,292,christianprepschools.com
257,Osceola,OSCEOLA PREP ACADEMY LLC,2200 E IRLO BRONSON MEM HWY,KISSIMMEE,34744,Yes,Yes,Yes,No,No,No,,01-12,,2025,51,gmail.com
1445,Osceola,PCG ACADEMY INC.,4898 STONE ACRES CIRCLE,SAINT CLOUD,34771,No,No,No,No,Yes,Yes,Non-Denominational,09-11,,2026,5,pcgacademy.com
4270,Osceola,PEA BASEBALL PRIVATE ACADEMY,3381 EARLE CT,BESOS,34746,No,No,No,No,No,No,,01-12,,2025,43,gmail.com
2627,Osceola,PEACE BY PIECE ACADEMY,2424 N. CENTRAL AVE,KISSIMMEE,34741,Yes,Yes,Yes,Yes,Yes,No,,KG-11,,2025,23,p3ace.org
3393,Osceola,PEACE LUTHERAN SCHOOL,3249 WINDMILL POINT BLVD,KISSIMMEE,34746,Yes,Yes,Yes,No,Yes,Yes,Lutheran,PK-12,,2026,74,mypeacekids.org
5987,Osceola,PHA PREPARATORY SCHOOL KISSIMMEE,140 POMPEI DR,KISSIMMEE,34758,Yes,Yes,Yes,No,Yes,Yes,Assemblies of God,PK-12,,2025,60,gmail.com
882,Osceola,PIECE OF HEAVEN CHRISTIAN ACADEMY INC,301 CHURCH STREET,KISSIMMEE,34741,Yes,Yes,Yes,No,Yes,Yes,Pentecostal,02-12,,2026,25,gmail.com
4207,Osceola,PLEASANT HILL ACADEMY,140 POMPEI DR,KISSIMMEE,34758,Yes,Yes,Yes,Yes,No,Yes,Assemblies of God,KG-12,ACTS,2025,200,gmail.com
6702,Osceola,POINCIANA CHRISTIAN PREP SCHOOL NORTH IEP,2525 TRAFALGAR BLVD,KISSIMMEE,34758,Yes,Yes,Yes,Yes,Yes,Yes,Non-Denominational,KG-12,,2025,446,christianprepschools.com
6688,Osceola,POINCIANA CHRISTIAN PREPARATORY SCHOOL IEP,4942 OLD PLEASANT HILL RD.,KISSIMMEE,34759,Yes,Yes,Yes,Yes,Yes,Yes,Non-Denominational,KG-12,,2025,483,christianprepschools.com
3110,Osceola,PRODIGY ACADEMY AT TAPESTRY,2410 W CARROLL ST,KISSIMMEE,34741,Yes,Yes,Yes,No,No,No,,PK-01,COGNIA,2026,37,prodigylearn.com
7520,Osceola,REBORN CHRISTIAN ACADEMY,4710 W IRLO BRONSON MEM HWY,KISSIMMEE,34746,Yes,Yes,Yes,No,Yes,Yes,Non-Denominational,,,2026,0,gmail.com
9193,Osceola,REGENERATION CHRISTIAN ACADEMY,1130 SIMMONS RD,KISSIMMEE,34744,Yes,Yes,Yes,Yes,Yes,Yes,Non-Denominational,KG-06,,2026,22,gmail.com
6364,Osceola,Revival Place School of the Arts Inc.,1876 Three Bars Rd,Kissimmee,34744,Yes,Yes,Yes,Yes,Yes,Yes,Non-Denominational,,,2025,0,revivalplaceschoolofthearts.com
9796,Osceola,RISING STAR PREPARATORY ACADEMY,1589 PARK SIDE AVE.,KISSIMMEE,34744,No,No,No,No,No,Yes,Pentecostal,,,2025,0,proofchurch.org
1129,Osceola,Sabal Palm Montessori Community,,,,No,No,No,No,No,No,,PK-12,,2026,22,sabalpalmmontessori.org
7705,Osceola,SAI ACADEMY,4554 13TH STREET,ST. CLOUD,34769,Yes,Yes,Yes,Yes,No,No,,04-12,,2025,15,hlcmail.com
5210,Osceola,SAI Academy of Orlando City,"4554 13th Street, Unit A-1",St. Cloud,34769,Yes,Yes,Yes,Yes,No,No,,07-12,,2025,67,saiacademy.com
6680,Osceola,SAINT CLOUD CHRISTIAN PREP SCHOOL IEP,2500 CANOE CREEK RD,ST. CLOUD,34769,Yes,Yes,Yes,Yes,Yes,Yes,Non-Denominational,KG-12,,2025,228,christianprepschools.com
1279,Osceola,SANTIAGO FRIENDS ACADEMY KISSIMMEE,8617 E. COLONIAL DRIVE,ORLANDO,32817,Yes,Yes,Yes,No,Yes,No,,KG-12,,2025,5,santiagoandfriends.com
8064,Osceola,School of Legacy by Prestige,2244 E Irlo Bronson Mem Hwy Suite A,kissimmee,34744,Yes,Yes,Yes,No,Yes,Yes,Non-Denominational,PK,,2025,14,
9611,Osceola,SHILOH ACCELERATED CHRISTIAN ACADEMY,4545 PLEASANT HILL RD UNIT 104,KISSIMMEE,34758,Yes,Yes,Yes,No,Yes,Yes,Church of God,KG-12,,2025,55,aol.com
8546,Osceola,SHINING STAR CHRISTIAN PREPARATORY ACADEMY,101 WEST CYPRESS ST,KISSIMMEE,34741,Yes,Yes,Yes,No,Yes,No,,KG-05,,2025,30,gmail.com
1630,Osceola,SOUTHLAND CHRISTIAN SCHOOL,2440 FORTUNE ROAD,KISSIMMEE,34744,Yes,Yes,Yes,No,Yes,Yes,Non-Denominational,PK-12,,2025,397,southlandcs.org
6907,Osceola,ST. CLOUD CHRISTIAN ACADEMY,1717 13TH STREET,ST. CLOUD,34769,Yes,Yes,Yes,No,Yes,Yes,Non-Denominational,,,2026,0,sccasharks.org
484,Osceola,ST. THOMAS AQUINAS SCHOOL,800 BROWN CHAPEL RD,SAINT CLOUD,34769,Yes,Yes,Yes,No,Yes,Yes,Catholic,PK-08,FCCAP,2026,492,stacschool.com
568,Osceola,STEAM MINDS ACADEMY CORP.,3402 GATOR BAY CREEK BLVD,SAINT CLOUD,34772,Yes,Yes,Yes,No,Yes,No,,03-12,,2025,23,steammindsacademy.com
379,Osceola,STILL WE RISE EXCELLENCE ACADEMY,1904 MICHIGAN AVE,KISSIMMEE,34744,No,No,No,No,Yes,Yes,Non-Denominational,,,2025,0,srcog.org
9587,Osceola,SUNRAY CHRISTIAN ACADEMY,3044 MICHIGAN AVE,KISSIMMEE,34744,Yes,Yes,Yes,No,Yes,Yes,Pentecostal,02-05,,2025,7,gmail.com
5813,Osceola,SUNSHINE STATE ELITE ACADEMY LLC,2355 N. ORANGE BLOSSOM TRAIL,KISSIMMEE,34744,Yes,Yes,Yes,Yes,No,No,,KG-12,,2025,201,aol.com
9391,Osceola,TEACHING TIME ACADEMY INC 2,1072 PLAZA DR,KISSIMMEE,34743,Yes,Yes,Yes,No,No,Yes,Church of God,PK-05,,2025,28,gmail.com
7969,Osceola,THE VINE CHRISTIAN ACADEMY,2540 MICHIGAN AVE. SUITE CDE,KISSIMMEE,34744,Yes,Yes,Yes,No,Yes,Yes,Non-Denominational,PK-12,,2025,203,gmail.com
6712,Osceola,TINY TOTS CHRISTIAN ACADEMY EAST,2080 MICHIGAN AVENUE,KISSIMMEE,34744,Yes,Yes,Yes,No,No,Yes,Non-Denominational,PK-KG,,2025,90,gmail.com
1044,Osceola,TRINITY LUTHERAN SCHOOL,3016 W. VINE STREET,KISSIMMEE,34741,Yes,Yes,Yes,No,Yes,Yes,Lutheran,PK-12,FLGA-LCMS,2025,247,trinsch.org
4299,Osceola,TURTLE TOTS ACADEMY,3255 SOUTH JOHN YOUNG PARKWAY,KISSIMMEE,34746,Yes,Yes,Yes,No,No,No,,PK,,2025,15,yahoo.com
4297,Osceola,TURTLE TOTS ACADEMY II,1420 EAST OSCEOLA PARKWAY,KISSIMMEE,34744,Yes,Yes,Yes,No,No,No,,PK-01,,2025,23,gmail.com
9533,Osceola,UNITY CHRISTIAN ACADEMY,2420 SMITH STREET UNIT N.,KISSIMMEE,34744,Yes,Yes,Yes,Yes,Yes,No,Pentecostal,KG-12,,2025,65,unityedu.org
9712,Osceola,VIRTUAL INTERNATIONAL SCHOOL K12,2580 DERBY DRIVE,KISSIMMEE,34744,No,No,No,No,No,No,,,,2025,0,interfinancialgroupinc.com
4369,Palm Beach,ACADEMIC HIGH SCHOOL FOR THE ARTS,7777 GLADES RD.,BOCA RATON,33434,No,No,No,No,Yes,No,,09-12,,2025,500,gmail.com
1494,Palm Beach,ACCEPTANCE ACADEMY COMMUNITY SCHOOL,21848 ARRIBA REAL,BOCA RATON,33433,No,No,No,No,Yes,No,,,,2025,0,acceptanceschool.org
2659,Palm Beach,ACHIEVEMENT HEIGHTS ACADEMY,170 NE SECOND STREET #241,BOCA RATON,33432,No,No,No,No,No,No,,01-11,,2025,14,achievementheights.org
2917,Palm Beach,ADVENT LUTHERAN SCHOOL,300 EAST YAMATO ROAD,BOCA RATON,33431,Yes,Yes,Yes,No,Yes,Yes,Lutheran,PK-08,,2026,336,adventschoolboca.org
4263,Palm Beach,ALL SAINTS CATHOLIC SCHOOL,1759 INDIAN CREEK PKWY,JUPITER,33458,Yes,Yes,Yes,No,Yes,Yes,Catholic,PK-08,FCCAP,2026,463,allsaintsjupiter.org
4066,Palm Beach,AMERICAN HERITAGE SCHOOL OF BOCA/DELRAY,6200 LINTON BLVD.,DELRAY BEACH,33484,Yes,Yes,Yes,No,No,No,,PK-12,COGNIA,2025,2022,ahschool.com
2513,Palm Beach,ARTHUR I MEYER JEWISH ACADEMY,5225 HOOD RD.,PALM BEACH GARDENS,33418,Yes,Yes,Yes,No,Yes,Yes,Jewish,PK-08,COGNIA,2026,201,meyerprep.org
7148,Palm Beach,ARTS AND EDUCATION INTERNATIONAL,631 LUCERNE AVENUE  UNIT 32,LAKE WORTH,33460,No,No,No,No,No,No,,,,2025,0,aol.com
2279,Palm Beach,ATLANTIC CHRISTIAN ACADEMY OF THE PALM BEAC,4900 SUMMIT BOULEVARD,WEST PALM BEACH,33415,Yes,Yes,Yes,No,Yes,Yes,Non-Denominational,PK-12,,2025,1184,gmail.com
2985,Palm Beach,ATLANTIS ACADEMY,1950 PRAIRIE ROAD,WEST PALM BEACH,33406,Yes,Yes,Yes,No,No,No,,KG-12,"COGNIA, CITA",2025,171,chancelight.com
985,Palm Beach,B-Ready Academy MicroSchool,,,,No,No,No,No,No,No,,PK-07,,2026,35,breadyacademy.com
7477,Palm Beach,BAIS YAAKOV OF BOCA RATON,2555 NW 2ND AVE,BOCA RATON,33431,Yes,Yes,Yes,No,Yes,Yes,Jewish,09-12,,2025,47,byboca.org
4195,Palm Beach,BALDWIN PREP SCHOOL,200 CASTLEWOOD DR.,NORTH PALM BEACH,33408,Yes,Yes,Yes,No,No,No,,KG-12,,2026,79,aol.com
3920,Palm Beach,BELLE GLADE CHRISTIAN ACADEMY,PO BOX 882,BELLE GLADE,33430,Yes,Yes,Yes,No,Yes,Yes,Pentecostal,PK-12,,2025,22,gmail.com
6952,Palm Beach,Ben Gamla Palm Beach Campus,8600 Jog Road,Boynton Beach,33472,No,No,No,No,Yes,No,,,,2025,0,aveteaching.com
1867,Palm Beach,BEREAN CHRISTIAN SCHOOL,8350 OKEECHOBEE BOULEVARD,WEST PALM BEACH,33411,Yes,Yes,Yes,No,Yes,Yes,Non-Denominational,PK-12,COGNIA,2026,736,bereanwpb.org
3857,Palm Beach,BETHEL JUNIOR ACADEMY,2850 F AVENUE,RIVIERA BEACH,33404,Yes,Yes,Yes,No,Yes,Yes,Seventh Day Adventist,KG-08,,2025,188,yahoo.com
9335,Palm Beach,BOCA RATON ACHIEVEMENT CENTER,2481 NW 2nd Avenue,BOCA RATON,33431,No,No,No,No,Yes,No,,KG-12,,2026,19,gmail.com
3314,Palm Beach,BOCA RATON CHRISTIAN SCHOOL,315 N.W. 4TH STREET,BOCA RATON,33432,Yes,Yes,Yes,No,Yes,Yes,Non-Denominational,PK-12,COGNIA,2026,876,bocachristian.org
3211,Palm Beach,BOCA RATON PREPARATORY SCHOOL,10333 DIEGO DRIVE SOUTH,BOCA RATON,33428,Yes,Yes,Yes,No,No,No,,PK-12,FCIS,2025,186,iesmail.com
6298,Palm Beach,BOCA SCHOOL FOR AUTISM INC.,3848 FAU BLVD.,BOCA RATON,33431,Yes,Yes,Yes,No,Yes,No,,KG-12,,2025,24,bocaschoolforautism.org
3993,Palm Beach,BRIGHTNEST ACADEMY DELRAY,2200 LAKE IDA RD,DELRAY BEACH,33445,Yes,Yes,Yes,No,No,No,,PK,,2025,22,brightnestacademy.org
915,Palm Beach,CARDINAL NEWMAN HIGH SCHOOL,512 SPENCER DRIVE,WEST PALM BEACH,33409,Yes,Yes,Yes,No,Yes,Yes,Catholic,09-12,COGNIA,2025,749,cardinalnewman.com
7760,Palm Beach,CARVER CHRISTIAN ACADEMY,2823 N. AUSTRALIAN AVE,WEST PALM BEACH,33407,Yes,Yes,Yes,No,Yes,Yes,Non-Denominational,KG-06,,2025,120,carverchristianacademy.org
9140,Palm Beach,CENTRAL BAPTIST ACADEMY,4422 GUN CLUB RD BLDG. C,WEST PALM BEACH,33406,Yes,Yes,Yes,No,Yes,Yes,Baptist,KG-10,,2025,72,centralbaptistacademy.co
5941,Palm Beach,CHEDER CHABAD INC,9085 HAGEN RANCH RD,BOYNTON BEACH,33472,Yes,Yes,Yes,No,Yes,Yes,Jewish,PK-12,,2025,310,chederchabadfl.com
807,Palm Beach,CHILDRENS HOUSE MONTESSORI,100 PINE CIR,BOCA RATON,33432,No,No,No,No,No,No,,PK-KG,COGNIA,2025,43,gmail.com
1746,Palm Beach,CHILDRENS HOUSE MONTESSORI SCHOOL EAST BOCA,100 PINE CIRCLE CHILREN'S HOU,BOCA RATON,33432,No,No,No,No,No,No,,PK-KG,,2025,30,gmail.com
1085,Palm Beach,COASTAL MIDDLE AND HIGH SCHOOL INC.,730 5TH STREET,LAKE PARK,33403,Yes,Yes,Yes,Yes,Yes,No,,06-12,,2025,92,coastalmhschool.com
5100,Palm Beach,COATES LEARNING CENTER INC.,1897 PALM BEACH LAKES BLVD.,WEST PALM BEACH,33409,Yes,Yes,Yes,No,Yes,No,,02-11,,2025,11,yahoo.com
9638,Palm Beach,COCOPLUM NATURE SCHOOL,342 N. SWINTON AVENUE,DELRAY BEACH,33444,Yes,Yes,Yes,No,Yes,No,,KG-05,,2025,45,cocoplumnatureschool.org
8885,Palm Beach,CONNECTIONS HIGH SCHOOL  VOCATIONAL CENTER,1310 OLD CONGRESS AVE 100,WEST PALM BEACH,33409,Yes,Yes,Yes,No,Yes,No,,09-12,,2025,32,connectedpb.com
995,Palm Beach,CONSCIOUS KIDS ASSOCIATION,18811 44TH PLACE N,LOXAHATCHEE,33470,No,No,No,No,Yes,No,,KG-09,,2025,24,gmail.com
3360,Palm Beach,CUEWA UNIVERSITY PREP,The Medical Trust 560 Village Blvd,West Palm beach,33409,No,No,No,No,Yes,Yes,Multi/ Inter/ Trans-Denominational,04-12,,2025,3,cuewaedu.org
2492,Palm Beach,DAUGHTER OF ZION JR ACADEMY,250 NW 3RD AVE,DELRAY BEACH,33444,Yes,Yes,Yes,No,Yes,Yes,Seventh Day Adventist,KG-08,,2025,85,secsda.org
2573,Palm Beach,DIVINE SAVIOR ACADEMY - DELRAY,15935 LYONS RD,DELRAY BEACH,33446,Yes,Yes,Yes,No,Yes,Yes,Lutheran,PK-08,AISF,2026,299,divinesavioracademy.com
2264,Palm Beach,DONNA KLEIN JEWISH ACADEMY,9701 DONNA KLEIN BLVD.,BOCA RATON,33428,Yes,Yes,Yes,No,Yes,Yes,Jewish,KG-12,COGNIA,2025,770,dkja.net
3646,Palm Beach,DOTT ACADEMY,6415 Lake Worth Rd,Greenacres,33463,No,No,No,No,Yes,No,,01-07,,2025,10,gmail.com
6745,Palm Beach,"Dream Builders Preparatory Academy, Inc.",163 West 20th Street,Riviera Beach,33404,No,No,No,No,No,Yes,Non-Denominational,,,2025,0,dreambuildersprep.com
9432,Palm Beach,DWIGHT GLOBAL ONLINE SCHOOL,291 CENTRAL PARK WEST,NEW YORK. NY,10024,No,No,No,No,No,No,,06-12,COGNIA,2025,66,dwight.global
2457,Palm Beach,EDNA W. RUNNER EDUCATION CENTER,7187 EDNA RUNNER WAY,JUPITER,33458,Yes,Yes,Yes,No,Yes,No,,,,2025,0,ewrunnerctr.org
2813,Palm Beach,EDUCATION PLACE,12794 FOREST HILL BLVD.,WELLINGTON,33414,Yes,Yes,Yes,Yes,No,No,,01-12,,2025,45,gmail.com
1216,Palm Beach,EMBRACE ABA ACADEMY INC,501 N FEDERAL HWY,LAKE PARK,33403,Yes,Yes,Yes,No,No,No,,KG-12,,2025,15,embraceabaacademy.com
8189,Palm Beach,EMERGING MINDS MONTESSORI ACADEMY INC,16705 PUZZLE PLACE,DELRAY BEACH,33446,Yes,Yes,Yes,No,No,No,,PK-09,,2025,100,emergingmindsma.com
2924,Palm Beach,EPHESUS ADVENTIST ACADEMY,4011 NORTHSHORE DRIVE,WEST PALM BEACH,33407,Yes,Yes,Yes,No,Yes,Yes,Seventh Day Adventist,KG-08,,2025,56,eaa-wpb.org
1106,Palm Beach,"Essential Healing of South Florida, Inc.",,,,No,No,No,No,No,No,,,,2026,0,
9754,Palm Beach,FAITH'S PLACE CENTER FOR ARTS EDUCATION,3166 LAUREL RIDGE CIRCLE,RIVIERA BEACH,33404,Yes,Yes,Yes,Yes,Yes,Yes,Non-Denominational,PK-12,,2025,27,gmail.com
8248,Palm Beach,FLORENCE FULLER CDC INC. WEST,10130 185TH ST. S,BOCA RATON,33498,Yes,Yes,Yes,No,Yes,No,,KG-03,,2025,69,fullercenterfl.org
3970,Palm Beach,FOREST TRAIL ACADEMY,"2101 VISTA PARKWAY, SUITE 226",WEST PALM BEACH,33411,No,No,No,No,No,No,,KG-12,COGNIA,2025,45,foresttrailacademy.com
7796,Palm Beach,FRENCH AMERICAN SCHOOL OF BOCA RATON,2500 NW 5TH AVE.,BOCA RATON,33431,Yes,Yes,Yes,No,Yes,No,,KG-06,,2025,161,faisbr.org
8278,Palm Beach,FRENCH SCHOOL OF BOCA RATON LE PETIT PRINCE,258 NW 15TH STREET,BOCA RATON,33432,Yes,Yes,Yes,No,No,No,,PK-04,,2025,112,frenchschoolbocaraton.com
9491,Palm Beach,FUSION ACADEMY BOCA RATON,5050 CONFERENCE WAY NORTH,BOCA RATON,33431,Yes,Yes,Yes,Yes,No,No,,06-12,,2025,77,fusionacademy.com
7800,Palm Beach,FUSION ACADEMY PALM BEACH GARDENS,11300 LEGACY AVE. SUITE 220,PALM BEACH GARDENS,33410,Yes,Yes,Yes,Yes,No,No,,05-12,,2025,22,fusionacademy.com
8954,Palm Beach,FUTURE KIDS,5765 LANTANA ROAD,LAKE WORTH,33463,Yes,Yes,Yes,No,No,No,,PK-03,,2025,45,fkacademy.com
5810,Palm Beach,GAP CHRISTIAN ACADEMY,P.O. BOX 183,PAHOKEE,33476,Yes,Yes,Yes,No,Yes,Yes,Non-Denominational,KG-12,,2025,65,aol.com
4648,Palm Beach,GARDEN OF THE SAHABA ACADEMY,3100 NW 5TH AVENUE,BOCA RATON,33431,Yes,Yes,Yes,No,Yes,Yes,Islamic/Muslim,PK-11,"FCIS, COGNIA",2025,303,assahaba.org
8822,Palm Beach,GENUINE SCHOOL,980 North Federal Highway,BOCA RATÓN,33432,No,No,No,No,No,No,,03-04,COGNIA,2026,2,genuinelab.us
2204,Palm Beach,GEORGETTE'S ACADEMY,6800 NW 39TH AVE LOT 127,COCONUT CREEK,33073,No,No,No,No,No,No,,,,2026,0,gmail.com
1428,Palm Beach,GLADES DAY SCHOOL,400 GATOR BLVD.,BELLE GLADE,33430,Yes,Yes,Yes,No,Yes,No,,PK-12,FCIS,2025,335,gladesdayschool.com
4083,Palm Beach,GOLIATH ACADEMY,6432 LAKE WORTH RD.,GREENACRES,33463,No,No,No,No,No,Yes,Non-Denominational,07-12,,2025,190,goliathacademy.org
2977,Palm Beach,GOOD SHEPHERD EPISCOPAL SCHOOL LLC,402 SEABROOK ROAD,TEQUESTA,33469,Yes,Yes,Yes,No,Yes,Yes,Episcopalian,PK-05,FCIS,2026,124,goodshepschool.com
2484,Palm Beach,GRANDVIEW PREPARATORY SCHOOL,336 SPANISH RIVER BLVD. N.W.,BOCA RATON,33431,Yes,Yes,Yes,No,Yes,No,,PK-12,COGNIA,2025,379,grandviewprep.net
6987,Palm Beach,Grandview Preparatory School,336 NW Spanish River Blvd,Boca Raton,33431,No,No,No,No,Yes,No,,06-12,,2026,76,grandviewprep.net
2815,Palm Beach,GREENACRES CHRISTIAN ACADEMY,4982 CAMBRIDGE STREET,LAKE WORTH,33463,Yes,Yes,Yes,No,Yes,Yes,Non-Denominational,KG-12,,2025,170,gmail.com
9688,Palm Beach,GUIDEPOST MONTESSORI AT PALM BEACH GARDENS,353 HIATT DR,PALM BEACH GARDENS,33418,Yes,Yes,Yes,No,No,No,,PK-KG,,2025,7,guidepostmontessori.com
2597,Palm Beach,GULF STREAM SCHOOL,3600 GULF STREAM ROAD,GULF STREAM,33483,Yes,Yes,Yes,No,Yes,No,,PK-08,FCIS,2025,325,gulfstreamschool.org
8665,Palm Beach,HADAR HIGH SCHOOL FOR GIRLS,7902 N MONTOYA CIR,BOCA RATON,33433,Yes,Yes,Yes,No,No,Yes,Jewish,09-12,COGNIA,2025,82,hadarhs.org
1932,Palm Beach,"HARID CONSERVATORY OF MUSIC, INC.",2285 POTOMAC ROAD,BOCA RATON,33431,No,No,No,No,Yes,No,,09-12,,2025,35,harid.edu
7669,Palm Beach,HIGH POINT ACADEMY,23080 SANDALFOOT PLAZA DR.,BOCA RATON,33428,Yes,Yes,Yes,No,No,No,,PK-05,,2025,143,gmail.com
9191,Palm Beach,HIGH REACH LEARNING CENTER DBA SMALL WORLD,2860 MEADOW RD,PALM SPRINGS,33406,Yes,Yes,Yes,No,No,No,,PK,,2026,20,smallworldpreschools.com
9684,Palm Beach,HOPE CENTER LEARNING ACADEMY LLC,750 S MILITARY TRL STE D-E,WEST PALM BEACH,33415,No,No,No,No,No,No,,,,2025,0,gmail.com
4225,Palm Beach,JAVIER POLYTECHNIC SCHOOL,640 EAST DR.,DELRAY BEACH,33445,No,No,No,No,No,No,,,,2025,0,gmail.com
6743,Palm Beach,JUPITER CHRISTIAN SCHOOL,700 S DELAWARE BLVD,JUPITER,33458,Yes,Yes,Yes,No,Yes,Yes,Non-Denominational,PK-01,,2026,203,jupiterchristian.org
3439,Palm Beach,JUPITER CHRISTIAN SCHOOL,700 S DELAWARE BLVD,JUPITER,33458,Yes,Yes,Yes,No,Yes,Yes,Non-Denominational,02-12,COGNIA,2026,849,jupiterchristian.org
2983,Palm Beach,KATZ HILLEL DAY SCHOOL OF BOCA RATON,21011 95 AVENUE S.,BOCA RATON,33428,Yes,Yes,Yes,No,Yes,Yes,Jewish,PK-08,COGNIA,2026,731,hilleldayschool.org
3213,Palm Beach,KATZ YESHIVA HIGH SCHOOL OF S. FLA,20900 RUTH AND BARON COLEMAN,BOCA RATON,33428,Yes,Yes,Yes,No,Yes,Yes,Jewish,09-12,COGNIA,2025,499,yeshivahs.org
3309,Palm Beach,KENTWOOD PREPARATORY SCHOOL,6210 S. CONGRESS AVENUE,LANTANA,33462,Yes,Yes,Yes,No,No,No,,01-12,COGNIA,2025,88,mindspring.com
8786,Palm Beach,KINGSWOOD ACADEMY,3307 S JOG RD,GREENACRES,33467,Yes,Yes,Yes,No,No,No,,KG-01,,2025,12,mykingswoodacademy.com
5034,Palm Beach,KNIGHT SCHOLARIS LLC,7901 4TH ST N STE 300,ST. PETERSBURG,33702,No,No,No,No,No,No,,,,2025,0,proton.me
1705,Palm Beach,LAKE WORTH CHRISTIAN SCHOOL SOCIETY INC.,7592 HIGH RIDGE ROAD,BOYNTON BEACH,33426,Yes,Yes,Yes,No,Yes,Yes,Non-Denominational,PK-12,CSF,2026,672,lwcs.org
9714,Palm Beach,LE SOLEY HIGH SCHOOL,"4056 Forest Hill Blvd., #1051",Palm Springs,33406,No,No,No,No,No,No,,09-12,,2026,27,lesoleyhighschool.org
9260,Palm Beach,LEARNING WONDERLAND PRESCHOOL,3092 FOREST HILL BLVD.,PALM SPRINGS,33406,Yes,Yes,Yes,No,No,No,,PK-KG,,2025,39,lwonderland.com
5752,Palm Beach,Light House Academy Junior Minds In Motion,2785 Old Military Trail,West Palm Beach,33417,No,No,No,No,No,Yes,Non-Denominational,,,2025,0,gmail.com
8178,Palm Beach,LIGHTHOUSE ACADEMY PALM BEACH,1901 12TH AVE S REAR 2,LAKE WORTH,33461,Yes,Yes,Yes,No,Yes,No,,KG-12,,2025,73,lapbschool.org
9566,Palm Beach,LITTLE CUB'Z LEARNING CENTER,144 SE 27TH AVE,BOYNTON BEACH,33435,Yes,Yes,Yes,No,Yes,Yes,Non-Denominational,PK-KG,,2026,21,gmail.com
2609,Palm Beach,LLOYD PREPARATORY SCHOOL,7781 NW BEACON SQUARE BLVD,BOCA RATON,33487,No,No,No,No,No,No,,07-11,,2025,5,lloydprep.com
2663,Palm Beach,M.O.T. ACADEMY,14202 SW 62ND STREET,MIAMI,33183,Yes,Yes,Yes,Yes,No,No,,KG-09,,2025,6,motacademy.com
1757,Palm Beach,METHODIST EARLY CHILDHOOD EDUCATION INC,625 NE MIZNER BOULEVARD,BOCA RATON,33432,No,No,No,No,Yes,Yes,Methodist,PK,,2025,131,meceboca.org
9262,Palm Beach,MOUNTAINEER'S ACADEMY INC.,1340 KENWOOD ROAD,WEST PALM BEACH,33401,Yes,Yes,Yes,No,No,No,,KG-10,,2025,8,msainc.org
7376,Palm Beach,MOUNTAINEER'S SCHOOL OF AUTISM INC.,1340 KENWOOD ROAD,WEST PALM BEACH,33401,Yes,Yes,Yes,No,Yes,No,,KG-12,,2025,35,msainc.org
5770,Palm Beach,MY SCHOOLHOUSE LLC.,178 BELLA VISTA WAY,ROYAL PALM BEACH,33411,Yes,Yes,Yes,Yes,No,No,,KG-09,,2025,42,mshlearning.com
1608,Palm Beach,NEW GENERATION MONTESSORI BR,19635 STATE ROAD 7 SUITE 53,BOCA RATON,33498,No,No,No,No,No,No,,PK,,2025,22,ngmschools.com
9194,Palm Beach,NEW GENERATION MONTESSORI OF DELRAY BEACH,326 NW 7TH AVE,DELRAY BEACH,33444,No,No,No,No,No,No,,PK,,2025,18,ngmschools.com
4469,Palm Beach,NEW GENERATION MONTESSORI WPB,722 NEWARK ST,WEST PALM BEACH,33401,No,No,No,No,No,No,,PK,,2025,32,ngmschools.com
1143,Palm Beach,NEW HORIZONS CHRISTIAN ACADEMY,4281 PALM AVENUE,WEST PALM BEACH,33406,Yes,Yes,Yes,No,Yes,Yes,Multi/ Inter/ Trans-Denominational,02-09,,2025,8,live.com
8190,Palm Beach,Next Academy Preparatory School,640 Clematis Street,West Palm Beach,33402,No,No,No,No,Yes,No,,,,2025,0,
5920,Palm Beach,OAKSTONE ACADEMY PALM BEACH CORPORATION,345 SOUTH MILITARY TRAIL,WEST PALM BEACH,33415,Yes,Yes,Yes,No,Yes,No,,KG-12,,2026,53,osapb.org
5582,Palm Beach,OUR SACRED ACADEMY INC.,5841 CORPORATE WAY,WEST PALM BEACH,33407,Yes,Yes,Yes,No,Yes,No,,PK-12,,2025,41,oursacredacademy.org
5959,Palm Beach,OXBRIDGE ACADEMY OF THE PALM BEACHES,3151 N. MILITARY TRAIL,WEST PALM BEACH,33409,Yes,Yes,Yes,No,Yes,No,,06-12,FCIS,2025,618,oapb.org
7083,Palm Beach,PALM BEACH CHRISTIAN ACADEMY,1101 S. FLAGLER DRIVE,WEST PALM BEACH,33401,Yes,Yes,Yes,No,Yes,Yes,Baptist,PK-12,,2025,219,pbca.org
1679,Palm Beach,PALM BEACH CHRISTIAN ACADEMY LAKE PARK,625 PARK AVENUE,LAKE PARK,33403,Yes,Yes,Yes,No,Yes,Yes,Baptist,PK-08,FACCS,2025,165,pbchristianacademy.org
723,Palm Beach,"Palm Beach Christian Academy, Village",,,,No,No,No,No,Yes,Yes,Baptist,KG-07,,2026,31,gofamilychurch.org
414,Palm Beach,PALM BEACH CHRISTIAN PREPARATORY SCHOOL INC,4561 HUNTING TRAIL,LAKE WORTH,33467,Yes,Yes,Yes,No,No,Yes,Non-Denominational,07-12,,2025,40,pbcsaintsftk.org
1900,Palm Beach,PALM BEACH DAY ACADEMY INC.,241 SEAVIEW AVENUE,PALM BEACH,33480,No,No,No,No,Yes,No,,04-08,,2025,226,pbday.org
1836,Palm Beach,PALM BEACH INTERNATIONAL ACADEMY SES,4960 Conference Way NorthSuite 150,BOCA RATON,33431,Yes,Yes,Yes,No,Yes,No,,06-11,,2025,9,llac.org
3306,Palm Beach,POETIC JUSTICE PRIVATE SCHOOL,5812 WILD LUPINE CT.,WEST PALM BEACH,33415,No,No,No,No,Yes,No,,PK-04,,2025,108,commonsensefdn.com
2552,Palm Beach,POPE JOHN PAUL II HIGH SCHOOL,4001 N MILITARY TRAIL,BOCA RATON,33431,Yes,Yes,Yes,No,Yes,Yes,Catholic,09-12,COGNIA,2026,556,sjpii.net
2677,Palm Beach,POTENTIA ACADEMY,4784 MELALEUCA LANE,GREENACRES,33463,Yes,Yes,Yes,No,Yes,No,,05-12,,2026,43,potentiaacademy.org
7576,Palm Beach,PROCHILD LLC,1200 N G ST,LAKE WORTH,33460,No,No,No,No,No,Yes,Non-Denominational,,,2025,0,gmail.com
587,Palm Beach,PROJECT INFINITY GROUP LLC,2 SW 12TH AVE,BOCA RATON,33486,Yes,Yes,Yes,No,No,No,,02-12,,2025,18,projectinfinitygroup.com
7975,Palm Beach,PROVIDENCE EDUCATION GROUP LLC,395  TEQUESTA DRIVE,TEQUESTA,33469,Yes,Yes,Yes,Yes,No,No,,KG-10,COGNIA,2025,50,providence-education.org
2912,Palm Beach,RJ HENDLEY CHRISTIAN COMMUNITY SCHOOL,2800 R. J. HENDLEY AVENUE,RIVIERA BEACH,33404,Yes,Yes,Yes,No,Yes,Yes,Baptist,PK-08,,2025,93,bellsouth.net
1979,Palm Beach,ROSARIAN ACADEMY,807 N FLAGLER DRIVE,WEST PALM BEACH,33401,Yes,Yes,Yes,No,Yes,Yes,Catholic,PK-08,,2025,412,rosarian.org
1994,Palm Beach,SACRED HEART SCHOOL,410 NORTH M STREET,LAKE WORTH,33460,Yes,Yes,Yes,No,Yes,Yes,Catholic,PK-08,FCCAP,2026,206,sacredheartfamily.com
2047,Palm Beach,SAINT ANN CATHOLIC SCHOOL,324 N OLIVE AVENUE,WEST PALM BEACH,33401,Yes,Yes,Yes,No,Yes,Yes,Catholic,PK-08,FCCAP,2025,316,saswpb.org
2117,Palm Beach,SAINT JOAN OF ARC,501 SW 3RD AVENUE,BOCA RATON,33432,Yes,Yes,Yes,No,Yes,Yes,Catholic,PK-08,FCCAP,2026,498,stjoan.org
2929,Palm Beach,SAINT JUDE CATHOLIC SCHOOL,21689 TOLEDO ROAD,BOCA RATON,33433,Yes,Yes,Yes,No,Yes,Yes,Catholic,PK-08,FCCAP,2026,455,saintjudeschool.org
2147,Palm Beach,SAINT JULIANA CATHOLIC SCHOOL,4355 SOUTH OLIVE AVE,WEST PALM BEACH,33405,Yes,Yes,Yes,No,Yes,Yes,Catholic,PK-08,FCCAP,2026,418,saintjuliana.org
2162,Palm Beach,SAINT LUKE CATHOLIC,2892 S CONGRESS AVENUE,PALM SPRINGS,33461,Yes,Yes,Yes,No,Yes,Yes,Catholic,PK-08,FCCAP,2026,330,stlukepalmsprings.org
2190,Palm Beach,SAINT PAUL LUTHERAN SCHOOL,701 W PALMETTO PARK ROAD,BOCA RATON,33486,Yes,Yes,Yes,No,Yes,Yes,Lutheran,PK-08,,2026,381,stpaulboca.com
2236,Palm Beach,SAINT VINCENT FERRER,810 GEORGE BUSH BOULEVARD,DELRAY BEACH,33483,Yes,Yes,Yes,No,Yes,Yes,Catholic,PK-08,FCCAP,2025,473,stvfschool.org
8456,Palm Beach,SALT ACADEMY,21588 MAGDALENA TER,BOCA RATON,33433,Yes,Yes,Yes,No,No,No,,KG-11,COGNIA,2025,50,saltacademy.org
2268,Palm Beach,SCORE ACADEMY ONLINE,1035 S STATE ROAD 7,WELLINGTON,33076,No,No,No,No,No,No,,06-12,,2026,15,score-academy.com
4775,Palm Beach,SCORE AT THE TOP BOCA RATON,900 BROKEN SOUND PKY NW ST.100,BOCA RATON,33487,Yes,Yes,Yes,No,No,No,,03-12,COGNIA,2025,60,scoreatthetop.com
5094,Palm Beach,SCORE AT THE TOP PALM BEACH LLC,3901 DESIGN CENTER DR.,PALM BEACH GARDENS,33410,Yes,Yes,Yes,No,No,No,,03-12,COGNIA,2025,61,scoreatthetop.com
5093,Palm Beach,SCORE AT THE TOP WELLINGTON LLC,1035 S. STATE RD 7 SUITE 118,WELLINGTON,33414,Yes,Yes,Yes,No,No,No,,07-12,COGNIA,2026,18,scoreatthetop.com
4777,Palm Beach,SOMERSET ACADEMY AT AVENIR,12950 Avenir Drive,Palm Beach Gardens,33412,Yes,Yes,Yes,Yes,Yes,No,,,,2025,0,aveteaching.com
5106,Palm Beach,Somerset Virtual Academy at Canyons,9385 Boynton Beach Boulevard,Boynton Beach,33472,Yes,Yes,Yes,Yes,Yes,No,,,,2025,0,aveteaching.com
2870,Palm Beach,SPANISH RIVER CHRISTIAN,2400 YAMATO RD.,BOCA RATON,33431,Yes,Yes,Yes,No,Yes,Yes,Presbyterian,PK-08,CSF,2026,530,spanishriver.com
2078,Palm Beach,ST. CLARE CATHOLIC SCHOOL,821 PROSPERITY FARMS ROAD,NORTH PALM BEACH,33408,Yes,Yes,Yes,No,Yes,Yes,Catholic,PK-08,FCCAP,2026,418,sccsfl.org
3898,Palm Beach,ST. DAVID'S-IN-THE-PINES EPISCOPAL SCHOOL,465 W FOREST HILL BLVD,WELLINGTON,33414,Yes,Yes,Yes,No,Yes,Yes,Episcopalian,PK-02,,2025,96,stdavidsepiscopalschool.com
2858,Palm Beach,ST. MARK'S EPISCOPAL SCHOOL,3395 BURNS ROAD,PALM BEACH GARDENS,33410,Yes,Yes,Yes,No,Yes,Yes,Episcopalian,PK-08,FCIS,2025,465,stmarkspbg.org
3284,Palm Beach,SUNCOAST CHRISTIAN ACADEMY,5561 HYPOLUXO ROAD,LAKE WORTH,33463,Yes,Yes,Yes,Yes,Yes,Yes,Non-Denominational,PK-07,COGNIA,2026,111,suncoastchristianacademy.org
5274,Palm Beach,Sunflower Christian Academy,2727 Georgia Ave,West Palm Beach,33405,No,No,No,No,No,Yes,Non-Denominational,PK,,2025,16,scawpb.org
3544,Palm Beach,THE BATT SCHOOL,11981 U.S. HIGHWAY ONE,JUNO BEACH,33408,Yes,Yes,Yes,No,No,No,,PK-12,COGNIA,2025,17,battschools.org
2522,Palm Beach,THE BENJAMIN SCHOOL,11000 ELLISON WILSON ROAD,NORTH PALM BEACH,33408,Yes,Yes,Yes,No,Yes,No,,PK-08,"FCIS, COGNIA",2025,756,thebenjaminschool.org
8617,Palm Beach,THE BENJAMIN UPPER SCHOOL,4875 GRANDFLORA RD.,PALM BEACH GARDENS,33418,Yes,Yes,Yes,No,Yes,No,,09-12,,2025,504,thebenjaminschool.org
5456,Palm Beach,THE BILGRAV SCHOOL,307 EVERNIA STREET 2ND FLOOR,WEST PALM BEACH,33401,Yes,Yes,Yes,No,Yes,No,,01-08,,2025,15,bilgravschool.org
1468,Palm Beach,The Childrens's House of Wellington,,,,No,No,No,No,No,No,,PK,,2026,17,
9663,Palm Beach,THE CHOSEN ACADEMY,80 E FOUR SEASONS RD,PALM BEACH GARDENS,33410,Yes,Yes,Yes,No,Yes,Yes,Non-Denominational,KG-05,,2025,59,tcaps.org
2736,Palm Beach,THE DUO CENTER SCHOOL OF SOCIAL LEARNING,1233 45TH STREET SUITE C-1,WEST PALM BEACH,33407,Yes,Yes,Yes,No,Yes,Yes,Non-Denominational,PK-08,,2026,50,msn.com
1897,Palm Beach,THE ELITE ACADEMY OF PERFORMING ARTS,200 STERLING AVE,DELRAY BEACH,33444,No,No,No,No,Yes,Yes,Non-Denominational,03-04,,2026,4,gmail.com
8208,Palm Beach,THE FOUNDATIONS SCHOOL,2400 METROCENTRE BLVD,WEST PALM BEACH,33407,Yes,Yes,Yes,No,Yes,No,,KG-05,,2025,70,cceflorida.org
8938,Palm Beach,THE GREENE SCHOOL,2001 S DIXIE HWY,WEST PALM BCH,33401,Yes,Yes,Yes,Yes,Yes,No,,PK-12,"FCIS, COGNIA",2026,275,thegreeneschool.com
9390,Palm Beach,THE HARVEY ACADEMY,165 CITADEL CIRCLE,JUPITER,33458,Yes,Yes,Yes,No,No,No,,KG-12,FCIS,2026,89,theharveyacademy.com
1656,Palm Beach,THE KING'S ACADEMY,8401 BELVEDERE ROAD,WEST PALM BEACH,33411,Yes,Yes,Yes,No,Yes,Yes,Non-Denominational,PK-12,"ACSI, COGNIA",2026,1870,tka.net
4463,Palm Beach,THE LEARNING FOUNDATION OF FLORIDA,507 ROYAL PALM BEACH BLVD.,ROYAL PALM BEACH,33411,Yes,Yes,Yes,No,No,No,,07-12,,2025,13,gmail.com
5146,Palm Beach,THE OPEN DOORWAY INC,1480 SOUTH MILITARY TRAIL,WEST PALM BEACH,33415,Yes,Yes,Yes,Yes,No,No,,01-12,,2025,32,gmail.com
3322,Palm Beach,THE SHEPHERD'S SCHOOL,1800 BACOM POINT ROAD,PAHOKEE,33476,Yes,Yes,Yes,No,Yes,Yes,Pentecostal,PK-12,CGACS,2025,81,shepherdsschool.org
1465,Palm Beach,THE SPORTS ACADEMY OF WELLINGTON LLC,3730 PELICAN BAY COURT,WELLINGTON,33414,Yes,Yes,Yes,Yes,No,No,,06-12,,2025,112,gmail.com
485,Palm Beach,THE WEISS SCHOOL,4176 BURNS ROAD,PALM BEACH GARDENS,33410,Yes,Yes,Yes,No,Yes,No,,PK-09,"FCIS, COGNIA",2026,383,weissschool.org
7278,Palm Beach,TIME 2 WIN ACADEMY,P.O. BOX 11561,WEST PALM BEACH,33419,Yes,Yes,Yes,No,Yes,No,,KG-01,,2025,5,yahoo.com
4007,Palm Beach,TORAH ACADEMY OF BOCA RATON,447 NW SPANISH RIVER BLVD.,BOCA RATON,33431,Yes,Yes,Yes,No,Yes,Yes,Jewish,PK-08,COGNIA,2025,769,torahacademybr.org
9685,Palm Beach,TORAH LEARNING CENTER,7957 N UNIVERSITY DR,PARKLAND,33067,No,No,No,No,Yes,Yes,Jewish,PK-KG,,2025,4,gmail.com
8096,Palm Beach,TORAH TOTS ACADEMY INC.,17950 MILITARY TRAIL,BOCA RATON,33496,Yes,Yes,Yes,No,Yes,Yes,Jewish,PK-06,,2025,121,halperintorahtots.com
8966,Palm Beach,TREE TOP ACADEMY,6769 CHURCH STREET,JUPITER,33458,Yes,Yes,Yes,Yes,No,No,,,COGNIA,2026,0,treetopacademy.com
2587,Palm Beach,TRIKELE US,11396 SEA GRASS CIRCLE,BOCA RATON FL.,33498,No,No,No,No,No,No,,,,2025,0,trikele.us
2338,Palm Beach,TRINITY CHRISTIAN SCHOOL OF P.B GARDENS,9625 N MILITARY TRAIL,PALM BEACH GARDENS,33410,Yes,Yes,Yes,No,Yes,Yes,Non-Denominational,PK-08,ACSI,2026,299,tcspbg.org
2326,Palm Beach,TRINITY LUTHERAN SCHOOL,400 N SWINTON AVENUE,DELRAY BEACH,33444,Yes,Yes,Yes,No,Yes,Yes,Lutheran,PK-08,FLGA-LCMS,2025,398,trinitydelray.org
4645,Palm Beach,TURTLE RIVER MONTESSORI SCHOOL,926 MAPLEWOOD DRIVE,JUPITER,33458,Yes,Yes,Yes,No,No,No,,PK-08,AISF,2026,171,turtlerivermontessori.com
1485,Palm Beach,TURTLE RIVER MONTESSORI SCHOOL EAST,740 W INDIANTOWN ROAD,JUPITER,33458,Yes,Yes,Yes,No,No,No,,PK-KG,,2025,126,turtlerivermontessori.com
3852,Palm Beach,UNITY SCHOOL,101 NW 22ND STREET,DELRAY BEACH,33444,Yes,Yes,Yes,No,Yes,Yes,Non-Denominational,PK-08,FCIS,2025,435,unityschool.com
9827,Palm Beach,UPPER ECHELON ACADEMY,3585 CABBAGE PALM WAY,LOXAHATCHEE,,No,No,No,No,No,No,,04-12,,2025,39,upperechelonacademy.com
6525,Palm Beach,WALDORF SCHOOL OF PALM BEACH,2450 NW 5TH AVE,BOCA RATON,33431,Yes,Yes,Yes,No,Yes,No,,PK-10,,2025,159,waldorfschoolpalmbeach.org
7660,Palm Beach,WELLINGTON COLLEGIATE ACADEMY,12794 FOREST HILL BLVD 14B,WELLINGTON,33414,Yes,Yes,Yes,No,No,No,,KG-09,,2025,105,gowca.org
6198,Palm Beach,WELLINGTON PREPARATORY SCHOOL,9135 LAKE WORTH ROAD,LAKE WORTH,33467,Yes,Yes,Yes,No,No,No,,KG-05,COGNIA,2025,114,wellingtonprep.org
3690,Palm Beach,WEST PALM BEACH JUNIOR ACADEMY,6300 SUMMIT BLVD.,WEST PALM BEACH,33415,Yes,Yes,Yes,Yes,Yes,Yes,Seventh Day Adventist,PK-08,,2025,153,flcoe.org
7533,Palm Beach,XCEED PREP BOCA,2234 N. FEDERAL HIGHWAY 509,BOCA RATON,33431,Yes,Yes,Yes,No,No,No,,06-12,COGNIA,2025,19,xceedprep.org
7458,Palm Beach,YESHIVA TIFERES TORAH OF BOCA RATON,7200 PALMETTO CIRCLE N,BOCA RATON,33433,Yes,Yes,Yes,No,Yes,Yes,Jewish,09-12,COGNIA,2025,82,ttboca.org
2307,Palm Beach,YESHIVAS LEV SIMCHA,21065 POWERLINE RD.,BOCA RATON,33433,No,No,No,No,Yes,Yes,Jewish,09-12,,2025,42,ylsboca.org
9673,Palm Beach,ZEENETE CHRISTIAN PREPARATORY SCHOOL,1823 NORTH J STREET,LAKE WORTH BEACH,33460,No,No,No,No,Yes,Yes,Non-Denominational,,,2025,0,zprep.org
8659,Palm Beach,ZUCKER JEWISH ACADEMY OF BOCA RATON LLC,8411 W Palmetto Park Road,Boca Raton,33433,Yes,Yes,Yes,No,Yes,Yes,Jewish,PK-05,,2025,51,zjaboca.org
9632,Pasco,ABOVE REPROACH ACADEMY,13215 BRUTUS DR.,HUDSON,34667,No,No,No,No,No,Yes,Not Applicable,03-12,,2025,46,abovereproachacademy.com
1429,Pasco,ACADEMY AT THE LAKES,2331 COLLIER PARKWAY,LAND O LAKES,34639,Yes,Yes,Yes,No,Yes,No,,PK-12,COGNIA,2025,577,academyatthelakes.org
1570,Pasco,ACADEMY OF GLOBAL EDUCATION SHKOLA,1406 Southridge drive,Clearwater,33756,No,No,No,No,No,No,,,,2025,0,gmail.com
1530,Pasco,ACADEMY ON THE HORIZON,6915 SHADY ACRES BLVD,NEW PORT RICHEY,34653,No,No,No,No,Yes,Yes,Non-Denominational,,,2025,0,aol.com
486,Pasco,ADVENTIST CHRISTIAN ACADEMY,4416 THYS ROAD,NEW PORT RICHEY,34653,Yes,Yes,Yes,No,Yes,Yes,Seventh Day Adventist,KG-12,,2025,58,flcoe.org
5246,Pasco,All Kids Academy,1910 Livingston Road,Lutz,33559,Yes,Yes,Yes,No,No,No,,KG,,2026,5,allkidsacademy.net
7323,Pasco,AMERICAN COLLEGIATE ACADEMY LLC,6515 LIVE WELL LANE,ZEPHYRHILLS,33541,Yes,Yes,Yes,Yes,No,No,,KG-12,COGNIA,2025,83,americancollegiate.us
2703,Pasco,ANGELINE COUNTRY DAY SCHOOL,11575 ANGELINE PL,LAND O LAKES,34638,Yes,Yes,Yes,No,No,No,,PK-05,COGNIA,2026,84,angelinecountryday.org
7933,Pasco,Balboa Sports Academy,,,,No,No,No,No,No,No,,,,2025,0,gmail.com
7555,Pasco,BEACON CHRISTIAN ACADEMY,9025 STAR TRAIL,NEW PORT RICHEY,34654,Yes,Yes,Yes,No,Yes,Yes,Other,KG-07,CGACS,2025,50,beaconchurch.org
674,Pasco,BISHOP LARKIN CATHOLIC SCHOOL,8408 MONARCH DRIVE,PORT RICHEY,34668,Yes,Yes,Yes,No,Yes,Yes,Catholic,PK-08,FCCAP,2025,306,bishoplarkin.org
4262,Pasco,BISHOP MCLAUGHLIN CATHOLIC HIGH SCHOOL,13651 HAYS ROAD,SPRING HILL,34610,Yes,Yes,Yes,No,Yes,Yes,Catholic,09-12,COGNIA,2025,429,bmchs.com
9701,Pasco,BLAZING STARS MONTESSORI SCHOOL,12212 FORT KING RD,DADE CITY,33525,Yes,Yes,Yes,Yes,Yes,No,,PK-04,,2026,27,blazingstarsmontessori.org
3465,Pasco,CENTER ACADEMY-LUTZ,1520 LAND O'LAKES BLVD. STE.D,LUTZ,33549,Yes,Yes,Yes,No,No,No,,05-12,COGNIA,2025,94,centeracademy.com
8804,Pasco,CES ACADEMY,39735 CHANCEY ROAD,ZEPHYRHILLS,33542,Yes,Yes,Yes,No,Yes,Yes,Non-Denominational,KG-07,COGNIA,2026,104,cesacademy.net
4945,Pasco,CES ACADEMY,5353 5TH STREET,ZEPHYRHILLS,33542,Yes,Yes,Yes,No,Yes,Yes,Non-Denominational,06-12,COGNIA,2026,143,cesacademy.net
7776,Pasco,CHRISTIAN CROSSINGS ACADEMY,1840 CROSSINGS BLVD,ODESSA,33556,Yes,Yes,Yes,No,No,Yes,Non-Denominational,KG-12,COGNIA,2025,167,christiancrossings.com
6971,Pasco,CHRISTIAN LIFE ACADEMY,PO BOX 12188,BROOKSVILLE,34603,Yes,Yes,Yes,No,Yes,Yes,Non-Denominational,,,2025,0,outlook.com
6152,Pasco,Collegiate Academy of Florida LLC,P.O. Box 152,New Port Richey,34642,No,No,No,No,No,No,,,,2025,0,christiancollegiate.org
1195,Pasco,EAST PASCO ADVENTIST ACADEMY,38434 CENTENNIAL ROAD,DADE CITY,33525,Yes,Yes,Yes,No,Yes,Yes,Seventh Day Adventist,PK-09,,2025,95,flcoe.org
8761,Pasco,EDISON PRIVATE SCHOOL WC,5844 PINE HILL RD,PORT RICHEY,34668,Yes,Yes,Yes,No,No,No,,PK-08,,2025,81,gmail.com
2788,Pasco,EINSTEIN LEARNING SCHOOL,35229 Pure Water Way,ZEPHYRHILLS,33541,Yes,Yes,Yes,No,No,No,,PK-KG,,2026,21,gmail.com
1159,Pasco,ELFERS CHRISTIAN SCHOOL,5630 OLYMPIA STREET,NEW PORT RICHEY,34652,Yes,Yes,Yes,No,Yes,Yes,Baptist,KG-12,FACCS,2026,219,elferschristianschool.org
7487,Pasco,ESTHER'S SCHOOL INC-HUDSON,7922 STATE ROAD 52,HUDSON,34667,Yes,Yes,Yes,No,Yes,Yes,Non-Denominational,KG-12,,2025,79,estherschool.net
8709,Pasco,ESTHER'S SCHOOL NEW PORT RICHEY,5718 GRAND BLVD,NEW PORT RICHEY,34652,Yes,Yes,Yes,No,Yes,Yes,Non-Denominational,KG-12,FLOCS,2025,92,estherschool.net
6232,Pasco,FAITH BAPTIST ACADEMY,6300 OAKLEY BLVD,WESLEY CHAPEL,33544,Yes,Yes,Yes,Yes,Yes,Yes,Baptist,PK-08,,2026,146,faithbaptistofwc.org
3128,Pasco,FIRST CHRISTIAN ACADEMY,6800 TROUBLE CREEK RD.,NEW PORT RICHEY,34653,Yes,Yes,Yes,No,Yes,Yes,Non-Denominational,PK-08,,2026,433,firstchristianacademy.com
8623,Pasco,FLORIDA ACADEMY OF EXCELLENCE INC.,PO BOX 1054,NEW PORT RICHEY,34656,No,No,No,No,No,No,Non-Denominational,,,2025,0,floridaacademyofexcellence.org
5999,Pasco,GARDEN MONTESSORI SCHOOL,6845 BOYETTE ROAD,WESLEY CHAPEL,33545,Yes,Yes,Yes,No,No,No,,PK-KG,NIPSA,2025,64,gardenmontessorischool.org
7094,Pasco,GENERATIONS CHRISTIAN ACADEMY,1540 LITTLE ROAD,NEW PORT RICHEY,34655,Yes,Yes,Yes,No,Yes,Yes,Non-Denominational,PK-09,,2025,346,gca-trinity.com
2048,Pasco,GENESIS PREPARATORY SCHOOL OF FLORIDA,8100 MITCHELL RANCH ROAD,NEW PORT RICHEY,34655,Yes,Yes,Yes,No,Yes,No,,PK-12,COGNIA,2025,211,genesiselementary.com
8807,Pasco,GODDARD SCHOOL,2539 BRUCE B DOWNS BLVD,WESLEY CHAPEL,33544,Yes,Yes,Yes,No,No,No,,PK-KG,,2025,43,goddardschools.com
1886,Pasco,GRACE CHRISTIAN SCHOOLS OF PASCO,9403 SCOT STREET,HUDSON,34669,Yes,Yes,Yes,No,Yes,Yes,Non-Denominational,KG-12,,2026,149,gcspasco.org
3334,Pasco,HERITAGE ACADEMY,35636 PURE WATER WAY,ZEPHYRHILLS,33541,Yes,Yes,Yes,No,Yes,Yes,Non-Denominational,KG-08,FLOCS,2026,152,oasisworldoutreach.org
9825,Pasco,HOPE FOR TOMORROW CAMPUS,17933 EAST ROAD,HUDSON,34667,Yes,Yes,Yes,No,Yes,Yes,Non-Denominational,09-12,,2025,33,hopeyouthranch.org
4678,Pasco,HOPE RANCH LEARNING ACADEMY,17933 EAST ROAD,HUDSON,34667,Yes,Yes,Yes,No,Yes,Yes,Non-Denominational,KG-11,,2025,84,hopeyouthranch.org
8276,Pasco,HOPE RANCH LEARNING ACADEMY-LIVING HOPE,17933 EAST ROAD,HUDSON,34667,Yes,Yes,Yes,No,Yes,Yes,Non-Denominational,06-12,FLOCS,2025,109,hopeyouthranch.org
7157,Pasco,KIDS' STUFF PRESCHOOL AND KINDERGARTEN,21360 LAKE FLOYD DRIVE,LUTZ,33549,Yes,Yes,Yes,No,No,No,,PK-04,,2025,39,verizon.net
1933,Pasco,LAND O' LAKES CHRISTIAN SCHOOL,5105 SCHOOL ROAD,LAND O' LAKES,34639,No,No,No,No,Yes,Yes,Baptist,PK-12,COGNIA,2026,546,fbclol.org
5638,Pasco,Lighthouse Community School,7107 Boyette Road,Wesley Chapel,33545,Yes,Yes,Yes,No,Yes,Yes,Non-Denominational,PK-03,,2025,126,gmail.com
4958,Pasco,LITTLE PEOPLES CHRISTIAN DAYCARE/ ACADEMY,6215 W ABBOTT STATION DR 102,ZEPHYRHILLS,33542,Yes,Yes,Yes,No,No,Yes,Non-Denominational,03-10,,2025,12,yahoo.com
1346,Pasco,LOLA ACADEMY INC,10911 FOX WOOD COMMERCE DR,NEW PORT RICHEY,34655,No,No,No,No,No,No,,,,2025,0,lolaacademyfl.com
145,Pasco,LUMINARY ACADEMY,13424 FORT KING ROAD,DADE CITY,33525,No,No,No,No,No,No,,KG-09,,2025,19,lt-pge.com
4042,Pasco,MILLENNIUM ACADEMY,10005 RIDGE RD.,NEW PORT RICHEY,34654,Yes,Yes,Yes,Yes,No,No,,KG-12,COGNIA,2025,52,mac.com
9183,Pasco,MIRACLES SCHOOLS,10005 Ridge Road,NEW PORT RICHEY,34654,Yes,Yes,Yes,No,Yes,No,,04-12,,2025,8,gmail.com
6469,Pasco,NEST HOCKEY ACADEMY,9175 MCKENDREE ROAD,WESLEY CHAPEL,33545,Yes,Yes,Yes,Yes,No,Yes,Non-Denominational,06-12,CSF,2026,101,nested.live
2163,Pasco,NEW BEGINNINGS BAPTIST ACADEMY,5940 MASSACHUSETTS AVE.,NEW PORT RICHEY,34652,Yes,Yes,Yes,No,Yes,Yes,Baptist,KG-12,,2026,19,gmail.com
9394,Pasco,NEW LEAPS ACADEMY II,26240 GOLDEN MAPLE LOOP UNIT 1,WESLEY CHAPEL,33544,Yes,Yes,Yes,Yes,Yes,No,,KG-12,,2025,21,gmail.com
3933,Pasco,NORTH TAMPA,29910 FL-56,WESLEY CHAPEL,33543,No,No,No,No,No,No,,,,2025,0,northtampabehavioralhealth.com
3122,Pasco,PRODIGY ACADEMY AT EPPERSON,7772 AVERY SCOPE VIEW,WESLEY CHAPEL,33545,Yes,Yes,Yes,No,No,No,,PK-02,COGNIA,2026,73,prodigylearn.com
4084,Pasco,PURPOSE PRIVATE CHRISTIAN ACADEMIES INC.,P.O. BOX 48373,TAMPA,33646,No,No,No,No,Yes,Yes,Non-Denominational,,,2025,0,gmail.com
4663,Pasco,RECONNECTIONS EDUCATION CENTER,2107 GUNN HWY,ODESSA,33556,Yes,Yes,Yes,No,Yes,No,,PK-12,,2025,31,reconnectionseducation.org
2148,Pasco,SADDLEBROOK PREPARATORY SCHOOL,5700 SADDLEBROOK WAY,WESLEY CHAPEL,33543,No,No,No,No,No,No,,04-12,COGNIA,2026,40,saddlebrook.com
1233,Pasco,SAINT ANTHONY CATHOLIC SCHOOL,12155 JOE HERRMANN DRIVE,SAN ANTONIO,33576,Yes,Yes,Yes,No,Yes,Yes,Catholic,PK-08,FCCAP,2025,276,sacsfl.org
2744,Pasco,SARAH BEE BILINGUAL ACADEMY,5405 WATER ST,NEW PORT RICHEY,34652,Yes,Yes,Yes,No,No,No,,KG,,2025,18,sarahbeeacademy.com
5370,Pasco,"Shining Star Christian Schools, Inc.",14236 County Line Road,Hudson,34667,No,No,No,No,Yes,Yes,Non-Denominational,,,2025,0,shiningstarschools.org
5740,Pasco,"ST. Clement Orthodox Christian Academy, INC",6140 PERRINE RANCH RD,NEW PORT RICHEY,34655,Yes,Yes,Yes,No,Yes,Yes,Other,KG-08,,2025,74,stclementnpr.org
7286,Pasco,THE ACADEMYOFSPECTRUMDIVERSITY FIRST STREET,P.O.BOX 1679,ZEPHYRHILLS,33539,Yes,Yes,Yes,No,Yes,Yes,Non-Denominational,KG-12,,2025,58,myasdacademy.org
6039,Pasco,The Bexley Montessori School,17600 Brighton Lake Rd,Land O Lakes,34638,Yes,Yes,Yes,No,No,No,,PK-KG,,2025,16,bexleymontessori.com
94,Pasco,The Mill Academy LLC,9131 Sanders Tree Loop,WESLEY CHAPEL,33545,No,No,No,No,No,No,,01-12,,2026,14,mill-academy.com
1947,Pasco,THE RAINBOW TREE CHRISTIAN SCHOOL,3852 PRIME PLACE,NEW PORT RICHEY,34653,Yes,Yes,Yes,No,Yes,Yes,Multi/ Inter/ Trans-Denominational,KG-08,,2025,81,msn.com
8379,Pasco,THE WESLEY CHAPEL MONTESSORI SCHOOL,5401 POST OAK BLVD,WESLEY CHAPEL,33544,Yes,Yes,Yes,No,No,No,,PK-KG,,2025,14,gmail.com
7370,Pasco,THRIVE ACADEMY,6936 MEDICAL VIEW LANE,ZEPHYRHILLS,33542,Yes,Yes,Yes,No,No,No,,KG-06,,2025,26,thriveacademyedu.org
803,Pasco,TORCHBEARERS' CHRISTIAN ACADEMY,12747 HAPPY HILL RD.,DADE CITY,33525,Yes,Yes,Yes,No,Yes,Yes,Non-Denominational,KG-12,,2025,81,aol.com
1648,Pasco,TRANSFORMATION THROUGH EDUCATION FOUNDATION,23446 LINKS DR.,BROOKSVILLE,34601,Yes,Yes,Yes,Yes,Yes,No,,,,2025,0,icloud.com
6855,Pasco,TRINITY COLLEGIATE HIGH SCHOOL,2430 Welbilt Blvd,Trinity,34655,No,No,No,No,Yes,Yes,Non-Denominational,,,2025,0,tchs.cc
2050,Pasco,TRINITY MONTESSORI SCHOOL,18731 CHOPIN DR,LUTZ,33558,Yes,Yes,Yes,No,No,No,,PK-KG,,2026,42,trinityoaksmontessori.com
8409,Pasco,VICTORY HIGH SCHOOL,P.O. BOX 4009,HOLIDAY,34692,Yes,Yes,Yes,No,Yes,No,,09-12,,2025,16,gmail.com
8193,Pasco,WEB OF WISDOM,5238 MILE STRETCH DRIVE,HOLIDAY,34690,Yes,Yes,Yes,No,No,No,,06-12,COGNIA,2025,75,gmail.com
6293,Pasco,"West Wing Academy, LLC",37511 Church Avenue,Dade City,33525,No,No,No,No,No,No,,,,2025,0,gmail.com
9456,Pasco,WORLD OF KNOWLEDGE,1935 ABACUS ROAD,HOLIDAY,34690,Yes,Yes,Yes,No,No,No,,KG-05,,2025,84,wowschools.org
4168,Pasco,ZEPHYRHILLS CHRISTIAN ACADEMY,34927 EILAND BLVD,ZEPHYRHILLS,33541,Yes,Yes,Yes,No,Yes,Yes,Baptist,KG-12,COGNIA,2025,393,zcawarriors.org
3054,Pinellas,ACADEMY PREP CENTER OF ST. PETERSBURG,2301 22ND AVENUE SOUTH,ST. PETERSBURG,33712,Yes,Yes,Yes,No,Yes,No,,05-08,FCIS,2026,144,academyprep.org
5789,Pinellas,ACRES OF FUN CHILD CARE CENTER INC.,6262 62 AVE N,PINELLAS PARK,33781,Yes,Yes,Yes,No,Yes,No,,01-05,,2025,18,gmail.com
7753,Pinellas,ACTON ACADEMY PALM HARBOR,1588 E. KLOSTERMAN ROAD,PALM HARBOR,34684,Yes,Yes,Yes,No,No,No,,PK-11,,2025,91,actonacademyph.com
1658,Pinellas,ADMIRAL FARRAGUT ACADEMY,501 PARK ST. NORTH,SAINT PETERSBURG,33710,Yes,Yes,Yes,No,Yes,No,,KG-12,COGNIA,2025,373,farragut.org
4114,Pinellas,ALEGRIA MONTESSORI SCHOOL INC.,5995 DR. MLK ST. S,ST. PETERSBURG,33705,Yes,Yes,Yes,No,Yes,No,,PK-KG,,2025,17,alegriamontessori.com
8316,Pinellas,ALEGRIA MONTESSORI SCHOOL INC.,3200 58TH AVE S.,ST. PETERSBURG,33712,Yes,Yes,Yes,No,Yes,No,,01-08,,2025,35,alegriamontessori.com
7513,Pinellas,ALFRED ADLER SCHOOL,4515 38TH AVENUE NORTH,ST PETERSBURG,33713,Yes,Yes,Yes,No,Yes,No,,KG-08,,2025,45,gmail.com
3109,Pinellas,"ALLENDALE ACADEMY PRIVATE SCHOOL, INC.","2655 ULMERTON ROAD, SUITE 402",CLEARWATER,33762,No,No,No,No,No,No,,KG-12,,2025,223,allendaleacademy.com
9839,Pinellas,ALT ED ACADEMY,7901 4TH ST N STE 4000,ST PETERSBURG,33702,No,No,No,No,Yes,No,,,,2025,0,altedacademy.com
1579,Pinellas,AMBLESIDE SCHOOL OF FAITH CHURCH,11501 WALKER AVE,SEMINOLE,33772,Yes,Yes,Yes,No,Yes,Yes,Presbyterian,,,2025,0,faithseminole.org
9280,Pinellas,ARQAM'S ACADEMY,2401 5TH STREET SOUTH,ST PETERSBURG,33705,Yes,Yes,Yes,No,Yes,Yes,Islamic/Muslim,PK-12,,2025,82,arqamsacademy.org
2524,Pinellas,AUTISM INSPIRED ACADEMY,11225 US HWY 19 N,CLEARWATER,33764,Yes,Yes,Yes,No,Yes,No,,KG-12,FCIS,2025,128,autisminspired.org
2265,Pinellas,BAY PINES LUTHERAN SCHOOL,7589 113TH LANE NORTH,SEMINOLE,33772,Yes,Yes,Yes,No,Yes,Yes,Lutheran,PK-08,WELSSA,2025,60,baypineslutheran.com
9552,Pinellas,BECAUSE YOU CAN LEARN,50 78TH AVENUE,TREASURE ISLAND,33706,Yes,Yes,Yes,No,No,No,,PK-02,,2025,9,becauseyoucanllc.com
4229,Pinellas,BETHEL COMMUNITY CHRISTIAN SCHOOL,2901 54TH AVENUE SOUTH,ST. PETERSBURG,33712,Yes,Yes,Yes,No,Yes,Yes,Baptist,KG-11,,2025,53,gmail.com
1474,Pinellas,BLESSED SACRAMENT CATHOLIC SCHOOL,11501 66TH AVENUE N.,SEMINOLE,33772,Yes,Yes,Yes,No,Yes,Yes,Catholic,PK-08,FCCAP,2026,326,bscschool.com
7912,Pinellas,BLI Community School Clearwater,10300 49th Street N. #300,Clearwater,33762,Yes,Yes,Yes,No,Yes,No,,,,2025,0,blilearning.org
4533,Pinellas,BLI COMMUNITY SCHOOL TARPON SPRINGS.,10300 49th Street N #103,Clearwater,33762,Yes,Yes,Yes,No,Yes,No,,01-08,,2025,8,blilearning.org
806,Pinellas,BLI LEARNING LABS,7790 61ST STREET,PINELLAS PARK,33781,Yes,Yes,Yes,No,Yes,No,,KG-10,,2025,39,blilearning.org
4158,Pinellas,BLOSSOM MONTESSORI SCHOOL FOR THE DEAF,14088 ICOT BOULEVARD,CLEARWATER,33760,Yes,Yes,Yes,No,Yes,No,,PK-03,,2025,13,blossomschool.org
9128,Pinellas,BUTTERFLY VILLAGE KIDS COLLEGE,4642 NEPTUNE DRIVE S.E.,Saint Petersburg,33705,No,No,No,No,No,No,,,,2025,0,mail.com
6062,Pinellas,C T K CHRISTIAN SCHOOL,11220 OAKHURST ROAD,LARGO,33774,Yes,Yes,Yes,No,Yes,Yes,Lutheran,PK-02,,2025,22,ctklc.org
3323,Pinellas,CALVARY CHRISTIAN HIGH SCHOOL,110 NORTH MCMULLEN BOOTH ROAD,CLEARWATER,33759,Yes,Yes,Yes,No,Yes,Yes,Non-Denominational,09-12,COGNIA,2026,905,cchs.us
4897,Pinellas,CAMPUS OF THINGS USA,200 E ROBINSON STREET,ORLANDO,32801,No,No,No,No,No,No,,,,2025,0,campusofthings.com
9136,Pinellas,CANGUROS,1901 62ND AVE SOUTH,ST PETERSBURG,33712,Yes,Yes,Yes,Yes,Yes,No,,PK-02,,2025,10,canguros.org
1267,Pinellas,CANTERBURY SCHOOL OF FLORIDA INC.,990 62ND AVENUE NE,SAINT PETERSBURG,33702,Yes,Yes,Yes,No,Yes,Yes,Episcopalian,PK-12,FCIS,2026,455,canterburyflorida.org
2612,Pinellas,CENTER ACADEMY-PALM HARBOR,34054 US HWY 19 N.,PALM HARBOR,34684,Yes,Yes,Yes,No,No,No,,04-12,COGNIA,2025,64,centeracademy.com
1887,Pinellas,CENTER ACADEMY-PINELLAS PARK,6710 86TH AVENUE NORTH,PINELLAS PARK,33782,Yes,Yes,Yes,No,No,No,,04-12,COGNIA,2025,61,centeracademy.com
7137,Pinellas,CENTER FOR ACADEMIC EXCELLENCE,13275 116TH LN,ST PETERSBURG,33701,Yes,Yes,Yes,No,Yes,No,,02-11,,2025,10,therocketschool.org
3464,Pinellas,CES ACADEMY,5175 45TH ST. N,SAINT PETERSBURG,33714,Yes,Yes,Yes,No,Yes,Yes,Church of God,KG-12,COGNIA,2026,111,cesacademy.net
6534,Pinellas,CHRISTIAN WAY ACADEMY,487 MANISHA PLACE,TARPON SPRINGS,34688,Yes,Yes,Yes,No,No,Yes,Non-Denominational,PK-02,,2025,30,gmail.com
4744,Pinellas,CLASSICAL CHRISTIAN SCHOOL FOR THE ARTS INC.,P. O. BOX 1455,PINELLAS PARK,33780,Yes,Yes,Yes,No,Yes,Yes,Non-Denominational,KG-12,,2025,232,gmail.com
2339,Pinellas,CLEARWATER ACADEMY INTERNATIONAL INC.,801 DREW STREET,CLEARWATER,33755,Yes,Yes,Yes,No,Yes,No,,PK-12,,2025,323,clearwateracademy.org
3326,Pinellas,CLEARWATER CENTRAL CATHOLIC HIGH SCHOOL,2750 HAINES BAYSHORE ROAD,CLEARWATER,33760,Yes,Yes,Yes,No,Yes,Yes,Catholic,09-12,COGNIA,2026,578,ccchs.org
8458,Pinellas,COMMUNITY CHRISTIAN ACADEMY,6565 78TH AVENUE NORTH,PINELLAS PARK,33781,Yes,Yes,Yes,No,Yes,No,,KG-12,,2026,150,gmail.com
3822,Pinellas,COMMUNITY CHRISTIAN SCHOOL OF FIVE OAKS,7900 22ND AVE. N,SAINT PETERSBURG,33710,Yes,Yes,Yes,No,Yes,Yes,Non-Denominational,KG-12,,2026,26,aol.com
8605,Pinellas,COMMUNITY LEARNING CENTER ACADEMY,1411 N FT HARRISON AVE,CLEARWATER,33755,Yes,Yes,Yes,No,Yes,No,,KG-08,,2026,85,clcacademics.com
4956,Pinellas,COUNTRY DAY SCHOOL,11499 131ST ST. N.,LARGO,33774,Yes,Yes,Yes,No,No,No,,PK-08,FCIS,2025,264,countrydaylargo.com
4245,Pinellas,COUNTRYSIDE CHRISTIAN ACADEMY,1850 MCMULLEN BOOTH ROAD,CLEARWATER,33759,Yes,Yes,Yes,No,Yes,Yes,Non-Denominational,KG-08,ACSI,2026,319,countryside.cc
4166,Pinellas,COUNTRYSIDE CHRISTIAN CENTER-DUNEDIN CAMPUS,317 MILWAUKEE AVE.,DUNEDIN,34698,Yes,Yes,Yes,No,Yes,Yes,Non-Denominational,PK-03,,2026,21,countryside.cc
7976,Pinellas,COVENANT ACADEMY,7711 CUMBERLAND RD.,SEMINOLE,33777,Yes,Yes,Yes,Yes,Yes,Yes,Non-Denominational,KG-10,,2025,128,gmail.com
2280,Pinellas,CREATIVE LEARNING CENTER,4970 82ND AVENUE NORTH,PINELLAS PARK,33781,Yes,Yes,Yes,No,No,No,,KG-05,,2026,26,gmail.com
5686,Pinellas,CREATIVE PLAY CHILDREN'S LEARNING CENTER,7685 66TH ST N,PINELLAS PARK,33781,Yes,Yes,Yes,No,Yes,No,,PK-01,,2025,42,creativeplay.school
2824,Pinellas,DELORES M SMITH ACADEMY INC.,4611 CATALONIA WAY SOUTH,ST PETERSBURG,33712,No,No,No,No,Yes,No,,PK-03,,2025,17,gmail.com
1758,Pinellas,DELPHI ACADEMY OF FLORIDA,1831 DREW STREET,CLEARWATER,33765,Yes,Yes,Yes,No,Yes,No,,PK-12,,2025,279,delphifl.org
2327,Pinellas,DEPAUL SCHOOL FOR DYSLEXIA INC.,2747 SUNSET POINT ROAD,CLEARWATER,33759,Yes,Yes,Yes,No,Yes,No,,05-08,FCIS,2025,51,thedepaulschool.org
1706,Pinellas,DUNEDIN ACADEMY,1408 COUNTY ROAD ONE,DUNEDIN,34698,Yes,Yes,Yes,Yes,No,Yes,Non-Denominational,PK-12,,2025,105,gmail.com
9582,Pinellas,ECKERD CONNECTS ACADEMY,100 STARCREST DRIVE,CLEARWATER,33765,No,No,No,No,Yes,No,,,,2025,0,eckerd.org
1378,Pinellas,EDGEWATER PREPARATORY ACADEMY,6085 Park Boulevard,Pinellas Park,33781,Yes,Yes,Yes,No,No,Yes,Non-Denominational,KG-11,,2025,46,gmail.com
3811,Pinellas,EDUCATION COACHING SERVICES,5812 150th Ave N,Clearwater,33760,Yes,Yes,Yes,Yes,No,No,,KG-12,,2026,46,educationcoachingservices.com
2967,Pinellas,Empowered Preparatory School,14088 ICOT BLVD,CLEARWATER,33760,Yes,Yes,Yes,No,No,No,,05-11,,2025,11,empoweredprep.us
4217,Pinellas,ESPIRITU SANTO CATHOLIC SCHOOL,2405-A PHILIPPE PARKWAY,SAFETY HARBOR,34695,Yes,Yes,Yes,No,Yes,Yes,Catholic,PK-08,FCCAP,2025,465,escschool.org
4752,Pinellas,ESTHER'S SCHOOL INC.-PINELLAS PARK,4400 70TH AVE. N.,PINELLAS PARK,33781,Yes,Yes,Yes,No,Yes,Yes,Non-Denominational,KG-11,FLOCS,2025,22,estherschool.net
9512,Pinellas,EVERY KID'S A GENIUS,900 N. OSCEOLA AVE,CLEARWATER,33755,Yes,Yes,Yes,No,Yes,No,,KG,,2026,1,everykidsagenius.com
3262,Pinellas,EXCELLERATED TEACHING ACADEMY,1900 GANDY BLVD 200,ST. PETERSBURG,33702,Yes,Yes,Yes,No,Yes,No,,KG-12,,2025,29,etaschool.com
8802,Pinellas,FIREFLIES ACADEMY,1268 CLAYS TRL,OLDSMAR,34677,No,No,No,No,No,No,,01-09,,2026,7,firefliesacademy.us
1965,Pinellas,FIRST LUTHERAN SCHOOL,1644 NURSERY ROAD,CLEARWATER,33756,Yes,Yes,Yes,No,Yes,Yes,Lutheran,PK-08,,2026,105,flcclearwater.org
5287,Pinellas,FIRST STUDENT ACADEMY,611 Druid RoadSuite 714,Clearwater,33756,No,No,No,No,No,No,,,,2025,0,firststudentacademy.com
9557,Pinellas,GEA INTERNATIONAL SCHOOL CORPORATION,7901 4TH ST N STE 300,ST PETERSBURG,33702,No,No,No,No,Yes,No,,05-12,,2025,58,gmail.com
7493,Pinellas,GENESIS CHRISTIAN ACADEMY,2110 N. HERCULES AVE.,CLEARWATER,33763,Yes,Yes,Yes,No,Yes,Yes,Pentecostal,KG-12,,2025,26,newdestinywc.com
650,Pinellas,GENESIS OF IDEAS INTERNATIONAL SCHOOL,7901 4TH ST N STE 300,ST. PETERSBURG,33702,No,No,No,No,No,No,,12,,2025,3,outlook.com
804,Pinellas,GRACE LUTHERAN SCHOOL,4301-16TH STREET NORTH,SAINT PETERSBURG,33703,Yes,Yes,Yes,No,Yes,Yes,Lutheran,PK-08,FLGA-LCMS,2026,304,grace-lutheran.com
2832,Pinellas,GUARDIAN ANGELS CATHOLIC SCHOOL,2270 EVANS ROAD,CLEARWATER,33763,Yes,Yes,Yes,No,Yes,Yes,Catholic,KG-08,FCCAP,2026,225,gacsfl.com
1299,Pinellas,GULFCOAST SEVENTH-DAY ADVENTIST SCHOOL,6001 7TH AVENUE SOUTH,ST. PETERSBURG,33707,Yes,Yes,Yes,No,Yes,Yes,Seventh Day Adventist,01-10,,2025,24,flcoe.org
1708,Pinellas,GUSTAVE EIFFEL ACADEMY,5401 22ND AVE N,ST PETERSBURG,33710,Yes,Yes,Yes,Yes,No,No,,01-08,,2025,37,eiffel.academy
2932,Pinellas,HANNAH INTERNATIONAL SCHOOL,7901 4TH ST N STE 300,ST PETERSBURG,33702,No,No,No,No,No,No,,,,2025,0,hannahinternationalschool.com
2716,Pinellas,HIGHER LEARNING CHRISTIAN ACADEMY INC,1844 54 ST SO,ST PETERSBURG,33707,Yes,Yes,Yes,Yes,Yes,Yes,Non-Denominational,PK-08,,2025,24,gmail.com
1397,Pinellas,HOLY FAMILY,250-78TH AVENUE NE,SAINT PETERSBURG,33702,Yes,Yes,Yes,No,Yes,Yes,Catholic,KG-08,FCCAP,2026,195,hfcsfalcons.org
5489,Pinellas,HOPE ONLINE SCHOOL,190 Patricia AvenueUnit 1,Dunedin,34698,No,No,No,No,No,Yes,Non-Denominational,02-12,,2026,7,hopeonlineschool.com
5282,Pinellas,HUMANITY EDUCATION VENTURES,7901 ST N,ST PETERSBURG,33702,No,No,No,No,No,No,,07-10,,2025,4,sofhumanity.com
3790,Pinellas,HUNTINGTON LEARNING CENTER,33231 US HWY 19 NORTH,PALM HARBOR,34684,Yes,Yes,Yes,No,No,No,,04-12,CITA,2025,16,gmail.com
5328,Pinellas,Idella B. Jones Christian Academy,1600 Fairway Ave South,St. Petersburg,33712,No,No,No,No,Yes,Yes,Pentecostal,,,2025,0,ibjchristianacademy.org
9169,Pinellas,IGNITE ACADEMY,501 E Tarpon Avenue,Tarpon Springs,34689,Yes,Yes,Yes,No,Yes,Yes,Non-Denominational,KG-08,,2026,110,igniteacademy.education
4150,Pinellas,INDIAN ROCKS CHRISTIAN SCHOOL,3737 1ST ST NE,ST. PETERSBURG,33704,Yes,Yes,Yes,No,Yes,Yes,Baptist,PK-KG,,2026,18,indianrocks.org
2698,Pinellas,INDIAN ROCKS CHRISTIAN SCHOOL,12685 ULMERTON ROAD,LARGO,33774,Yes,Yes,Yes,No,Yes,Yes,Baptist,PK-12,COGNIA,2026,1201,indianrocks.org
9130,Pinellas,INFINITE POTENTIAL LEARNING ACADEMY,2250 62ND AVENUE SOUTH,ST. PETERSBURG,33712,Yes,Yes,Yes,No,Yes,No,,PK-05,,2025,100,iplakids.org
5283,Pinellas,Infinity Prep - Clearwater,2177 NE Coachman Rd,Clearwater,33765,Yes,Yes,Yes,Yes,No,No,,,,2025,0,infinityprep.com
8377,Pinellas,INVICTUS ACADEMY TAMPA BAY,1555 WINDMILL POINTE RD,PALM HARBOR,34685,Yes,Yes,Yes,No,Yes,No,,04-12,,2025,13,invictusacademyfl.org
5683,Pinellas,IVA CHRISTIAN SCHOOL,IVA CHRISTIAN SCHOOL,LARGO,33779,Yes,Yes,Yes,No,Yes,Yes,Assemblies of God,KG-12,,2026,109,msn.com
3522,Pinellas,KAIROS ACADEMY,1550 BELCHER RD S.,LARGO,33771,Yes,Yes,Yes,Yes,Yes,Yes,Non-Denominational,KG-12,,2026,120,kairosacademy.net
2049,Pinellas,KESWICK CHRISTIAN SCHOOL,10101-54TH AVENUE N,SAINT PETERSBURG,33708,Yes,Yes,Yes,No,Yes,Yes,Non-Denominational,PK-12,COGNIA,2025,745,keswickchristian.org
4460,Pinellas,KING QUEEN CHRISTIAN SCHOOL FOR ALL STUDENT,P.O. BOX 17051,ST. PETERSBURG,33733,Yes,Yes,Yes,No,Yes,Yes,Non-Denominational,KG-12,,2025,53,gmail.com
2577,Pinellas,KINGDOM CHANGERS LEARNING ACADEMY,1002 55TH STREET SOUTH,GULFPORT,33707,No,No,No,No,Yes,Yes,,,,2026,0,gmail.com
1996,Pinellas,LAKESIDE CHRISTIAN SCHOOL,1897 SUNSET POINT ROAD,CLEARWATER,33765,Yes,Yes,Yes,No,Yes,Yes,Non-Denominational,KG-12,COGNIA,2025,454,lakesidechristianschool.org
8990,Pinellas,LEGACY ELITE CHRISTIAN PREPARATORY SCHOOL,11701 S. BELCHER RD,LARGO,33773,Yes,Yes,Yes,No,Yes,Yes,Non-Denominational,01-11,,2025,11,gmail.com
9881,Pinellas,LEGACY ONLINE SCHOOL,5922 9TH AVE NORTH,ST. PETERSBURG,33710,No,No,No,No,No,No,,KG-12,,2025,166,legacyonlineschool.com
2553,Pinellas,LIBERTY CHRISTIAN SCHOOL,9401 4TH STREET NORTH,ST. PETERSBURG,33702,Yes,Yes,Yes,No,Yes,Yes,Baptist,PK-05,,2025,100,libertybaptistchurch.net
3750,Pinellas,LUTHERAN CHURCH OF THE CROSS DAY SCHOOL,4400 CHANCELLOR ST. NE.,ST. PETERSBURG,33703,No,No,No,No,Yes,No,,PK-08,FCIS,2025,498,lccdayschool.com
3949,Pinellas,MONTESSORI BY THE SEA,1603 GULF WAY,ST.PETE BEACH,33706,Yes,Yes,Yes,No,Yes,No,,PK-06,,2025,101,montessori-by-sea.org
2025,Pinellas,MORNING STAR SCHOOL OF PINELLAS PARK,4661 80TH AVENUE NORTH,PINELLAS PARK,33781,Yes,Yes,Yes,No,Yes,Yes,Catholic,KG-12,FCCAP,2025,115,morningstarschool.org
6138,Pinellas,MOUNT ZION CHRISTIAN ACADEMY,955 20TH STREET SOUTH,ST. PETERSBURG,33712,Yes,Yes,Yes,No,Yes,Yes,Baptist,KG-06,,2025,80,gmail.com
5768,Pinellas,MT. MORIAH CHRISTIAN FUNDAMENTAL ACADEMY,3500 18TH AVENUE SOUTH,ST. PETERSBURG,33711,Yes,Yes,Yes,No,Yes,Yes,Baptist,06-08,,2025,28,yahoo.com
6587,Pinellas,NEURORESTORATIVE ACADEMY AT CLEARWATER,2769 WHITNEY ROAD,CLEARWATER,33760,No,No,No,No,No,No,,,,2025,0,sevitahealth.com
9406,Pinellas,NEW GENERATION MYANMAR,7901 4TH ST N STE 300,ST. PETERSBURG,33702,No,No,No,No,Yes,No,,,,2025,0,ngmedu.org
739,Pinellas,NEW SYSTEM SCHOOL INC. FLORIDA OFFICE,1532 81 AVE NORTH,ST. PETERSBURG,33702,No,No,No,No,Yes,Yes,Other,KG-12,,2025,25,newsystemschool.org
5318,Pinellas,NORTHBAY CHRISTIAN ACADEMY,2525 N. MCMULLEN BOOTH RD.,CLEARWATER,33761,Yes,Yes,Yes,Yes,Yes,Yes,Non-Denominational,KG-08,,2025,96,northbaychristian.com
2193,Pinellas,NORTHSIDE CHRISTIAN SCHOOL,7777 - 62ND AVE. N.,ST  PETERSBURG,33709,Yes,Yes,Yes,No,Yes,Yes,Non-Denominational,PK-12,COGNIA,2025,902,ncsschools.com
6292,Pinellas,NovaPath Academy,1454 Main St,Dunedin,34698,No,No,No,No,No,No,,,,2025,0,novapathacademics.com
2503,Pinellas,OLDSMAR CHRISTIAN SCHOOL,650 BURBANK ROAD,OLDSMAR,34677,Yes,Yes,Yes,No,Yes,Yes,Baptist,PK-12,,2026,134,hotmail.com
2379,Pinellas,OPEN DOOR SCHOOL,710 SCOTLAND STREET,DUNEDIN,34698,No,No,No,No,Yes,No,,KG-03,,2025,2,yahoo.com
1365,Pinellas,OUR LADY OF LOURDES CATHOLIC SCHOOL,730 SAN SALVADOR DRIVE,DUNEDIN,34698,Yes,Yes,Yes,No,Yes,Yes,Catholic,PK-08,FCCAP,2026,238,myoll.com
3106,Pinellas,OUR SAVIOR LUTHERAN SCHOOL,5843 4TH AVENUE S,ST. PETERSBURG,33707,Yes,Yes,Yes,No,Yes,Yes,Lutheran,PK-08,FLGA-LCMS,2026,236,oursaviorfl.org
5578,Pinellas,OVATIONS SCHOOL FOR THE ARTS,3530 1ST AVE N,SAINT PETERSBURG,33713,No,No,No,No,Yes,No,,10,,2025,1,ovationsarts.org
2598,Pinellas,PALM HARBOR MONTESSORI ACADEMY,2355 NEBRASKA AVENUE,PALM HARBOR,34683,Yes,Yes,Yes,No,No,No,,PK-08,,2026,131,floridamontessori.com
4736,Pinellas,PAX ACADEMY,7901 4TH ST NE,ST. PETERSBURG,33702,No,No,No,No,Yes,Yes,Non-Denominational,KG-12,,2026,68,paxacademy.org
5343,Pinellas,Red Deer Global Academy,3031 N Rocky Point Dr W,Tampa,33607,No,No,No,No,No,No,,10-11,,2026,8,rd-internationalschool.org
2426,Pinellas,SACRED HEART CATHOLIC SCHOOL,7951-46TH WAY NORTH,PINELLAS PARK,33781,Yes,Yes,Yes,No,Yes,Yes,Catholic,PK-08,FCCAP,2025,229,shsaints.org
2622,Pinellas,SAFETY HARBOR MONTESSORI ACADEMY,2669 MCMULLEN BOOTH ROAD,CLEARWATER,33761,Yes,Yes,Yes,No,No,No,,PK-08,FCIS,2025,150,shma.us
9486,Pinellas,SAILFUTURE,2154 27TH AVE N,ST PETERSBURG,33713,Yes,Yes,Yes,No,Yes,No,,08-12,COGNIA,2025,71,sailfuture.org
2164,Pinellas,SAINT JUDE CATHEDRAL SCHOOL,600 58TH STREET NORTH,SAINT PETERSBURG,33710,Yes,Yes,Yes,No,Yes,Yes,Catholic,PK-08,FCCAP,2026,462,cathedralschoolofstjude.org
1555,Pinellas,SAINT PATRICK SCHOOL,1501 TROTTER RD,LARGO,33770,Yes,Yes,Yes,No,Yes,Yes,Catholic,PK-08,FCCAP,2025,192,stpatrickcatholic.org
1524,Pinellas,SAINT PAUL CATHOLIC SCHOOL,1900 12TH STREET NORTH,SAINT PETERSBURG,33704,Yes,Yes,Yes,No,Yes,Yes,Catholic,PK-08,FCCAP,2026,354,stpaul1930.org
1798,Pinellas,SAINT PAUL'S SCHOOL,1600 ST. PAULS DRIVE,CLEARWATER,33764,Yes,Yes,Yes,No,Yes,Yes,Episcopalian,PK-08,"FCIS, COGNIA",2025,388,spsclearwater.org
2207,Pinellas,SAINT PETERSBURG CATHOLIC HIGH SCHOOL,6333 NINTH AVENUE NORTH,SAINT PETERSBURG,33710,Yes,Yes,Yes,No,Yes,Yes,Catholic,09-12,COGNIA,2025,496,spchs.org
1919,Pinellas,SAINT PETERSBURG CHRISTIAN SCHOOL,2021 62ND AVENUE NORTH,SAINT PETERSBURG,33702,Yes,Yes,Yes,No,Yes,Yes,Non-Denominational,KG-08,"FLOCS, COGNIA",2026,342,stpetechristian.org
4644,Pinellas,SAWYER SCHOLASTICS LLC,7901 4TH STREET N,ST PETERSBURG,33702,No,No,No,No,No,No,,09,,2025,1,sawyer-academy.org
8879,Pinellas,SERVICE LEARNING SCHOOL,2725 LONG POINT LANE,PALM HARBOR,34684,Yes,Yes,Yes,Yes,No,No,,KG-12,,2025,29,letsgomicro.org
983,Pinellas,SHORECREST PREPARATORY SCHOOL,5101 FIRST STREET NORTHEAST,SAINT PETERSBURG,33703,No,No,No,No,Yes,No,,PK-12,COGNIA,2025,1004,shorecrest.org
746,Pinellas,SKYCREST CHRISTIAN SCHOOL,129 N. BELCHER ROAD,CLEARWATER,33765,Yes,Yes,Yes,No,Yes,Yes,Non-Denominational,PK-08,"ACSI, COGNIA",2025,603,skycrestchristianschool.org
4393,Pinellas,SOLID ROCK COMMUNITY SCHOOL,2801 KEYSTONE ROAD,TARPON SPRINGS,34688,Yes,Yes,Yes,Yes,Yes,No,,KG-12,COGNIA,2025,151,solidrockflorida.org
4170,Pinellas,SOUTHSIDE CHRISTIAN ACADEMY,3624 QUEENSBORO AVE. SO.,ST. PETERSBURG,33711,Yes,Yes,Yes,No,Yes,No,,KG-05,,2026,36,gmail.com
3116,Pinellas,SPRING VALLEY SCHOOL,2109 NEBRASKA AVENUE,PALM HARBOR,34683,Yes,Yes,Yes,No,Yes,No,,KG-12,,2026,40,springvalleyschool.com
1742,Pinellas,St. Cecelia Catholic School,1350 COURT STREET,CLEARWATER,33756,Yes,Yes,Yes,No,Yes,Yes,Catholic,PK-08,FCCAP,2026,472,st-cecelia.org
4696,Pinellas,ST. PETERSBURG PRIMARY SCHOOL,700 NORTH SHORE DR. NE 108,ST. PETERSBURG,33701,Yes,Yes,Yes,No,Yes,Yes,Presbyterian,PK-04,,2025,117,stpeteprimary.org
5137,Pinellas,ST. RAPHAEL CATHOLIC SCHOOL,1376 SNELL ISLE BLVD. NE,ST. PETERSBURG,33704,Yes,Yes,Yes,No,Yes,Yes,Catholic,PK-08,FCCAP,2025,201,st-raphaels.com
5704,Pinellas,Summit Elevate Academy LLC,2460 Northside Drive 904,Clearwater,33761,No,No,No,No,No,No,,,,2025,0,gosummitacademy.com
4152,Pinellas,SUNCOAST WALDORF SCHOOL,1857 CURLEW ROAD,PALM HARBOR,34683,Yes,Yes,Yes,No,No,No,,PK-08,,2026,126,waldorftampabay.org
3908,Pinellas,SUNFLOWER SCHOOL INC,P.O. BOX 530656,ST. PETERSBURG,33747,Yes,Yes,Yes,No,Yes,No,,KG-05,,2026,38,sunflowerprivateschool.com
2647,Pinellas,SWEET PEAS PRESCHOOL ELEMENTARY,1548 ILLINOIS RD,CLEARWATER,33756,Yes,Yes,Yes,No,No,No,,PK-02,,2025,28,sweetpeaspreschool.com
6378,Pinellas,TAMPA BAY INTERNATIONAL SCHOOL,1685 S. BELCHER RD.,CLEARWATER,33764,Yes,Yes,Yes,No,Yes,No,,PK-08,,2025,48,tampabayintl.org
8695,Pinellas,THE DEPAUL SCHOOL,2747 SUNSET POINT ROAD,CLEARWATER,33759,Yes,Yes,Yes,No,Yes,No,,KG-04,,2025,39,thedepaulschool.org
1067,Pinellas,THE FRENCH AMERICAN SCHOOL OF TAMPA BAY,2100 62ND AVENUE NORTH,ST PETERSBURG,33702,Yes,Yes,Yes,No,No,No,,PK-05,,2026,77,fastb.org
6140,Pinellas,THE MOVEMENT SCHOOL,11633 137TH STREET NORTH,LARGO,33774,Yes,Yes,Yes,No,Yes,No,,05-12,,2025,11,gmail.com
2800,Pinellas,THE STEPPING STONE DAYCARE LLC,1530 S FORT HARRISON AVE,CLEARWATER,33756,No,No,No,No,No,Yes,Non-Denominational,PK-07,,2025,19,gmail.com
48,Pinellas,"Toucove Academy, LLC",,,,No,No,No,No,No,No,,,,2026,0,
1670,Pinellas,VALLENARI'S INTEGRATIVE LEARNING,101 N Monroe Street,Tallahassee,32301,No,No,No,No,No,No,,PK-12,,2025,408,gmail.com
9863,Pinellas,VICTORY HIGH SCHOOL,P.O. BOX 4206,CLEARWATER,33758,Yes,Yes,Yes,No,Yes,No,,09-12,,2025,16,frsoftb.com
3117,Pinellas,WALDEN SCHOOL,2728 53RD STREET SOUTH,GULFPORT,33707,Yes,Yes,Yes,No,Yes,No,,06-08,,2025,16,aol.com
4853,Pinellas,WASHBURN ACADEMY,805 DEMPSEY ST,CLEARWATER,33756,Yes,Yes,Yes,No,Yes,No,,PK-12,,2025,161,gmail.com
6104,Pinellas,WELLMONT ACADEMY,6000 38TH AVE N.,ST. PETERSBURG,33710,Yes,Yes,Yes,Yes,Yes,Yes,Non-Denominational,KG-12,FCCPSA,2026,76,wellmontacademy.com
8428,Pinellas,WESTCOAST SCHOOL FOR HUMAN DEVELOPMENT,1100 N. MARTIN LUTHER KING JR.,CLEARWATER,33755,Yes,Yes,Yes,No,Yes,Yes,Multi/ Inter/ Trans-Denominational,KG-11,,2025,15,aol.com
2488,Pinellas,WESTERN CHRISTIAN ACADEMY,2598 GARY CIRCLE #304,DUNEDIN,34698,No,No,No,No,No,Yes,Non-Denominational,PK-12,,2025,15,westernchristianacademy.com
3112,Pinellas,WESTLAKE CHRISTIAN SCHOOL,1551 BELCHER ROAD,PALM HARBOR,34683,Yes,Yes,Yes,No,Yes,Yes,Methodist,KG-08,COGNIA,2026,579,westlakechristianschool.org
4265,Pinellas,WILDWOOD ACADEMY,105 North Lady Mary Drive,CLEARWATER,33755,Yes,Yes,Yes,No,Yes,No,,PK-04,,2025,30,wildwoodcw.com
614,Polk,A JOYFUL NOISE LEARNING ACADEMY,2019 21TH STREET NW,WINTER HAVEN,33881,Yes,Yes,Yes,Yes,Yes,Yes,Non-Denominational,PK-08,,2025,11,gmail.com
7987,Polk,A'KELYNN'S ANGELS CHRISTIAN ACADEMY,POST OFFICE BOX 2763,WINTER HAVEN,33881,Yes,Yes,Yes,No,No,Yes,Non-Denominational,PK-12,,2025,165,gmail.com
4317,Polk,ABA CHRISTIAN SCHOOL INC,217 Eagle Ridge Dr,Lake Wales,33859,Yes,Yes,Yes,Yes,No,Yes,Non-Denominational,PK-12,,2025,107,gmail.com
5660,Polk,ABA Christian School Inc 2,217 Eagle Ridge Dr,Lake Wales Fl 33859,33859,Yes,Yes,Yes,Yes,No,Yes,Non-Denominational,,,2025,0,gmail.com
4632,Polk,ABA HAINES CITY INC,116 N 22ND ST,HAINES CITY,33844,Yes,Yes,Yes,Yes,Yes,Yes,Non-Denominational,PK-12,,2025,254,gmail.com
3959,Polk,ACADEMY PREP CENTER OF LAKELAND,1021 LAKELAND HILLS BLVD,LAKELAND,33805,Yes,Yes,Yes,No,Yes,No,,05-08,,2025,126,academyprep.org
8514,Polk,ADVANCE PREP ACADEMY,P.O. BOX 2219,AUBURNDALE,33823,Yes,Yes,Yes,No,Yes,No,,KG-12,,2025,42,advanceprep.org
4839,Polk,ADVANCE PREP ACADEMY - LOWER,P.O. BOX 2219,AUBURNDALE,33823,Yes,Yes,Yes,No,Yes,No,,,,2025,0,advanceprep.org
8639,Polk,ALL HOPE CHRISTIAN ACADEMY,316 Lake Ariana Blvd,Auburndale,33823,Yes,Yes,Yes,No,No,Yes,Non-Denominational,KG-12,,2025,75,gmail.com
1398,Polk,ALL SAINTS' ACADEMY,5001 STATE ROAD 540 WEST,WINTER HAVEN,33880,Yes,Yes,Yes,No,Yes,Yes,Episcopalian,PK-12,FCIS,2026,770,allsaintsacademy.com
9498,Polk,AMBASSADORS CHRISTIAN ACADEMY INC,139 Violet Ct,Poinciana,34759,Yes,Yes,Yes,Yes,Yes,Yes,Non-Denominational,05-12,,2025,5,yahoo.com
7133,Polk,APPLEWOOD PRIVATE EDUCATION,304 E. PINE STREET,LAKELAND,33801,No,No,No,No,No,No,,KG-12,,2026,99,applewoodeducation.com
6278,Polk,AVENGERS CHRISTIAN ACADEMY,1605 LADY BOWERS TRAIL,LAKELAND,33809,Yes,Yes,Yes,No,Yes,Yes,Non-Denominational,01-12,,2025,39,avengerschristianacademy.com
1120,Polk,BEACON OF LIGHT MINISTRIES INC,1149 ALLEGRO PL,DUNDEE,33838,No,No,No,No,Yes,Yes,Non-Denominational,,,2025,0,gmail.com
4942,Polk,BETHEL CHRISTIAN ACADEMY,75 DON POLSTON DR,EAGLE LAKE,33839,Yes,Yes,Yes,No,Yes,Yes,Baptist,PK-09,,2025,55,aol.com
2999,Polk,BIBLEWAY CHRISTIAN ACADEMY,3707 AVENUE M NW,WINTER HAVEN,33881,Yes,Yes,Yes,No,Yes,Yes,Other,KG-12,,2025,82,gmail.com
2578,Polk,BRIGHT BRAINS SCHOOLS,905 SPIRIT LAKE RD.,WINTER HAVEN,33880,No,No,No,No,No,No,,,,2025,0,gmail.com
3834,Polk,BRIGHT IMAGINATIONS PREPARATORY SCHOOLS INC,3915 OLD ROAD 37,LAKELAND,33813,Yes,Yes,Yes,Yes,Yes,No,,,,2025,0,brightimaginationsprep.com
7219,Polk,BRILLIANT MINDS CHRISTIAN ACADEMY OF TECH,5900 SUNDANCE BLVD,MULBERRY,33860,Yes,Yes,Yes,No,No,Yes,Non-Denominational,PK-08,,2025,218,yahoo.com
2314,Polk,CALVARY BAPTIST CHURCH ACADEMY,4209 OLD KATHLEEN ROAD,LAKELAND,33810,No,No,No,No,Yes,Yes,Baptist,KG-12,,2025,121,calvaryonline.com
5735,Polk,CANAAN ACADEMY,3756 Hurlbut Circle,LAKE WALES,33898,Yes,Yes,Yes,No,Yes,Yes,Non-Denominational,KG-10,,2026,76,aol.com
4173,Polk,CANDLELIGHT CHRISTIAN ACADEMY,209 E. SESSOMS AVENUE,LAKE WALES,33853,Yes,Yes,Yes,No,Yes,Yes,Non-Denominational,KG-12,,2025,194,ccalw.org
1399,Polk,CENTRAL FLORIDA CHRISTIAN ACADEMY,1950 MARLEY DRIVE,HAINES CITY,32844,Yes,Yes,Yes,No,No,Yes,Non-Denominational,PK-12,,2025,90,centralfloridaacademy.com
3674,Polk,CES ACADEMY,615 OLD POLK CITY RD.,LAKELAND,33809,Yes,Yes,Yes,No,Yes,Yes,Non-Denominational,KG-12,COGNIA,2025,224,cesacademy.net
280,Polk,CES ACADEMY,5730 LAKELAND HIGHLANDS RD,LAKELAND,33813,Yes,Yes,Yes,No,Yes,Yes,Non-Denominational,KG-08,COGNIA,2026,73,ces-schools.net
4382,Polk,CES ACADEMY OF WINTER HAVEN,2101 OVERLOOK DR SE,WINTER HAVEN,33884,Yes,Yes,Yes,No,Yes,Yes,Non-Denominational,KG-11,COGNIA,2026,191,cesacademy.net
4548,Polk,CHAMPIONS CHRISTIAN ACADEMY,41219 HWY 27,DAVENPORT,33837,Yes,Yes,Yes,No,Yes,Yes,Assemblies of God,PK-12,COGNIA,2025,486,championsag.org
5697,Polk,Creative Minds Higher Learning Academy,3108 Atlantic Avenue,Lakeland,33803,Yes,Yes,Yes,Yes,No,Yes,Non-Denominational,,,2025,0,gmail.com
8298,Polk,DABAR SCHOOL OF LEARNING,PO BOX 6,FROSTPROOF,33843,Yes,Yes,Yes,No,Yes,Yes,Non-Denominational,02-10,,2025,5,yahoo.com
7699,Polk,DAVENPORT CHRISTIAN PREPARATORY SCHOOL IEP,312 South Boulevard W,Davenport,33837,Yes,Yes,Yes,Yes,Yes,Yes,Non-Denominational,KG-12,,2025,410,christianprepschools.com
2730,Polk,EMPOWERED CHRISTIAN ACADEMY,415 S. THIRD AVENUE,BARTOW,33830,Yes,Yes,Yes,No,Yes,Yes,Non-Denominational,KG-08,,2025,48,gmail.com
9069,Polk,ESTHER'S SCHOOL INC - HAINES CITY,964 WOOD AVENUE E.,HAINES CITY,33844,Yes,Yes,Yes,No,Yes,Yes,Non-Denominational,KG-12,,2025,133,estherschool.net
1870,Polk,EXCEL CHRISTIAN ACADEMY,6505 ODOM ROAD,LAKELAND,33809,Yes,Yes,Yes,No,Yes,Yes,Non-Denominational,PK-12,COGNIA,2025,357,excelonline.org
9288,Polk,FAITH XTREME ACADEMY,832 SNIVELY AVE.,WINTER HAVEN,33880,Yes,Yes,Yes,No,Yes,Yes,Non-Denominational,KG-03,,2025,10,gmail.com
1375,Polk,FAMILIES OF FAITH CHRISTIAN ACADEMY INTERNATIONAL,P.O. BOX 5125,LAKELAND,33807,No,No,No,No,No,No,,01-12,FCCPSA,2025,193,fofcai.com
1525,Polk,FIRST METHODIST SCHOOL INC.,455 S BROADWAY AVE.,BARTOW,33830,Yes,Yes,Yes,No,Yes,Yes,Methodist,PK-08,,2025,198,gmail.com
8861,Polk,GCTE CENTER INC,306 SW 2ND AVE.,MULBERRY,33860,Yes,Yes,Yes,No,Yes,No,,08-12,,2025,24,gctecenterinc.com
2223,Polk,GENEVA CLASSICAL ACADEMY INC.,1736 NEW JERSEY ROAD,LAKELAND,33803,Yes,Yes,Yes,No,Yes,Yes,Non-Denominational,,,2026,0,gcalakeland.org
7929,Polk,GLOBAL VIRTUAL ACADEMY,502 E. MAIN STREET,LAKELAND,33801,Yes,Yes,Yes,No,No,No,,07-11,,2025,4,globalvirtualacademy.com
676,Polk,GRACE LUTHERAN SCHOOL,321 AVENUE C SE,WINTER HAVEN,33880,Yes,Yes,Yes,No,Yes,No,,PK-08,"FLGA-LCMS, COGNIA",2026,465,glwh.org
3696,Polk,GREATER ST. PAUL ACADEMY,1130 N. WEBSTER AVENUE,LAKELAND,33805,Yes,Yes,Yes,No,Yes,Yes,Baptist,PK-09,,2025,84,tampabay.rr.com
9524,Polk,GTE ACADEMY,2523 BROADWAY STREET,LAKELAND,33801,No,No,No,No,Yes,Yes,Non-Denominational,03-11,,2025,5,gmail.com
5670,Polk,HEAD OF THE CLASS LEARNING CTR,1836 KATHLEEN RD,LAKELAND,33805,Yes,Yes,Yes,No,No,No,,PK-08,,2025,185,gmail.com
1938,Polk,HILLTOP CHRISTIAN ACADEMY,2105 MARTIN LUTHER KING BLVD N,WINTER HAVEN,33881,Yes,Yes,Yes,No,Yes,No,,KG,,2026,3,yahoo.com
4252,Polk,HOPE CREATIVE SCHOOL,2110 CYPRESS GARDEN BLVD.,WINTER HAVEN,33884,No,No,No,No,Yes,Yes,Non-Denominational,PK-KG,,2025,49,hopepreswh.org
622,Polk,Hope Innovation Preparatory Academy Inc,,,,No,No,No,No,Yes,Yes,Non-Denominational,,,2026,0,
8923,Polk,HUSKY PREP ACADEMY INC,204 JOCELYN DRIVE,DAVENPORT,33897,No,No,No,No,Yes,No,,KG-12,,2026,1550,huskyprep.org
399,Polk,I AM DESTINY ACADEMY,PO BOX 7086,LAKELAND,33807,No,No,No,No,Yes,Yes,Non-Denominational,03-12,,2025,8,yahoo.com
864,Polk,IMMANUEL LUTHERAN,1449 34TH STREET NW,WINTER HAVEN,33881,Yes,Yes,Yes,No,Yes,Yes,Lutheran,KG-09,,2026,24,gmail.com
1896,Polk,IMS CHRISTIAN ACADEMY,9130 US-192,CLERMONT,34714,No,No,No,No,Yes,Yes,Pentecostal,,,2025,0,gmail.com
8043,Polk,INSPIRATION ACADEMY OF LAKELAND INC.,1020 N. KENTUCKY AVE,LAKELAND,33805,Yes,Yes,Yes,Yes,Yes,Yes,Non-Denominational,KG-07,,2025,32,yahoo.com
8584,Polk,IT TAKES A VILLAGE EARLY LEARNING ACADEMY,130 AVENUE G SE,WINTER HAVEN,33880,Yes,Yes,Yes,No,No,No,Non-Denominational,KG-03,,2025,10,villagelearningacademy.org
8753,Polk,JORDAN CHRISTIAN PREPARATORY,301 CHARLOTTE RD,AUBURNDALE,33823,Yes,Yes,Yes,No,Yes,Yes,Non-Denominational,KG-12,,2025,114,gmail.com
8928,Polk,KEY TO BETTER LEARNING ACADEMY LLC,613 BENNETT ST,AUBURNDALE,33823,Yes,Yes,Yes,No,No,Yes,Non-Denominational,KG-12,,2025,16,gmail.com
9774,Polk,KIDS ACADEMY LIGHTHOUSE INC.,706 MELBOURNE AVE,HAINES CITY,33844,Yes,Yes,Yes,Yes,Yes,No,,KG-12,,2025,70,hotmail.com
2943,Polk,KIDS ACADEMY LSE,117 MAPLE HILL DR.,HAINES CITY,88344,Yes,Yes,Yes,No,No,No,,PK-04,,2025,43,hotmail.com
396,Polk,KINGDOM BUILDERS PREPARATORY ACADEMY,P.O. BOX 5005,LAKELAND,33807,No,No,No,No,Yes,Yes,Non-Denominational,KG-12,,2025,25,kbccinc.org
5085,Polk,KINGDOM HERITAGE PREPARATORY SCHOOL,1444 PUNTA GORDA DR.,POINCIANA,34759,No,No,No,No,Yes,Yes,Non-Denominational,06,,2025,2,gmail.com
9513,Polk,KIPE ACADEMY,1800 CYPRESS GARDENS BLVD.,WINTER HAVEN,33884,No,No,No,No,Yes,No,,01-05,,2025,2,kipeacademy.org
984,Polk,LAKELAND CHRISTIAN SCHOOL,1111 FOREST PARK STREET,LAKELAND,33803,Yes,Yes,Yes,No,Yes,Yes,Non-Denominational,PK-12,COGNIA,2025,1167,lcsonline.org
8205,Polk,LAKELAND INSTITUTE FOR LEARNING,2006 CASTLE COURT,LAKELAND,33813,Yes,Yes,Yes,Yes,Yes,No,,01-12,,2025,87,lifl.org
8937,Polk,LAKES CHURCH ACADEMY,1010 EAST MEMORIAL BOULEVARD,LAKELAND,33801,Yes,Yes,Yes,No,Yes,Yes,Baptist,PK-10,,2025,345,golakesacademy.com
1300,Polk,LANDMARK CHRISTIAN SCHOOL,2100 E. HINSON AVE.,HAINES CITY,33844,Yes,Yes,Yes,No,Yes,Yes,Baptist,PK-12,FACCS,2025,249,lcspatriots.com
220,Polk,LEADERS IN PROGRESS KIDS ACADEMY,409 GANNET CT,KISSIMMEE,34759,No,No,No,No,No,Yes,Catholic,,,2025,0,gmail.com
5079,Polk,LEARNING ENRICHMENT CHRISTIAN ACADEMY,555 BURNS AVE.,LAKE WALES,33853,Yes,Yes,Yes,No,Yes,Yes,Pentecostal,KG-12,,2025,48,yahoo.com
8291,Polk,LEGACY CHRISTIAN ACADEMY INC.,1376 SATE ROAD 60 E,LAKE WALES,33853,Yes,Yes,Yes,No,Yes,Yes,Non-Denominational,PK-12,,2025,137,legacyfl.org
1259,Polk,LEVELS ACADEMY,2632 RESERVE VIEW LOOP Apt 201,LAKELAND,33810,Yes,Yes,Yes,No,No,Yes,Non-Denominational,KG-04,,2025,7,levelsacademy.org
6429,Polk,Levels of Excellence Learning Academy,1150 1st Street South,Winter Haven,33880,No,No,No,No,Yes,No,,KG-05,,2025,20,gmail.com
6865,Polk,LIFE SKILLS ACADEMY - CAMPUS 1,515 E. HAINES BLVD.,LAKE ALFRED,33850,Yes,Yes,Yes,No,Yes,No,,KG-08,,2025,86,lsapolk.org
8756,Polk,LIFE SKILLS ACADEMY - CAMPUS 2,515 E. HAINES BLVD.,LAKE ALFRED,33850,Yes,Yes,Yes,No,Yes,No,,09-12,,2025,44,lsapolk.org
4233,Polk,LITTLE LUMINARIES LEARNING ACADEMY INC.,6039 CYPRESS GARDENS BLVD #134,WINTER HAVEN,33884,No,No,No,No,Yes,No,,,,2025,0,gmail.com
8649,Polk,MARANATHA CHRISTIAN ACADEMY,1072 WALKER RD.,LAKELAND,33810,Yes,Yes,Yes,Yes,Yes,Yes,Baptist,PK-07,,2025,20,gmail.com
9085,Polk,MILLENNIUM CHRISTIAN ACADEMY,704 MCLEOD AVENUE,HAINES CITY,33844,Yes,Yes,Yes,No,Yes,Yes,Assemblies of God,KG-09,,2025,203,gmail.com
3524,Polk,MULBERRY CHRISTIAN ACADEMY,PO. BOX 1109,MULBERRY,33860,Yes,Yes,Yes,No,Yes,Yes,Church of God,PK-12,CGACS,2026,140,gmail.com
7588,Polk,NAMESAKE CHRISTIAN ACADEMY,P.O. BOX 489,LAKE WALES,33859,Yes,Yes,Yes,No,Yes,Yes,Pentecostal,KG-10,,2025,48,aol.com
6256,Polk,NEW DIRECTION ACADEMY,711 E. MAIN STREET STE 100,HAINES CITY,33844,Yes,Yes,Yes,No,No,No,,KG-12,COGNIA,2025,80,newdirectionacademy.com
1799,Polk,OASIS CHRISTIAN ACADEMY,151 KING ROAD SW,WINTER HAVEN,33880,Yes,Yes,Yes,No,Yes,Yes,Non-Denominational,PK-12,ACSI,2026,298,ocalions.org
2406,Polk,OPEN HEAVEN CHRISTIAN ACADEMY INC,416 PETES LANE,DAVENPORT,33837,No,No,No,No,Yes,Yes,Assemblies of God,,,2025,0,gmail.com
2838,Polk,OUR ANGELS KIDS ACADEMY,28041 US HWY 27,DUNDEE,33838,Yes,Yes,Yes,No,No,No,,PK,,2025,10,gmail.com
7983,Polk,OVELL'S CHRISITIAN ACADEMY,105 AVE G SE,WINTER HAVEN,33880,Yes,Yes,Yes,No,No,Yes,Non-Denominational,KG-03,,2025,4,gmail.com
7683,Polk,Paragon Christian Academy,911 Avenue E NE,Winter Haven,33881,No,No,No,No,No,Yes,Non-Denominational,,,2025,0,paragonacademy.net
6738,Polk,PARK AVENUE PRIVATE SCHOOL,160 E PARK AVENUE,LAKE WALES,33853,Yes,Yes,Yes,No,Yes,No,,KG-12,,2025,80,aetutors.com
4595,Polk,PARKWAY CHRISTIAN ACADEMY,4210 LAKELAND HIGHLANDS ROAD,LAKELAND,33813,Yes,Yes,Yes,No,Yes,Yes,Baptist,PK-12,COGNIA,2025,403,pcalakeland.org
6213,Polk,PATHWAYS SCHOOL OF EXCELLENCE,1000 LONGFELLOW BLVD.,LAKELAND,33801,Yes,Yes,Yes,No,Yes,Yes,Assemblies of God,06-12,"FLOCS, COGNIA",2026,71,seu.edu
8633,Polk,PEACE RIVER CHRISTIAN ACADEMY,1650 S. JACKSON AVENUE,BARTOW,33830,Yes,Yes,Yes,No,Yes,Yes,Non-Denominational,KG-08,,2025,16,prcadefenders.com
9719,Polk,PNEUMA CHRISTIAN SCHOOL,1350 EAST MAIN STREET,LAKELAND,33801,Yes,Yes,Yes,Yes,Yes,Yes,Assemblies of God,KG,,2025,9,fwclakeland.org
4811,Polk,POINCIANA CHRISTIAN PREPARATORY SCHOOL SIEP,601 WALNUT ST,KISSIMMEE,34759,Yes,Yes,Yes,Yes,Yes,Yes,Non-Denominational,KG-12,,2025,388,christianprepschools.com
8414,Polk,POLK CHRISTIAN PREPARATORY SCHOOL IEP,3151 HARDIN COMBEE RD,LAKELAND,33801,Yes,Yes,Yes,Yes,Yes,Yes,Non-Denominational,KG-12,,2025,321,christianprepschools.com
4750,Polk,PREPARING THE WAY ACADEMY,303 SOUTH VETERANS AVE,LAKELAND,33815,Yes,Yes,Yes,No,No,Yes,Non-Denominational,KG-05,,2025,9,aol.com
9410,Polk,PRINCIPLES OF FAITH ACADEMY LLC,PO BOX 92222,LAKELAND,33805,Yes,Yes,Yes,No,No,Yes,Non-Denominational,KG-11,,2025,46,poffacademy.org
2415,Polk,PROVIDENCE ACADEMY,4025 N. SCENIC HIGHWAY,LAKE WALES,33898,Yes,Yes,Yes,No,Yes,Yes,Non-Denominational,PK-07,FLOCS,2025,242,pa.education
3422,Polk,PUZZLES LOVE AUTISM FOUNDATION,210 EAGLE RIDGE DRIVE,LAKEWALES,33859,No,No,No,No,Yes,Yes,Non-Denominational,PK-06,,2025,26,puzzlesloveautismfoundation.org
8918,Polk,QIV TECH ACADEMY,730 STATE ROAD 60 WEST,LAKE WALES,33853,Yes,Yes,Yes,No,Yes,Yes,Non-Denominational,PK-12,,2025,61,yahoo.com
2282,Polk,RESURRECTION CATHOLIC SCHOOL,333 TERRACE WAY,LAKELAND,33813,Yes,Yes,Yes,No,Yes,Yes,Catholic,PK-08,FCCAP,2025,501,rcslakeland.org
1634,Polk,SAINT ANTHONY CATHOLIC SCHOOL,820 MARCUM ROAD,LAKELAND,33809,Yes,Yes,Yes,No,Yes,Yes,Catholic,PK-08,FCCAP,2025,224,saintacs.com
488,Polk,SAINT JOSEPH CATHOLIC SCHOOL,535 AVENUE M NW,WINTER HAVEN,33881,Yes,Yes,Yes,No,Yes,Yes,Catholic,PK-08,FCCAP,2025,461,stjosephwhschool.org
1332,Polk,SAINT PAUL LUTHERAN SCHOOL,4450 HARDEN BLVD.,LAKELAND,33813,Yes,Yes,Yes,No,Yes,Yes,Lutheran,PK-08,COGNIA,2025,463,stpaullakeland.org
1197,Polk,SANTA FE CATHOLIC HIGH SCHOOL,3110 HIGHWAY 92 EAST,LAKELAND,33801,Yes,Yes,Yes,No,Yes,Yes,Catholic,09-12,COGNIA,2025,407,santafecatholic.org
9607,Polk,SECOND CHANCE LEARNING ACADEMY,P O BOX 772,LAKE ALFRED,33850,No,No,No,No,No,No,,,,2025,0,gmail.com
8876,Polk,SHALOM CHRISTIAN ACADEMY,800 NORTH BLVD. WEST,DAVENPORT,33837,Yes,Yes,Yes,No,Yes,Yes,Assemblies of God,KG-11,,2025,205,ccshalom.org
8228,Polk,SPARROW ACADEMY,8595 HWY 98 NORTH,LAKELAND,33809,Yes,Yes,Yes,No,Yes,Yes,Assemblies of God,KG-12,FLOCS,2025,141,sparrowacademy.org
7556,Polk,SPEAK LIFE STEM CHRISTIAN ACADEMY,319  LAKE LUCERNE WAY,WINTER HAVEN,33881,Yes,Yes,Yes,No,Yes,Yes,Non-Denominational,PK-07,,2025,33,gmail.com
6474,Polk,THE CHILDREN OF THE KING ENRICHMENT CTR.LLC,1596 HAVENDALE BLVD.,WINTER HAVEN,33881,Yes,Yes,Yes,No,Yes,Yes,Non-Denominational,KG-04,,2025,9,gmail.com
7420,Polk,THE CHRISTIAN ACADEMY OF WINTER HAVEN INC.,P.O. BOX 3515,WINTER HAVEN,33885,Yes,Yes,Yes,No,Yes,Yes,Pentecostal,KG-12,COGNIA,2026,155,gmail.com
5039,Polk,THE CYGNET SCHOOL,1448 Magnolia Lane,Auburndale,33823,Yes,Yes,Yes,No,Yes,No,,KG-12,,2026,129,thecygnetschool.org
5505,Polk,THE ROBERTS ACADEMY,111 LAKE HOLLINGSWORTH DRIVE,LAKELAND,33801,No,No,No,No,Yes,No,,01-08,,2025,187,flsouthern.edu
1366,Polk,THE VANGUARD SCHOOL,22000 U.S. HWY 27 NORTH,LAKE WALES,33859,Yes,Yes,Yes,No,Yes,No,,06-12,COGNIA,2025,45,vanguardschool.org
7644,Polk,Together We Sprout,,,,No,No,No,No,No,No,,PK-05,,2026,9,gmail.com
3330,Polk,TREASURES OF LIFE ACADEMY,1202 HAVENDALE BLVD.,WINTER HAVEN,33881,Yes,Yes,Yes,No,Yes,Yes,Non-Denominational,KG-11,,2025,13,yahoo.com
8945,Polk,VALOR CHRISTIAN LEADERSHIP ACADEMY,1104 CYPRESS GARDENS BLVD.,WINTER HAVEN,33884,Yes,Yes,Yes,Yes,No,Yes,Non-Denominational,03-11,COGNIA,2025,22,vcla-polk.com
1609,Polk,VICTORY CHRISTIAN ACADEMY,P.O. BOX 90489,LAKELAND,33804,Yes,Yes,Yes,No,Yes,Yes,Assemblies of God,KG-12,"FLOCS, COGNIA",2025,784,victorylakeland.org
1457,Polk,WALK BY FAITH CHRISTIAN SCHOOL,4930 MALIBU DRIVE,LAKE WALES,33859,Yes,Yes,Yes,No,No,Yes,Non-Denominational,KG-10,,2025,7,aol.com
3303,Polk,WINTER HAVEN ADVENTIST ACADEMY,401 K AVE. S.E.,WINTER HAVEN,33880,Yes,Yes,Yes,No,Yes,Yes,Seventh Day Adventist,KG-12,,2025,64,flcoe.org
1048,Polk,WINTER HAVEN CHRISTIAN SCHOOL,1700 BUCKEYE LOOP ROAD NE,WINTER HAVEN,33881,Yes,Yes,Yes,No,Yes,Yes,Non-Denominational,PK-12,COGNIA,2025,475,whcsonline.org
6338,Polk,WINTER HAVEN MONTESSORI,305 AVE E SW,WINTER HAVEN,33880,Yes,Yes,Yes,No,No,No,,PK-05,,2025,65,yahoo.com
1590,Polk,WONDERHERE ACADEMY,5734 KEATON SPRINGS DRIVE,LAKELAND,33811,Yes,Yes,Yes,No,No,No,,01-05,,2025,33,wonderhere.com
1586,Polk,WORD OF LIFE CHRISTIAN SCHOOL,1555 W. MAIN ST.,BARTOW,33830,Yes,Yes,Yes,No,Yes,Yes,Non-Denominational,KG-12,,2026,109,wolccbartow.org
4089,Polk,YARAH ACADEMY OF DAVENPORT,PO BOX 862,LOUGHMAN,33858,Yes,Yes,Yes,Yes,Yes,Yes,Non-Denominational,,,2025,0,casadeisraelyarah.com
6235,Putnam,CRESCENT CITY CHRISTIAN ACADEMY,2701 HIGHWAY 17 SOUTH,CRESCENT CITY,32112,Yes,Yes,Yes,Yes,Yes,Yes,Pentecostal,KG-12,CGACS,2025,73,myahm.org
1526,Putnam,DESERET ACADEMY,304 FIFTH STREET,SATSUMA,32189,No,No,No,No,No,No,,01-12,,2025,126,gmail.com
3595,Putnam,FAITH CHRISTIAN ACADEMY,PO BOX 326,INTERLACHEN,32148,No,No,No,No,No,Yes,Baptist,01-09,,2025,3,gmail.com
7562,Putnam,FAITH OVER FEAR CHRISTIAN ACADEMY,Po box 5072,Salt springs,32134,No,No,No,No,Yes,Yes,Non-Denominational,,,2025,0,live.com
1902,Putnam,LITTLE SPROUTS LEARNING CENTER LLC,200 S. 7TH STREET,PALATKA,32177,Yes,Yes,Yes,No,No,No,,PK-06,,2025,279,putnamclassicalacademy.org
678,Putnam,PENIEL BAPTIST ACADEMY,110 PENIEL CHURCH ROAD,PALATKA,32177,Yes,Yes,Yes,No,Yes,Yes,Baptist,PK-12,FACCS,2026,242,penielwarriors.org
1238,Putnam,"PUTNAM BANNER PRIVATE SCHOOL SYSTEM, INC",P. O. BOX 2731,PALATKA,32177,No,No,No,No,Yes,Yes,Non-Denominational,04-12,,2025,27,yahoo.com
4358,Putnam,SCHOOL OF THE HEIGHTS,3111 ST. JOHNS AVE.,PALATKA,32177,Yes,Yes,Yes,No,Yes,Yes,Assemblies of God,PK-06,,2025,138,schooloftheheights.org
8024,Putnam,Silver Lake Academy for Health Sciences,200 Silver Lake Terrace,Palatka,32177,No,No,No,No,Yes,No,,,,2026,0,silverlake.academy
8259,Putnam,ST. JOHNS CHRISTIAN SCHOOL,938 WEST RIVER ROAD,PALATKA,32177,Yes,Yes,Yes,No,Yes,Yes,Baptist,KG-12,,2025,123,sjbcfl.org
136,Santa Rosa,BLUE RIBBON CHRISTIAN ACADEMY,5574 HWY 90,MILTON,32571,Yes,Yes,Yes,No,Yes,Yes,Pentecostal,KG-12,,2026,81,blueribbonchristian.org
4904,Santa Rosa,COASTLINE CHRISTIAN ACADEMY,1122 ORIOLE BEACH RD,GULF BREEZE,32563,Yes,Yes,Yes,No,Yes,Yes,Non-Denominational,PK-08,,2026,253,coastlinechristian.com
5700,Santa Rosa,FAITH CHRISTIAN ACADEMY,13050 HWY 89,JAY,32565,Yes,Yes,Yes,No,Yes,Yes,Pentecostal,PK-11,,2026,128,fcawarriors.com
2904,Santa Rosa,GATEWAY ACADEMY OF WALTON COUNTY,8860 MISSION DRIVE,NAVARRE,32566,No,No,No,No,Yes,Yes,Non-Denominational,,,2025,0,destinygatewayacademy.com
5382,Santa Rosa,GOOD SHEPHERD LUTHERAN,4257 GULF BREEZE PKWY,GULF BREEZE,32563,Yes,Yes,Yes,No,Yes,Yes,Lutheran,PK-05,,2026,74,gmail.com
4278,Santa Rosa,GROW WITH US LEARNING ACADEMY VI,4106 BERRYHILL ROAD,PACE,32571,Yes,Yes,Yes,No,No,No,,KG,,2026,6,sihcorp.net
6207,Santa Rosa,GULF BREEZE MONTESSORI SCHOOL,2721 GULF BREEZE PKWY,GULF BREEZE,32563,Yes,Yes,Yes,No,No,No,,PK-07,,2025,47,gmail.com
5936,Santa Rosa,GULF POINTE LATIN SCHOOL CORPORATION,7624 EAST BAY BLVD,NAVARRE,32566,No,No,No,No,No,Yes,Non-Denominational,PK-12,,2025,341,gplatinschool.com
5575,Santa Rosa,Kids Discovery International Academy at Milton,5753 U.S. 90,Milton,32583,Yes,Yes,Yes,No,No,No,,,,2025,0,kidsdiscovery.com
7399,Santa Rosa,L.E.A.D. ACADEMY CLASSICAL SCHOOL INC.,7121 CHUMUCKLA HIGHWAY,PACE,32571,Yes,Yes,Yes,No,Yes,Yes,Non-Denominational,PK-12,,2025,361,leadacademylions.com
1414,Santa Rosa,LIGHTHOUSE PRIVATE CHRISTIAN ACADEMY MILTON,1530 NEW HOPE RD,GULF BREEZE,32563,Yes,Yes,Yes,Yes,Yes,Yes,Non-Denominational,,,2025,0,aol.com
1484,Santa Rosa,LIGHTHOUSE PRIVATE CHRISTIAN ACADEMY MILTON,6163 DOGWOOD DRIVE,MILTON,32570,Yes,Yes,Yes,Yes,Yes,Yes,Non-Denominational,KG-05,,2025,66,lighthousepca.com
8751,Santa Rosa,LIGHTHOUSE PRIVATE CHRISTIAN ACADEMY PREP,1530 NEW HOPE RD,GULF BREEZE,32563,Yes,Yes,Yes,Yes,Yes,Yes,Non-Denominational,KG-12,,2025,169,lighthousepca.com
4703,Santa Rosa,NAVARRE MONTESSORI ACADEMY,9540 NAVARRE PKWY,NAVARRE,32566,No,No,No,No,No,No,,PK-05,,2025,28,montessorinavarre.com
688,Santa Rosa,SANTA ROSA CHRISTIAN SCHOOL,6331 CHESTNUT STREET,MILTON,32570,Yes,Yes,Yes,No,Yes,Yes,Non-Denominational,PK-12,COGNIA,2025,519,santarosachristianschool.com
2590,Santa Rosa,SOUNDSIDE MONTESSORI ACADEMY,3268 FORDHAM PKWY,GULF BREEZE,32563,No,No,No,No,No,No,,PK-KG,,2026,7,soundsidemontessori.com
8976,Santa Rosa,SPARK LEARNING XXII,3762 GARDENVIEW RD,MILTON,32571,Yes,Yes,Yes,No,No,No,,KG-08,,2026,52,withprimer.com
9677,Santa Rosa,STEADFAST ACADEMY,6223 HWY. 90 #317,MILTON,32570,No,No,No,No,No,No,,,,2025,0,gmail.com
1165,Santa Rosa,WEST FLORIDA BAPTIST ACADEMY,5621 HIGHWAY 90,MILTON,32583,Yes,Yes,Yes,No,Yes,Yes,Baptist,PK-12,COGNIA,2026,833,westfloridabaptist.com
7885,Santa Rosa,WOLFF ACADEMY INC,8756 Ortega Park Drive,Navarre,32566,Yes,Yes,Yes,No,Yes,No,,PK-08,,2025,9,gmail.com
4749,Sarasota,AGAPE CHRISTIAN SCHOOL OF SARASOTA INC.,150 N SHADE AVE,SARASOTA,34237,Yes,Yes,Yes,No,Yes,Yes,Non-Denominational,KG-12,,2025,50,agapesarasota.org
4133,Sarasota,ASCENSION LUTHERAN SCHOOL,800 SOUTH MCINTOSH ROAD,SARASOTA,34232,Yes,Yes,Yes,No,Yes,Yes,Lutheran,PK-08,WELSSA,2025,102,ascensionwels.org
5491,Sarasota,ASPIRING HEIGHTS ACADEMY,P.O. BOX 1041,ENGLEWOOD,34295,No,No,No,No,No,No,,KG-12,,2025,121,aspiringheightsacademy.com
2319,Sarasota,BEYOND THE SPECTRUM EDUCATION CENTER,7333 INTERNATIONAL PLACE,SARASOTA,34240,Yes,Yes,Yes,No,Yes,No,,PK-12,AISF,2025,94,beyondthespectrum.org
4099,Sarasota,CALVARY CHAPEL SCHOOL INC.,3800 27TH PKWY,SARASOTA,34235,Yes,Yes,Yes,No,Yes,Yes,Non-Denominational,KG-08,,2026,97,calvarychapelschool.com
513,Sarasota,CARDINAL MOONEY HIGH SCHOOL,4171 FRUITVILLE ROAD,SARASOTA,34232,Yes,Yes,Yes,No,Yes,Yes,Catholic,09-12,COGNIA,2025,770,cmhs-sarasota.org
3894,Sarasota,CENTRIC LEARNING ACADEMY,11161 E STATE RD 70,LAKEWOOD RANCH,34202,No,No,No,No,No,No,,,,2025,0,centriclearning.net
4483,Sarasota,CHESTERTON ACADEMY OF ST. PADRE PIO,7555 CLAXSTRAUSS DR,SARASOTA,34240,Yes,Yes,Yes,No,Yes,Yes,Catholic,09-11,,2025,11,chestertonsarasota.org
1166,Sarasota,COMMUNITY DAY SCHOOL,4335 WILKINSON ROAD,SARASOTA,34233,Yes,Yes,Yes,No,Yes,Yes,Jewish,PK-08,FCIS,2025,201,communityday.org
6747,Sarasota,COMMUNITY HAVEN FOR ADULTS AND CHILDREN,4405 DESOTO ROAD,SARASOTA,34235,Yes,Yes,Yes,No,Yes,No,,KG-12,,2026,56,thehavensrq.org
610,Sarasota,CURIOUS AND KIND EDUCATION,1235 42ND STREET,SARASOTA,34234,No,No,No,No,No,No,,,,2025,0,gmail.com
5903,Sarasota,EASTER SEALS SWFL PRIMARY ACADEMY,3100 FRUITVILLE RD,SARASOTA,34237,Yes,Yes,Yes,No,Yes,No,,KG-12,,2025,84,easterseals-swfl.org
5713,Sarasota,ENGLEWOOD CHRISTIAN SCHOOL,571 MEDICAL DRIVE,ENGLEWOOD,34223,Yes,Yes,Yes,No,Yes,Yes,Non-Denominational,KG-12,CGACS,2026,83,gmail.com
813,Sarasota,EPIPHANY CATHEDRAL SCHOOL,316 SARASOTA STREET,VENICE,34285,Yes,Yes,Yes,No,Yes,Yes,Catholic,PK-08,FCCAP,2025,248,ecstigers.com
3953,Sarasota,EUROPEAN ACADEMY OF EARLY EDUCATION,239 ALBEE RD. W.,NOKOMIS,34275,Yes,Yes,Yes,No,No,No,,PK-01,,2026,61,icloud.com
9586,Sarasota,FIRST MONTESSORI,7888 Grande Shores Dr,SARASOTA,34240,Yes,Yes,Yes,No,No,Yes,Not Applicable,PK-05,,2026,53,gmail.com
5780,Sarasota,FOUNDATIONS CHRISTIAN MONTESSORI ACADEMY,4141 DESOTO ROAD,SARASOTA,34235,Yes,Yes,Yes,No,Yes,Yes,Non-Denominational,PK-12,FLOCS,2025,117,foundationscma.org
5479,Sarasota,GENERATION HARVEST INC.,4822 Bookelia Circle,Bradenton,34203,No,No,No,No,No,No,,03-12,,2025,15,fromcradletocalling.com
929,Sarasota,INCARNATION SCHOOL,2911 BEE RIDGE ROAD,SARASOTA,34239,Yes,Yes,Yes,No,Yes,Yes,Catholic,PK-08,FCCAP,2025,200,incarnationschool.edu
1536,Sarasota,KINDERGARTEN PREP,3186 ABBINGTON ST,NORTH PORT,34286,Yes,Yes,Yes,No,Yes,No,,PK-02,,2025,57,kindergartenprepinc.com
2560,Sarasota,LIBERTY BAPTIST ACADEMY,4249 BAHIA VISTA STREET,SARASOTA,34232,Yes,Yes,Yes,No,Yes,Yes,Baptist,KG-11,,2025,33,lbcsarasota.com
9469,Sarasota,LIBERTY CHRISTIAN ACADEMY OF SARASOTA,2923 ASHTON ROAD,SARASOTA,34231,Yes,Yes,Yes,Yes,Yes,Yes,Non-Denominational,KG-07,,2025,88,lcasarasota.com
9127,Sarasota,LITTLE RANCHERS LEARNING CENTER,5600 DEER DR.,SARASOTA,34240,Yes,Yes,Yes,No,Yes,Yes,Baptist,PK-KG,,2025,63,lwrbaptist.com
6817,Sarasota,M.I.N.D. School House,4537 South Lockwood Ridge Road,Sarasota,34231,No,No,No,No,No,No,,,,2026,0,mindschoolhouse.com
3865,Sarasota,MANGROVE SCHOOL OF SARASOTA,7225 LOCKWOOD RIDGE ROAD,SARASOTA,34243,Yes,Yes,Yes,No,Yes,No,,PK-08,,2026,69,gmail.com
1998,Sarasota,NEW GATE SCHOOL,5237 ASHTON RD.,SARASOTA,34233,Yes,Yes,Yes,No,Yes,No,,PK-11,COGNIA,2026,61,newgate.edu
4674,Sarasota,NORTH PORT CHRISTIAN SCHOOL INC,695 Center Rd,Venice,34285,Yes,Yes,Yes,No,Yes,Yes,Assemblies of God,,,2025,0,liftchurch.com
8464,Sarasota,NUR ACADEMY,4350 N LOCKWOOD RIDGE RD,SARASOTA,34234,Yes,Yes,Yes,No,Yes,Yes,Islamic/Muslim,PK-08,,2025,36,nuracademyfl.com
1436,Sarasota,OUT-OF-DOOR ACADEMY INC.,444 REID STREET,SARASOTA,34242,No,No,No,No,Yes,No,,PK-12,FCIS,2025,883,oda.edu
4973,Sarasota,PALM GROVE MENNONITE SCHOOL,1087 BENEVA RD.,SARASOTA,34232,Yes,Yes,Yes,No,Yes,Yes,Other,KG-12,,2025,89,gmail.com
2015,Sarasota,PEACEFUL PATHWAYS ACADEMY LLC,242 S. WASHINGTON BLVD,SARASOTA,34236,No,No,No,No,No,No,,01,,2025,1,gmail.com
1135,Sarasota,Phoenix Academy,2500 10th Street,Sarasota,34237,Yes,Yes,Yes,No,No,No,,06-12,,2025,110,comcast.net
2239,Sarasota,POTTER'S WHEEL ACADEMY,6102 39TH AVE W,BRADENTON,34209,No,No,No,No,No,No,,11-12,,2025,5,gmail.com
5665,Sarasota,PRECIOUS JEWELS ACADEMY,P. O. BOX 3085,SARASOTA,34230,No,No,No,No,Yes,Yes,Non-Denominational,,,2025,0,gmail.com
1920,Sarasota,PREW ACADEMY OF SARASOTA INC.,5020 FIELDING LANE,SARASOTA,34233,Yes,Yes,Yes,No,Yes,No,,06-12,,2025,54,prewacademyofsarasota.com
2227,Sarasota,PRODIGY EARLY LEARNING AT WELLEN PARK,11511 MEZZO DRIVE,VENICE,34293,Yes,Yes,Yes,No,No,No,,PK-KG,COGNIA,2025,36,prodigylearn.com
3429,Sarasota,PROVIDENCE COMMUNITY SCHOOL,5600 DEER DRIVE,SARASOTA,34240,No,No,No,No,Yes,Yes,Non-Denominational,PK-12,FCCPSA,2025,40,pcsfla.org
9064,Sarasota,ROOTS NATURE AND LEADERSHIP ACADEMY,7950 S TAMIAMI TRAIL,SARASOTA,34231,Yes,Yes,Yes,No,No,No,,PK-07,,2025,66,rootsacademysarasota.com
1336,Sarasota,SAINT MARTHA,4380 FRUITVILLE ROAD,SARASOTA,34232,Yes,Yes,Yes,No,Yes,Yes,Catholic,PK-08,FCCAP,2025,446,stmarthaschool.net
4335,Sarasota,SALTMEADOW SCHOOL,6210 CRESTWOOD AVE,SARASOTA,34231,No,No,No,No,No,No,,06-12,,2025,6,saltmeadowschool.org
1242,Sarasota,SARASOTA CHRISTIAN SCHOOL,5415 BAHIA VISTA STREET,SARASOTA,34232,Yes,Yes,Yes,No,Yes,Yes,Non-Denominational,PK-12,COGNIA,2025,780,sarasotachristian.org
4355,Sarasota,SARASOTA JEWISH DAY SCHOOL,1050 S TUTTLE AVE,SARASOTA,34237,Yes,Yes,Yes,No,Yes,Yes,Jewish,PK-KG,,2025,3,gmail.com
1716,Sarasota,SEA OF STRENGTHS ACADEMY,7313 INTERNATIONAL PL SUITE 90,SARASOTA,34240,Yes,Yes,Yes,No,Yes,No,,01-10,,2025,25,sosaschool.com
3472,Sarasota,ST. MARY ACADEMY,4380 FRUITVILLE ROAD,SARASOTA,34232,Yes,Yes,Yes,No,Yes,Yes,Catholic,01-08,FCCAP,2025,78,stmarysarasota.org
6333,Sarasota,STAR LAB,1254 RIEGELS LANDING DR.,SARASOTA,34242,Yes,Yes,Yes,No,Yes,No,,KG-03,,2025,20,starlab.world
6148,Sarasota,Star Lab 2,1254 Riegels Landing Dr.,Sarasota,34242,Yes,Yes,Yes,No,Yes,No,,02-04,,2026,19,starlab.world
7994,Sarasota,THE ACADEMIC RENEWAL KONNECTION,"5317 FRUITVILLE RD, SUITE 96",SARASOTA,34232,No,No,No,No,No,No,,06-08,,2025,4,gmail.com
7457,Sarasota,THE BRIDGE SARASOTA,ICO MARIA WHITE,BRADENTON,34209,No,No,No,No,Yes,No,,05-12,,2026,8,thebridgesarasota.com
7238,Sarasota,THE CLASSICAL ACADEMY OF SARASOTA,8000 BEE RIDGE,SARASOTA,34241,Yes,Yes,Yes,No,Yes,No,,PK-12,COGNIA,2026,963,tcasarasota.com
9591,Sarasota,TRINITY DREAMERS AND VISIONARIES,1920 NORTHGATE BLVD,SARASOTA,34234,Yes,Yes,Yes,No,Yes,Yes,Non-Denominational,KG-12,,2025,8,yahoo.com
1589,Sarasota,VENICE CHRISTIAN SCHOOL,1200 CENTER ROAD,VENICE,34292,Yes,Yes,Yes,No,Yes,Yes,Non-Denominational,PK-12,CGACS,2026,415,venicechristianschool.org
5439,Sarasota,VICTORY BAPTIST ACADEMY,235 N TAMIAMI TRAIL,OSPREY,34229,Yes,Yes,Yes,No,Yes,Yes,Baptist,KG-12,,2025,75,yahoo.com
4025,Sarasota,WESTCOAST SCHOOL FOR HUMAN DEVELOPMENT,403 N WASHINGTON BLVD,SARASOTA,34236,Yes,Yes,Yes,No,Yes,Yes,Multi/ Inter/ Trans-Denominational,,,2025,0,aol.com
3548,Seminole,ACC ACADEMY,2135 W SR 434,LONGWOOD,32750,No,No,No,No,Yes,No,,,,2025,0,acoreconnection.com
7337,Seminole,ADVANCE LEARNING ACADEMY,140 ADVANCE POINT,MAITLAND,32751,Yes,Yes,Yes,No,No,No,,KG-12,COGNIA,2025,86,advancelearningacademy.com
515,Seminole,ALL SOULS CATHOLIC SCHOOL,810 S. OAK AVENUE,SANFORD,32771,Yes,Yes,Yes,No,Yes,Yes,Catholic,PK-08,FCCAP,2025,257,allsoulscatholicschool.org
5123,Seminole,ALPINE ACADEMY,848 EXECUTIVE DRIVE,OVIEDO,32765,No,No,No,No,No,No,,KG-12,,2025,76,myalpine.org
1437,Seminole,ALTAMONTE CHRISTIAN SCHOOL,601 PALM SPRINGS DRIVE,ALTAMONTE SPRINGS,32701,Yes,Yes,Yes,No,Yes,Yes,Baptist,06-12,COGNIA,2025,194,altamontechristian.org
6356,Seminole,ALTAMONTE CHRISTIAN SCHOOL 2,601 PALM SPRINGS DRIVE,ALTAMONTE SPRINGS,32701,Yes,Yes,Yes,No,Yes,Yes,Baptist,PK-05,FACCS,2025,204,altamontechristian.org
1999,Seminole,ANNUNCIATION CATHOLIC ACADEMY,593 JAMESTOWN BLVD,ALTAMONTE SPRINGS,32714,Yes,Yes,Yes,No,Yes,Yes,Catholic,PK-08,FCCAP,2025,618,annunciationacademy.org
1727,Seminole,APOGEE STRONG ORLANDO,2521 COLONY AVE,KISSIMMEE,34744,Yes,Yes,Yes,Yes,No,No,,KG-07,,2025,24,apogeestrongorlando.com
5832,Seminole,ARBOR SCHOOL OF CENTRAL FLORIDA,1010 SPRING VILLAS PT.,WINTER SPRINGS,32708,Yes,Yes,Yes,No,Yes,No,,06-12,FCIS,2025,106,arborschoolflorida.com
8207,Seminole,ARBOR SCHOOL OF CENTRAL FLORIDA 2,1010 SPRINGS VILLAS POINTE,WITNER SPRINGS,32708,Yes,Yes,Yes,No,Yes,No,,KG-12,FCIS,2025,57,arborschoolflorida.com
3599,Seminole,ARBOR SCHOOL OF CENTRAL FLORIDA AT WEKIVA,1010 SPRINGS VILLAS POINTE,WITNER SPRINGS,32708,Yes,Yes,Yes,No,Yes,No,,KG-05,,2025,24,arborschoolflorida.org
2159,Seminole,BAINBRIDGE ACADEMY,P.O. BOX 623153,OVIEDO,32762,Yes,Yes,Yes,No,No,No,,02-12,,2025,33,yahoo.com
1304,Seminole,BEAR LAKE CHRISTIAN SCHOOL,1251 BEAR LAKE ROAD,APOPKA,32703,Yes,Yes,Yes,No,Yes,Yes,Non-Denominational,01-10,,2025,23,earthlink.net
7122,Seminole,BEAR LAKE MONTESSORI ACADEMY,843 N. SR 434,ALTAMONTE SPRINGS,32714,Yes,Yes,Yes,No,No,No,,PK-KG,,2025,14,aol.com
3605,Seminole,BRIDGE ACADEMY,1070 MONTGOMERY RD,ALTAMONTE SPRINGS,32714,No,No,No,No,No,No,,KG-11,,2026,84,bridgeacademy.us
3215,Seminole,BRIGHT CHANCE ACADEMY,1619 BANKHEAD AVE,MASCOTTE,34753,No,No,No,No,No,Yes,Pentecostal,PK-06,,2025,12,brightchanceacademy.com
8281,Seminole,CENTRAL FLORIDA ACADEMY,1626 WEST AIRPORT BLVD.,SANFORD,32771,Yes,Yes,Yes,No,No,No,,PK-12,COGNIA,2025,66,centralfloridaacademy.com
5708,Seminole,CENTRAL FLORIDA PREPARATORY ACADEMY,1620 WEST AIRPORT BLVD,SANFORD,32773,Yes,Yes,Yes,No,Yes,No,,PK-12,,2025,119,centralfloridaacademy.com
4877,Seminole,Chabad of Altamonte Springs,195 South Westmonte DriveSuites 1132 and 1218,Altamonte Springs,32714,No,No,No,No,Yes,Yes,Jewish,PK,,2026,5,jewishaltamonte.org
2474,Seminole,CHAMPION PREPARATORY ACADEMY,251 E. LAKE BRANTLEY DR.,LONGWOOD,32779,Yes,Yes,Yes,Yes,Yes,Yes,Non-Denominational,PK-12,,2025,202,championprep.org
7327,Seminole,CHESTERTON ACADEMY OF ORLANDO,3401 FLORIDA AVE,OVIEDO,32765,Yes,Yes,Yes,No,Yes,No,,09-12,,2025,77,chestertonorlando.com
2225,Seminole,CHRYSALIS SCHOOL INC.,1173 SPRING CENTRE SOUTH BLVD,ALTAMONTE SPRINGS,32714,Yes,Yes,Yes,No,No,No,,KG-10,,2025,31,chrysaliscenterforchange.com
2789,Seminole,CIRCLE CHRISTIAN SCHOOL,1491 E STATE ROAD 434,WINTER SPRINGS,32708,Yes,Yes,Yes,Yes,Yes,Yes,Non-Denominational,KG-12,COGNIA,2026,903,circlechristianschool.org
5270,Seminole,Circle Christian School Longwood,893 E SR 434,Longwood,32750,Yes,Yes,Yes,No,Yes,Yes,Non-Denominational,07-12,,2026,442,circlechristianschool.org
5840,Seminole,CITY CHURCH ACADEMY,1701 S. ORANGE BLVD.,SANFORD,32771,Yes,Yes,Yes,No,Yes,Yes,Assemblies of God,PK-08,FLOCS,2025,204,citychurchfl.org
6443,Seminole,Coqui Academy Elementary,301 San Marcos,Sanford,32771,No,No,No,No,Yes,No,,,,2025,0,gmail.com
1476,Seminole,CROSSLIFE CHRISTIAN ACADEMY,45 W. BROADWAY STREET,OVIEDO,32765,Yes,Yes,Yes,No,Yes,Yes,Baptist,KG-03,,2025,103,crosslifeca.com
6833,Seminole,Discovery Island Learning Academy Inc.,1455 South US Highway 17 92,Longwood,32750,No,No,No,No,No,No,,,,2025,0,discoveryislandlearningacademy.com
5016,Seminole,Diverse Minds Academy,880 E State Rd 434,Longwood,32750,Yes,Yes,Yes,No,No,No,,,,2025,0,gmail.com
990,Seminole,DOUBLE R PRIVATE SCHOOL INC.,725 COUNTRY SCHOOL TRAIL,CHULUOTA,32766,Yes,Yes,Yes,No,No,No,,PK-08,AISF,2025,147,yahoo.com
7087,Seminole,EARLY CHILDHOOD CENTER,263 KING STREET,OVIEDO,32765,Yes,Yes,Yes,No,Yes,Yes,Methodist,PK-02,,2025,215,fmcoviedo.net
814,Seminole,FOREST LAKE ACADEMY,500 EDUCATION LOOP,APOPKA,32703,Yes,Yes,Yes,No,Yes,Yes,Seventh Day Adventist,09-12,CITA,2025,393,forestlake.org
873,Seminole,FOREST LAKE EDUCATION CENTER,1275 LEARNING LOOP,LONGWOOD,32779,Yes,Yes,Yes,No,Yes,Yes,Seventh Day Adventist,PK-08,,2025,665,myflec.com
6354,Seminole,HEATHROW CHRISTIAN ACADEMY,5210 MARKHAM WOODS ROAD,LAKE MARY,32746,Yes,Yes,Yes,No,Yes,Yes,Presbyterian,KG-01,,2026,25,hcamwpc.org
4845,Seminole,HIGH SCHOOL GATE,,,,No,No,No,No,No,No,,,,2026,0,highschoolgate.com
5663,Seminole,HIGHLANDS LATIN SCHOOL,P.O BOX 62,GOTHA,34734,Yes,Yes,Yes,No,Yes,Yes,Non-Denominational,PK-08,,2025,120,highlandslatin.org
1303,Seminole,HOLY CROSS LUTHERAN ACADEMY,5460 HOLY CROSS CT,SANFORD,32771,Yes,Yes,Yes,No,Yes,Yes,Lutheran,PK-05,COGNIA,2025,281,thehcla.org
8881,Seminole,HOLY CROSS LUTHERAN ACADEMY UPPER SCHOOL,100 AERO LANE,SANFORD,32771,Yes,Yes,Yes,No,Yes,Yes,Lutheran,06-12,,2025,263,thehcla.org
8989,Seminole,INSPIRE LEARNING ACADEMY,1330 Lee Road,orlando,32810,Yes,Yes,Yes,Yes,No,No,,PK-12,,2025,86,gmail.com
4882,Seminole,INTEGRITY LEARNING ACADEMY,351 S STATE RD 434,ALTAMONTE SPRIN,32714,No,No,No,No,Yes,Yes,Seventh Day Adventist,01-12,,2025,13,flcoe.org
2504,Seminole,INTERNATIONAL COMMUNITY SCHOOL,4800 HOWELL BRANCH ROAD,WINTER PARK,32792,No,No,No,Yes,Yes,Yes,Non-Denominational,PK-12,COGNIA,2025,367,icsfla.org
1196,Seminole,KINGSBRIDGE SCHOLARS,625 HAMPSHIRE LANE,OVIEDO,32765,No,No,No,No,No,No,,02-09,,2025,4,kingsbridgescholars.org
1466,Seminole,LAKE FORREST PREPARATORY SCHOOL,866 LAKE HOWELL ROAD,MAITLAND,32751,Yes,Yes,Yes,No,No,No,,PK-08,AISF,2025,207,lakeforrestprep.com
3668,Seminole,LAKE MARY PREPARATORY SCHOOL,650 RANTOUL LANE,LAKE MARY,32746,Yes,Yes,Yes,No,No,No,,PK-12,"FCIS, COGNIA",2026,604,lakemaryprep.com
1537,Seminole,LAKESHORE LEARNING LLC,15542 PANTHER LAKE DRIVE,WINTER GARDEN,34787,No,No,No,No,No,No,,,,2025,0,gmail.com
1055,Seminole,LIBERTY CHRISTIAN SCHOOL,2626 PALMETTO AVENUE,SANFORD,32773,Yes,Yes,Yes,No,Yes,Yes,Baptist,PK-12,,2025,184,pabc-lcs.org
5744,Seminole,"Light Years Ahead Of Apopka, LLC",625 Executive Park Court,Apopka,32703-6075,Yes,Yes,Yes,No,No,No,,PK,,2025,20,gmail.com
5065,Seminole,LIGHTHOUSE BAPTIST ACADEMY,3834 HOWELL BRANCH ROAD,WINTER PARK,32792,Yes,Yes,Yes,No,Yes,Yes,Baptist,05-12,,2025,6,lbcwinterpark.com
8359,Seminole,LIVE OAK MONTESSORI SCHOOL,800 W LAKE MARY BLVD,SANFORD,32773,Yes,Yes,Yes,No,Yes,No,,PK-07,,2025,27,hotmail.com
8589,Seminole,MASTER'S TRAINING ACADEMY INC.,491 N. SR 434 SUITE 1250,ALTAMONTE SPRINGS,32714,Yes,Yes,Yes,No,No,Yes,Non-Denominational,04-12,,2025,5,yahoo.com
965,Seminole,MERCY HIGH WAY,522 DOG TRACK ROAD,LONGWOOD,32750,Yes,Yes,Yes,No,Yes,Yes,Non-Denominational,09-11,,2025,8,mercyrd.org
4720,Seminole,MONARCH MONTESSORI OF LAKE MARY,3551 W. LAKE MARY BLVD STE 207,LAKE MARY,32746,Yes,Yes,Yes,No,No,No,,PK-06,,2025,68,mmolm.org
6682,Seminole,Ocean Coast Academy,421 Longwood Lake Mary Road,Lake Mary,32746,No,No,No,No,Yes,No,,,,2025,0,gmail.com
1935,Seminole,ONE SCHOOL OF THE ARTS,1675 DIXON ROAD,LONGWOOD,32779,Yes,Yes,Yes,No,Yes,Yes,Assemblies of God,PK-12,COGNIA,2025,543,oneschool.net
7473,Seminole,ONE SCHOOL OF THE ARTS & SCIENCES - LAND OF HOPE,477 Commerce Way,Longwood,32750,Yes,Yes,Yes,No,Yes,Yes,Assemblies of God,,,2025,0,oneschool.net
2178,Seminole,ORANGEWOOD CHRISTIAN SCHOOL K4-6,1300 WEST MAITLAND BLVD.,MAITLAND,32751,Yes,Yes,Yes,No,Yes,Yes,Presbyterian,PK-06,"CSF, COGNIA",2025,574,ocsrams.org
7934,Seminole,OVIEDO MONTESSORI BILINGUAL ACADEMY,261 S CENTRAL AVE,OVIEDO,32765,Yes,Yes,Yes,No,No,No,,PK-KG,,2025,32,montessorioviedo.com
1560,Seminole,PACE BRANTLEY PREPARATORY SCHOOL,3221 SAND LAKE ROAD,LONGWOOD,32779,Yes,Yes,Yes,No,Yes,No,,03-12,FCIS,2026,117,pacebrantley.org
1904,Seminole,PRIMROSE SCHOOL OF OVIEDO,1933 W COUNTY ROAD 419,OVIEDO,32766,Yes,Yes,Yes,No,No,No,,PK-KG,,2025,57,primroseoviedo.com
2557,Seminole,PRIMROSE SCHOOL OF WINTER SPRINGS,90 HERITAGE PARK STREET,WINTER SPRINGS,32708,Yes,Yes,Yes,No,No,No,,PK-KG,,2026,46,primrosewintersprings.com
7557,Seminole,PRODIGY ACADEMY ADVANCE LEARNING CENTER,2575 S French Ave,SANFORD,32773,Yes,Yes,Yes,Yes,No,No,,PK-09,,2026,42,gmail.com
1977,Seminole,PROMISE KIDS ACADEMY,561 ORANGE AVE,LONGWOOD,32750,Yes,Yes,Yes,No,Yes,Yes,Pentecostal,PK,,2025,13,mypromisekids.com
6295,Seminole,REVIVAL FIRE CHRISTIAN ACADEMY,525 SOUTH RONALD REAGAN BLVD.,LONGWOOD,32750,Yes,Yes,Yes,No,Yes,Yes,Non-Denominational,KG-11,,2025,32,revivalchristianacademy.org
1200,Seminole,RIVERWALK CHRISTIAN ACADEMY,801 WEST 22ND ST,SANFORD,32771,Yes,Yes,Yes,Yes,Yes,Yes,Pentecostal,PK-09,CGACS,2025,74,gmail.com
5845,Seminole,SAINT THOMAS MORE ACADEMY,550 RIVERVIEW AVE.,SANFORD,32771,Yes,Yes,Yes,No,Yes,Yes,Catholic,KG-12,,2026,91,gmail.com
1733,Seminole,SANLANDO CHRISTIAN SCHOOL,1894 WEST STATE ROAD 434,LONGWOOD,32750,Yes,Yes,Yes,Yes,Yes,Yes,Methodist,PK-03,,2026,63,sanlando.org
1566,Seminole,SCHOOL OF SOUND DOCTRINE,1803 PALOMA AVE,SANFORD,32771,No,No,No,No,No,Yes,Pentecostal,PK-09,,2025,8,gmail.com
690,Seminole,SEMINOLE INDEPENDENT PRIVATE SCHOOL,945 LONGDALE AVENUE,LONGWOOD,32750,No,No,No,No,Yes,No,,KG-12,,2025,10,yahoo.com
9093,Seminole,SHINE ACADEMY,605 Orange Blvd,Sanford,32771,Yes,Yes,Yes,Yes,Yes,Yes,Islamic/Muslim,PK-04,,2026,43,shinefl.org
2165,Seminole,SMITH PREPARATORY ACADEMY,PO BOX 521522,LONGWOOD,32752,Yes,Yes,Yes,No,No,Yes,Non-Denominational,PK-12,"COGNIA, FCCPSA",2025,171,smithprep.com
6796,Seminole,SOCRATES PREPARATORY SCHOOL,3955 RED BUG LAKE ROAD,CASSELBERRY,32707,Yes,Yes,Yes,No,Yes,No,,02-12,COGNIA,2026,47,socprep.org
5884,Seminole,Southern Coast Academy,12803 Grovehurst Ave.,Winter Garden,34787,No,No,No,No,No,Yes,Non-Denominational,,,2025,0,scapreparatory.com
5833,Seminole,Spectrum Bridge Academy,900 Silkwood Ct Suite 100,Longwood,32750-2604,No,No,No,No,No,No,,,,2025,0,hotmail.com
1136,Seminole,ST. LUKE'S LUTHERAN SCHOOL,2025 W STATE RD 426,OVIEDO,32765,Yes,Yes,Yes,No,Yes,Yes,Lutheran,PK-08,"FLGA-LCMS, COGNIA",2026,882,sllcs.org
1167,Seminole,ST. MARY MAGDALEN CATHOLIC SCHOOL,869 MAITLAND AVENUE,ALTAMONTE SPRINGS,32701,Yes,Yes,Yes,No,Yes,Yes,Catholic,PK-08,FCCAP,2025,563,smmschool.org
1854,Seminole,ST. PETER'S PRESCHOOL KINDERGARTEN,700 RINEHART ROAD,LAKE MARY,32746,Yes,Yes,Yes,No,Yes,Yes,Episcopalian,PK-KG,,2026,42,stpeterslakemary.org
5206,Seminole,STARCHILD ACADEMY LAKE MARY,200 LONGWOOD LAKE MARY RD,LAKE MARY,32746,Yes,Yes,Yes,No,No,No,,PK-05,,2025,189,starchildlakemary.com
1313,Seminole,THE ECCLESIAL SCHOOL AT NORTHLAND,530 DOG TRACK RD,LONGWOOD,32750,Yes,Yes,Yes,No,Yes,Yes,Non-Denominational,KG-07,,2025,146,esischools.org
6323,Seminole,THE ECCLESIAL SCHOOL AT ST. ALBAN'S,3348 W STATE ROAD 426,OVIEDO,32765,Yes,Yes,Yes,No,Yes,Yes,Non-Denominational,KG-11,,2025,204,esischools.org
140,Seminole,THE GENEVA SCHOOL INC.,1775 SEMINOLA BLVD,CASSELBERRY,32707,Yes,Yes,Yes,No,Yes,Yes,Non-Denominational,PK-12,,2026,688,genevaschool.org
3929,Seminole,THE GLEN ACADEMY,1300 SEMINOLA BOULEVARD,CASSELBERRY,32707,Yes,Yes,Yes,No,No,No,,PK,,2025,21,yahoo.com
8668,Seminole,THE GODDARD SCHOOL-OVIEDO,240 S CENTRAL AVE,OVIEDO,32765,Yes,Yes,Yes,No,No,No,,PK-KG,,2025,54,goddardschools.com
3493,Seminole,THE LYMAN SCHOOL,1870 STATE ROAD 436,WINTER PARK,32792,Yes,Yes,Yes,No,Yes,No,,KG-12,,2025,76,gmail.com
1529,Seminole,THE MASTER'S ACADEMY,1500 LUKAS LANE,OVIEDO,32765,Yes,Yes,Yes,No,Yes,Yes,Non-Denominational,PK-12,COGNIA,2025,1157,mastersacademy.org
1700,Seminole,THE ROCK ACADEMY,6641 W  SR 46,SANFORD,32771,Yes,Yes,Yes,Yes,Yes,Yes,Non-Denominational,PK-12,FCCPSA,2026,196,wearetherockofcf.org
3995,Seminole,TOP KIDZ CHRISTIAN ACADEMY PRIVATE SCHOOL,220 TUESKEGEE DR,SANFORD,32771,Yes,Yes,Yes,Yes,Yes,Yes,Non-Denominational,KG-06,,2025,32,gmail.com
7758,Seminole,TRINITY SIMONE CHRISTIAN PREPARATORY ACAD.,528 W. LAKE MARY BLVD,SANFORD,32773,Yes,Yes,Yes,No,Yes,Yes,Non-Denominational,KG-10,,2025,60,aol.com
1967,Seminole,TUSKAWILLA LEARNING CENTER,1625 MONTESSORI POINT,OVIEDO,32765,Yes,Yes,Yes,No,No,No,,PK-12,COGNIA,2025,284,tuskmont.org
4816,Seminole,WALDEN COMMUNITY SCHOOL,214 TYREE LN,WINTER PARK,32792,Yes,Yes,Yes,No,Yes,No,,KG-12,COGNIA,2026,59,waldencommunityschool.com
6572,Seminole,WISE ACADEMY,786 MYRTLE STREET,SANFORD,32773,Yes,Yes,Yes,Yes,Yes,Yes,Islamic/Muslim,PK-09,,2026,155,wiseorlando.org
9290,Seminole,YOUNG INNOVATORS ACADEMY,1288 SANCTUARY DR. OVIEDO FL 3,OVIEDO,32766,Yes,Yes,Yes,No,No,No,,PK-01,,2026,65,younginnovatorsccn.com
4638,Seminole,ZYBERSPACE LEARNING ONLINE ACADEMY,1070 MONTGOMERY RD STE 396,ALTAMONTE SPRINGS,32714,No,No,No,No,No,No,,06-07,,2025,2,myzyberspace.com
9799,St. Johns,ACTON ACADEMY PONTE VEDRA,680 Crosswater Pkwy,PONTE VEDRA,32081,Yes,Yes,Yes,No,No,No,,02-09,,2025,37,actonacademypv.com
8289,St. Johns,APEX CHRISTIAN ACADEMY,2600 US1 SOUTH 1,ST AUGUSTINE,32086,No,No,No,No,Yes,Yes,Non-Denominational,03-12,,2025,14,rhinosfl.com
4570,St. Johns,ARK CHRISTIAN ACADEMY,307 ANASTASIA BLVD.,ST. AUGUSTINE,32080,Yes,Yes,Yes,No,Yes,Yes,Baptist,01-10,FCCPSA,2025,16,yahoo.com
1780,St. Johns,BEACON OF HOPE CHRISTIAN SCHOOL,1230 KINGS ESTATE ROAD,ST. AUGUSTINE,32086,Yes,Yes,Yes,No,Yes,Yes,Church of God,KG-12,"FLOCS, COGNIA, CGACS",2025,84,beaconeagles.net
1340,St. Johns,BOLLES,200 ATP TOUR BOULEVARD,PONTE VEDRA BEACH,32082,No,No,No,No,Yes,No,,PK-05,FCIS,2025,255,bolles.org
8579,St. Johns,BRIDGEHAVEN ACADEMY,8132 WEKIVA WAY,JACKSONVILLE,32256,No,No,No,No,Yes,No,,12,,2025,4,gmail.com
749,St. Johns,CATHEDRAL PARISH SCHOOL,259 ST GEORGE STREET,SAINT AUGUSTINE,32084,Yes,Yes,Yes,No,Yes,Yes,Catholic,PK-08,FCCAP,2026,403,cpsschool.org
889,St. Johns,CENTER ACADEMY - JULINGTON CREEK,106 JULINGTON PLAZA DR. UNIT 4,ST. JOHNS,32259,Yes,Yes,Yes,No,No,No,,04-12,COGNIA,2025,109,centeracademy.com
1302,St. Johns,CHRIST EPISCOPAL PRESCHOOL,400 SAN JUAN DRIVE,PONTE VEDRA BEACH,32082,Yes,Yes,Yes,No,Yes,Yes,Episcopalian,PK-KG,COGNIA,2026,144,preschoolcec.org
9083,St. Johns,COLLAGE DAY SCHOOL,171 CANAL BLVD,PONTE VEDRA,32082,Yes,Yes,Yes,No,No,No,,PK-05,,2026,163,collagedayschool.org
5742,St. Johns,Immersion Montessori School,210 Commerce Lake Drive,St. Augustine,32095,No,No,No,No,No,No,,,,2025,0,uvims.com
7704,St. Johns,ISLAND PREP,4001 A1A S,SAINT AUGUSTINE,32080,Yes,Yes,Yes,No,No,No,,KG-08,,2025,167,islandprep.com
9196,St. Johns,IVYBROOK ACADEMY,200 NORTH RIDGECREST LANE,ST. JOHNS,32259,Yes,Yes,Yes,No,No,No,,KG,,2025,33,ivybrookacademy.com
2506,St. Johns,IVYBROOK ACADEMY VALLEY RIDGE,10660 US 1 N SUITE 103,PONTE VEDRA BEACH,32081,Yes,Yes,Yes,No,No,No,,KG,,2025,19,ivybrookacademy.com
5878,St. Johns,KINOVU SCHOOL OF ST JOHNS,1520 LONGLEAF PINE PKWY STE 4,ST JOHNS,32259,No,No,No,No,No,No,,PK,,2025,6,kinovuschools.com
6334,St. Johns,MATANZAS CHRISTIAN ACADEMY PRIV SCH SYS INC,4056 PINE RUN CIRCLE,ST  AUGUSTINE,32086,No,No,No,No,Yes,Yes,Non-Denominational,02-12,,2025,47,comcast.net
1660,St. Johns,PALMER CATHOLIC ACADEMY,4889 PALM VALLEY ROAD,PONTE VEDRA BEACH,32082,Yes,Yes,Yes,No,Yes,Yes,Catholic,PK-08,FCCAP,2026,462,pcapvb.org
9148,St. Johns,PRODIGY ELC AT TREATY OAKS,1535 BRINKHOFF RD,ST. AUGUSTINE,32086,Yes,Yes,Yes,No,No,No,,PK,,2026,20,prodigylearn.com
8539,St. Johns,RIVER OAK ACADEMY,3355 STATE ROAD 13,SAINT JOHNS,32259,Yes,Yes,Yes,Yes,Yes,No,,KG-12,,2025,21,riveroakacademy.org
1588,St. Johns,SAN JUAN DEL RIO CATHOLIC SCHOOL,1714 STATE ROAD 13,ST. JOHNS,32259,Yes,Yes,Yes,No,Yes,Yes,Catholic,PK-08,FCCAP,2026,542,sjdrsaints.org
1163,St. Johns,ST. GERARD CAMPUS INC.,1405 US 1 SOUTH,ST. AUGUSTINE,32084,Yes,Yes,Yes,No,Yes,Yes,Non-Denominational,09-12,,2025,11,stgerardcampus.org
1210,St. Johns,St. John's Academy,1533 Wildwood Drive,St. Augustine,32086,No,No,No,No,Yes,Yes,Multi/ Inter/ Trans-Denominational,06-12,,2026,71,stjohnsacademy.com
1610,St. Johns,ST. JOHN'S ACADEMY,1533 Wildwood Drive,St. Augustine,32086,Yes,Yes,Yes,No,Yes,Yes,Multi/ Inter/ Trans-Denominational,KG-12,,2026,102,stjohnsacademy.com
679,St. Johns,ST. JOSEPH ACADEMY,155 STATE ROAD 207,SAINT AUGUSTINE,32084,Yes,Yes,Yes,No,Yes,Yes,Catholic,09-12,COGNIA,2026,348,sjaweb.org
1054,St. Johns,STAR BRIGHT ACADEMY,1425 TINTERN LN,SAINT AUGUSTINE,32092,No,No,No,No,No,No,,PK-01,,2025,3,gmail.com
3627,St. Johns,THE CARTER LEADERSHIP ACADEMY INC,PO BOX 472,HASTINGS,,No,No,No,No,Yes,Yes,Non-Denominational,,,2025,0,yahoo.com
5152,St. Johns,The Goddard School,55 Colonnade Drive,Nocatee,32081,Yes,Yes,Yes,No,No,No,,PK,,2025,60,sunshineeducationgroup.com
474,St. Johns,THE MANDALA SCHOOL,185 LANDRUM LANE,PONTE VEDRA BCH,32082,Yes,Yes,Yes,No,No,No,,KG-10,,2025,32,mandalafamilywellness.com
9160,St. Johns,THE PIONEER SCHOOL,2299 ROLLING HILLS DR.,ST. AUGUSTINE,32086,Yes,Yes,Yes,No,Yes,No,,06-08,,2026,60,staugustinepioneer.com
1213,St. Johns,THREE APPLES SCHOOL,129 PESCADO DR,ST AUGUSTINE,32095,Yes,Yes,Yes,Yes,No,No,,PK-03,,2025,27,threeapplesschool.com
5162,St. Johns,TURNING POINT CHRISTIAN ACADEMY,3500 STATE ROAD 16,SAINT AUGUSTINE,32092,Yes,Yes,Yes,No,Yes,Yes,Baptist,PK-09,FACCS,2025,469,tpcalvary.com
8992,St. Johns,VERITAS CLASSICAL PRIVATE SCHOOL INC,253 STATE ROAD 16,ST. AUGUSTINE,32084,Yes,Yes,Yes,No,Yes,Yes,Non-Denominational,KG-03,,2025,126,veritasclassicalschool.org
4378,St. Johns,VERITAS CLASSICAL SCHOOL LINCOLNVILLE,169 M L KING AVE,ST. AUGUSTINE,32084,Yes,Yes,Yes,No,Yes,Yes,Non-Denominational,KG-12,,2025,308,veritasclassicalschool.org
4795,St. Johns,VICTORY PREPARATORY SCHOOL,110 MASTERS DRIVE,ST. AUGUSTINE,32084,Yes,Yes,Yes,No,Yes,Yes,Non-Denominational,KG-12,COGNIA,2025,176,gmail.com
7778,St. Johns,WASHINGTON CLASSICAL CHRISTIAN SCHOOL,2121 US HWY 1 SOUTH,SAINT AUGUSTINE,32086,Yes,Yes,Yes,No,Yes,Yes,Non-Denominational,KG-12,,2025,129,washingtonccs.com
1245,St. Lucie,ANCHORED ACADEMY,3100 ST LUCIE BOULEVARD,FORT PIERCE,34946,Yes,Yes,Yes,Yes,Yes,Yes,Non-Denominational,01-11,CGACS,2025,23,northsideministries.org
6898,St. Lucie,Azyla's Love Inc,,,,Yes,Yes,Yes,Yes,Yes,No,,KG-05,,2026,11,gmail.com
1050,St. Lucie,BETHANY SCHOOL,3015 OLEANDER AVE.,FT PIERCE,34982,Yes,Yes,Yes,No,Yes,Yes,Non-Denominational,01-12,,2026,37,aol.com
6258,St. Lucie,CALVARY CHRISTIAN ACADEMY,5545 NW SAINT JAMES DR,PORT ST LUCIE,34983,Yes,Yes,Yes,No,Yes,Yes,Non-Denominational,PK-12,COGNIA,2025,605,ccapsl.com
1169,St. Lucie,CHAMPIONS ACADEMY OF ST. LUCIE COUNTY,159 ROSALIA COURT,JUPITER,33478,No,No,No,No,Yes,No,,KG,,2026,8,caofslc.org
6451,St. Lucie,CHRIST LUTHERAN SCHOOL,1592 SE FLORESTA DR.,PORT ST. LUCIE,34983,Yes,Yes,Yes,No,Yes,Yes,Lutheran,KG-12,,2025,126,christportstlucie.org
4271,St. Lucie,CIHL PREPARATORY ACADEMY LLC,406 S 33RD ST,Fort Pierce,34947,No,No,No,No,No,No,,,,2025,0,ymail.com
8586,St. Lucie,CREATIVE LEARNING LAB ACADEMY,4100 OKEECHOBEE ROAD,FORT PIERCE,34947,No,No,No,No,No,No,,,,2025,0,creativelearningslc.com
5892,St. Lucie,DALTON LEARNING CENTER AND ACADEMY,2601 SW PORT SAINT LUCIE BLVD,PORT SAINT LUCIE,34953,Yes,Yes,Yes,No,Yes,No,,PK-02,,2025,100,gmail.com
5722,St. Lucie,DESTINED FOR GREATNESS CHRISTIAN ACADEMY,3950 Juanita Avenue,Fort Pierce,34946,Yes,Yes,Yes,No,Yes,Yes,Non-Denominational,KG-11,,2025,81,yahoo.com
5265,St. Lucie,Diamond Elite Academy LLC,10578 SW Morning Glory Dr,,34987,No,No,No,No,No,No,,06-10,,2025,55,aol.com
5195,St. Lucie,Discovery Point Academy,529 NW Prima Vista Blvd,Port Saint Lucie,34983,Yes,Yes,Yes,No,No,No,,,,2025,0,gmail.com
1068,St. Lucie,EAGLES STREAM ACADEMY LLC,1391 NW ST LUCIE WEST BLVD # 107,PORT ST LUCIE,34986,No,No,No,No,No,No,,,,2025,0,gmail.com
2589,St. Lucie,EXCELSIOR CHRISTIAN ACADEMY,5475 NW SAINT JAMES DR. #397,PORT ST. LUCIE,34983,No,No,No,No,Yes,Yes,Non-Denominational,,,2026,0,excelsiorchristian.org
6330,St. Lucie,EXCEPTIONAL ACADEMY FOR DIFFERENTLY-ABLED L,18014 SW COSENZA WAY,PORT ST. LUCIE,34986,Yes,Yes,Yes,No,Yes,No,,KG-08,,2025,56,exceptionalacademypsl.com
8829,St. Lucie,FOUNDATIONS ACADEMY OF PORT ST. LUCIE,2250 SE WALTON RD,PORT ST. LUCIE,34952,Yes,Yes,Yes,No,Yes,Yes,Assemblies of God,PK-02,FLOCS,2025,122,foundationspsl.org
7909,St. Lucie,GRACE CHRISTIAN ACADEMY,590 NW PEACOCK BLVD. SUITE 4,PORT SAINT LUCIE,34986,Yes,Yes,Yes,No,Yes,Yes,Non-Denominational,PK-10,FCCPSA,2025,129,att.net
6353,St. Lucie,Grace Family Academy,6300 West Torino Parkway,Port St Lucie,34986,No,No,No,No,Yes,Yes,Non-Denominational,,,2025,0,gracepsl.org
7763,St. Lucie,Heavenly Dove Academy,540 NW UNIVERSITY BLVD STE 210,Port St Lucie,34986,No,No,No,No,No,Yes,Non-Denominational,,,2025,0,heavenlydove.org
8887,St. Lucie,HIGHER ACHIEVERS CHRISTIAN ACADEMY INC.,,,,Yes,Yes,Yes,Yes,No,No,,PK,,2026,14,yahoo.com
8261,St. Lucie,I AM ACADEMY,3166 SW CURCUMA ST,PORT SAINT LUCIE,34953,Yes,Yes,Yes,Yes,Yes,Yes,Non-Denominational,01-12,,2026,19,bellsouth.net
7047,St. Lucie,IMPACT SCHOOL OF THE ARTS,712 N 7TH STREET,FORT PIERCE,34950,Yes,Yes,Yes,Yes,Yes,Yes,Non-Denominational,KG-08,,2025,16,gmail.com
6444,St. Lucie,IVY LEAGUE ACADEMY,765 SW DALTON CIRCLE,PORT SAINT LUCIE,34953,Yes,Yes,Yes,No,Yes,No,,KG-08,,2025,148,ivyleaguepa.com
5308,St. Lucie,Ivy League Academy,2274 Southeast Belvedere Street,Port Saint Lucie,34984,Yes,Yes,Yes,No,No,No,,,,2026,0,ivyleaguepa.com
808,St. Lucie,J E S MEMORIAL SDA SCHOOL,3201 MEMORY LANE,FORT PIERCE,34981,Yes,Yes,Yes,No,Yes,Yes,Seventh Day Adventist,KG-08,,2026,53,flcoe.org
869,St. Lucie,JOHN CARROLL HIGH SCHOOL,3402 DELAWARE AVENUE,FORT PIERCE,34947,Yes,Yes,Yes,No,Yes,Yes,Catholic,09-12,COGNIA,2025,473,johncarrollhigh.com
3850,St. Lucie,LIBERTY BAPTIST ACADEMY,3660 WEST MIDWAY RD,FT. PIERCE,34981,No,No,No,No,Yes,Yes,Baptist,PK-12,,2025,239,libertyftpierce.com
5522,St. Lucie,LITTLE HANDS ACADEMY AND PRESCHOOL,1885 SW DEL RIO BLVD.,PORT SAINT LUCIE,34953,Yes,Yes,Yes,No,No,Yes,Non-Denominational,PK-02,,2025,42,lhap.org
5464,St. Lucie,LITTLE STEPS TO BRIGHT FUTURES,560 SE Monet Drive,,34984,No,No,No,No,No,No,,PK-KG,,2025,50,gmail.com
8084,St. Lucie,LOVING CARE YOUNG ACHIEVERS CLUB,1207 S. 28TH STREET,FORT PIERCE,34947,Yes,Yes,Yes,No,Yes,Yes,Non-Denominational,PK-12,,2025,89,lcyaa.com
4388,St. Lucie,MORNINGSIDE ACADEMY,1631 SE GREENDON AVE,PORT ST LUCIE,34952,Yes,Yes,Yes,No,Yes,Yes,Other,06-12,,2025,257,morningsidechurch.com
1335,St. Lucie,MORNINGSIDE ACADEMY,2180 S.E. MORNINGSIDE BLVD.,PORT ST. LUCIE,34952,Yes,Yes,Yes,No,Yes,Yes,Other,PK-05,COGNIA,2025,584,morningsidechurch.com
5927,St. Lucie,New Elite Academy,1907 Okeechobee Road,Fort Pierce,34950,No,No,No,No,No,No,,PK,,2025,10,outlook.com
1637,St. Lucie,OLIVET PRIVATE SCHOOL INC.,5475 NW Saint James Dr  #232,PORT ST. LUCIE,34983,No,No,No,No,Yes,Yes,Non-Denominational,KG-12,,2025,94,olivetprivateschool.com
9384,St. Lucie,OPEN ARMS OF FORT PIERCE INC,2015 S 13TH ST,FORT PIERCE,34950,Yes,Yes,Yes,No,Yes,Yes,Lutheran,KG-04,,2025,45,openarms4kids.com
927,St. Lucie,ORANGE AVENUE BAPTIST SCHOOL,100 CYCLONE DRIVE,FT. PIERCE,34945,Yes,Yes,Yes,No,Yes,Yes,Baptist,01-12,,2025,26,gmail.com
7967,St. Lucie,OUR LADY OF FATIMA EXCELLENCE ACADEMY,510 US-1,FORT PIERCE,34950,No,No,No,No,No,Yes,Non-Denominational,12,,2025,3,bellsouth.net
6374,St. Lucie,Permission to Achieve Academy,1918 SW Yellowtail Avenue,Port Saint Lucie,34953,No,No,No,No,Yes,No,,,,2025,0,permissiontosucceed.education
4115,St. Lucie,PORT SAINT LUCIE CHRISTIAN ACADEMY,2655 SW PORT SAINT LUCIE BLVD,ST. LUCIE,34953,Yes,Yes,Yes,No,No,No,,02-08,,2025,95,hotmail.com
4719,St. Lucie,PURE ACADEMY FORT PIERCE,3891 EDWARDS ROAD,FORT PIERCE,34981,Yes,Yes,Yes,No,Yes,Yes,Non-Denominational,01-12,COGNIA,2025,165,clubpure.org
7525,St. Lucie,RPS ACADEMIES,4500 SE PINE VALLEY STREET,PORT ST. LUCIE,34952,Yes,Yes,Yes,No,No,No,,06-12,COGNIA,2026,100,rpsacademies.com
1164,St. Lucie,SAINT ANASTASIA CATHOLIC SCHOOL,401 SOUTH 33RD STREET,FORT PIERCE,34947,Yes,Yes,Yes,No,Yes,Yes,Catholic,PK-08,FCCAP,2025,591,sta.school
4034,St. Lucie,ST JAMES ACADEMY,2603 S 15TH ST,FT. PIERCE,34982,No,No,No,No,No,No,,09-12,,2025,800,stjamesacademy.net
2794,St. Lucie,ST. ANDREW CHRISTIAN ACADEMY,295 NW PRIMA VISTA BLVD,PSL,34983,No,No,No,No,Yes,Yes,Other,PK,,2025,15,standrewpsl.org
1199,St. Lucie,ST. ANDREW'S EPISCOPAL ACADEMY,210 S. INDIAN RIVER DRIVE,FORT PIERCE,34950,Yes,Yes,Yes,No,Yes,Yes,Episcopalian,PK-12,"FCIS, COGNIA",2026,408,staacademy.org
1240,St. Lucie,SUN GROVE MONTESSORI SCHOOL,5610 OLEANDER AVENUE,FORT PIERCE,34982,Yes,Yes,Yes,No,Yes,No,,PK-08,,2025,115,sungrovemontessori.org
8360,St. Lucie,SUNLIGHT CHRISTIAN ACADEMY,477 SW CASHMERE BLVD,PORT ST. LUCIE,34986,Yes,Yes,Yes,No,Yes,Yes,Non-Denominational,PK-06,CSF,2026,523,sunca.org
4726,St. Lucie,SUNLIGHT CHRISTIAN ACADEMY UPPER SCHOOL,8555 COMMERCE CENTER DRIVE,PSL,34986,Yes,Yes,Yes,No,Yes,Yes,Non-Denominational,07-11,,2026,138,sunca.org
8466,St. Lucie,SUNRISE ACADEMY OF EXCELLENCE,5200 Oleander Avenue,FORT PIERCE,34982,Yes,Yes,Yes,No,Yes,Yes,Other,PK-06,,2025,143,sunriseacademystlucie.com
8054,St. Lucie,THE ACADEMY FL,2690 COBB PARKWAY SE,SMYRNA,30080,Yes,Yes,Yes,No,No,No,,KG-12,,2026,28,theacademyfl.org
6106,St. Lucie,THE CHILDREN'S GARDEN ACADEMY,2602 SW PORT ST LUCIE BLVD,PORT ST LUCIE,34953,Yes,Yes,Yes,No,No,No,,PK-01,,2026,45,yahoo.com
892,St. Lucie,THE LEARNING TREE ACADEMY INC.,2808 AVENUE D,FORT PIERCE,34947,Yes,Yes,Yes,No,No,Yes,Non-Denominational,KG-01,,2025,5,gmail.com
3896,St. Lucie,THE LINDSAY SCHOOL OF THE ARTS,1717 ORANGE AVE SUITE 4225,FORT PIERCE,34948,Yes,Yes,Yes,No,Yes,No,,06-12,,2025,29,thelindsayschoolofthearts.com
9059,St. Lucie,THE PURE ACADEMY,3891 Edwards Road,FORT PIERCE,34981,Yes,Yes,Yes,No,Yes,Yes,Non-Denominational,KG-04,FCCPSA,2026,214,clubpure.org
8402,St. Lucie,TREASURE COAST BAPTIST ACADEMY,8500 ORANGE AVE.,FT. PIERCE,34945,Yes,Yes,Yes,No,Yes,Yes,Baptist,PK-11,,2026,27,treasurecoastbaptistchurch.com
5749,St. Lucie,WOODLANDS MONTESSORI SCHOOL NORTH,651 NE HAMMOCK CREEK TRAIL,PORT ST. LUCIE,34983,Yes,Yes,Yes,No,No,No,,PK-01,,2026,26,gmail.com
8309,St. Lucie,YOUTHSERV ACADEMY INC,9112 Short Chip Circle,PORT SAINT LUCIE,34986,Yes,Yes,Yes,No,Yes,No,,KG-12,,2025,9,youthserv.org
8929,St. Lucie,ZOE LIVE CREATIVE ARTS ACADEMY INC,752 BENT CREEK DRIVE,FORT PIERCE,34947,Yes,Yes,Yes,No,Yes,Yes,Non-Denominational,KG-05,,2025,27,zoelive.com
7762,St. Lucie,ZOE LIVE CREATIVE ARTS ACADEMY-UPPER SCHOOL,752 BENT CREEK DRIVE,FORT PIERCE,34947,Yes,Yes,Yes,No,Yes,Yes,Non-Denominational,06-10,,2025,18,zoelive.com
4476,Sumter,ACADEMY OF INDEPENDENT MASTERY,7692 CR 575,BUSHNELL,33513,No,No,No,No,Yes,No,,09-11,,2025,2,escapetheclassroom.com
2949,Sumter,BETTER LIFE ACADEMY - SUMTER,1650 WEST MAIN STREET,LEESBURG,34748,Yes,Yes,Yes,No,No,No,,KG-12,,2025,108,betterlifeofcentralfl.com
3515,Sumter,BRIGHT FUTURES EARLY LEARNING ACADEMY,6909 CR 219,WILDWOOD,34785,Yes,Yes,Yes,No,No,No,,PK-KG,,2025,2,gmail.com
5709,Sumter,Kaleidoscope Learning Center Corp,11185 Roz Way,Oxford,34484,Yes,Yes,Yes,No,Yes,No,,,,2025,0,gmail.com
992,Suwannee,FREEDOM SCHOOL,10413 US HIGHWAY 129,LIVE OAK,32060,No,No,No,No,No,No,,01-12,,2026,22,freedomschoolk12.net
8689,Suwannee,FSYR DONALD RALPH COOKE SCHOOL,PO BOX 2000,LIVE OAK,32064,Yes,Yes,Yes,No,Yes,No,,06-12,COGNIA,2025,36,youthranches.org
9157,Suwannee,HOLY CROSS CHRISTIAN ACADEMY INC.,7217 169TH DR,LIVE OAK,32060,Yes,Yes,Yes,Yes,Yes,Yes,Non-Denominational,PK-12,,2025,212,gmail.com
5605,Suwannee,LEARNING CENTER OF LIVE OAK INC.,11716 102ND TERRACE SUITE D,LIVE OAK,32060,Yes,Yes,Yes,No,No,No,,KG-11,,2026,20,gmail.com
428,Suwannee,LONGWINGS ACADEMY INC.,9929 170TH TERRACE,MCALPIN,32062,Yes,Yes,Yes,Yes,Yes,No,,PK-10,,2025,12,icloud.com
696,Suwannee,MELODY CHRISTIAN ACADEMY,P.O. BOX 100,LIVE OAK,32064,Yes,Yes,Yes,Yes,Yes,Yes,Non-Denominational,PK-12,"FLOCS, COGNIA",2025,234,mcaliveoak.org
7755,Suwannee,SUWANNEE RIVER RIDGE TECHNICAL HIGH SCHOOL,P. O. BOX 365,LIVE OAK,32064,No,No,No,No,No,No,,12,COGNIA,2025,202,srrths.com
755,Suwannee,TABERNACLE BAPTIST SCHOOLS,PO BOX 95 DRAWER T,LIVE OAK,32064,Yes,Yes,Yes,Yes,Yes,Yes,Baptist,KG-12,,2026,31,windstream.net
1928,Suwannee,"Waypoint Christian Academy, Inc.",914 Ohio Ave N,Live Oak,32064,No,No,No,No,Yes,Yes,Church of God,,,2026,0,waypointchristianacademy.org
934,Suwannee,WESTWOOD CHRISTIAN SCHOOL,920 S.W. 11TH STREET,LIVE OAK,32064,Yes,Yes,Yes,No,Yes,Yes,Baptist,PK-12,FCCPSA,2025,232,wcsliveoak.com
9765,Taylor,JERKINS LEADERSHIP ACADEMY,1201 MARTIN LUTHER KING AVE,PERRY,32348,No,No,No,No,Yes,No,,05-10,,2025,3,gmail.com
9875,Taylor,MOUNT OLIVE CHRISTIAN ACADEMY,315 West Green,PERRY,32347,Yes,Yes,Yes,No,Yes,Yes,Pentecostal,PK-11,,2025,25,yahoo.com
2757,Taylor,NEXT GENERATION,1012 S. WASHINGTON STREET,PERRY,32348,Yes,Yes,Yes,No,Yes,Yes,Pentecostal,KG-12,,2025,53,yahoo.com
5684,Taylor,POINT OF GRACE CHRISTIAN,920 COURTNEY ROAD,PERRY,32347,Yes,Yes,Yes,No,Yes,Yes,Baptist,KG-12,,2025,334,pointofgracechristian.com
6924,Taylor,"Special Kids Academy, Inc.",4420 San Pedro Road,PERRY,32347,Yes,Yes,Yes,No,Yes,Yes,Non-Denominational,PK-02,,2025,2,gmail.com
4878,Union,LIGHT CHRISTIAN ACADEMY - UNION CAMPUS,475 SW 3RD STREET,LAKE BUTLER,32054,Yes,Yes,Yes,No,Yes,Yes,Church of God,KG-10,CGACS,2025,26,mylcauc.com
9785,Union,RAINBOW LEARNING ACADEMY,230 SE 7TH AVE,LAKE BUTLER,32054,Yes,Yes,Yes,No,No,Yes,Non-Denominational,KG-04,,2025,60,gmail.com
6716,Volusia,360 PREP ACADEMY,587 WASHINGTON ST,NEW SMYRNA BEACH,32168,No,No,No,No,No,No,,,,2025,0,gmail.com
3555,Volusia,AAKC ACADEMY,123 W RHODE ISLAND AVE,ORANGE CITY,32763,Yes,Yes,Yes,Yes,No,No,,PK-06,,2025,13,allaroundkidcare.com
2288,Volusia,ABLE ACADEMICS-PORT ORANGE,751 DUNLAWTON AVENUE,PORT ORANGE,32125,Yes,Yes,Yes,No,No,No,,KG-02,,2025,13,ableacademics.com
9520,Volusia,ALPHA LEARNING ACADEMY,2000 HOWLAND BLVD,DELTONA,32738,Yes,Yes,Yes,No,Yes,Yes,Pentecostal,KG-11,FCCPSA,2025,41,los-pentecostales.com
9551,Volusia,ATLANTIC BEACH ACADEMY,226 N. NOVA RD.,ORMOND BEACH,32174,No,No,No,No,No,No,,11-12,,2025,2,atlanticbeachacademy.com
9420,Volusia,ATLAS ACADEMY,1621 ESPANOLA AVE,HOLLY HILL,32117,Yes,Yes,Yes,No,Yes,No,,KG-12,,2025,35,ats.hush.com
6244,Volusia,BETHEL CHRISTIAN ACADEMY,312 N. Russ Street,NEW SMYRNA BEAC,32168,Yes,Yes,Yes,Yes,Yes,No,,KG-10,,2025,14,bethelnsb.org
5976,Volusia,BLAKE CHRISTIAN ACADEMY,134 N EUCLID AVE,LAKE HELEN,32744,Yes,Yes,Yes,No,Yes,Yes,Non-Denominational,PK-08,FLOCS,2025,144,gmail.com
4296,Volusia,BLUE HORIZONS KNOWLEDGE ACADEMY,24 GOODALL AVENUE,DAYTONA BEACH,32118,Yes,Yes,Yes,No,No,No,,KG-04,,2026,11,bluehorizonsknowledgeacademy.com
7617,Volusia,BLUE JAY Education Daytona LLC,630 N WILD OLIVE AVE,DAYTONA BEACH,32118,Yes,Yes,Yes,No,No,No,,KG-12,COGNIA,2025,87,bluejayacademy.com
8883,Volusia,BLUE JAY Education Deland LLC,107 S CHANDLER AVE,DELAND,32724,Yes,Yes,Yes,Yes,No,No,,KG-12,COGNIA,2026,74,bluejayacademy.com
2242,Volusia,CALVARY CHRISTIAN ACADEMY,1687 WEST GRANADA BOULEVARD,ORMOND BEACH,32174,Yes,Yes,Yes,No,Yes,Yes,Assemblies of God,KG-12,"FLOCS, COGNIA",2025,387,ccalions.com
4817,Volusia,CASA MONTESSORI,217 N. STONE STREET,DELAND,32720,Yes,Yes,Yes,No,No,No,,PK-08,,2026,105,gmail.com
1687,Volusia,CENTRAL CHRISTIAN ACADEMY,PO BOX 741600,ORANGE CITY,32774,No,No,No,No,No,Yes,Non-Denominational,01-12,,2025,274,acces-inc.com
7214,Volusia,CENTRAL FLORIDA ACADEMY,186 INDUSTRIAL CENTER DRIVE,LAKE HELEN,32744,Yes,Yes,Yes,No,Yes,No,,KG-12,COGNIA,2025,61,centralfloridaacademy.com
2257,Volusia,CENTRAL FLORIDA PREPARATORY ACADEMY,186 INDUSTRIAL CENTER DRIVE,LAKE HELEN,32744,Yes,Yes,Yes,No,No,No,,PK-12,COGNIA,2025,53,centralfloridaacademy.com
4607,Volusia,CHABAD ESFORMES HEBREW ACADEMY,1079 WEST GRANADA BLVD.,ORMOND BEACH,32174,Yes,Yes,Yes,No,Yes,Yes,Jewish,PK-08,,2025,82,esformeshebrewacademy.org
742,Volusia,CHAMPIONS ACADEMY,910 BEVILLE RD.,DAYTONA BEACH,32114,Yes,Yes,Yes,No,Yes,Yes,Non-Denominational,PK-KG,,2026,34,relevantfl.org
926,Volusia,COVENANT CHRISTIAN PREPARATORY ACADEMY,2247 SOUTH RIDGEWOOD AVE,SOUTH DAYTONA,32119,Yes,Yes,Yes,Yes,No,Yes,Non-Denominational,PK-12,,2025,91,ccpaeagles.org
9159,Volusia,CREATIVE PATHWAYS PREPARATORY ACADEMY INC.,4233 S. RIDGEWOOD AVE.,EDGEWATER,32141,Yes,Yes,Yes,Yes,Yes,No,,01-12,,2025,48,gmail.com
9375,Volusia,DAYTONA BEACH CHRISTIAN ACADEMY,1850 S. CLYDE MORRIS BLVD,DAYTONA BEACH,32119,Yes,Yes,Yes,No,No,Yes,Non-Denominational,KG-12,,2025,344,dbcaeagles.com
4257,Volusia,DELAND COLLEGE PREPARATORY ACADEMY,899 E NEW YORK AVE,DELAND,32724,Yes,Yes,Yes,Yes,Yes,No,,,,2025,0,delandprep.org
2416,Volusia,DELAND MONTESSORI SCHOOL,509 E. PENNSYLVANIA AVE.,DELAND,32724,Yes,Yes,Yes,No,Yes,No,,PK-06,,2025,115,delandmontessori.com
9362,Volusia,DELAND PREPARATORY ACADEMY,1702 N. WOODLAND AVE,DELAND,32720,Yes,Yes,Yes,No,Yes,No,,05-12,,2025,117,delandprep.org
1244,Volusia,DELTONA ADVENTIST SCHOOL,1717 CATALINA BLVD.,DELTONA,32738,Yes,Yes,Yes,No,Yes,Yes,Seventh Day Adventist,PK-08,,2025,76,flcoe.org
2364,Volusia,DELTONA CHRISTIAN ACADEMY,973 FEATHER DRIVE,DELTONA,32725,No,No,No,No,Yes,Yes,Non-Denominational,KG-12,FCCPSA,2025,13,gmail.com
4589,Volusia,DELTONA CHRISTIAN SCHOOL,935 HOWLAND BLVD.,DELTONA,32738,Yes,Yes,Yes,No,Yes,Yes,Baptist,06-12,,2025,59,deltonachristianschool.org
1404,Volusia,DELTONA CHRISTIAN SCHOOL,1200 PROVIDENCE BOULEVARD,DELTONA,32725,Yes,Yes,Yes,No,Yes,Yes,Baptist,PK-05,,2025,118,deltonachristianschool.org
1805,Volusia,DISCOVERY ACADEMY,227 NORTH RIDGEWOOD AVENUE,EDGEWATER,32132,Yes,Yes,Yes,No,No,No,,KG-08,,2025,129,discovery-academy.org
8759,Volusia,DISCOVERY ACADEMY OF DELAND,1575 DETRICK AVE,DELAND,32720,Yes,Yes,Yes,No,No,Yes,Non-Denominational,KG-09,,2025,196,discoverydeland.com
7045,Volusia,DIVINE ACADEMY OF VOLUSIA COUNTY,2407 E. GRAVES AVE STE.22,ORANGE CITY,32763,Yes,Yes,Yes,Yes,Yes,Yes,Non-Denominational,KG-10,,2025,15,gmail.com
5958,Volusia,DME ACADEMY,2441 BELLEVUE AVENUE,DAYTONA BEACH,32114,Yes,Yes,Yes,No,No,No,,07-12,COGNIA,2025,202,dmeacademy.com
6280,Volusia,"Dragonfly Learning Academy, CORP",1205 Ridgewood Ave,HOLLY HILL,32117-1905,No,No,No,No,No,No,,PK,,2025,21,outlook.com
4119,Volusia,EMPOWERMENT ACADEMY,1219 DUNN AVE,DAYTONA BEACH,32114,Yes,Yes,Yes,No,Yes,No,,,,2025,0,esfl.org
7618,Volusia,FAITH ACADEMY,1011 W. INTERNATIONAL SPEEDWAY,DAYTONA BEACH,32114,Yes,Yes,Yes,No,Yes,Yes,Pentecostal,KG-12,,2026,48,gmail.com
523,Volusia,FATHER LOPEZ HIGH SCHOOL,3918 LPGA BLVD.,DAYTONA  BEACH,32124,Yes,Yes,Yes,No,Yes,Yes,Catholic,09-12,COGNIA,2026,444,fatherlopez.org
699,Volusia,FIRST PRESBYTERIAN CHURCH DAY SCHOOL,724 N WOODLAND BOULEVARD,DELAND,32720,Yes,Yes,Yes,No,Yes,Yes,Presbyterian,PK-02,,2025,42,fpdstaff.org
7388,Volusia,GATEWAY CHRISTIAN ACADEMY,2790 ENTERPRISE ROAD,ORANGE CITY,32763,Yes,Yes,Yes,No,Yes,Yes,Assemblies of God,PK-05,,2025,68,gcadeltona.com
5508,Volusia,GOOD SHEPHERD ACADEMY,751 HOWLAND BLVD,DELTONA,32738,Yes,Yes,Yes,No,Yes,Yes,Lutheran,PK-08,,2025,239,gsatigers.com
2439,Volusia,HALIFAX ACADEMY,275 WILLIAMSON BLVD.,DAYTONA BEACH,32114,Yes,Yes,Yes,No,No,No,,04-12,COGNIA,2025,142,aol.com
4969,Volusia,Halifax Repertory Theatre,615 South Yonge Street,Ormond Beach,32174,No,No,No,No,Yes,No,,,,2025,0,halifaxrep.com
360,Volusia,HIGH POINT ACADEMY,499 S NOVA RD,ORMOND BEACH,32174,Yes,Yes,Yes,No,No,No,,,,2025,0,hotmail.com
6598,Volusia,IBUILD ACADEMY,548 S. PINE MEADOW DR,DEBARY,32713,Yes,Yes,Yes,Yes,Yes,No,,01-11,,2025,50,ibuildacademy.com
5750,Volusia,IMAGINATION STATION TOO MONTESSORI,528 N. PENINSULA DRIVE,DAYTONA BEACH,32118,Yes,Yes,Yes,No,No,No,,PK-KG,,2025,32,bellsouth.net
1785,Volusia,INDIGO CHRISTIAN JR. ACADEMY,401 N. WILLIAMSON BLVD.,DAYTONA BEACH,32114,Yes,Yes,Yes,No,Yes,Yes,Seventh Day Adventist,KG-08,,2025,74,flcoe.org
7098,Volusia,KNIGHT'S CHRISTIAN ACADEMY,PO BOX 569,EDGEWATER,32132,Yes,Yes,Yes,No,Yes,Yes,Non-Denominational,KG-08,,2026,73,kcafl.org
730,Volusia,LITTLE EXPLORERS MONTESSORI,410 NORTH RIDGEWOOD AVE,EDGEWATER,32132,Yes,Yes,Yes,No,No,No,,KG-03,,2025,7,msn.com
3259,Volusia,LIVING FAITH ACADEMY,950 DERBYSHIRE ROAD,DAYTONA BEACH,32117,Yes,Yes,Yes,No,Yes,Yes,Non-Denominational,KG-08,,2025,171,yahoo.com
1788,Volusia,MODERN MINDS LEARNING,495 S NOVA RD STE 103,ORMOND BEACH,32174,Yes,Yes,Yes,Yes,No,No,,04-08,,2025,70,modernmindslearning.com
6078,Volusia,MONARCH ACADEMY,275 N. WILLIAMSON BLVD.,DAYTONA BEACH,32114,Yes,Yes,Yes,No,No,No,,02-12,COGNIA,2025,85,monarchacademy.us
8411,Volusia,MONTESSORI GLOBAL RESEARCH INSTITUTE,53 NORTH OLD KINGS ROAD,ORMOND BEACH,32174,Yes,Yes,Yes,No,No,No,,PK-06,,2025,152,montessoriglobalri.com
2374,Volusia,MT. CALVARY ACADEMY,702 VISTA VIEW CIR.,PORT ORANGE,32127,Yes,Yes,Yes,No,Yes,Yes,Pentecostal,PK-08,,2025,105,gmail.com
9831,Volusia,NORTH RIDGE ACADEMY LLC,3230 BUCKLAND ST,DELTONA,32738,No,No,No,No,No,No,,08,,2025,1,northridgeacademyfl.com
9760,Volusia,ON TRACK SCHOOL,1845 S PALMETTO AVE,SOUTH DAYTONA,32119,No,No,No,No,No,No,,01-12,COGNIA,2025,86,ontrackschool.com
816,Volusia,OUR LADY OF LOURDES CATHOLIC SCHOOL,1014 NORTH HALIFAX AVENUE,DAYTONA BEACH FL,32118,Yes,Yes,Yes,No,Yes,Yes,Catholic,PK-08,FCCAP,2025,205,lourdesacademy.net
4417,Volusia,PINNACLE CHRISTIAN ACADEMY,1154 NORTH STREET,DAYTONA BEACH,32114,Yes,Yes,Yes,Yes,Yes,Yes,Non-Denominational,02-08,,2025,4,gmail.com
8650,Volusia,PURPOSE ACADEMY OF FINE ARTS,3100 SOUTH RIDGEWOOD AVE,SOUTH DAYTONA BEACH,32119,Yes,Yes,Yes,No,No,No,,KG-12,,2025,57,yahoo.com
7766,Volusia,Radiant Minds Academy,1128 Beville Road,Daytona Beach,32114,Yes,Yes,Yes,No,No,No,,,,2025,0,radiantmindsacademy.org
6122,Volusia,REIGN HOMESCHOOLING ACADEMY,P.O. BOX 731554,ORMOND BEACH,32173,Yes,Yes,Yes,No,Yes,Yes,Non-Denominational,KG-12,,2025,78,reignhomeschooling.com
9464,Volusia,RESIDING HOPE,51 CHILDREN'S WAY,ENTERPRISE,32725,Yes,Yes,Yes,No,Yes,No,,PK-08,,2025,93,fumch.org
3597,Volusia,RIVERBEND ACADEMY,2080 W. GRANADA  BLVD.,ORMOND BEACH,32174,Yes,Yes,Yes,Yes,Yes,Yes,Non-Denominational,PK-12,,2025,307,riverbendchurch.com
876,Volusia,SACRED HEART,1003 TURNBULL STREET,NEW SMYRNA BEACH,32168,Yes,Yes,Yes,No,Yes,Yes,Catholic,PK-08,FCCAP,2025,267,sacredheartcatholic.com
936,Volusia,SAINT BARNABAS EPISCOPAL SCHOOL,322 W. MICHIGAN AVENUE,DELAND,32720,Yes,Yes,Yes,No,Yes,Yes,Episcopalian,PK-08,FCIS,2025,371,sbesyes.org
2759,Volusia,SAINT BRENDAN CATHOLIC SCHOOL,1000 OCEAN SHORE BLVD.,ORMOND BEACH,32176,Yes,Yes,Yes,No,Yes,Yes,Catholic,PK-08,FCCAP,2025,225,stbrendanormond.org
1056,Volusia,SAINT PAUL CATHOLIC SCHOOL,317 MULLALLY ST.,DAYTONA BEACH,32114,Yes,Yes,Yes,No,Yes,Yes,Catholic,PK-08,FCCAP,2025,197,stpaulpanthers.org
1096,Volusia,SAINT PETERS CATHOLIC SCHOOL,421 WEST NEW YORK AVENUE,DELAND,32720,Yes,Yes,Yes,No,Yes,Yes,Catholic,PK-08,FCCAP,2025,234,stpeter-deland.org
2969,Volusia,SCHOLA CLASSICAL ACADEMY,2531 MEADOW CREEK LANE,NEW SMYRNA BEACH,32168,No,No,No,No,No,No,,11,,2025,1,yahoo.com
4098,Volusia,Shield Christian Academy,1420 COURTLAND BLVD,DELTONA,32738,No,No,No,No,Yes,Yes,Nazarene,KG-12,,2025,60,deltonanaz.com
7389,Volusia,SPACE COAST CHRISTIAN ACADEMY,223 N. SAMSULA DRIVE,NEW SMYRNA BEACH,32168,Yes,Yes,Yes,No,Yes,Yes,Baptist,KG-12,,2025,21,spacecoastbaptistchurch.com
2116,Volusia,STEAM STATION,162 SOUTH GAINES STREET,OAK HILL,32759,No,No,No,No,No,No,,PK-03,,2025,21,steamstationedu.net
1666,Volusia,STETSON BAPTIST CHRISTIAN SCHOOL,1025 W MINNESOTA AVENUE,DELAND,32720,Yes,Yes,Yes,No,Yes,Yes,Baptist,PK-08,FACCS,2026,247,sbcsed.org
8684,Volusia,SUNRISE ACADEMY,2700 ENTERPRISE ROAD SUITE A,ORANGE CITY,32763,Yes,Yes,Yes,Yes,No,No,,PK-12,COGNIA,2026,320,sunriseacademy.education
3774,Volusia,SUNRISE ACADEMY FOUNDATION INC,2700 ENTERPRISE ROAD SUITE B,ORANGE CITY,32763,No,No,No,No,Yes,No,,,COGNIA,2025,0,gmail.com
5624,Volusia,SUNSHINE STATE ACADEMY K-12,3061 MILLSTONE AVE,DELTONA,32738,No,No,No,No,No,No,,KG-12,,2025,214,gmail.com
7292,Volusia,T.O.P ACADEMY,330 SOUTH THOMPSON STREET,DELAND,32720,Yes,Yes,Yes,No,Yes,Yes,Church of God,KG-08,,2025,15,gmail.com
5482,Volusia,TEMPLE BETH-EL SCHOOL,579 N. NOVA RD,ORMOND BEACH,32174,Yes,Yes,Yes,No,Yes,No,,PK-05,,2025,132,tbeschool.com
2693,Volusia,THE CHASE ACADEMY,2400 S. RIDGEWOOD AVE,DAYTONA BEACH,32119,Yes,Yes,Yes,No,Yes,No,,PK-12,,2025,73,tcaofvolusia.org
3566,Volusia,THE CHILDREN'S HOUSE OF ORMOND BEACH,55 NORTH WASHINGTON STREET,ORMOND BEACH,32174,Yes,Yes,Yes,No,No,No,,PK-05,,2026,93,aol.com
5444,Volusia,TLC KIDS CARE,1835 TAYLOR ROAD,PORT ORANGE,32128,Yes,Yes,Yes,No,Yes,Yes,Non-Denominational,KG-01,,2025,30,tlckidscareonline.com
1563,Volusia,TRINITY CHRISTIAN ACADEMY,875 ELKCAM BOULEVARD,DELTONA,32725,Yes,Yes,Yes,No,Yes,Yes,Non-Denominational,PK-12,"FLOCS, COGNIA",2025,709,tcadeltona.com
6640,Volusia,UPWARD TREND ACADEMY,311 NORTH ORANGE STREET,NEW SMYRNA BEACH,32168,Yes,Yes,Yes,No,No,No,,KG-10,,2025,64,upwardtrendacademy.com
1305,Volusia,WARNER CHRISTIAN ACADEMY,1730 S RIDGEWOOD AVENUE,SOUTH DAYTONA,32119,Yes,Yes,Yes,No,Yes,Yes,Church of God,PK-12,COGNIA,2025,379,wcaeagles.org
1713,Volusia,WISE INDEPENDENT PRIVATE SCHOOL SYSTEM,250 POINCIANA AVENUE,DAYTONA BEACH,32127,No,No,No,No,Yes,No,,02-11,,2025,10,wiseprivateschool.org
8856,Volusia,ZAMZAM KNOWLEDGE ACADEMY,5117 ISABELLE AVENUE,PORT ORANGE,32127,Yes,Yes,Yes,No,Yes,Yes,Islamic/Muslim,PK-05,,2025,47,zamzamacademyfl.com
2652,Wakulla,SAVARY ACADEMY FOR VIRTUAL EDUCATION SAVE,27 FELI WAY,CRAWFORDVILLE,32327,Yes,Yes,Yes,No,No,No,,06-12,,2025,17,savaryacademy.com
4892,Wakulla,WAKULLA CHRISTIAN SCHOOL,1391 CRAWFORDVILLE HIGHWAY,CRAWFORDVILLE,32327,Yes,Yes,Yes,No,Yes,Yes,Baptist,PK-12,FACCS,2025,205,wakullachristian.com
6312,Walton,30A LEARNING ACADEMY,7 TOWN CENTER LOOP UNIT C15,SANTA ROSA BEACH,32459,Yes,Yes,Yes,No,No,No,,,,2025,0,gmail.com
1925,Walton,COMPASS ROSE ACADEMY INC,2060 SOUTH COUNTY HIGHWAY 83,SANTA ROSA BEACH,32459,Yes,Yes,Yes,No,No,No,,PK-07,,2025,64,gmail.com
2582,Walton,DEFUNIAK SPRING MONTESSORI SCHOOL,1045 US-331 S,DEFUNIAK SPRINGS,32435,Yes,Yes,Yes,No,No,No,,KG,,2025,1,gmail.com
607,Walton,FIRST CHRISTIAN ACADEMY,216 EAST LIVE OAK AVENUE,DEFUNIAK SPRINGS,32435,Yes,Yes,Yes,No,Yes,Yes,Baptist,KG-05,,2025,66,fcadefuniak.com
4910,Walton,GATEWAY ACADEMY,122 POINCIANA BLVD,MIRAMAR BEACH,32550,Yes,Yes,Yes,No,Yes,Yes,Non-Denominational,PK-08,,2026,365,destinygatewayacademy.com
4630,Walton,GROW WITH US LEARNING ACADEMY IX,648 Anchors Street NW,Fort Walton Beach,32548,Yes,Yes,Yes,No,No,No,,KG,,2026,6,sihcorp.net
6465,Walton,LES PETITS PREP SCHOOL,56 SPIRES LANE UNIT 12-A,SANTA ROSA BEACH,32459,No,No,No,No,No,No,,PK-KG,,2025,8,gmail.com
2617,Walton,LIFEWORKS ACADEMY,461 STEWART DR.,DEFUNIAK SPRING,32433,No,No,No,No,Yes,Yes,Multi/ Inter/ Trans-Denominational,,,2025,0,gmail.com
1956,Walton,MISS SOUTHERN BELLE,51 SIMMONS RD,DEFUNIAK SPRING,32435,No,No,No,No,No,No,,KG-03,,2026,3,gmail.com
6445,Walton,OHANA INSTITUTE,12805 US HWY 98E,INLET BEACH,32461,Yes,Yes,Yes,No,No,No,,KG-12,COGNIA,2025,201,ohanainstitute.org
9647,Walton,PLEASANT RIDGE CHRISTIAN ACADEMY,1015 PLEASANT RIDGE RD,DEFUNIAK SPRING,32435,Yes,Yes,Yes,No,Yes,Yes,Baptist,06-08,,2025,25,prcacademy.org
8476,Walton,SOUTH WALTON ACADEMY,305 MACK BAYOU ROAD,SANTA ROSA BEACH,32459,Yes,Yes,Yes,No,Yes,No,,PK-12,,2025,95,gmail.com
4636,Walton,SOUTH WALTON MONTESSORI ACADEMY,101 EDEN GARDENS RD.,SANTA ROSA BEACH,32459,Yes,Yes,Yes,No,Yes,No,,PK-08,,2025,74,mac.com
290,Walton,THE NATURE SCHOOL,268 WEST POINT WASHINGTON RD,SANTA ROSA BEACH,32459,Yes,Yes,Yes,No,Yes,No,,KG-05,,2026,55,natureschool.rocks
8480,Walton,THE TREE HOUSE EPISCOPAL MONTESSORI SCHOOL,480 N. CTY HWY 393,SANTA ROSA BEACH,32459,Yes,Yes,Yes,No,Yes,Yes,Episcopalian,PK-KG,,2025,79,thetreehousectk.org
5279,Walton,WESTONWOOD RANCH,4390 STATE HIGHWAY 20 W,FREEPORT,32439,Yes,Yes,Yes,No,Yes,No,,06-12,,2025,21,gmail.com
5680,Washington,GRACE AND GLORY CHRISTIAN SCHOOL,867 ALLISON DRIVE,CHIPLEY,32428,Yes,Yes,Yes,No,Yes,Yes,Non-Denominational,03-12,,2025,166,yahoo.com
9788,Washington,GRACE GLORY CHRISTIAN SCHOOL 2,929 MAIN STREET,CHIPLEY,32428,Yes,Yes,Yes,No,Yes,Yes,Non-Denominational,PK-02,,2025,88,yahoo.com
5718,Washington,HWY 77 MINISTRIES INC.,4411 LEISURE LAKES DR,CHIPLEY,32428,Yes,Yes,Yes,No,Yes,Yes,Non-Denominational,05-10,,2025,2,gmail.com
3546,Washington,TRI COUNTY CHRISTIAN SCHOOL,763 WEST BLVD,CHIPLEY,32428,Yes,Yes,Yes,No,Yes,Yes,Non-Denominational,KG,,2025,3,gmail.com
4584,Washington,WASHINGTON COUNTY CHRISTIAN SCHOOL,1405 BRICKYARD ROAD,CHIPLEY,32428,Yes,Yes,Yes,No,Yes,Yes,Non-Denominational,PK-12,,2025,207,gmail.com
