school_code,district,school_name,city,zip,religious,fes_eo,ftc,grade_levels,enroll_total,last_survey_year,tuition_status,tuition_year,tuition_elem,tuition_mid,tuition_high,tuition_overall,tuition_is_range,source_url,source_date,source_type,tuition_note,confidence
8089,Alachua,Awaken Christian Academy,,,Yes,No,No,,0,2025,not_attempted_no_enrollment,,,,,,,,,,,
2316,Alachua,BHAKTIVEDANTA ACADEMY,ALACHUA,32615,Yes,Yes,Yes,PK-10,142,2026,found,2026-27,10870,11855,11855,,0,https://www.bhaktischool.org/admissions/tuition-fees,2026-10-08,live,"K and grades 1-6 10,870; grades 7-10 11,855; school ends at grade 10 on this page; Pre-K excluded",high
4716,Alachua,BRADFORD GLOBAL EDUCATION,GAINESVILLE,32607,No,No,No,KG-11,21,2026,not_reached,,,,,,,,,,,
4,Alachua,BRENTWOOD SCHOOL,GAINESVILLE,32605,No,Yes,Yes,PK-05,222,2025,unclear,,,,,,0,https://www.gobrentwoodschool.com/admissions,2026-10-08,live,only fees and childcare rates seen; tuition amount not found on pages read,
1786,Alachua,CHRISTIAN LIFE ACADEMY,GAINESVILLE,32608,Yes,Yes,Yes,KG-12,39,2026,no_website,,,,,,,,,,,
3275,Alachua,CORNERSTONE ACADEMY,GAINESVILLE,32635,Yes,Yes,Yes,KG-12,126,2025,no_website,,,,,,,,,,,
2300,Alachua,COUNTRYSIDE CHRISTIAN SCHOOL,GAINESVILLE,32606,Yes,Yes,Yes,PK-12,302,2026,no_website,,,,,,,,,,,
4456,Alachua,FAMILY LIFE ACADEMY,ARCHER,32618,Yes,Yes,Yes,KG-12,41,2026,not_attempted_no_own_domain,,,,,,,,,,,
5305,Alachua,FIRST CHRISTIAN ACADEMY,HIGH SPRINGS,32643,Yes,Yes,Yes,KG-12,458,2025,not_reached,,,,,,,,,,,
1564,Alachua,FLOWERS MONTESSORI SCHOOL,GAINESVILLE,32605,No,Yes,Yes,PK-01,39,2026,not_attempted_no_own_domain,,,,,,,,,,,
5960,Alachua,Foundations Academy of Learning LLC,GAINESVILLE,32601,No,No,No,,0,2025,not_attempted_no_enrollment,,,,,,,,,,,
234,Alachua,FRAZER SCHOOL,Gainesville,32606,No,Yes,Yes,KG-12,349,2025,found,2026-27,12500,12000,12000,,0,https://frazerschool.org/tuition-and-fees,2026-10-08,live,"K-3 12,500; 4-12 12,000 (early-pay discount 500); a separate parent contribution of 3,500-4,000 is listed and excluded",high
5968,Alachua,GAINESVILLE CHRISTIAN PREPARATORY SCHOOL,GAINESVILLE,32609,Yes,Yes,Yes,KG-12,91,2025,tuition_word_no_amount,,,,,,,,,,,
1924,Alachua,GAINESVILLE COUNTRY DAY SCHOOL,GAINESVILLE,32607,No,Yes,Yes,PK-05,124,2025,not_attempted_no_own_domain,,,,,,,,,,,
4791,Alachua,GAINESVILLE POTTER'SHOUSE CHRISTIAN ACADEMYY,GAINESVILLE,32635,Yes,Yes,Yes,KG-11,106,2025,not_attempted_no_own_domain,,,,,,,,,,,
8235,Alachua,GCW Academy,,,Yes,No,No,,0,2025,not_attempted_no_enrollment,,,,,,,,,,,
1547,Alachua,GRACE CHRISTIAN PREP SCHOOL LLC,GAINESVILLE,32609,Yes,Yes,Yes,PK-08,64,2025,not_attempted_no_own_domain,,,,,,,,,,,
2486,Alachua,GRACE CHRISTIAN PREP SCHOOL WALDO,WALDO,32694,Yes,Yes,Yes,,0,2025,not_attempted_no_enrollment,,,,,,,,,,,
5584,Alachua,Greenfield Preschool East,Newberry,32669,No,Yes,Yes,PK,31,2025,not_reached,,,,,,,,,,,
2365,Alachua,HIGH-CLASS EDUCATED ROLE MODELS ACADEMY,GAINESVILLE,32601,Yes,No,No,PK-05,18,2026,unclear,,,,,,0,https://theeheracademy.org/,2026-10-08,live,childcare weekly rates,
1138,Alachua,JORDAN GLEN SCHOOL INC.,ARCHER,32618,No,Yes,Yes,PK-08,100,2026,found,2026-27,,,,14200,0,https://www.jordanglen.org/tuition-fees/,2026-10-08,live,"K-8 for one child; multi-child rates 12,350 and 11,800; PreK excluded",high
5545,Alachua,Kidz R Kidz Learning Academy Inc.,Gainesville,32641,Yes,No,No,,0,2025,not_attempted_no_enrollment,,,,,,,,,,,
4573,Alachua,LAKESIDE CHRISTIAN SCHOOL OF HAWTHORNE,HAWTHORNE,32640,Yes,No,No,,0,2025,not_attempted_no_enrollment,,,,,,,,,,,
9271,Alachua,LANIAKEA MONTESSORI SCHOOL,GAINESVILLE,32601,No,Yes,Yes,KG-11,45,2025,found,2026-27,13000,15000,15000,,0,https://www.laniakeamontessori.com/tuition-fees/,2026-10-08,live,"Montessori levels mapped to grades: primary 12,500; lower elementary (1-3) 13,000; upper elementary (4-6) 15,000; lower secondary (7-9) and upper secondary (10) 15,000",medium
3655,Alachua,LIVING SPRINGS ACADEMY,HIGH SPRINGS,32655,Yes,Yes,Yes,KG-08,41,2026,network_site_only,,,,,,0,https://www.flcoe.org/,2026-10-08,live,"only the FLCOE network site was found: range 7,000-14,000 per year",
1204,Alachua,MILLHOPPER MONTESSORI SCHOOL,GAINESVILLE,32606,No,Yes,Yes,PK-08,175,2025,tuition_word_no_amount,,,,,,,,,,,
4269,Alachua,MINI FACES ACADEMY,NEWBERRY,32669,No,Yes,Yes,KG,1,2025,not_attempted_no_own_domain,,,,,,,,,,,
7475,Alachua,MORNING MEADOW,GAINESVILLE,32601,No,Yes,Yes,PK-KG,39,2025,not_attempted_no_own_domain,,,,,,,,,,,
7096,Alachua,NEWBERRY CHRISTIAN COMMUNITY SCHOOL,GAINESVILLE,32635,Yes,Yes,Yes,,0,2026,not_attempted_no_enrollment,,,,,,,,,,,
1275,Alachua,OAK HALL SCHOOL,GAINESVILLE,32607,No,Yes,Yes,PK-12,965,2025,found,2026-27,21705,23960,24590,,0,https://www.oakhall.org/admissions/tuition-and-financial-assistance/,2026-10-08,live,"K 20,840; 1-5 21,705; 6-8 23,960; 9-12 24,590; preschool excluded",high
3664,Alachua,ONE ROOM ACADEMY,GAINESVILLE,32609,No,Yes,Yes,03-05,33,2026,not_reached,,,,,,,,,,,
5566,Alachua,PASSAGE CHRISTIAN ACADEMY,GAINESVILLE,32627,Yes,Yes,Yes,PK-12,84,2025,tuition_word_no_amount,,,,,,,,,,,
1262,Alachua,PASSAGE CHRISTIAN ACADEMY 2,GAINESVILLE,32627,Yes,No,No,,0,2025,not_attempted_no_enrollment,,,,,,,,,,,
7970,Alachua,PERSIMMON EARLY LEARNING ACADEMY LLC,GAINESVILLE,32601,No,Yes,Yes,KG,15,2026,found,2026-27,,,,11000,0,https://www.persimmonela.com/tuition-fees,2026-10-08,live,"11,000 per school year in 10 payments; same page as school 4387",medium
4387,Alachua,PERSIMMON ELEMENTARY,GAINESVILLE,32605,No,Yes,Yes,01-05,49,2026,found,2026-27,,,,11000,0,https://www.persimmonela.com/tuition-fees,2026-10-08,live,"11,000 per school year in 10 payments; tuition varies by attendance option",medium
8780,Alachua,PREMIER PRESCHOOL OF GAINESVILLE,GAINESVILLE,32607,No,Yes,Yes,PK-03,23,2025,not_attempted_no_own_domain,,,,,,,,,,,
818,Alachua,QUEEN OF PEACE CATHOLIC ACADEMY,GAINESVILLE,32607,Yes,Yes,Yes,PK-08,507,2026,no_website,,,,,,,,,,,
4458,Alachua,SAINT FRANCIS CATHOLIC HIGH SCHOOL,GAINESVILLE,32606,Yes,Yes,Yes,09-12,273,2026,not_reached,,,,,,,,,,,
1439,Alachua,SAINT PATRICK INTERPARISH SCHOOL,GAINESVILLE,32601,Yes,Yes,Yes,PK-08,434,2026,no_website,,,,,,,,,,,
2674,Alachua,SHINE SCHOOL,GAINESVILLE,32605,No,Yes,Yes,PK-12,75,2025,not_attempted_no_own_domain,,,,,,,,,,,
4846,Alachua,ST. BARBARA,GAINESVILLE,32641,Yes,Yes,Yes,PK-08,112,2025,not_attempted_no_own_domain,,,,,,,,,,,
45,Alachua,THE ROCK SCHOOL,GAINESVILLE,32607,Yes,Yes,Yes,PK-12,569,2025,unclear,,,,,,0,https://therock.school/getting-started/tuition-financial-aid/,2026-10-08,live,"only financial assistance text seen, no tuition amount",
2,Alachua,TRILOGY SCHOOL OF LEARNING ALTERNATIVE,GAINESVILLE,32606,No,Yes,Yes,KG-12,101,2026,not_reached,,,,,,,,,,,
8307,Alachua,WESTSIDE CHRISTIAN SCHOOL INC.,GAINESVILLE,32606,Yes,Yes,Yes,KG-07,214,2025,not_reached,,,,,,,,,,,
4237,Alachua,WINDSOR CHRISTIAN ACADEMY,GAINESVILLE,32641,Yes,Yes,Yes,KG-11,26,2025,tuition_word_no_amount,,,,,,,,,,,
7179,Baker,FAITH BAPTIST ACADEMY,MACCLENNY,32063,Yes,Yes,Yes,02-12,34,2025,not_attempted_no_own_domain,,,,,,,,,,,
5826,Baker,PATHFINDERS CHRISTIAN ACADEMY,MACCLENNY,32063,Yes,Yes,Yes,03-12,17,2025,not_attempted_no_own_domain,,,,,,,,,,,
1186,Bay,ADVENTIST CHRISTIAN ACADEMY,PANAMA CITY,32405,Yes,Yes,Yes,KG-08,45,2025,not_attempted_no_own_domain,,,,,,,,,,,
5369,Bay,BACOT ACADEMY INC,PANAMA CITY,32405,Yes,Yes,Yes,KG-12,45,2025,not_attempted_no_own_domain,,,,,,,,,,,
878,Bay,COVENANT CHRISTIAN SCHOOL,PANAMA CITY,32405,Yes,Yes,Yes,PK-12,302,2025,no_website,,,,,,,,,,,
5193,Bay,EAGLE NEST CHRISTIAN ACADEMY,PANAMA CITY,32401,Yes,Yes,Yes,PK-05,25,2025,not_attempted_no_own_domain,,,,,,,,,,,
9403,Bay,GATEWAY CHRISTIAN ACADEMY INC,PANAMA CITY,32401,Yes,Yes,Yes,KG-12,22,2026,not_attempted_no_own_domain,,,,,,,,,,,
7604,Bay,GENESIS COMMUNITY SCHOOL,PANAMA CITY BEACH,32407,Yes,No,No,02-06,5,2025,not_reached,,,,,,,,,,,
7873,Bay,GOD'S GLORY CHRISTIAN SCHOOL,LYNN HAVEN,32444,Yes,Yes,Yes,KG-09,35,2025,not_attempted_no_own_domain,,,,,,,,,,,
6476,Bay,GULF COAST SCHOOL FOR AUTISM,PANAMA CITY,32405,No,No,No,KG-12,27,2025,not_attempted_no_own_domain,,,,,,,,,,,
4347,Bay,HALL OF ZION CHRISTIAN ACADEMY,YOUNGSTOWN,32466,Yes,No,No,,0,2025,not_attempted_no_enrollment,,,,,,,,,,,
5173,Bay,Hiland Park Christian Academy,Panama City,32405,Yes,Yes,Yes,KG,6,2026,not_reached,,,,,,,,,,,
704,Bay,HOLY NATIVITY EPISCOPAL SCHOOL,PANAMA CITY,32401,Yes,No,No,PK-08,277,2025,found,2026-27,10690,11300,,,0,https://www.hnes.us/admissions/tuition-and-affordability.cfm,2026-10-08,live,"K-5 10,690; 6-8 11,300; Pre-K 8,000 excluded",high
4713,Bay,KALEIDOSCOPE SCHOOL OF DISCOVERY,PANAMA CITY,32405,No,Yes,Yes,KG-12,177,2025,unclear,,,,,,0,https://ksod.org/tuition-information,2026-10-08,live,registration fee only,
1406,Bay,PANAMA CITY ADVANCED SCHOOL,PANAMA CITY,32405,Yes,Yes,Yes,PK-12,196,2025,found,2026-27,9000,9000,10000,,0,https://pcasfl.org/tuition-and-fees-1,2026-10-08,live,"K-8 9,000; 9-12 10,000; Pre-K excluded",high
5759,Bay,PANAMA CITY TRILINGUAL SCHOOL,PANAMA CITY,32401,No,Yes,Yes,PK-09,174,2025,tuition_word_no_amount,,,,,,,,,,,
3,Bay,SAINT ANDREWS BAY STEM ACADEMY INC,PANAMA CITY,32401,No,Yes,Yes,08-12,60,2026,blocked,,,,,,,,,,,
6769,Bay,SQUARE PEGS LEARNING CENTER,PANAMA CITY,32401,No,Yes,Yes,PK-12,41,2025,not_reached,,,,,,,,,,,
939,Bay,ST. JOHN CATHOLIC ACADEMY,PANAMA CITY,32401,Yes,Yes,Yes,PK-08,204,2026,not_reached,,,,,,,,,,,
1638,Bay,THE ACADEMY OF EXCEPTIONAL ARTS,PANAMA CITY BEA,32407,No,Yes,Yes,KG-05,13,2025,not_attempted_no_own_domain,,,,,,,,,,,
9431,Bay,THE NORTHWEST FLORIDA ACADEMY,LYNN HAVEN,32444,No,Yes,Yes,01-12,9,2025,found,,,,,22500,0,https://www.nwfacademy.org/student-life,2026-10-08,live,"annual tuition per student in 9 installments of 2,500; year not stated",high
4658,Bradford,ALDERWOOD ACADEMY,STARKE,32091,No,No,No,04-11,7,2025,not_reached,,,,,,,,,,,
4220,Bradford,HOPE CHRISTIAN ACADEMY,STARKE,32091,Yes,Yes,Yes,PK-12,350,2026,no_website,,,,,,,,,,,
4320,Bradford,NORTHSIDE CHRISTIAN ACADEMY,STARKE,32091,Yes,Yes,Yes,PK-12,240,2025,not_reached,,,,,,,,,,,
7624,Bradford,PROVIDENCE CHRISTIAN ACADEMY INC,STARKE,32091,Yes,Yes,Yes,KG-12,126,2025,not_attempted_no_own_domain,,,,,,,,,,,
8907,Brevard,ABLE ACADEMICS,COCOA,32927,No,Yes,Yes,PK-12,42,2025,tuition_word_no_amount,,,,,,,,,,,
2842,Brevard,ACADEMIC COMMUNITY ENRICHMENT,TITUSVILLE,32780,Yes,Yes,Yes,PK-12,164,2025,found,2026-27,7995,7495,7495,,0,https://ace321.org/tuition-and-fees/,2026-10-08,live,"K-3 7,995; 4-12 7,495; part-week programs excluded",high
2318,Brevard,ALPHA LEARNING INC.,MERRITT ISLAND,32953,No,Yes,Yes,KG-06,13,2025,not_attempted_no_own_domain,,,,,,,,,,,
4471,Brevard,ANCHOR ACADEMIC CENTER OF EXCELLENCE,ROCKLEDGE,32955,Yes,Yes,Yes,01-12,18,2025,not_reached,,,,,,,,,,,
354,Brevard,ASCENSION CATHOLIC SCHOOL,MELBOURNE,32935,Yes,Yes,Yes,PK-08,464,2025,found,2026-27,,,,10800,0,https://static1.squarespace.com/static/673f48458b7cdd31e1faf6af/t/69fccd7444f84742f9b6ed8c/1778175348832/Tuition+and+Fees+2026-2027.pdf,2026-10-08,live,K-8 flat rate; includes registration and technology fees per the page,high
6214,Brevard,BANANA RIVER BAPTIST ACADEMY,MERRITT ISLAND,32953,Yes,Yes,Yes,KG-12,22,2025,not_attempted_no_own_domain,,,,,,,,,,,
1694,Brevard,BEACHSIDE MONTESSORI SCHOOL,INDIAN HARBOUR,32937,No,Yes,Yes,KG-06,54,2026,unclear,,,,,,0,https://ihmontessori.com/wp-content/uploads/2024/08/Private-Scholarship-Flyer-2024-25-EN-Digital.pdf,2026-10-08,live,scholarship information only,
6840,Brevard,BEHAVIOR EDUCATION CENTER,ROCKLEDGE,32955,No,Yes,Yes,04-12,13,2025,no_website,,,,,,,,,,,
1533,Brevard,BETHANY CHRISTIAN SCHOOL,WEST MELBOURNE,32904,Yes,Yes,Yes,PK-12,442,2025,found,2026-27,8450,8550,8650,,0,https://bcsmelbourne.com/wp-content/uploads/2026/03/Final-MC-Fee-Schedule-2026-27.pdf,2026-10-08,live,"K-3 8,450; 4-5 8,375; 6-8 8,550; 9-12 8,650 (10 monthly payments)",high
5824,Brevard,"Better Dayz Academy, Inc.",Melbourne,32940,No,No,No,,0,2025,not_attempted_no_enrollment,,,,,,,,,,,
9109,Brevard,BREAD OF LIFE CHRISTIAN ACADEMY CORP.,PALM BAY,32905,Yes,Yes,Yes,KG-12,26,2025,not_reached,,,,,,,,,,,
6064,Brevard,BREVARD ACADEMY INC.,MELBOURNE,32904,Yes,Yes,Yes,KG-12,101,2025,found,,,,,10250,0,https://brevard.academy/tuition/,2026-10-08,live,"traditional learning programme, full-time in-person K-12; other programmes cost more; year not stated",medium
3377,Brevard,BREVARD CHRISTIAN EARLY INTERVENTION CENTER,COCOA,32927,Yes,Yes,Yes,KG-06,54,2025,not_reached,,,,,,,,,,,
1892,Brevard,BREVARD COUNTY INDEPENDENT PRIVATE SCHOOL,MERRITT ISLAND,32953,No,No,No,07,1,2025,not_attempted_no_own_domain,,,,,,,,,,,
3415,Brevard,BREVARD PRIVATE ACADEMY,MERRITT ISLAND,32953,No,Yes,Yes,07-12,90,2025,not_attempted_no_own_domain,,,,,,,,,,,
9794,Brevard,BRIDGING THE GAP LEARNING ACADEMY,MELBOURNE,32940,Yes,No,No,PK-12,32,2025,not_attempted_no_own_domain,,,,,,,,,,,
6978,Brevard,BRIGHT HORIZONS ACADEMY,MELBOURNE,32901,Yes,Yes,Yes,PK-08,96,2025,tuition_word_no_amount,,,,,,,,,,,
5908,Brevard,Britt Children's Academy,Cocoa,32922,No,No,No,PK,49,2025,not_attempted_no_own_domain,,,,,,,,,,,
4295,Brevard,CALVARY CHAPEL ACADEMY,WEST MELBOURNE,32904,Yes,Yes,Yes,PK-12,943,2025,found,2026-27,10445,11325,12425,,0,https://www.calvarycca.com/admissions/tuition-and-fees,2026-10-08,live,"K and 1-5 10,445; 6-8 11,325; 9-12 12,425; 3-year-olds and homeschool classes excluded",high
108,Brevard,CALVARY CHAPEL CHRISTIAN SCHOOL,MERRITT ISLAND,32953,Yes,Yes,Yes,PK-04,75,2026,no_website,,,,,,,,,,,
7508,Brevard,COASTAL COMMUNITY SCHOOL,SATELLITE BEACH,32937,Yes,No,No,PK-08,160,2025,found,2026-27,7200,7950,,,0,https://www.coastalcommunityschool.com/admissions/tuition-fees.cfm,2026-10-08,live,"K-5 7,200; 6-8 7,950; PreKindergarten 4,600 excluded; textbooks separate",high
1765,Brevard,COCOA ADVENTIST CHRISTIAN SCHOOL,COCOA,32926,Yes,Yes,Yes,KG-08,21,2025,not_attempted_no_own_domain,,,,,,,,,,,
3708,Brevard,CREATIVE LEARNING,COCOA,32922,No,Yes,Yes,PK-07,13,2025,not_reached,,,,,,,,,,,
28,Brevard,DEVEREUX SCHOOL OF VIERA,VIERA,32940,No,No,No,KG-11,68,2025,not_reached,,,,,,,,,,,
1917,Brevard,DISCIPLE CHRISTIAN ACADEMY,MERRITT ISLAND,32952,Yes,No,No,,0,2025,not_attempted_no_enrollment,,,,,,,,,,,
8396,Brevard,EASTWIND CHRISTIAN ACADEMY,PALM BAY,32907,Yes,Yes,Yes,KG-08,68,2025,no_website,,,,,,,,,,,
7560,Brevard,EDUCATORS INC PRIVATE CHRISTIAN SCHOOL,ROCKLEDGE,32955,No,No,No,01-12,201,2025,unclear,,,,,,0,https://www.educatorsinc.org/k-12th-virtual-homeschool-fees,2026-10-08,live,virtual homeschool monthly fees,
4767,Brevard,EINSTEIN MONTESSORI ACADEMY,COCOA,32926,No,Yes,Yes,01-12,69,2025,not_attempted_no_own_domain,,,,,,,,,,,
9561,Brevard,EMBER ACADEMY,WEST MELBOURNE,32904,No,Yes,Yes,02-12,15,2025,not_attempted_no_own_domain,,,,,,,,,,,
4809,Brevard,FACES,MERRITT ISLAND,32953,No,Yes,Yes,03-12,11,2025,not_attempted_no_own_domain,,,,,,,,,,,
2515,Brevard,FAITH BASED CHRISTIAN ACADEMY INC,PALM BAY,32905,No,Yes,Yes,01-04,4,2026,not_attempted_no_own_domain,,,,,,,,,,,
573,Brevard,FAITH FELLOWSHIP ACADEMY,MELBOURNE,32940,Yes,Yes,Yes,PK-KG,67,2026,not_reached,,,,,,,,,,,
4855,Brevard,Faith International Academy Brevard,Palm Bay,32911,No,No,No,,0,2026,not_attempted_no_enrollment,,,,,,,,,,,
880,Brevard,FLORIDA PREPARATORY ACADEMY - MELBOURNE,MELBOURNE,32901,No,Yes,Yes,05-12,93,2025,unclear,,,,,,0,https://www.flprep.com/admissions/tuition-and-fees.cfm,2026-10-08,live,only a tuition deposit seen,
1137,Brevard,GRASPING ABUNDANT LIFE ACADEMY,PALM BAY,32907,Yes,No,No,11-12,2,2025,not_attempted_no_own_domain,,,,,,,,,,,
8538,Brevard,GREAT LEAPS ACADEMY,Palm Bay,32905,No,Yes,Yes,PK-05,40,2025,unclear,,,,,,0,https://greatleapsacademy.org/enrollment/,2026-10-08,live,preschool programme,
8099,Brevard,GROWING IN GRACE PREPARATORY SCHOOL,PALM BAY,32905,Yes,Yes,Yes,KG-11,41,2025,not_attempted_no_own_domain,,,,,,,,,,,
3023,Brevard,HAWKING ACADEMY OF SCIENCE,,,No,No,No,12,1,2026,not_attempted_no_own_domain,,,,,,,,,,,
2134,Brevard,HERITAGE BAPTIST ACADEMY,TITUSVILLE,32780,Yes,Yes,Yes,02-11,11,2026,no_website,,,,,,,,,,,
3487,Brevard,HOLY FAMILY SCHOOL,MELBOURNE,32935,Yes,Yes,Yes,KG-07,12,2025,not_attempted_no_own_domain,,,,,,,,,,,
942,Brevard,HOLY NAME OF JESUS CATHOLIC SCHOOL,INDIALANTIC,32903,Yes,Yes,Yes,PK-08,254,2025,not_reached,,,,,,,,,,,
997,Brevard,HOLY TRINITY EPISCOPAL ACADEMY,MELBOURNE,32940,Yes,Yes,Yes,PK-12,953,2026,no_website,,,,,,,,,,,
7210,Brevard,Ignite Christian Academy Inc,Mims,32754,Yes,Yes,Yes,02-12,5,2025,not_attempted_no_own_domain,,,,,,,,,,,
7489,Brevard,IN HIS STEPS LA INC,,,Yes,Yes,Yes,KG-03,3,2026,not_attempted_no_own_domain,,,,,,,,,,,
8715,Brevard,IRC CHRISTIAN ACADEMY,TITUSVILLE,32780,Yes,Yes,Yes,KG-03,65,2025,not_reached,,,,,,,,,,,
2157,Brevard,JOURNEYS ACADEMY EDUCATIONAL PATHWAYS TO SUCESS,PALM BAY,32905,No,Yes,Yes,01-12,48,2025,no_website,,,,,,,,,,,
2978,Brevard,KAYZ LEARNING CORNER,PALM BAY,32907,No,No,No,,0,2025,not_attempted_no_enrollment,,,,,,,,,,,
788,Brevard,KINGDOM TECH ACADEMY,MELBOURNE,32901,Yes,Yes,Yes,KG-08,34,2025,found,,9450,9650,9650,,0,https://kingdomtechacademy.com/admissions/,2026-10-08,live,"K-2 9,450; 3-12 9,650; K-5 tied, lower grade rate used; year not stated",high
7570,Brevard,LAKE FERN MONTESSORI ACADEMY,TITUSVILLE,32780,No,Yes,Yes,PK-08,157,2025,no_website,,,,,,,,,,,
5876,Brevard,LEARNING ACHIEVEMENT ACADEMY,ROCKLEDGE,32955,Yes,Yes,Yes,01-08,55,2025,tuition_word_no_amount,,,,,,,,,,,
9534,Brevard,LEARNING FORWARD EDUCATION,MELBOURNE,32935,No,Yes,Yes,KG-09,57,2025,unclear,,,,,,0,https://www.lfecenter.com/admissions/tuition-financial-aid,2026-10-08,live,financial aid information only,
6866,Brevard,LIFE CHANGERS CHRISTIAN ACADEMY,PALM BAY,32905,Yes,Yes,Yes,PK-12,83,2025,not_reached,,,,,,,,,,,
8249,Brevard,LIFELINE ACADEMY,PALM BAY,32905,Yes,Yes,Yes,PK-12,120,2026,not_attempted_no_own_domain,,,,,,,,,,,
4977,Brevard,LOVE CENTER CHRISTIAN ACADEMY,TITUSVILLE,32796,Yes,Yes,Yes,KG-06,26,2025,not_attempted_no_own_domain,,,,,,,,,,,
706,Brevard,MELBOURNE CENTRAL CATHOLIC HIGH SCHOOL,MELBOURNE,32901,Yes,Yes,Yes,09-12,445,2025,found,2026-27,,,,15870,0,https://www.melbournecc.org/admissions/affording-mcc,2026-10-08,live,"high school tuition; international student rate 16,870 excluded",high
36,Brevard,MERRITT ISLAND CHRISTIAN SCHOOL,MERRITT ISLAND,32952,Yes,Yes,Yes,PK-12,609,2025,found,2026-27,11211,12785,13909,,0,https://micscougars.com/wp-content/uploads/2026/01/Schedule-of-Tuition-and-Fees-2026-2027-New-Students-Website.pdf,2026-10-08,live,"paid-in-full rates: K-4 and 5-6 11,211; 7-8 12,785; 9-12 13,909; monthly-plan totals slightly higher",high
1875,Brevard,MONTESSORI BILINGUAL ACADEMY OF ROCKLEDGE,ROCKLEDGE,32955,No,Yes,Yes,PK-07,88,2025,not_attempted_no_own_domain,,,,,,,,,,,
4618,Brevard,NATURE'S SCHOOLHOUSE OF BREVARD LLC,,,No,No,No,KG-05,108,2025,tuition_word_no_amount,,,,,,,,,,,
4718,Brevard,NEW FELLOWSHIP CHRISTIAN SCHOOL,MIMS,32754,Yes,No,No,09-12,228,2025,not_attempted_no_own_domain,,,,,,,,,,,
4585,Brevard,NEW HOPE LUTHERAN ACADEMY,WEST MELBOURNE,32912,Yes,Yes,Yes,KG-08,79,2025,found,2026-27,,,,9000,0,https://www.schoolmelbourne.com/admissions,2026-10-08,live,K-8,high
4686,Brevard,NEW LIFE ACADEMY,TITUSVILLE,32780,Yes,Yes,Yes,KG-06,141,2025,not_reached,,,,,,,,,,,
598,Brevard,NO LIMITS ACADEMY INC.,MELBOURNE,32934,Yes,Yes,Yes,KG-12,34,2025,not_reached,,,,,,,,,,,
1172,Brevard,OUR LADY OF LOURDES,MELBOURNE,32901,Yes,Yes,Yes,PK-08,250,2025,found,2026-27,,,,10710,0,https://static1.squarespace.com/static/5fb841b18837586f7ab48471/t/6a97428a15edb90992dd1723/1788297866467/Tuition+and+Fee+Schedule+2026-2027.pdf,2026-10-08,live,full time K-8; part-time and pre-K excluded,high
1206,Brevard,OUR SAVIOUR'S SCHOOL,COCOA BEACH,32931,Yes,Yes,Yes,PK-08,185,2025,found,2026-27,,,,10100,0,https://osc-fl.client.factsmgt.com/oa/client_files/osc-fl/uploads_enroll/26-27/26-27-Tuition-OSCS.pdf,2026-10-08,live,K-8 annual tuition per student,high
5158,Brevard,PALM BAY SDA SCHOOL AND EARLY CHILDHOOD CEN,WEST MELBOURNE,32904,Yes,Yes,Yes,PK-08,38,2025,not_reached,,,,,,,,,,,
7164,Brevard,PALOMA ACADEMY,MELBOURNE,32935,No,Yes,Yes,PK-04,48,2026,unclear,,,,,,0,https://palomaacademy.org/admissions,2026-10-08,live,two unlabelled school-year amounts,
4593,Brevard,PARK AVENUE CHRISTIAN ACADEMY,TITUSVILLE,32780,Yes,Yes,Yes,PK-08,377,2026,found,2026-27,10900,10900,,,0,https://www.pacafl.org/page/Tuition-Fees/130755/Index.html,2026-10-08,live,"elementary and middle school 10,900; non-VPK pre-K 3,000 excluded",high
2084,Brevard,PARKHURST ACADEMY INC.,MELBOURNE,32934,Yes,Yes,Yes,,0,2026,not_attempted_no_enrollment,,,,,,,,,,,
8046,Brevard,PUZZLE BOX ACADEMY,PALM BAY,32905,No,Yes,Yes,PK-06,80,2025,unclear,,,,,,0,https://www.puzzleboxacademy.com/tuition-rates/,2026-10-08,live,unlabelled amounts,
4890,Brevard,PUZZLE BOX ACADEMY 2,MELBOURNE,32901,No,Yes,Yes,04-12,44,2025,not_reached,,,,,,,,,,,
8173,Brevard,PUZZLE BOX ACADEMY 3,PALM BAY,32905,No,Yes,Yes,PK-01,17,2026,unclear,,,,,,0,https://www.puzzleboxacademy.com/tuition-rates/,2026-10-08,live,unlabelled amounts; same page as school 8046,
3762,Brevard,R.F.M. CHRISTIAN ACADEMY,MELBOURNE,32901,Yes,Yes,Yes,01-11,31,2026,not_attempted_no_own_domain,,,,,,,,,,,
4415,Brevard,RFM CHRISTIAN ACADEMY,COCOA,32922,Yes,Yes,Yes,KG-08,19,2025,not_attempted_no_own_domain,,,,,,,,,,,
947,Brevard,RFM CHRISTIAN ACADEMY COCO2,COCOA,32922,Yes,Yes,Yes,09-12,9,2025,not_attempted_no_own_domain,,,,,,,,,,,
5218,Brevard,RISING STARS ACADEMY,MELBOURNE,32935,Yes,Yes,Yes,02-12,34,2025,not_attempted_no_own_domain,,,,,,,,,,,
1642,Brevard,ROCKLEDGE CHRISTIAN SCHOOL,ROCKLEDGE,32955,Yes,Yes,Yes,PK-08,163,2025,found,,8455,7825,,,0,https://rcswarriors.org/admissions/tuition-and-fees/,2026-10-08,live,"K-3 8,455; 4-8 7,825; VPK excluded; year not stated",high
645,Brevard,Roots and Reins Academy,,,No,No,No,KG-06,16,2026,blocked,,,,,,,,,,,
1246,Brevard,SAINT JOSEPH CATHOLIC SCHOOL,PALM BAY,32905,Yes,Yes,Yes,PK-08,273,2025,not_reached,,,,,,,,,,,
1277,Brevard,SAINT MARK'S EPISCOPAL ACADEMY,COCOA,32922,Yes,Yes,Yes,PK-06,73,2025,unclear,,,,,,0,,2026-10-08,live,no dollar lines found,
1307,Brevard,SAINT MARYS CATHOLIC SCHOOL,ROCKLEDGE,32955,Yes,Yes,Yes,PK-08,262,2025,unclear,,,,,,0,,2026-10-08,live,no dollar lines found,
7902,Brevard,SAINT PAUL'S CLASSICAL SCHOOL,MELBOURNE,32940,Yes,Yes,Yes,KG-11,81,2026,not_reached,,,,,,,,,,,
1342,Brevard,SAINT TERESA CATHOLIC SCHOOL,TITUSVILLE,32780,Yes,Yes,Yes,PK-08,250,2025,found,2026-27,,,,9907,0,https://www.stteresa-titusville.org/tuition-scholarship,2026-10-08,live,K-8; PreK excluded; supporting Catholic family discount not applied,high
7424,Brevard,Santiago & Friends Academy Titusville,Orlando,32817,No,Yes,Yes,,0,2025,not_attempted_no_enrollment,,,,,,,,,,,
4563,Brevard,SATC COMMUNICATION CULTIVATION ACADEMY INC,ROCKLEDGE,32955,No,Yes,Yes,KG-11,12,2025,not_reached,,,,,,,,,,,
4970,Brevard,School of Hope International,Indialantic,32903,No,No,No,,0,2025,not_attempted_no_enrollment,,,,,,,,,,,
5297,Brevard,SHILOH CHRISTIAN ACADEMY,MELBOURNE,32934,Yes,Yes,Yes,KG-12,48,2025,not_attempted_no_own_domain,,,,,,,,,,,
8864,Brevard,SHINING STARR LEARNING ACADEMY INC.,MELBOURNE,32940,No,Yes,Yes,07-12,6,2025,not_attempted_no_own_domain,,,,,,,,,,,
1493,Brevard,SPACE COAST CHRISTIAN ACADEMY,COCOA,32922,Yes,Yes,Yes,PK-12,217,2026,not_attempted_no_own_domain,,,,,,,,,,,
7989,Brevard,SPACE COAST DISCOVERY,MELBOURNE,32904,No,Yes,Yes,PK-08,104,2025,unclear,,,,,,0,https://spacecoastdiscovery.org/wp-content/uploads/2026/06/Space-Coast-Discovery-Tuition-2026-2027.pdf,2026-10-08,live,weekly early-learning payments,
2566,Brevard,SUNTREE UNITED METHODIST WEEKDAY SCHOOL,MELBOURNE,32940,Yes,Yes,Yes,KG,22,2025,not_reached,,,,,,,,,,,
2270,Brevard,TEMPLE CHRISTIAN SCHOOL,TITUSVILLE,32796,Yes,Yes,Yes,KG-12,179,2026,tuition_word_no_amount,,,,,,,,,,,
254,Brevard,The Educational Hangout Learning Academy,,,No,No,No,07-08,2,2026,not_attempted_no_own_domain,,,,,,,,,,,
2863,Brevard,THE GODDARD SCHOOL OF VIERA,MELBOURNE,32940,No,Yes,Yes,KG,16,2025,tuition_word_no_amount,,,,,,,,,,,
2438,Brevard,THE KINGDOM ACADEMY,PALM BAY,32907,Yes,No,No,07-12,11,2026,not_reached,,,,,,,,,,,
7403,Brevard,THE LEARNING TREE ACADEMY OF PALM BAY,PALM BAY,32907,No,No,No,,0,2025,not_attempted_no_enrollment,,,,,,,,,,,
4227,Brevard,THE LEARNING TREE STEAM ACADEMY,PALM BAY,32905,No,Yes,Yes,,0,2025,not_attempted_no_enrollment,,,,,,,,,,,
6438,Brevard,THE LIFE CENTER ACADEMY,TITUSVILLE,32780,Yes,Yes,Yes,PK-10,134,2025,not_attempted_no_own_domain,,,,,,,,,,,
8302,Brevard,THE PILLAR OF HOPE ACADEMY,COCOA,32923,Yes,Yes,Yes,KG-12,95,2025,unclear,,,,,,0,,2026-10-08,live,no dollar lines found,
8771,Brevard,THE VERDI ECOSCHOOL,MELBOURNE,32935,No,Yes,Yes,KG-12,23,2025,not_reached,,,,,,,,,,,
7884,Brevard,TITUSVILLE CHRISTIAN PREPARATORY SCHOOL,KISSIMMEE,34741,Yes,Yes,Yes,KG-12,90,2025,tuition_word_no_amount,,,,,,,,,,,
4643,Brevard,TORAH ACADEMY,SATELLITE BEACH,32937,Yes,Yes,Yes,PK-06,16,2025,not_attempted_no_own_domain,,,,,,,,,,,
1376,Brevard,TRINITY LUTHERAN SCHOOL,ROCKLEDGE,32955,Yes,Yes,Yes,PK-06,92,2025,unclear,,,,,,0,https://www.trinity-rockledge.org/financial-aid,2026-10-08,live,scholarship information only,
5147,Brevard,Viera Country Day School,Melbourne,32940,No,No,No,KG,12,2026,not_reached,,,,,,,,,,,
9612,Brevard,VITA PREPARATORY ACADEMY,COCOA,32926,No,Yes,Yes,KG-06,31,2025,tuition_word_no_amount,,,,,,,,,,,
8967,Brevard,VOYAGER ACADEMY INC.,PALM BAY,32905,No,Yes,Yes,01-12,18,2025,blocked,,,,,,,,,,,
2606,Brevard,WADE CHRISTIAN ACADEMY,MELBOURNE,32935,Yes,Yes,Yes,PK-12,92,2026,not_reached,,,,,,,,,,,
5691,Brevard,WAVECREST ACADEMY,MELBOURNE,32937,No,Yes,Yes,KG-12,58,2025,not_attempted_no_own_domain,,,,,,,,,,,
104,Brevard,WEST MELBOURNE CHRISTIAN ACADEMY,MELBOURNE,32904,Yes,Yes,Yes,KG-12,143,2025,no_website,,,,,,,,,,,
1645,Brevard,Wish Upon A Star Academy,,,No,No,No,,0,2026,not_attempted_no_enrollment,,,,,,,,,,,
9385,Broward,A CHANGE IN THE GAME,PLANTATION,33313,Yes,Yes,Yes,PK-07,57,2025,no_website,,,,,,,,,,,
3860,Broward,A CHILDRENS CAROUSEL,WESTON,33326,No,No,No,,0,2025,not_attempted_no_enrollment,,,,,,,,,,,
4106,Broward,A E F - LOWER SCHOOL,FORT LAUDERDALE,33314,No,Yes,Yes,KG-07,91,2025,tuition_word_no_amount,,,,,,,,,,,
5447,Broward,A E F HIGH SCHOOL,DAVIE,33314,No,Yes,Yes,08-12,98,2025,tuition_word_no_amount,,,,,,,,,,,
7247,Broward,A E F- WESTHAM,DAVIE,33314,No,Yes,Yes,05-12,48,2025,tuition_word_no_amount,,,,,,,,,,,
6036,Broward,A.S.A.T.A Institute,FORT LAUDERDALE,33311,Yes,Yes,Yes,KG-12,45,2025,no_website,,,,,,,,,,,
1832,Broward,ABC WORKSHOP PRESCHOOL INC,CORAL SPRINGS,33071,No,Yes,Yes,PK-KG,9,2026,not_reached,,,,,,,,,,,
974,Broward,Abelinc Academy,,,No,No,No,,0,2026,not_attempted_no_enrollment,,,,,,,,,,,
2255,Broward,ABUNDANT LIFE CHRISTIAN ACADEMY,MARGATE,33063,Yes,Yes,Yes,PK-12,513,2025,tuition_word_no_amount,,,,,,,,,,,
6272,Broward,ACADEMIC SCHOOL 4 ARTS,COOPER CITY,33328,No,Yes,Yes,01-07,16,2025,not_attempted_no_own_domain,,,,,,,,,,,
5319,Broward,Achieve University,Pompano Beach,33073,No,No,No,,0,2025,not_attempted_no_enrollment,,,,,,,,,,,
2312,Broward,ACTON ACADEMY FORT LAUDERDALE,FORT LAUDERDALE,33312,No,Yes,Yes,KG-09,40,2025,unclear,,,,,,0,https://www.actonacademyfl.com/school-calendar-fees-ethics-handbook,2026-10-08,live,"monthly rates, number of payments not seen",
2956,Broward,ACUTIS ACADEMY,PARKLAND,33076,No,No,No,01-10,68,2026,not_attempted_no_own_domain,,,,,,,,,,,
8657,Broward,ADHERE ACADEMY,HALLANDALE,33009,No,Yes,Yes,PK,15,2025,not_attempted_no_own_domain,,,,,,,,,,,
2768,Broward,AGAPE GENERATION ACADEMY,POMPANO BEACH,33069,No,Yes,Yes,KG-02,5,2025,not_attempted_no_own_domain,,,,,,,,,,,
3414,Broward,ALAZHAR SCHOOL,TAMARAC,33321,Yes,Yes,Yes,PK-08,467,2026,not_reached,,,,,,,,,,,
6946,Broward,ALL SAINTS CATHOLIC SCHOOL,SUNRISE,33351,Yes,Yes,Yes,PK-08,346,2025,no_website,,,,,,,,,,,
3570,Broward,ALTERNATIVE EDUCATION INSTITUTE,DAVIE,33314,No,No,No,KG-12,191,2025,not_attempted_no_own_domain,,,,,,,,,,,
9336,Broward,Alton School,DAVIE,33314,No,Yes,Yes,PK-02,88,2026,not_attempted_no_own_domain,,,,,,,,,,,
9549,Broward,AMAZING ACHIEVERS ACADEMY LLC.,MIRAMAR,33023,No,No,No,PK,54,2025,not_attempted_no_own_domain,,,,,,,,,,,
6775,Broward,AMBERWOOD PRESCHOOL ACADEMY,LAUDERHILL,33351,No,Yes,Yes,PK-01,59,2025,not_attempted_no_own_domain,,,,,,,,,,,
2166,Broward,AMERICAN ARTS ACADEMY,MARGATE,33063,No,No,No,,0,2025,not_attempted_no_enrollment,,,,,,,,,,,
1060,Broward,AMERICAN HERITAGE SCHOOL OF PLANTATION,PLANTATION,33325,No,Yes,Yes,PK-12,3063,2025,not_reached,,,,,,,,,,,
5567,Broward,AMERICAN HIGH SCHOOL,PLANTATION,33317,No,Yes,Yes,01-12,76,2025,tuition_word_no_amount,,,,,,,,,,,
9393,Broward,AMERICAN K12 SCHOOL,SUNRISE,33322,No,No,No,10-11,2,2025,tuition_word_no_amount,,,,,,,,,,,
75,Broward,AMERICAN PREPARATORY ACADEMY,DAVIE,33328,No,Yes,Yes,KG-12,87,2025,no_website,,,,,,,,,,,
5893,Broward,American School of Excellence,Sunrise,33322,No,No,No,10-12,4,2025,tuition_word_no_amount,,,,,,,,,,,
8739,Broward,ANGEL TOUCH,Lauderhill,33313,Yes,No,No,KG-11,15,2025,not_attempted_no_own_domain,,,,,,,,,,,
6002,Broward,ANGELIC STEPS ACADEMY,DAVIE,33024,No,Yes,Yes,KG-03,4,2025,no_website,,,,,,,,,,,
6918,Broward,ANGELS CHRISTIAN ACADEMY OF POMPANO BEACH,POMPANO BEACH,33064,Yes,Yes,Yes,KG-12,23,2025,not_attempted_no_own_domain,,,,,,,,,,,
4972,Broward,ANN STORCK CENTER,FORT LAUDERDALE,33317,No,Yes,Yes,PK-07,57,2025,not_reached,,,,,,,,,,,
1207,Broward,ANNUNCIATION SCHOOL,WEST HOLLYWOOD,33023,Yes,Yes,Yes,PK-08,178,2025,unclear,,,,,,0,,2026-10-08,live,no dollar lines found,
2333,Broward,APPLE TREE MONTESSORI SCHOOL INC.,DAVIE,33331,No,Yes,Yes,PK-03,123,2025,not_reached,,,,,,,,,,,
4069,Broward,ARC BROWARD,SUNRISE,33351,No,No,No,,0,2025,not_attempted_no_enrollment,,,,,,,,,,,
1767,Broward,ARCHBISHOP EDWARD A. MCCARTHY HIGH SCHOOL,SOUTHWEST RANCHES,33330,Yes,Yes,Yes,09-12,1940,2025,found,,,,12699,,0,https://www.mccarthyhigh.org/admissions/,2026-10-08,live,"grades 9-11 12,699; grade 12 13,175; year ambiguous (2026-27 and 2027-28)",medium
3068,Broward,ATLANTIS ACADEMY,CORAL SPRINGS,33076,No,Yes,Yes,KG-12,180,2025,no_website,,,,,,,,,,,
1367,Broward,AUKELA UNIQUE AND DISTINGUISHED SCHOLARS,WEST PARK,33023,Yes,Yes,Yes,PK-12,39,2025,tuition_word_no_amount,,,,,,,,,,,
7890,Broward,BALDWIN ACADEMY PREPARATORY SCHOOL II,FORT LAUDERDALE,33312,No,Yes,Yes,PK-05,176,2025,not_reached,,,,,,,,,,,
3270,Broward,BB COUNTRY DAY SCHOOL,POMPANO BEACH,33060,No,Yes,Yes,PK-07,93,2025,not_attempted_no_own_domain,,,,,,,,,,,
1377,Broward,BEACON HILL SCHOOL INC,HOLLYWOOD,33024,No,Yes,Yes,PK-08,56,2025,unclear,,,,,,0,https://beaconhillmiami.com/wp-content/uploads/2026/08/Admission-Application_v5.pdf,2026-10-08,live,only application form text seen,
7928,Broward,"BELIEVERS FAITH CHRISTIAN ACADEMY, INC.",,,Yes,No,No,,0,2026,not_attempted_no_enrollment,,,,,,,,,,,
4872,Broward,Belle Menti Montessori,,,No,No,No,PK,32,2025,not_attempted_no_own_domain,,,,,,,,,,,
138,Broward,BEN PORAT YOSEF YITCHOK INC,HOLLYWOOD,33312,Yes,No,No,PK-02,148,2025,not_attempted_no_own_domain,,,,,,,,,,,
8488,Broward,BENJAMIN ACADEMY,HOLLYWOOD,33021,No,Yes,Yes,PK-KG,11,2026,not_attempted_no_own_domain,,,,,,,,,,,
263,Broward,BETHANY CHRISTIAN SCHOOL,FORT LAUDERDALE,33316,Yes,Yes,Yes,PK-08,399,2026,unclear,,,,,,0,https://bcsftl.org/tuition,2026-10-08,live,no tuition amount in text read,
6199,Broward,BETHLEHEM JUNIOR ACADEMY,TAMARAC,33309,Yes,Yes,Yes,KG-08,263,2026,not_attempted_no_own_domain,,,,,,,,,,,
8407,Broward,BISHOP MACK PREPARATORY SCHOOL,FORT LAUDERDALE,33311,Yes,Yes,Yes,PK-12,508,2025,not_attempted_no_own_domain,,,,,,,,,,,
1443,Broward,BLAKE SCHOOL,PLANTATION,33313,No,Yes,Yes,PK-08,134,2026,not_attempted_no_own_domain,,,,,,,,,,,
7273,Broward,Brantley Academy,Pompano Beach,33069,No,No,No,KG-12,100,2025,not_attempted_no_own_domain,,,,,,,,,,,
2377,Broward,BRIGHTSEED ACADEMY OF LEARNING,SUNRISE,33313,No,No,No,PK,1,2025,tuition_word_no_amount,,,,,,,,,,,
2595,Broward,BROWARD BEACON LEARNING CENTER,LAUDERHILL,33313,Yes,No,No,KG-11,6,2025,not_attempted_no_own_domain,,,,,,,,,,,
6470,Broward,BROWARD CHILDREN'S CENTER INC,POMPANO BEACH,33060,No,No,No,PK-07,60,2025,not_reached,,,,,,,,,,,
6471,Broward,BROWARD CHILDREN'S CENTER INC.,POMPANO BEACH,33060,No,No,No,PK-08,34,2026,not_reached,,,,,,,,,,,
5102,Broward,BROWARD CHRISTIAN ACADEMY,DAVIE,33328,Yes,Yes,Yes,PK-04,92,2025,unclear,,,,,,0,,2026-10-08,live,no dollar lines found,
2664,Broward,BROWARD JUNIOR ACADEMY,North Lauderdale,33319,Yes,Yes,Yes,KG-10,218,2025,found,,,,,4600,0,https://www.bjaeagles.org/private-school-tuition,2026-10-08,live,"page says basic tuition 4,600 per year but notes the fee may have changed; year not stated",low
9824,Broward,BRUCKNER EDUCATION,COOPER CITY,33024,No,Yes,Yes,PK-KG,50,2025,no_website,,,,,,,,,,,
5902,Broward,C.G. SMITH ACADEMY - EAST,PLANTATION,33317,No,Yes,Yes,01-07,16,2025,not_reached,,,,,,,,,,,
3283,Broward,CALVARY CHRISTIAN ACADEMY,FT LAUDERDALE,33309,Yes,Yes,Yes,PK-12,2466,2025,not_reached,,,,,,,,,,,
4769,Broward,CALVARY CHRISTIAN ACADEMY HOLLYWOOD,HOLLYWOOD,33021,Yes,Yes,Yes,PK-12,739,2026,not_reached,,,,,,,,,,,
4804,Broward,CAMBRIDGE INTERNATIONAL ACADEMY,PEMBROKE PINES,33028,No,Yes,Yes,KG-08,115,2025,tuition_word_no_amount,,,,,,,,,,,
167,Broward,CARDINAL GIBBONS HIGH SCHOOL,FORT LAUDERDALE,33308,Yes,Yes,Yes,09-12,1063,2025,found,2026-27,,,16250,,0,https://www.cghsfl.org/admissions/tuition-financial-aid,2026-10-08,live,"grades 9-11 16,250; grade 12 16,650",high
7566,Broward,CARE AND SHARE UXBRIDGE CHRISTIAN ACADEMY,OAKLAND PARK,33309,Yes,Yes,Yes,PK-05,56,2025,not_attempted_no_own_domain,,,,,,,,,,,
4344,Broward,CENTER ACADEMY-CORAL SPRINGS,CORAL SPRINGS,33067,No,Yes,Yes,05-12,71,2025,tuition_word_no_amount,,,,,,,,,,,
1278,Broward,CHAMINADE-MADONNA COLLEGE PREPARATORY,HOLLYWOOD,33021,Yes,Yes,Yes,09-12,661,2026,found,2026-27,,,,18000,0,https://www.cmlions.org/admissions/tuition-and-financial-aid,2026-10-08,live,high school tuition rate; legacy discount not applied,high
3063,Broward,CHARISMATA CHRISTIAN ACADEMY,MARGATE,33063,No,Yes,Yes,KG-08,106,2025,not_attempted_no_own_domain,,,,,,,,,,,
3887,Broward,CHEDER ACHEI TEMIMIM,LAUDERHILL,33319,Yes,No,No,,0,2025,not_attempted_no_enrollment,,,,,,,,,,,
5594,Broward,CHEDER MENACHEM OF INVERRARY INC.,Fort Lauderdale,33319,Yes,No,No,,0,2025,not_attempted_no_enrollment,,,,,,,,,,,
6804,Broward,CHILDREN IN THE SPIRIT CHRISTIAN SCHOOL,POMPANO BEACH,33060,Yes,Yes,Yes,KG-10,137,2025,not_attempted_no_own_domain,,,,,,,,,,,
1690,Broward,CHRIST CHURCH SCHOOL,FORT LAUDERDALE,33308,Yes,Yes,Yes,PK-05,313,2026,found,,18920,,,,0,https://ccsfl.org/admissions/tuition-fees,2026-10-08,live,"K 17,240; grades 1-5 18,920 (first amount per row taken as tuition); page mentions several years",medium
3319,Broward,CHRISTI ACADEMY,SUNRISE,33351,Yes,Yes,Yes,KG-12,159,2025,not_attempted_no_own_domain,,,,,,,,,,,
7544,Broward,CHRISTIAN INTERNATIONAL COMMUNITY ACADEMY,FORT LAUDERDALE,33309,Yes,No,No,09-11,5,2025,not_attempted_no_own_domain,,,,,,,,,,,
7935,Broward,CHRISTIAN LIFE ACADEMY,TAMARAC,33309,Yes,Yes,Yes,KG-05,136,2025,unclear,,,,,,0,https://static1.squarespace.com/static/5c8bd87fca525b0b0d9a6df1/t/6a46ba2a6a938e3aba56698c/1783020074868/CLA+2026-2027+TUITION+%26+FEES.pdf,2026-10-08,live,three unlabelled columns by grade group,
6175,Broward,"Circle of Life Learning Academy, Inc",,33312,Yes,No,No,,0,2025,not_attempted_no_enrollment,,,,,,,,,,,
1469,Broward,City Rev Prep Christian School,Pembroke Pines,33029,Yes,No,No,,0,2026,not_attempted_no_enrollment,,,,,,,,,,,
9427,Broward,CLEVER OAKS ACADEMY,PLANTATION,33324,No,Yes,Yes,PK-05,189,2026,tuition_word_no_amount,,,,,,,,,,,
9740,Broward,COLLEGE ACADEMY AT SOUTH FLORIDA BIBLE COLLEGE,DEERFIELD BEACH,33442,Yes,No,No,09-12,146,2026,unclear,,,,,,0,https://sfbc.edu/tuition/,2026-10-08,live,page read is a college tuition page,
8283,Broward,COLOSSAL ACADEMY,FORT LAUDERDALE,33304,No,Yes,Yes,04-11,29,2025,not_reached,,,,,,,,,,,
9184,Broward,COMPASS OUTREACH AND EDUCATION CENTER,FORT LAUDERDALE,33312,No,Yes,Yes,01-06,15,2026,not_reached,,,,,,,,,,,
3228,Broward,CONTINENTAL ACADEMY,MIAMI LAKES,33014,No,No,No,09-12,129,2025,not_attempted_no_own_domain,,,,,,,,,,,
4230,Broward,COOPER CITY CHRISTIAN ACADEMY,COOPER CITY,33330,Yes,Yes,Yes,KG-12,148,2025,no_website,,,,,,,,,,,
5068,Broward,CORAL SPRINGS MONTESSORI SCHOOL,CORAL SPRINGS,33065,No,Yes,Yes,PK-KG,23,2026,not_reached,,,,,,,,,,,
613,Broward,CORAL SPRINGS PRESCHOOL,CORAL SPRINGS,33065,No,Yes,Yes,KG-01,15,2026,not_attempted_no_own_domain,,,,,,,,,,,
7505,Broward,CORNERSTONE PRESCHOOL LLC,POMPANO BEACH,33060,Yes,Yes,Yes,PK-05,90,2025,not_attempted_no_own_domain,,,,,,,,,,,
3998,Broward,CRAYONS CHILDCARE,DAVIE,33325,Yes,Yes,Yes,PK-05,109,2025,not_attempted_no_own_domain,,,,,,,,,,,
7355,Broward,Daisy's Academy,Fort Lauderdale,33311,No,No,No,PK-05,71,2026,not_reached,,,,,,,,,,,
2125,Broward,DAVID POSNACK JEWISH DAY SCHOOL,DAVIE,33328,Yes,Yes,Yes,PK-12,927,2026,not_reached,,,,,,,,,,,
8272,Broward,DAVIE CHRISTIAN SCHOOL,DAVIE,33331,Yes,Yes,Yes,PK-07,47,2025,not_attempted_no_own_domain,,,,,,,,,,,
7350,Broward,DELMAR ARTS ACADEMY,FT. LAUDERDALE,33304,No,Yes,Yes,PK-03,71,2025,tuition_word_no_amount,,,,,,,,,,,
3093,Broward,DELMAR ARTS ACADEMY AT THE Y,FT LAUDERDALE,33311,No,Yes,Yes,PK-01,52,2025,tuition_word_no_amount,,,,,,,,,,,
5849,Broward,Diamond Minds Transformational Leadership Academy,FT LAUDERDALE,33312,No,Yes,Yes,PK-09,38,2025,no_website,,,,,,,,,,,
7344,Broward,DICKENS SANOMI ACADEMY,Tamarac,33321,No,Yes,Yes,PK-12,141,2025,found,2024-25,8385,7789,7654,,0,https://www.dickenssanomiacademy.org/admissions/tuition---fees.cfm,2026-10-08,live,"general tuition (non-ESE): K-5 8,385; 6-8 7,789; high school 7,654; a separate ESE programme costs 18,050 to 22,850",high
5126,Broward,DIVERSE ABILITIES INC,Plantation,33317,No,Yes,Yes,KG-12,24,2025,not_attempted_no_own_domain,,,,,,,,,,,
4782,Broward,DIVINE ACADEMY INTERNATIONAL INC.,PEMBROKE PINES,33028,No,Yes,Yes,03-12,84,2026,not_reached,,,,,,,,,,,
3168,Broward,DOWNTOWN CHRISTIAN ACADEMY,FORT LAUDERDALE,33301,Yes,Yes,Yes,KG-03,53,2026,found,,10400,,,,0,https://www.downtownchristianacademy.com/tutition,2026-10-08,live,"K5-2nd 10,400; 3rd-5th 10,900 (tied, lower rate used); year not stated; preschool and VPK excluded",high
9381,Broward,ECB EDUCATIONAL CENTER,HOLLYWOOD,33023,Yes,Yes,Yes,PK-08,91,2025,not_attempted_no_own_domain,,,,,,,,,,,
8985,Broward,ECOKIDS BILINGUAL PRESCHOOLS,CORAL SPRINGS,33065,No,Yes,Yes,PK-02,64,2025,not_attempted_no_own_domain,,,,,,,,,,,
4465,Broward,EDITH ROBINSON CHRISTIAN ACADEMY,MACON,31204,Yes,No,No,,0,2025,not_attempted_no_enrollment,,,,,,,,,,,
8493,Broward,EDUCATION STATION PRESCHOOL,LIGHTHOUSE POINT,33064,No,Yes,Yes,PK-03,53,2026,not_attempted_no_own_domain,,,,,,,,,,,
5348,Broward,Elev8 School #2,MIAMI,33155,No,Yes,Yes,07-12,46,2025,tuition_word_no_amount,,,,,,,,,,,
9111,Broward,Elev8 School #7,MIAMI,33155,No,Yes,Yes,06-12,73,2025,not_reached,,,,,,,,,,,
6759,Broward,ELITE ACADEMY SCHOOL OF EXCELLENCE,OAKLAND PARK,33309,Yes,Yes,Yes,KG-12,53,2025,not_attempted_no_own_domain,,,,,,,,,,,
565,Broward,Empowered Preparatory School,CORAL SPRINGS,33065,No,Yes,Yes,05-10,30,2025,tuition_word_no_amount,,,,,,,,,,,
3754,Broward,EXCEL ACADEMY CHRISTIAN SCHOOL,MIRAMAR,33023,Yes,No,No,02-11,14,2025,not_attempted_no_own_domain,,,,,,,,,,,
5278,Broward,Excelling All-Stars Academy,Miramar,33023,Yes,No,No,KG-11,41,2026,not_attempted_no_own_domain,,,,,,,,,,,
3300,Broward,EXCELSIOR ARTZ PREPARATORY SCHOOL,CORAL SPRINGS,33065,Yes,Yes,Yes,PK-08,72,2025,not_attempted_no_own_domain,,,,,,,,,,,
2625,Broward,EXCELSIOR INTERNATIONAL ACADEMY,POMPANO BEACH,33060,No,Yes,Yes,PK-05,57,2025,not_reached,,,,,,,,,,,
170,Broward,FAITH BAPTIST ACADEMY,MARGATE,33063,Yes,Yes,Yes,KG-12,29,2025,not_reached,,,,,,,,,,,
5532,Broward,Family First Microschool,Coral Springs,33065,No,No,No,,0,2025,not_attempted_no_enrollment,,,,,,,,,,,
8908,Broward,FIDELIS ACADEMY,FORT LAUDERDALE,33311,Yes,Yes,Yes,KG-12,81,2025,found,2025-26,10500,11200,,,0,https://fidelislearning.com/tuition-fee/,2026-10-08,live,"K 9,500; 1-3 10,500; 4-8 11,200; same page as school 1329",high
7663,Broward,FIG TREE MONTESSORI,CORAL SPRINGS,33067,Yes,Yes,Yes,KG-05,14,2025,found,2026-27,10500,,,,0,https://www.figtreemontessori.org/admissions-tuition/tuition-information/,2026-10-08,live,"Montessori lower elementary (grades 1-3) and upper elementary (grades 4-6) full day both 10,500",medium
6179,Broward,FINTECH ACADEMY,PLANTATION,33313,No,Yes,Yes,PK-08,34,2025,not_attempted_no_own_domain,,,,,,,,,,,
6557,Broward,FIRST BAPTIST ACADEMY,HOLLYWOOD FL,33026,Yes,Yes,Yes,PK-12,220,2025,unclear,,,,,,0,https://www.myfbalions.com/tuition-financial-assistance,2026-10-08,live,only fees seen,
6117,Broward,FIRST PRESBYTERIAN LEARNING CENTER,HOLLYWOOD,33020,Yes,Yes,Yes,PK,26,2025,not_reached,,,,,,,,,,,
9479,Broward,FIRST STEPS INTERNATIONAL ACADEMY,WESTON,33331,No,Yes,Yes,PK-KG,125,2025,not_reached,,,,,,,,,,,
3342,Broward,FIRST UNITED METHODIST CHURCH SCHOOL,CORAL SPRINGS,33065,Yes,No,No,PK,114,2025,not_reached,,,,,,,,,,,
9277,Broward,FLEX LEARNING ACADEMY,COOPER CITY,33026,No,Yes,Yes,03-12,62,2026,not_attempted_no_own_domain,,,,,,,,,,,
8527,Broward,FOR KIDS ONLY ACADEMY,HOLLYWOOD,33024,No,No,No,PK,20,2025,not_attempted_no_own_domain,,,,,,,,,,,
3150,Broward,FOREVER KIDS ACADEMY,THE SAME,,No,No,No,PK,15,2025,not_attempted_no_own_domain,,,,,,,,,,,
1329,Broward,FORTIS ACADEMY,FORT LAUDERDALE,33311,Yes,Yes,Yes,06-12,8,2025,found,2025-26,10500,11200,,,0,https://fidelislearning.com/tuition-fee/,2026-10-08,live,"K 9,500; 1-3 10,500; 4-8 11,200",high
8475,Broward,FOUNDATION MONTESSORI LLC,SUNRISE,33322,No,No,No,PK-KG,6,2025,not_reached,,,,,,,,,,,
1806,Broward,FT. LAUDERDALE PREPARATORY SCHOOL,FORT LAUDERDALE,33311,No,No,No,KG-12,148,2025,not_reached,,,,,,,,,,,
297,Broward,FUNDAMENTAL LIFE SKILLS CENTER,SUNRISE,33351,No,No,No,10-12,4,2025,not_reached,,,,,,,,,,,
1726,Broward,FUSION ACADEMY PEMBROKE PINES,PEMBROKE PINES,33027,No,Yes,Yes,05-12,38,2025,unclear,,,,,,0,https://www.fusionacademy.com/campuses/alexandria/tuition/,2026-10-08,live,per-class rates,
6964,Broward,FUTURE LEADERS  ACADEMY,LAUDERDALE LAKES,33309,No,Yes,Yes,01-02,3,2025,not_attempted_no_own_domain,,,,,,,,,,,
5597,Broward,FUTURE LEADERS INTERNATIONAL ACADEMY,LIGHTHOUSE POINT,33064,No,No,No,PK,11,2025,not_attempted_no_own_domain,,,,,,,,,,,
4884,Broward,FUTUREBOUND CONSERVATORY,HALLANDALE BEACH,33009,No,No,No,,0,2026,not_attempted_no_enrollment,,,,,,,,,,,
4277,Broward,GATEWAY CHRISTIAN ACADEMY,FT. LAUDERDALE,33311,Yes,Yes,Yes,PK-05,110,2025,no_website,,,,,,,,,,,
7318,Broward,GENESIS MONTESSORI GIFTED ACADEMY INC,TAMARAC,33319,Yes,Yes,Yes,PK-05,73,2025,not_attempted_no_own_domain,,,,,,,,,,,
3866,Broward,GLADES CHRISTIAN ACADEMY,CORAL SPRINGS,33071,Yes,Yes,Yes,KG-06,146,2026,unclear,,,,,,0,https://static1.squarespace.com/static/5ef54ea61250a85af34203a7/t/6a96f52f6127082d0f3da713/1788278063498/Rates+2026-+August+Update+%281%29.pdf,2026-10-08,live,childcare weekly rates,
309,Broward,GLOW TECH ACADEMY LLC,Hallandale,33009,No,No,No,,0,2025,not_attempted_no_enrollment,,,,,,,,,,,
634,Broward,GRACE AND FAITH INTERNATIONAL ACADEMY INC.,HOLLYWOOD,33020,Yes,Yes,Yes,PK-KG,65,2025,not_attempted_no_own_domain,,,,,,,,,,,
8023,Broward,GRACE PLACE SCHOOL,POMPANO BEACH,33064,Yes,Yes,Yes,09-12,10,2025,found,2023-24,,,,20905,0,https://static1.squarespace.com/static/67ad0a9974a99453eba7e3ce/t/68221b6e0a58687560fa2280/1747065710498/Grace+Place+School_Fee+Schedule.pdf,2026-10-08,live,tuition for 2023-24,high
5875,Broward,GREATER HEIGHTS PREPATORY SCHOOL,Fort Lauderdale,33309,No,No,No,,0,2025,not_attempted_no_enrollment,,,,,,,,,,,
7425,Broward,GREEN CHILDREN'S HOUSE MONTESSORI SCHOOL,POMPANO BEACH,33060,No,Yes,Yes,PK-02,36,2025,not_reached,,,,,,,,,,,
5657,Broward,GTG Ft.Lauderdale/Lauderhill Learning Center,Lauderhill,33312,No,No,No,KG-12,12,2025,not_reached,,,,,,,,,,,
9489,Broward,GUIDEPOST MONTESSORI AT HOLLYWOOD BEACH,HOLLYWOOD,33020,No,Yes,Yes,PK-06,60,2025,unclear,,,,,,0,https://guidepostmontessori.com/admissions/,2026-10-08,live,referral credit only,
6335,Broward,HALLANDALE HOUSE OF LEARNING,HALLANDALE BEACH,33009,No,Yes,Yes,PK-KG,79,2025,not_reached,,,,,,,,,,,
7787,Broward,Happy Feet Learning Academy,POMPANO BEACH,33064,No,Yes,Yes,KG-04,22,2025,not_attempted_no_own_domain,,,,,,,,,,,
4345,Broward,HARVARD ACADEMY,SUNRISE,33351,No,Yes,Yes,PK-05,110,2025,not_reached,,,,,,,,,,,
5232,Broward,HARVARD INTERNATIONAL ACADEMY,HOLLYWOOD,33021,No,Yes,Yes,KG-12,153,2025,tuition_word_no_amount,,,,,,,,,,,
1534,Broward,HEBREW ACADEMY COMMUNITY SCHOOL,MARGATE,33063,Yes,Yes,Yes,PK-11,717,2025,found,2026-27,16150,17250,,,0,https://hebrewacademy.org/wp-content/uploads/2026/04/Tution-Schedule-26-27.pdf,2026-10-08,live,"K-5 16,150; 6-8 17,250; early childhood excluded",high
6998,Broward,HI TECH KIDZ KOLLEGE,POMPANO,33060,No,Yes,Yes,KG-05,51,2025,found,2023-24,,,,8500,0,https://mybrightonacademy.com/wp-content/uploads/2023/09/school-tuition.pdf,2026-10-08,live,annual tuition for 2023-24,high
9387,Broward,HIGH SCHOOL OF AMERICA LLC,Jacksonville,32207,No,No,No,05-12,8,2025,tuition_word_no_amount,,,,,,,,,,,
2155,Broward,HIGHLANDS CHRISTIAN ACADEMY,POMPANO BEACH,33064,Yes,Yes,Yes,PK-12,582,2025,unclear,,,,,,0,https://www.highlandschristian.org/faqs,2026-10-08,live,no tuition amount,
3196,Broward,HOCHBERG PREPARATORY SCHOOL,HALLANDALE,33009,Yes,Yes,Yes,KG-05,261,2026,not_reached,,,,,,,,,,,
7173,Broward,HOPE FOR THE FUTURE CHRISTIAN ACADEMY,LAUDERHILL,33312,Yes,Yes,Yes,KG-08,20,2025,not_attempted_no_own_domain,,,,,,,,,,,
8790,Broward,HOSANNA CHRISTIAN ACADEMY,MARGATE,33063,Yes,Yes,Yes,KG-09,10,2025,not_attempted_no_own_domain,,,,,,,,,,,
2849,Broward,IMK POMPANO LLC,POMPANO BEACH,33060,No,Yes,Yes,PK-KG,25,2025,not_reached,,,,,,,,,,,
4489,Broward,INFINITE ADVENTURES ACADEMY,CORAL SPRINGS,33065,No,No,No,,0,2025,not_attempted_no_enrollment,,,,,,,,,,,
9386,Broward,INTERNATIONAL MONTESSORI KIDS CENTER,DEERFIELD BEACH,33441,No,Yes,Yes,PK-03,50,2025,not_reached,,,,,,,,,,,
2852,Broward,INTERNATIONAL MONTESSORI SCHOOL,FORT LAUDERDALE,33315,No,No,No,PK-KG,18,2025,not_attempted_no_own_domain,,,,,,,,,,,
7089,Broward,International Studies Preparatory Academy,Hollywood,33020,No,Yes,Yes,,0,2026,not_attempted_no_enrollment,,,,,,,,,,,
619,Broward,ITUTOREXPRESS VIRTUAL ACADEMY,HOLLYWOOD,33019,No,No,No,KG-05,15,2025,tuition_word_no_amount,,,,,,,,,,,
8155,Broward,JACKLYN ACADEMY,FORT LAUDERDALE,33312,No,Yes,Yes,KG-12,58,2025,not_attempted_no_own_domain,,,,,,,,,,,
6373,Broward,JACKSON PREPARATORY ACADEMY,,,Yes,No,No,KG-11,22,2025,not_attempted_no_own_domain,,,,,,,,,,,
9443,Broward,JAM PREPARATORY ACADEMY OF EXCELLENCE,MIRAMAR,33025,No,No,No,PK-12,230,2025,not_attempted_no_own_domain,,,,,,,,,,,
5528,Broward,JEWISH COOPERATIVE SCHOOL,HOLLYWOOD,33020,Yes,Yes,Yes,08-12,172,2025,not_attempted_no_own_domain,,,,,,,,,,,
8150,Broward,JEWISH CULTURE HIGH SCHOOL,FORT LAUDERDALE,33301,Yes,No,No,08-12,171,2025,tuition_word_no_amount,,,,,,,,,,,
9571,Broward,JLP EDUCATION ATHLETICS INC.,TAMARAC,33321,No,Yes,Yes,KG-06,66,2026,not_attempted_no_own_domain,,,,,,,,,,,
7106,Broward,K12 PREPARATORY ACADEMY,PLANTATION,33324,No,No,No,KG-12,312,2025,found,,2600,2700,3700,,0,https://k12prepacademy.com/tuition-financing,2026-10-08,live,"online school: full-payment fees elementary 2,600; middle 2,700; high school 3,700; year not stated",medium
3755,Broward,KEY POINT ACADEMY,HALLANDALEBEACH,33009,No,Yes,Yes,PK-KG,92,2025,no_website,,,,,,,,,,,
7452,Broward,KIDS HAVEN ACADEMY SUNRISE,SUNRISE,33351,No,Yes,Yes,PK-07,35,2025,no_website,,,,,,,,,,,
1850,Broward,KIDS IN ACTION,Fort Lauderdale,33334,Yes,Yes,Yes,KG-11,336,2025,not_attempted_no_own_domain,,,,,,,,,,,
7999,Broward,KLA SCHOOL OF PEMBROKE PINES,PEMBROKE PINES,33029,No,Yes,Yes,PK-KG,60,2026,tuition_word_no_amount,,,,,,,,,,,
7700,Broward,KNOW IT ALL PREPARATORY SCHOOL,DAVIE,33328,Yes,Yes,Yes,01-12,54,2025,not_reached,,,,,,,,,,,
4874,Broward,La Creare Schools,Coral Springs,33065,No,Yes,Yes,PK,17,2025,not_reached,,,,,,,,,,,
5666,Broward,Landow Jewish Academy,FT. LAUDERDALE,33315,Yes,Yes,Yes,PK-12,466,2025,no_website,,,,,,,,,,,
5689,Broward,LEARNING ACADEMY,HALLANDALE,33009,No,Yes,Yes,KG-07,134,2025,not_attempted_no_own_domain,,,,,,,,,,,
5076,Broward,LEARNING CORNER ACADEMY,HALLANDALE,33009,No,Yes,Yes,PK-KG,48,2026,not_attempted_no_own_domain,,,,,,,,,,,
8713,Broward,LEARNING LAND MONTESSORI,POMPANO BEACH,33060,No,Yes,Yes,PK-KG,21,2025,not_reached,,,,,,,,,,,
7345,Broward,LEARNING SCOPE ACADEMY,PLANTATION,33324,No,Yes,Yes,PK-KG,26,2025,blocked,,,,,,,,,,,
6273,Broward,Legacy Eagles Christian Academy,Deerfield Beach,33441,Yes,No,No,,0,2025,not_attempted_no_enrollment,,,,,,,,,,,
5424,Broward,LIFE ACADEMY,PEMBROKE PINES,33029,Yes,No,No,,0,2025,not_attempted_no_enrollment,,,,,,,,,,,
4205,Broward,LIGHTHOUSE CHRISTIAN ACADEMY,OAKLAND PARK,33334,Yes,Yes,Yes,02-12,14,2025,not_attempted_no_own_domain,,,,,,,,,,,
5163,Broward,LIGHTHOUSE CHRISTIAN SCHOOL,POMPANO BEACH,33062,Yes,Yes,Yes,KG-08,211,2025,found,2026-27,12100,12600,,,0,https://lcsmariners.com/wp-content/uploads/2026/01/20252026-Tuition-Fee-Schedule.pdf,2026-10-08,live,"K 11,500; 1-5 12,100; 6-8 12,600; fees separate",high
1940,Broward,LIL. TREAZURES ACADEMY INC,POMPANO BEACH,33060,No,Yes,Yes,KG-12,48,2025,not_attempted_no_own_domain,,,,,,,,,,,
4746,Broward,LINDA'S KIDS GARDEN,,,No,No,No,PK,38,2025,not_attempted_no_own_domain,,,,,,,,,,,
5799,Broward,LITTLE BEE'S ACADEMY,DEERFIELD BEACH,33441,Yes,Yes,Yes,PK-08,144,2025,not_attempted_no_own_domain,,,,,,,,,,,
9667,Broward,LITTLE FLOWER MONTESSORI SCHOOL,WILTON MANORS,33305,No,Yes,Yes,PK-04,61,2026,not_attempted_no_own_domain,,,,,,,,,,,
2405,Broward,LITTLE FLOWER SCHOOL,HOLLYWOOD,33020,Yes,Yes,Yes,PK-08,187,2025,found,2026-27,9800,9800,,,0,https://littleflowerhollywood.org/school/tuition/,2026-10-08,live,"PreK3/4 to grade 7 9,800; grade 8 9,975",high
2853,Broward,LIVING WATER CHRISTIAN ACADEMY,FORT LAUDERDALE,33312,Yes,Yes,Yes,PK-07,46,2025,not_reached,,,,,,,,,,,
8772,Broward,LOTUS ELITE ACADEMIC PREPARATORY SCHOOL,WEST PARK,33023,No,Yes,Yes,PK-08,102,2025,not_attempted_no_own_domain,,,,,,,,,,,
353,Broward,LOVE OUTREACH CHRISTIAN ACADEMY,MIRAMAR,33023,Yes,Yes,Yes,06-12,7,2026,not_attempted_no_own_domain,,,,,,,,,,,
158,Broward,Lummina Academy,,,No,No,No,,0,2026,not_attempted_no_enrollment,,,,,,,,,,,
3756,Broward,LUNA CHRISTIAN ACADEMY,LAUDERDALE LAKE,33319,Yes,Yes,Yes,KG-08,86,2026,not_attempted_no_own_domain,,,,,,,,,,,
2546,Broward,LYCEE FRANCO-AMERICAN,COOPER CITY,33024,No,Yes,Yes,PK-08,150,2025,tuition_word_no_amount,,,,,,,,,,,
2653,Broward,M.O.T. ACADEMY,MIAMI,33183,No,Yes,Yes,KG-01,4,2025,tuition_word_no_amount,,,,,,,,,,,
8439,Broward,MADELAINE HALMOS ACADEMY,FORT LAUDERDALE,33312,No,Yes,Yes,KG-05,189,2025,not_reached,,,,,,,,,,,
335,Broward,MAIMONIDES SHALOM/BRAUSER ACADEMY,FT. LAUDERDALE,33314,Yes,Yes,Yes,PK-08,643,2025,no_website,,,,,,,,,,,
4503,Broward,MALINKA PRESCHOOL LLC,Fort Lauderdale,33301,No,No,No,PK,9,2025,no_website,,,,,,,,,,,
9518,Broward,MARGATE CHRISTIAN ACADEMY,CORAL SPRINGS,33076,Yes,Yes,Yes,PK-KG,31,2025,tuition_word_no_amount,,,,,,,,,,,
8472,Broward,MARGATE KIDS ACADEMY,MARGATE,33068,No,Yes,Yes,KG-03,22,2025,not_attempted_no_own_domain,,,,,,,,,,,
3258,Broward,MARY HELP OF CHRISTIANS SCHOOL,PARKLAND,33067,Yes,Yes,Yes,PK-08,533,2026,no_website,,,,,,,,,,,
8403,Broward,MASTER MINDS ACADEMY,POMPANO BEACH,33069,Yes,Yes,Yes,PK-08,135,2025,not_attempted_no_own_domain,,,,,,,,,,,
5743,Broward,MATI TALENT INSTITUTE PRIVATE SCHOOL,HALLANDALE BEACH,33009,No,No,No,KG-11,16,2025,unclear,,,,,,0,https://www.matitalentinstitute.org/tuition/,2026-10-08,live,online programme prices without clear labels,
5617,Broward,MERIDIAN HIGH SCHOOL,MARGATE,33063,No,No,No,,0,2025,not_attempted_no_enrollment,,,,,,,,,,,
5632,Broward,MESIVTA OF CORAL SPRINGS,CORAL SPRINGS,33065,Yes,No,No,09-11,94,2025,no_website,,,,,,,,,,,
6300,Broward,MILLENNIUM LEADERSHIP CHRISTIAN ACADEMY INC,PARKLAND,33067,Yes,Yes,Yes,PK-12,31,2025,no_website,,,,,,,,,,,
7234,Broward,MIMI'S LEARNING CENTER,HOLLYWOOD,33023,Yes,Yes,Yes,PK-05,36,2025,not_attempted_no_own_domain,,,,,,,,,,,
4130,Broward,MIRAMAR UNITED METHODIST PRESCHOOL,MIRAMAR,33023,Yes,No,No,PK,32,2025,not_attempted_no_own_domain,,,,,,,,,,,
9490,Broward,MIZRAHI TORAH ACADEMY,FORT LAUDERDALE,33312,Yes,Yes,Yes,KG-08,88,2026,found,2026-27,,,,20000,0,https://mtacademy.org/tuition-information/,2026-10-08,live,"same 20,000 for kindergarten, elementary and middle school",high
4123,Broward,MONTESSORI ACADEMY,PEMBROKE PINES,33029,No,Yes,Yes,PK-08,575,2025,no_website,,,,,,,,,,,
5110,Broward,MONTESSORI INSTITUTE OF BROWARD,DAVIE,33330,No,Yes,Yes,PK-06,134,2026,no_website,,,,,,,,,,,
9330,Broward,MONTESSORI SCHOOLHOUSE,SOUTHWEST RANCHES,33331,No,No,No,KG-06,46,2025,not_attempted_no_own_domain,,,,,,,,,,,
7117,Broward,MORELAND'S ALTERNATIVE EDUCATIONAL ACADEMY,POMPANO BEACH,33069,Yes,Yes,Yes,KG-12,200,2025,not_attempted_no_own_domain,,,,,,,,,,,
4738,Broward,MORNINGSTAR ACADEMY,FORT LAUDERDALE,33301,No,No,No,05-12,4,2025,no_website,,,,,,,,,,,
2389,Broward,MOSDOS CHINUCH OF HOLLYWOOD DBA WEST HOLLYWOOD PRESCHOOL CENTER,HOLLYWOOD,33021,Yes,Yes,Yes,KG-02,59,2025,no_website,,,,,,,,,,,
7227,Broward,MURL-WINDSOR ACADEMY AT HOLLYWOOD,LAUDERHILL,33319,Yes,Yes,Yes,KG-12,124,2025,not_attempted_no_own_domain,,,,,,,,,,,
150,Broward,N S U UNIVERSITY SCHOOL,FORT LAUDERDALE,33314,No,No,No,PK-12,2030,2025,tuition_word_no_amount,,,,,,,,,,,
87,Broward,NATIVITY SCHOOL,HOLLYWOOD,33021,Yes,Yes,Yes,PK-08,815,2025,no_website,,,,,,,,,,,
4646,Broward,NEW DOMINION CHRISTIAN ACADEMY,POMPANO BEACH,33069,Yes,Yes,Yes,KG-08,101,2025,not_attempted_no_own_domain,,,,,,,,,,,
8337,Broward,NEW GENERATION CHRISTIAN ACADEMY,SUITE 2,33325,Yes,Yes,Yes,KG-12,41,2026,tuition_word_no_amount,,,,,,,,,,,
8271,Broward,NEW GENERATION MONTESSORI CHILDRENS ACADEMY,POMPANO BEACH,33060,No,Yes,Yes,PK-03,25,2025,tuition_word_no_amount,,,,,,,,,,,
1116,Broward,NEW GENERATION MONTESSORI FLL,FORT LAUDERDALE,33311,No,No,No,PK-KG,18,2025,tuition_word_no_amount,,,,,,,,,,,
6904,Broward,NEW HOPE CHRISTIAN SCHOOL,FORT LAUDERDALE,33309,Yes,Yes,Yes,PK-12,180,2026,no_website,,,,,,,,,,,
4822,Broward,NEW HOPE SDA SCHOOL AND LEARNING CENTER INC,FORT LAUDERDALE,33312,Yes,Yes,Yes,KG-08,96,2025,not_attempted_no_own_domain,,,,,,,,,,,
3419,Broward,NEW LAKE HIGH SCHOOL,FORT LAUDERDALE,33301,No,No,No,,0,2025,not_attempted_no_enrollment,,,,,,,,,,,
3773,Broward,NEXT GENERATION PREPARATORY ACADEMY,POMPANO BEACH,33060,Yes,No,No,,0,2025,not_attempted_no_enrollment,,,,,,,,,,,
5492,Broward,North Academy,Fort Lauderdale,33311,No,No,No,KG-05,11,2026,not_attempted_no_own_domain,,,,,,,,,,,
4482,Broward,NORTH BROWARD CHRISTIAN SCHOOL,FORT LAUDERDALE,33309,No,Yes,Yes,KG-12,200,2025,not_attempted_no_own_domain,,,,,,,,,,,
2576,Broward,NORTH CREEK CHRISTIAN ACADEMY,COCONUT CREEK,33073,Yes,Yes,Yes,KG-01,31,2026,no_website,,,,,,,,,,,
3162,Broward,NUR UL-ISLAM ACADEMY,COOPER CITY,33328,Yes,Yes,Yes,PK-12,602,2026,no_website,,,,,,,,,,,
9563,Broward,OHR HATORAH YESHIVA HIGH SCHOOL,HOLLYWOOD,33031,Yes,Yes,Yes,05-12,159,2026,no_website,,,,,,,,,,,
195,Broward,OUR LADY QUEEN OF MARTYRS,FORT LAUDERDALE,33312,Yes,Yes,Yes,PK-08,245,2025,unclear,,,,,,0,https://www.olqmfl.com/apps/pages/index.jsp?uREC_ID=488439&type=d&termREC_ID=&pREC_ID=942960&hideMenu=0,2026-10-08,live,only childcare and fees seen,
2584,Broward,OUR SAVIOR LUTHERAN SCHOOL,PLANTATION,33324,Yes,Yes,Yes,PK-08,214,2025,no_website,,,,,,,,,,,
5929,Broward,P2P Academy,,33069,No,No,No,,0,2025,not_attempted_no_enrollment,,,,,,,,,,,
6336,Broward,PAIDEIA CLASSICAL ACADEMY INC.,COCONUT CREEK,33063,Yes,Yes,Yes,PK-12,135,2025,found,2026-27,11500,12000,13000,,0,https://www.paideiaclassical.org/wp-content/uploads/2026/03/PCA-Tuition-2026-2027.pdf,2026-10-08,live,"K-5 11,500; 6-8 12,000; 9-12 13,000",high
454,Broward,PALM BEACH PREP,WEST PALM BEACH,33401,No,No,No,11-12,3,2025,not_attempted_no_own_domain,,,,,,,,,,,
6826,Broward,PALMS COMMUNITY HIGH SCHOOL,Davie,33314,No,No,No,11-12,30,2025,not_attempted_no_own_domain,,,,,,,,,,,
8198,Broward,PARKLAND INTERNATIONAL MUSIC  ARTS SCHOOL,PARKLAND,33073,No,No,No,PK-12,305,2025,not_reached,,,,,,,,,,,
5354,Broward,PARKRIDGE CHRISTIAN ACADEMY,CORAL SPRINGS,33076,Yes,Yes,Yes,PK-10,633,2025,found,2026-27,12810,13550,14390,,0,https://9874b542-97a6-4698-b38c-3012a932f62e.filesusr.com/ugd/86dcca_9fab6213665645c0b028c1aad18474ef.pdf,2026-10-08,live,"K-5 12,810; 6-8 13,550; 9th 14,390; 10th 15,120 (9-10 tied, lower rate used); first column read as tuition",medium
2644,Broward,PARKWAY CHRISTIAN SCHOOL,DAVIE,33325,Yes,Yes,Yes,PK-08,658,2026,found,2026-27,13505,14535,,,0,https://www.pcs-fl.net/tuition-and-fees,2026-10-08,live,"K-5 13,505; 6-8 14,535; annual tuition credits of 370 and 520 not applied; K-Prep excluded",high
7745,Broward,PATHWAY SCHOOLS,FT LAUDERDALE,33301,No,Yes,Yes,03-11,84,2025,found,,,,,15000,0,https://www.pathwayschools.com/tuition,2026-10-08,live,"annual tuition cost; 1,500 per month; year not stated",high
6360,Broward,Pembroke Park Christian Academy,West Park,33023,No,No,No,,0,2025,not_attempted_no_enrollment,,,,,,,,,,,
9398,Broward,PERMISSION TO SUCCEED EDUCATION CENTER,PORT ST. LUCIE,34953,No,Yes,Yes,KG-12,133,2025,found,,,,,10500,0,https://permissiontosucceedacademy.com/tuition-and-requirements,2026-10-08,live,"same 10,500 tuition for K-5, 6-8 and 9-12; 500 fees separate; year not stated",high
7619,Broward,PHYL'S ACADEMY PREPARATORY SCHOOL,MARGATE,33063,Yes,Yes,Yes,PK-12,301,2025,tuition_word_no_amount,,,,,,,,,,,
6159,Broward,PHYL'S ACADEMY PRESCHOOL OF MIRAMAR,MIRAMAR,33023,No,Yes,Yes,PK-01,18,2025,tuition_word_no_amount,,,,,,,,,,,
2629,Broward,PINE CREST SCHOOL,FORT LAUDERDALE,33334,No,No,No,PK-12,2689,2025,unclear,,,,,,0,https://www.pinecrest.edu/admissions/tuition-fees-and-aid/enrollment-resources-and-faq,2026-10-08,live,only fees seen,
5693,Broward,PINE ISLAND MONTESSORI,DAVIE,33328,No,Yes,Yes,PK-03,31,2025,not_attempted_no_own_domain,,,,,,,,,,,
6279,Broward,PINEY GROVE ACADEMY,LAUDERDALE LKS.,33313,No,Yes,Yes,KG-12,71,2025,not_attempted_no_own_domain,,,,,,,,,,,
8444,Broward,PK-12 VIRTUAL ACADEMY INC.,DAVIE,33024,No,Yes,Yes,01-12,29,2026,not_attempted_no_own_domain,,,,,,,,,,,
1989,Broward,PLAY LEARN AND GROW LLC,CORAL SPRINGS,33065,No,Yes,Yes,PK-01,33,2026,not_attempted_no_own_domain,,,,,,,,,,,
1140,Broward,POTENTIAL CHRISTIAN ACADEMY,COOPER CITY,33330,Yes,Yes,Yes,PK-09,514,2025,not_reached,,,,,,,,,,,
4895,Broward,PRECIOUS PROMISE ACADEMY DBA CHRISTIAN LIFE,Tamarac,33309,Yes,No,No,,0,2026,not_attempted_no_enrollment,,,,,,,,,,,
6399,Broward,PRIMROSE SCHOOL OF MIRAMAR,MIRAMAR,33027,No,Yes,Yes,PK-KG,49,2026,not_reached,,,,,,,,,,,
1966,Broward,PRIZEMEN CHRISTIAN ACADEMY,fort lauderdale,33309,Yes,Yes,Yes,KG-09,20,2025,not_attempted_no_own_domain,,,,,,,,,,,
783,Broward,PRIZEMEN HEIGHTS ACADEMY,FORT LAUDERDALE,33312,Yes,No,No,,0,2025,not_attempted_no_enrollment,,,,,,,,,,,
6407,Broward,PUDER AI LLC,Cutler Bay,33157,No,No,No,,0,2025,not_attempted_no_enrollment,,,,,,,,,,,
9328,Broward,PURPOSE ACADEMY,POMPANO BEACH,33060,Yes,Yes,Yes,06-08,133,2025,tuition_word_no_amount,,,,,,,,,,,
7040,Broward,R.E.D.D. LEARNING ACADEMY,FORT LAUDERDALE,33301,Yes,Yes,Yes,KG-12,43,2025,not_reached,,,,,,,,,,,
3958,Broward,RAYVENCREST,,,No,No,No,08-12,3,2026,not_attempted_no_own_domain,,,,,,,,,,,
6778,Broward,REFINE LEARNING CENTER II INC.,FORT LAUDERDALE,33312,Yes,Yes,Yes,KG-12,101,2025,not_attempted_no_own_domain,,,,,,,,,,,
8320,Broward,REFINE THERAPEUTIC LEARNING CENTER INC.,OAKLAND PARK,33311,Yes,Yes,Yes,01-12,101,2025,not_attempted_no_own_domain,,,,,,,,,,,
6154,Broward,RHEMA WORD CHRISTIAN SCHOOL,FORT LAUDERDALE,33309,Yes,Yes,Yes,KG-12,204,2025,not_reached,,,,,,,,,,,
4019,Broward,RISE CHRISTIAN ACADEMY,CORAL SPRINGS,33071,Yes,Yes,Yes,,0,2026,not_attempted_no_enrollment,,,,,,,,,,,
5180,Broward,ROHR BAIS CHAYA ACADEMY,TAMARAC,33321,Yes,Yes,Yes,09-12,95,2025,no_website,,,,,,,,,,,
1037,Broward,ROYAL ACADEMY,Pompano Beach,33060,No,No,No,,0,2025,not_attempted_no_enrollment,,,,,,,,,,,
7445,Broward,Royalty Academy,Miramar,33025,No,No,No,,0,2025,not_attempted_no_enrollment,,,,,,,,,,,
2686,Broward,SAINT AMBROSE,DEERFIELD BEACH,33441,Yes,Yes,Yes,PK-08,272,2026,not_attempted_no_own_domain,,,,,,,,,,,
2689,Broward,SAINT ANDREW CATHOLIC SCHOOL,CORAL SPRINGS,33065,Yes,Yes,Yes,PK-08,372,2026,no_website,,,,,,,,,,,
2694,Broward,SAINT ANTHONY SCHOOL,FORT LAUDERDALE,33301,Yes,Yes,Yes,PK-08,459,2026,no_website,,,,,,,,,,,
124,Broward,SAINT BARTHOLOMEW SCHOOL,MIRAMAR,33025,Yes,Yes,Yes,PK-08,186,2025,not_reached,,,,,,,,,,,
4092,Broward,SAINT BONAVENTURE CATHOLIC SCHOOL,DAVIE,33325,Yes,Yes,Yes,PK-08,747,2025,not_reached,,,,,,,,,,,
127,Broward,SAINT COLEMAN SCHOOL,POMPANO BEACH,33062,Yes,Yes,Yes,PK-08,470,2025,no_website,,,,,,,,,,,
304,Broward,SAINT DAVID CATHOLIC SCHOOL,DAVIE,33328,Yes,Yes,Yes,PK-08,470,2026,not_reached,,,,,,,,,,,
130,Broward,SAINT HELEN CATHOLIC SCHOOL,FORT LAUDERDALE,33311,Yes,Yes,Yes,PK-08,270,2025,found,2025-26,9685,9475,,,0,https://www.sainthelen.net/admission/tuition-registration,2026-10-08,live,"K-3 9,685; grades 4-8 9,475; before scholarship",high
169,Broward,SAINT JEROME CATHOLIC SCHOOL,FORT LAUDERDALE,33315,Yes,Yes,Yes,PK-08,250,2025,tuition_word_no_amount,,,,,,,,,,,
3077,Broward,SAINT MALACHY SCHOOL,TAMARAC,33321,Yes,Yes,Yes,PK-05,125,2025,no_website,,,,,,,,,,,
316,Broward,SAINT MARK CATHOLIC SCHOOL,SOUTHWEST RANCHES,33330,Yes,Yes,Yes,PK-08,595,2025,tuition_word_no_amount,,,,,,,,,,,
2497,Broward,SAINT MARKS EPISCOPAL SCHOOL,FORT LAUDERDALE,33334,Yes,Yes,Yes,PK-08,623,2026,unclear,,,,,,0,https://www.saintmarks.com/tuition,2026-10-08,live,matriculation fee only,
135,Broward,SAINT THOMAS AQUINAS HIGH SCHOOL,FORT LAUDERDALE,33312,Yes,Yes,Yes,09-12,2059,2026,found,,,,17250,,0,https://www.aquinas-sta.org/admissions/tuition-financial-aid,2026-10-08,live,tuition per student at a high school; year not stated next to the amount (page mentions 2026/27 and 2027/28),medium
3505,Broward,SALAH TAWFIK ELEMENTARY MIDDLE SCHOOL,SUNRISE,33351,Yes,Yes,Yes,PK-08,205,2025,unclear,,,,,,0,,2026-10-08,live,no dollar lines found,
137,Broward,SAWGRASS ADVENTIST SCHOOL,PLANTATION,33325,Yes,Yes,Yes,KG-08,143,2026,network_site_only,,,,,,0,https://www.flcoe.org/,2026-10-08,live,"only the FLCOE network site was found: range 7,000-14,000 per year",
289,Broward,SCHOOL OF EXCELLENCE INC,FT. LAUDERDALE,33311,No,Yes,Yes,KG-08,26,2025,not_attempted_no_own_domain,,,,,,,,,,,
855,Broward,SCORE AT THE TOP CORAL SPRINGS LLC,CORAL SPRINGS,33076,No,No,No,06,1,2025,unclear,,,,,,0,https://www.scoreatthetop.com/blog/how-sat/act-scores-can-turn-2500-into-240000-of-free-tuition,2026-10-08,live,"test-prep company; page is a blog post, not tuition",
4613,Broward,SHA'AREI BINA TORAH ACADEMY FOR GIRLS,HOLLYWOOD,33020,Yes,Yes,Yes,06-12,80,2026,tuition_word_no_amount,,,,,,,,,,,
385,Broward,SHARON SCHOOL OF EXCELLENCE INC,PEMBROKE PARK,33023,Yes,No,No,,0,2025,not_attempted_no_enrollment,,,,,,,,,,,
2593,Broward,SHEPHERD OF THE COAST,FORT LAUDERDALE,33308,Yes,Yes,Yes,KG-08,78,2025,not_reached,,,,,,,,,,,
3059,Broward,SHERIDAN HILLS CHRISTIAN SCHOOL,HOLLYWOOD,33021,Yes,Yes,Yes,PK-12,630,2025,unclear,,,,,,0,https://b3a0d3e8-ecdf-4c94-85d3-c3709a6418e3.filesusr.com/ugd/c220cb_4cbb36760dd1447b84868a060a2a74aa.pdf,2026-10-08,live,tuition table without clear grade labels,
5769,Broward,SHORASHIM ACADEMY,PLANTATION,33313,Yes,Yes,Yes,KG-06,180,2025,found,2026-27,,,,16900,0,https://shorashimacademy.org/tuition/,2026-10-08,live,"grades K-7; 2025-26 was 16,800 for K-6",high
4835,Broward,Sistrunk Academy,,,No,No,No,,0,2025,not_attempted_no_enrollment,,,,,,,,,,,
6753,Broward,Small World Montessori,Miramar,33029,No,No,No,PK-KG,17,2025,not_reached,,,,,,,,,,,
5252,Broward,SMART HORIZONS CAREER ONLINE HIGH SCHOOL,POMPANO BEACH,33309,No,No,No,09-12,543,2025,not_reached,,,,,,,,,,,
907,Broward,SMITH CHRISTIAN UNIVERSITY,SUNRISE,33351,Yes,No,No,10-12,7,2025,not_attempted_no_own_domain,,,,,,,,,,,
5088,Broward,Somerset Academy,Pembroke Pines,33029,No,Yes,Yes,,0,2025,not_attempted_no_enrollment,,,,,,,,,,,
7074,Broward,Somerset Academy Central Miramar,Miramar,33025,No,No,No,,0,2025,not_attempted_no_enrollment,,,,,,,,,,,
7267,Broward,Somerset Academy East Preparatory,Miramar,33023,No,No,No,,0,2025,not_attempted_no_enrollment,,,,,,,,,,,
6923,Broward,Somerset Academy Pines Campus,Pembroke Pines,33029,No,Yes,Yes,,0,2025,not_attempted_no_enrollment,,,,,,,,,,,
7215,Broward,Somerset Academy Pompano Campus,Pompano Beach,33064,No,No,No,,0,2025,not_attempted_no_enrollment,,,,,,,,,,,
5918,Broward,SOMERSET VIRTUAL ACADEMY,MIAMI,33143,No,No,No,01-12,639,2025,not_reached,,,,,,,,,,,
6976,Broward,Somerset Virtual Academy at North Lauderdale,North Lauderdale,33068,No,Yes,Yes,,0,2025,not_attempted_no_enrollment,,,,,,,,,,,
7082,Broward,Somerset Virtual Academy at Riverside,Coral Springs,33065,No,Yes,Yes,,0,2025,not_attempted_no_enrollment,,,,,,,,,,,
4739,Broward,SOMERSET VIRTUAL ACADEMY KEY CAMPUS,Deerfield Beach,33441,No,Yes,Yes,,0,2025,not_attempted_no_enrollment,,,,,,,,,,,
7949,Broward,SOUTH FLORIDA FASHION ACADEMY,LAUDERDALE LAKES,33319,No,Yes,Yes,PK-12,70,2025,tuition_word_no_amount,,,,,,,,,,,
3239,Broward,SOUTH FLORIDA JEWISH ACADEMY,COCONUT CREEK,33066,No,Yes,Yes,PK-12,137,2025,not_attempted_no_own_domain,,,,,,,,,,,
6824,Broward,SOUTH FLORIDA MONTESSORI ACADEMY,TAMARAC,33321,No,Yes,Yes,PK-05,69,2025,no_website,,,,,,,,,,,
397,Broward,SOUTH FLORIDA PREPARATORY SCHOOL,DEERFIELD BEACH,33441,No,No,No,,0,2025,not_attempted_no_enrollment,,,,,,,,,,,
2903,Broward,SOUTH FLORIDA TECHNICAL CENTER,POMPANO BEACH,33062,No,No,No,,0,2025,not_attempted_no_enrollment,,,,,,,,,,,
9891,Broward,SPARK LEARNING XV,FORT LAUDERDALE,33304,No,Yes,Yes,KG-08,68,2026,unclear,,,,,,0,https://primer.com/tuition,2026-10-08,live,programme of another operator; scholarship focus,
2704,Broward,ST. BERNADETTE CATHOLIC SCHOOL,HOLLYWOOD,33024,Yes,Yes,Yes,PK-08,238,2025,no_website,,,,,,,,,,,
4883,Broward,ST. GREGORY,PLANTATION,33324,Yes,Yes,Yes,PK-08,703,2025,not_reached,,,,,,,,,,,
436,Broward,ST. LUKE CHRISTIAN ACADEMY,OAKLAND PARK,33334,Yes,Yes,Yes,PK-12,23,2025,not_attempted_no_own_domain,,,,,,,,,,,
2948,Broward,ST. PHILIP ORTHODOX CHRISTIAN SCHOOL,MARGATE,33093,Yes,No,No,KG-08,10,2025,not_reached,,,,,,,,,,,
8255,Broward,STEEPLE ON THE BEACH MONTESSORI SCHOOL,DEERFIELD BEACH,33441,No,No,No,PK-KG,10,2025,not_attempted_no_own_domain,,,,,,,,,,,
6426,Broward,STEPS 2 PROGRESS LEARNING DEVELOPMENT CENT,DAVIE,33024,No,Yes,Yes,PK-07,28,2025,not_attempted_no_own_domain,,,,,,,,,,,
6433,Broward,Steps to Success of Hollywood,Hollywood,33020,No,Yes,Yes,PK,30,2025,not_reached,,,,,,,,,,,
7915,Broward,STEPSS ACADEMY INC,SUNRISE,33351,Yes,No,No,KG-12,28,2025,tuition_word_no_amount,,,,,,,,,,,
2045,Broward,STRUCTURE ETHICS EDUCATION ACADEMY,FORT LAUDERDALE,33311,No,No,No,,0,2025,not_attempted_no_enrollment,,,,,,,,,,,
2678,Broward,SUMMIT-QUESTA MONTESSORI SCHOOL,DAVIE,33314,No,Yes,Yes,PK-08,436,2025,unclear,,,,,,0,https://www.summitquesta.com/admissions/tuition-fees,2026-10-08,live,amounts without clear labels,
2176,Broward,SUNSET SUDBURY SCHOOL,FORT LAUDERDALE,33335,No,Yes,Yes,KG-11,22,2025,found,2025-26,,,,10532,0,https://sunsetsudbury.org/tuition-and-payment/,2026-10-08,live,first enrolled child; siblings get discounts,high
1889,Broward,Sunshine S Learning Center of Hollywood,,,No,No,No,PK-KG,16,2026,not_attempted_no_own_domain,,,,,,,,,,,
8799,Broward,SUNSHINE STATE ACADEMY,HOLLYWOOD,33020,No,Yes,Yes,PK-06,249,2026,not_reached,,,,,,,,,,,
7446,Broward,SUPER SCHOOL,PLANTATION,33313,No,Yes,Yes,02-12,38,2025,unclear,,,,,,0,https://superschool.org/tuition-and-fees/,2026-10-08,live,"programmes priced by type, not grade",
6545,Broward,SWEET AND SMART MONTESSORI SCHOOL,CORAL SPRINGS,33076,No,Yes,Yes,PK-KG,45,2025,unclear,,,,,,0,,2026-10-08,live,no dollar lines found,
7135,Broward,T.I.E.S.,DAVIE,33314,Yes,Yes,Yes,KG-09,84,2026,not_attempted_no_own_domain,,,,,,,,,,,
6965,Broward,TABERNACLE CHRISTIAN CENTER ACADEMY,DAVIE,33314,Yes,Yes,Yes,PK-10,17,2025,not_attempted_no_own_domain,,,,,,,,,,,
5821,Broward,TAG ACADEMY,COOPER CITY,33328,Yes,Yes,Yes,08-12,17,2025,not_attempted_no_own_domain,,,,,,,,,,,
164,Broward,TANGLEWOOD ACADEMY,PEMBROKE PINES,33024,No,Yes,Yes,PK-01,36,2025,not_reached,,,,,,,,,,,
2428,Broward,TEACH SMART CA2I,DAVIE,33330,Yes,No,No,,0,2026,not_attempted_no_enrollment,,,,,,,,,,,
3938,Broward,TEMPLE BETH EMET DAY SCHOOL,COOPER CITY,33330,Yes,Yes,Yes,KG-08,202,2026,unclear,,,,,,0,https://www.templebethemet.org/learning/elementary-school/tuition-contacts,2026-10-08,live,"two columns of rates, early versus late registration; not coded",
7652,Broward,TEMPLE DOR DORIM EARLY CHILDHOOD CENTER,WESTON,33327,Yes,Yes,Yes,PK-KG,59,2026,no_website,,,,,,,,,,,
5517,Broward,THE CAMBRIDGE ACADEMY,FORT LAUDERDALE,33301,No,No,No,KG-12,13,2025,unclear,,,,,,0,https://www.thecambridgeacademy.com/tuition,2026-10-08,live,online programme options,
7546,Broward,The Cilla School,PLANTATION,33317,No,No,No,,0,2025,not_attempted_no_enrollment,,,,,,,,,,,
5645,Broward,THE EDGE PREPATORY ACADEMY,Fort Lauderdale,33312,Yes,No,No,,0,2025,not_attempted_no_enrollment,,,,,,,,,,,
8053,Broward,THE EMBASSY ACADEMY,TAMARAC,33319,Yes,Yes,Yes,PK-12,63,2025,not_attempted_no_own_domain,,,,,,,,,,,
9187,Broward,THE INTERNATIONAL FAMILY ACADEMY,FORT LAUDERDALE,33302,Yes,Yes,Yes,PK-12,210,2026,not_attempted_no_own_domain,,,,,,,,,,,
2790,Broward,THE LEARNING NEST,FORT LAUDERDALE,33325,No,Yes,Yes,PK-KG,82,2026,no_website,,,,,,,,,,,
3757,Broward,THE LIGHT ACADEMY OF FLORIDA LLC,MIRAMAR,33027,No,No,No,,0,2025,not_attempted_no_enrollment,,,,,,,,,,,
1773,Broward,THE NEW LIFE CHRISTIAN ACADEMY INC,POMPANO BEACH,33066,Yes,No,No,,0,2025,not_attempted_no_enrollment,,,,,,,,,,,
2599,Broward,THE NORTH BROWARD PREPARATORY SCHOOLS,COCONUT CREEK,33073,No,Yes,Yes,PK-12,1800,2025,unclear,,,,,,0,https://www.nordangliaeducation.com/nbps-florida/boarding/boarding-fees,2026-10-08,live,boarding rates only,
6542,Broward,THE NURTURY,FORT LAUDERDALE,33312,Yes,Yes,Yes,PK-KG,33,2025,unclear,,,,,,0,,2026-10-08,live,no dollar lines found,
3069,Broward,THE RANDAZZO SCHOOL,COCONUT CREEK,33066,No,Yes,Yes,PK-12,186,2026,not_reached,,,,,,,,,,,
1156,Broward,THE STEM FACTORY ACADEMY OF EXCELLENCE INC,HALLANDALE,33009,No,No,No,PK-01,31,2025,not_attempted_no_own_domain,,,,,,,,,,,
633,Broward,THREE VILLAGE MONTESSORI SCHOOL,WESTON,33326,No,Yes,Yes,PK-05,58,2025,no_website,,,,,,,,,,,
596,Broward,TRINITAS ACADEMY,PLANTATION,33317,Yes,Yes,Yes,PK-12,225,2026,not_reached,,,,,,,,,,,
5268,Broward,TRINITY CHRISTIAN SCHOOL A MINISTRY OF COA,LIGHTHOUSE POINT,33064,Yes,Yes,Yes,KG-05,96,2025,found,2026-27,11500,,,,0,https://trinitychristian.school/tuition-fees/,2026-10-08,live,annual tuition K-5; other grades not seen,high
5943,Broward,UDISCOVER VIRTUAL SCHOOL,PUERTO DEL FARO,33064,No,No,No,,0,2025,not_attempted_no_enrollment,,,,,,,,,,,
3710,Broward,UPPERROOM CHRISTIAN ACADEMY,FORT LAUDERDALE,33312,Yes,No,No,,0,2025,not_attempted_no_enrollment,,,,,,,,,,,
5856,Broward,US Virtual Academy,Deerfield Beach,33441,No,No,No,,0,2025,not_attempted_no_enrollment,,,,,,,,,,,
8638,Broward,WEST PARK HIGH ADULT EDUCATION CENTER,WEST PARK,33023,No,No,No,09-12,42,2025,not_reached,,,,,,,,,,,
5366,Broward,WEST PARK PREPARATORY SCHOOL,WEST PARK,33023,No,Yes,Yes,PK-12,118,2025,not_reached,,,,,,,,,,,
3184,Broward,WESTBROOK CHRISTIAN ACADEMY,LAUDERHILL,33319,Yes,No,No,,0,2025,not_attempted_no_enrollment,,,,,,,,,,,
2798,Broward,WESTMINSTER ACADEMY,FORT LAUDERDALE,33308,Yes,Yes,Yes,,0,2026,not_attempted_no_enrollment,,,,,,,,,,,
368,Broward,WESTON CHRISTIAN ACADEMY,WESTON,33326,Yes,Yes,Yes,PK-08,419,2025,tuition_word_no_amount,,,,,,,,,,,
8066,Broward,WONDERWORLD MONTESSORI ACADEMY,HALLANDALE,33009,No,No,No,PK-KG,53,2025,tuition_word_no_amount,,,,,,,,,,,
7109,Broward,XCEED PREP ANYWHERE,BOCA RATON,33431,No,No,No,07-12,35,2025,found,,,,,26500,0,https://www.xceedprep.org/tuition/,2026-10-08,live,tuition marked with an asterisk; year not stated; same page as school 5169,medium
6037,Broward,XCEED PREP FORT LAUDERDALE,BOCA RATON,33431,No,Yes,Yes,05-12,61,2025,found,,,,,26500,0,https://www.xceedprep.org/tuition/,2026-10-08,live,tuition marked with an asterisk; year not stated; same page as school 5169,medium
8903,Broward,XCEED PREPARATORY ACADEMY CORAL SPRINGS,CORAL SPRINGS,33065,No,Yes,Yes,06-12,69,2025,found,,,,,26500,0,https://www.xceedprep.org/tuition/,2026-10-08,live,tuition marked with an asterisk; year not stated; same page as school 5169,medium
5169,Broward,XCEED PREPARATORY ACADEMY-WESTON,WESTON,33327,No,Yes,Yes,05-12,113,2025,found,,,,,26500,0,https://www.xceedprep.org/tuition/,2026-10-08,live,tuition marked with an asterisk; year not stated,medium
879,Broward,YESHIVAT TORAT YOSEF,COOPER CITY,33024,Yes,Yes,Yes,PK-11,176,2025,not_attempted_no_own_domain,,,,,,,,,,,
8459,Broward,YOUNG BRILLIANT MINDZ ACADEMY LLC,POMPANO BEACH,33060,No,Yes,Yes,KG-08,42,2025,not_attempted_no_own_domain,,,,,,,,,,,
4536,Broward,YOUNG KIDZ ACADEMY,HOLLYWOOD,33023,No,Yes,Yes,PK-02,119,2025,not_reached,,,,,,,,,,,
8792,Broward,YOUTH INVESTMENTS OF COOPER CITY,DAVIE,33329,No,Yes,Yes,PK,3,2026,not_attempted_no_own_domain,,,,,,,,,,,
8743,Broward,YOUTH INVESTMENTS OF DAVIE,DAVIE,33314,No,Yes,Yes,PK-KG,12,2026,not_attempted_no_own_domain,,,,,,,,,,,
8791,Broward,YOUTH INVESTMENTS OF PEMBROKE PINES,DAVIE,33329,No,Yes,Yes,PK-KG,13,2026,not_attempted_no_own_domain,,,,,,,,,,,
8793,Broward,YOUTH INVESTMENTS OF WESTON,DAVIE,33329,No,Yes,Yes,PK-KG,15,2026,not_attempted_no_own_domain,,,,,,,,,,,
95,Broward,ZIMMERMAN SCHOOL HOUSE DBA LION STAR ACADEM,CORAL SPRINGS,33071,No,Yes,Yes,01-12,12,2026,not_reached,,,,,,,,,,,
5127,Broward,Zucker Academy,Hollywood,33024,Yes,Yes,Yes,KG-04,119,2026,unclear,,,,,,0,https://zuckeracademy.org/hollywood/tuition/,2026-10-08,live,only kindergarten rate visible,
3529,Charlotte,CHARLOTTE PREPARATORY SCHOOL,PORT CHARLOTTE,33954,No,Yes,Yes,PK-08,418,2026,tuition_word_no_amount,,,,,,,,,,,
708,Charlotte,FAMILY CHRISTIAN ACADEMY,PORT CHARLOTTE,33952,Yes,Yes,Yes,PK-12,418,2025,tuition_word_no_amount,,,,,,,,,,,
3797,Charlotte,GATOR WILDERNESS CAMP SCHOOL,PUNTA GORDA,33982,Yes,Yes,Yes,04-10,18,2025,no_website,,,,,,,,,,,
5853,Charlotte,GENESIS CHRISTIAN ACADEMY,ENGLEWOOD,34224,Yes,Yes,Yes,01-12,49,2026,not_attempted_no_own_domain,,,,,,,,,,,
3542,Charlotte,GENESIS CHRISTIAN SCHOOL,PORT CHARLOTTE,33948,Yes,Yes,Yes,PK-08,221,2025,unclear,,,,,,0,https://www.genesiseagles.com/copy-of-about,2026-10-08,live,only wrap-around and after-school fees seen,
1187,Charlotte,JOYFUL NOISE OF PILGRIM SCHOOL,PORT CHARLOTTE,33980,Yes,Yes,Yes,PK-01,53,2025,not_reached,,,,,,,,,,,
9679,Charlotte,LAMPLIGHTERS HEBREW ACADEMY,PUNTA GORDA,33950,Yes,Yes,Yes,PK-07,38,2025,not_attempted_no_own_domain,,,,,,,,,,,
9698,Charlotte,OASIS CHRISTIAN ACADEMY,PORT CHARLOTTE,33948,Yes,Yes,Yes,KG-11,11,2025,not_reached,,,,,,,,,,,
557,Charlotte,PORT CHARLOTTE ADVENTIST SCHOOL,PORT CHARLOTTE,33980,Yes,Yes,Yes,PK-10,137,2025,not_attempted_no_own_domain,,,,,,,,,,,
8553,Charlotte,REDEEMER LUTHERAN SCHOOL,ENGLEWOOD,34224,Yes,Yes,Yes,KG-08,46,2025,not_reached,,,,,,,,,,,
6100,Charlotte,Spark Learning XXV,Punto Gorda,33982,No,Yes,Yes,KG-08,71,2026,unclear,,,,,,0,https://primer.com/tuition,2026-10-08,live,programme of another operator; scholarship focus,
5454,Charlotte,ST. CHARLES SCHOOL,PORT CHARLOTTE,33952,Yes,Yes,Yes,PK-08,312,2025,tuition_word_no_amount,,,,,,,,,,,
8637,Charlotte,THE LOTUS CENTER SCHOOL,PORT CHARLOTTE,33954,No,Yes,Yes,KG-12,30,2025,not_attempted_no_own_domain,,,,,,,,,,,
1697,Citrus,CALVARY ACADEMY,INVERNESS,34453,Yes,Yes,Yes,,0,2025,not_attempted_no_enrollment,,,,,,,,,,,
5114,Citrus,Citrus Learning Academy Inc,2514 S Coleman Ave. Homosassa,34448,No,Yes,Yes,,0,2025,not_attempted_no_enrollment,,,,,,,,,,,
3133,Citrus,GENERATIONS ACADEMY,CYRSTAL RIVER,34423,Yes,Yes,Yes,,0,2025,not_attempted_no_enrollment,,,,,,,,,,,
8345,Citrus,GRACE CHRISTIAN SCHOOL,INVERNESS,34452,Yes,Yes,Yes,04-08,49,2025,not_reached,,,,,,,,,,,
1985,Citrus,INVERNESS CHRISTIAN ACADEMY,INVERNESS,34450,Yes,Yes,Yes,KG-12,208,2025,not_attempted_no_own_domain,,,,,,,,,,,
419,Citrus,SAINT JOHN PAUL II CATHOLIC SCHOOL,LECANTO,34461,Yes,Yes,Yes,PK-08,275,2025,unclear,,,,,,0,https://sjp2.us/tuition/,2026-10-08,live,only an application fee seen,
883,Citrus,SEVEN RIVERS CHRISTIAN SCHOOL,LECANTO,34461,Yes,Yes,Yes,PK-12,675,2025,not_reached,,,,,,,,,,,
3831,Citrus,SOLID ROCK CHRISTIAN ACADEMY,INVERNESS,34453,Yes,Yes,Yes,PK-12,295,2025,not_attempted_no_own_domain,,,,,,,,,,,
1309,Citrus,ST. PAUL'S LUTHERAN SCHOOL,BEVERLY HILLS,34465,Yes,Yes,Yes,KG-08,112,2026,no_website,,,,,,,,,,,
6297,Citrus,The Hive: Inspiring a Love of Learning,Homosassa,34446,Yes,Yes,Yes,02-04,7,2026,found,2026-27,,,,8400,0,https://thehivelearning.org/,2026-10-08,live,annual tuition; monthly 840 for 10 months,high
3226,Citrus,TRUE VICTORY ACADEMY,HOMOSASSA,34446,Yes,No,No,04-07,5,2025,not_attempted_no_own_domain,,,,,,,,,,,
1209,Citrus,WEST COAST CHRISTIAN SCHOOL,CRYSTAL RIVER,34428,Yes,Yes,Yes,KG-12,60,2026,not_attempted_no_own_domain,,,,,,,,,,,
1409,Clay,ANNUNCIATION CATHOLIC SCHOOL,MIDDLEBURG,32068,Yes,Yes,Yes,PK-08,424,2025,no_website,,,,,,,,,,,
1250,Clay,BEREAN CHRISTIAN ACADEMY,ORANGE PARK,32065,Yes,Yes,Yes,PK-12,81,2025,not_reached,,,,,,,,,,,
5503,Clay,BrightGate Academy,Green Cove Springs,32043,No,No,No,,0,2025,not_attempted_no_enrollment,,,,,,,,,,,
7594,Clay,BROACH SCHOOL-FREE 2 BE ME,FLEMING ISLAND,32003,No,Yes,Yes,02-12,10,2025,not_reached,,,,,,,,,,,
4248,Clay,CALVARY CHRISTIAN ACADEMY,MIDDLEBURG,32068,Yes,Yes,Yes,KG-12,136,2025,not_reached,,,,,,,,,,,
3532,Clay,CHRISTIAN HOME ACADEMY,MIDDLEBURG,32068,Yes,Yes,Yes,KG-12,68,2025,not_attempted_no_own_domain,,,,,,,,,,,
1345,Clay,CITIZENS' HIGH SCHOOL,FLEMING ISLAND,32003,No,No,No,09-12,111,2025,unclear,,,,,,0,https://citizenshighschool.com/admissions/tuition/,2026-10-08,live,per-course online tuition,
7516,Clay,DIFFERENTIATED LEARNING CENTER,FLEMING ISLAND,32003,No,Yes,Yes,PK-12,32,2025,found,2026-27,12900,,,,0,https://www.dlcprivateschool.com/copy-of-tuition-applying,2026-10-08,live,"row labelled PK-3 shows 12,900 (13,000 with a 100 fee); other grades not seen",medium
4036,Clay,FAITH CHRISTIAN ACADEMY INC,ORANGE PARK,32065,Yes,Yes,Yes,01-12,31,2026,not_attempted_no_own_domain,,,,,,,,,,,
8839,Clay,GEERS EXCEPTIONAL EDUCATION CENTER,ORANGE PARK,32073,Yes,Yes,Yes,KG-12,48,2025,no_website,,,,,,,,,,,
824,Clay,GRACE EPISCOPAL DAY SCHOOL,ORANGE PARK,32073,Yes,Yes,Yes,PK-08,167,2025,found,2026-27,13590,15400,,,0,https://geds.net/wp-content/uploads/2025/12/2026-2027-Tuition-and-Fees.pdf,2026-10-08,live,"K-3 13,590; 4-6 13,955; 7-8 15,400; first column taken as annual tuition (monthly payment about 1/11 of it); fees separate; pre-K excluded",high
9283,Clay,HAILE ACADEMY OF HIGHER LEARNING,ORANGE PARK,32073,Yes,Yes,Yes,08-12,7,2025,not_attempted_no_own_domain,,,,,,,,,,,
1175,Clay,HERITAGE CHRISTIAN ACADEMY,FLEMING ISLAND,32003,Yes,No,No,01-05,4,2026,not_attempted_no_own_domain,,,,,,,,,,,
6254,Clay,KANVAS ACADEMY,ORANGE PARK,32073,No,Yes,Yes,KG-03,18,2025,not_attempted_no_own_domain,,,,,,,,,,,
2998,Clay,LATAM GLOBAL SCHOOL,ORANGE PARK,32073,No,No,No,KG-12,768,2026,not_reached,,,,,,,,,,,
278,Clay,LIGHTHOUSE CHRISTIAN SCHOOL MIDDLEBURG,JACKSONVILLE,32223,Yes,Yes,Yes,01-11,18,2026,found,2026-27,,,,10500,0,https://www.lighthousechristianschool.net/,2026-10-08,live,"total cost per year including registration, books and testing",high
4048,Clay,LIGHTHOUSE CHRISTIAN SCHOOL ORANGE PARK,JACKSONVILLE,32223,Yes,Yes,Yes,01-12,30,2026,found,2026-27,,,,10500,0,https://www.lighthousechristianschool.net/,2026-10-08,live,"total cost per year including registration, books and testing",high
1004,Clay,MORNINGSTAR CHRISTIAN SCHOOL,MIDDLEBURG,32068,Yes,No,No,12,1,2026,not_attempted_no_own_domain,,,,,,,,,,,
1205,Clay,O.P.K. INC,ORANGE PARK,32065,No,Yes,Yes,PK-KG,26,2025,not_attempted_no_own_domain,,,,,,,,,,,
1567,Clay,PINEWOOD CHRISTIAN ACADEMY,MIDDLEBURG,32068,Yes,Yes,Yes,PK-08,294,2026,unclear,,,,,,0,https://www.pcaknights.org/admissions,2026-10-08,live,only fees seen,
3910,Clay,SEAMARK RANCH INC.,GREEN COVE SPRINGS,32043,Yes,Yes,Yes,05-12,4,2025,not_reached,,,,,,,,,,,
3484,Clay,SEVEN BRIDGES SCHOOL,ORANGE PARK,32073,No,Yes,Yes,KG-12,49,2025,not_reached,,,,,,,,,,,
1644,Clay,SONLIGHT CHRISTIAN ACADEMY,ORANGE PARK,32067,Yes,Yes,Yes,PK-12,18,2025,not_attempted_no_own_domain,,,,,,,,,,,
5616,Clay,SPRINGS ACADEMY INC.,GREEN COVE SPRINGS,32043,Yes,Yes,Yes,KG-12,120,2025,unclear,,,,,,0,https://springsacademy.org/images/2026-2027_Financial-Information-1.pdf,2026-10-08,live,annual tuition in three unlabelled columns,
769,Clay,ST. JOHNS COUNTRY DAY SCHOOL,ORANGE PARK,32073,No,Yes,Yes,PK-12,486,2025,found,2026-27,18500,25200,25200,,0,https://www.sjcds.net/admissions/tuition-affordability/,2026-10-08,live,"K 16,900; 1-3 18,500; 4-5 19,900; 6-8 25,200; 9-12 25,200; facilities fee separate",high
3460,Clay,THE BROACH SCHOOL OF ORANGE PARK,FLEMING ISLAND,32003,No,Yes,Yes,01-12,87,2026,unclear,,,,,,0,https://broachschool.com/tuition/,2026-10-08,live,programs priced by type; same page as school 1107,
4896,Collier,ABLE ACADEMY,NAPLES,34116,No,No,No,PK-12,41,2025,tuition_word_no_amount,,,,,,,,,,,
5269,Collier,AVE MARIA CATHOLIC ACADEMY,AVE MARIA,34142,Yes,Yes,Yes,PK-12,545,2026,found,2026-27,10500,10500,12750,,0,https://avemariacatholicacademy.org/admissions/,2026-10-08,live,"K-8 10,500; 9-12 12,750; books and supplies fee separate; Pre-K excluded",high
5844,Collier,CHEERFUL HEART ACADEMY,NAPLES,34117,No,No,No,KG-12,198,2025,not_attempted_no_own_domain,,,,,,,,,,,
4627,Collier,EDUCATION WORLD WIDE LLC,NAPLES,34112,No,No,No,KG-12,23,2025,tuition_word_no_amount,,,,,,,,,,,
8952,Collier,EDUCATIONAL PATHWAYS ACADEMY,NAPLES,34116,Yes,Yes,Yes,01-08,57,2025,unclear,,,,,,0,https://www.educationalpathwaysacademy.com/tuition-and-fees,2026-10-08,live,scholarship information only,
6734,Collier,ES AMERICAN SCHOOL,NAPLES,34105,No,No,No,06-12,18,2026,not_reached,,,,,,,,,,,
767,Collier,FELLOWSHIP ACADEMY,IMMOKALEE,34142,Yes,Yes,Yes,KG-12,50,2025,not_reached,,,,,,,,,,,
1212,Collier,FIRST BAPTIST ACADEMY,NAPLES,34109,Yes,Yes,Yes,PK-12,899,2026,found,2026-27,16800,18010,18675,,0,https://fbalions.org/tuition-fees/,2026-10-08,live,"K4-5 16,800; 6-8 18,010; 9-12 18,675; page mentions both 2026-27 and 2027-28",medium
3337,Collier,GRACE COMMUNITY SCHOOL OF GOLDEN GATE INC.,NAPLES,34116,Yes,Yes,Yes,PK-KG,236,2025,unclear,,,,,,0,https://www.gracecommunityschools.com/,2026-10-08,live,childcare offers only,
687,Collier,HEAVENLY DAY A PRESCHOOL EXPERIENCE,NAPLES,34119,No,Yes,Yes,PK,15,2025,not_attempted_no_own_domain,,,,,,,,,,,
1489,Collier,MONTESSORI ACADEMY OF NAPLES,NAPLES,34119,No,Yes,Yes,PK-12,120,2025,tuition_word_no_amount,,,,,,,,,,,
4086,Collier,NAPLES ADVENTIST CHRISTIAN SCHOOL,NAPLES,34104,Yes,Yes,Yes,PK-08,76,2025,network_site_only,,,,,,0,https://www.flcoe.org/,2026-10-08,live,"only the FLCOE network site was found: range 7,000-14,000 per year",
424,Collier,NAPLES CHRISTIAN ACADEMY,NAPLES,34105,Yes,Yes,Yes,PK-08,188,2026,unclear,,,,,,0,,2026-10-08,live,no dollar lines found,
1618,Collier,ROYAL PALM ACADEMY,,,Yes,Yes,Yes,PK-08,342,2026,found,2026-27,19950,,,,0,https://www.royalpalmacademy.org/admissions/tuition-financial-aid,2026-10-08,live,"K-5 shown in three columns (19,950 / 20,550 / 20,950) read as pay-in-full / semester / monthly; lowest used; other grades not read",medium
770,Collier,SAINT ANN SCHOOL,NAPLES,34102,Yes,Yes,Yes,PK-08,542,2025,tuition_word_no_amount,,,,,,,,,,,
1105,Collier,SAINT ELIZABETH ANN SETON,NAPLES,34116,Yes,Yes,Yes,PK-08,310,2025,no_website,,,,,,,,,,,
1005,Collier,SAINT JOHN NEUMANN CATHOLIC HIGH SCHOOL INC.,NAPLES,34116,Yes,Yes,Yes,09-12,452,2025,found,2026-27,,,,20500,0,https://sjnceltics.org/tuition-financial-aid/,2026-10-08,live,high school tuition per student; no sibling discount,high
5223,Collier,Scholar Academy LLC,Naples,34116,No,No,No,PK,18,2025,not_attempted_no_own_domain,,,,,,,,,,,
885,Collier,SEACREST COUNTRY DAY SCHOOL,NAPLES,34104,No,Yes,Yes,PK-12,309,2026,found,2026-27,25792,27976,32552,,0,https://www.seacrest.org/admissions/tuition,2026-10-08,live,"K 24,856; 1-3 25,792; 4-5 26,520; 6-8 27,976; 9 30,680; 10-12 32,552; pre-K excluded",high
9601,Collier,SSKIDS ACADEMY LLC,NAPLES,34109,No,Yes,Yes,01-09,29,2025,unclear,,,,,,0,https://sskidsacademy.com/tuition,2026-10-08,live,"age-based tuition (ages 9-12), not grade-based",
3725,Collier,THE VILLAGE SCHOOL OF NAPLES INC.,NAPLES,34109,No,Yes,Yes,PK-12,556,2025,tuition_word_no_amount,,,,,,,,,,,
2363,Collier,TLC ACADEMY AT ENUMC,NAPLES,34112,Yes,No,No,01-04,4,2025,not_attempted_no_own_domain,,,,,,,,,,,
2110,Collier,VANDERBILT PRESBYTERIAN CHURCH,NAPLES,34110,Yes,Yes,Yes,PK-KG,116,2025,not_reached,,,,,,,,,,,
5942,Collier,WAVES OF WONDER MONTESSORI SCHOOL,NAPLES,34109,No,Yes,Yes,PK-08,71,2025,no_website,,,,,,,,,,,
1849,Columbia,ALEXIS REID ACADEMY,FORT WHITE,32038,No,No,No,02-05,2,2025,not_attempted_no_own_domain,,,,,,,,,,,
8127,Columbia,AMERICAN NATION BUILDERS CHRISTIAN ACADEMY,ORLANDO,32802,Yes,Yes,Yes,,0,2025,not_attempted_no_enrollment,,,,,,,,,,,
9418,Columbia,BEHAVIORAL LEARNING ACADEMY,LAKE CITY,32055,No,Yes,Yes,KG-12,25,2025,not_reached,,,,,,,,,,,
6289,Columbia,CAMBRIDGE PREP ACADEMY INC.,LAKE CITY,32025,Yes,Yes,Yes,PK-12,190,2025,not_reached,,,,,,,,,,,
8912,Columbia,CARTER CHRISTIAN ACADEMY,,,Yes,Yes,Yes,KG-12,60,2026,not_reached,,,,,,,,,,,
4825,Columbia,COVENANT COMMUNITY SCHOOL,LAKE CITY,32025,Yes,Yes,Yes,PK-12,150,2026,not_reached,,,,,,,,,,,
425,Columbia,EPIPHANY CATHOLIC SCHOOL,LAKE CITY,32025,Yes,Yes,Yes,KG-08,124,2025,found,,,,,7800,0,https://ecslc.org/scholarship-tuition/,2026-10-08,live,K-8 tuition; pages mention 2025-26 and 2026-27; 800 materials fee extra for families not using scholarships,medium
4534,Columbia,FAITH ACADEMY,LAKE CITY,32025,No,Yes,Yes,01-12,16,2025,not_attempted_no_own_domain,,,,,,,,,,,
886,Columbia,FIRST ACADEMY,LAKE CITY,32025,Yes,Yes,Yes,KG-11,31,2025,not_attempted_no_own_domain,,,,,,,,,,,
8431,Columbia,HART 2 HART CHRISTIAN ACADEMY,LAKE CITY,32024,Yes,Yes,Yes,KG-12,199,2026,not_reached,,,,,,,,,,,
713,Columbia,JOY EXPLOSION CHRISTIAN ACADEMY,LAKE CITY,32024,Yes,Yes,Yes,02-08,10,2025,not_attempted_no_own_domain,,,,,,,,,,,
1258,Columbia,KINGDOM CULTURE ACADEMY,LAKE CITY,32024,Yes,Yes,Yes,PK-11,183,2025,no_website,,,,,,,,,,,
773,Columbia,LAKE CITY CHRISTIAN ACADEMY,LAKE CITY,32024,Yes,Yes,Yes,PK-12,274,2026,no_website,,,,,,,,,,,
4398,Columbia,NEW GENERATION CHRISTIAN MINISTRIES,LAKE CITY,32025,Yes,Yes,Yes,KG-12,335,2026,not_reached,,,,,,,,,,,
7684,Columbia,NORTH FLORIDA ARTS AND SCIENCES ACADEMY,LAKE CITY,32024,No,Yes,Yes,KG-12,72,2025,found,2026-27,,,,9000,0,https://noflasa.com/wp-content/uploads/2026-2027-Tuition-Fee-Schedule.pdf,2026-10-08,live,total tuition for the school year; 900 per month,high
4350,Columbia,PARTNERS IN EDUCATION,LAKE CITY,32025,Yes,No,No,PK-06,5,2025,not_attempted_no_own_domain,,,,,,,,,,,
5299,Columbia,SPRINGVILLE PREPARATORY ACADEMY,LAKE CITY,32056,Yes,No,No,PK-12,5,2025,not_attempted_no_own_domain,,,,,,,,,,,
4337,Columbia,THE PRESLEY LEARNING CENTER,LAKE CITY,32025,No,No,No,PK-10,26,2025,not_reached,,,,,,,,,,,
923,Dade,A BETTER LEARNING EXPERIENCE LLC,MIRAMAR,33027,No,Yes,Yes,PK-KG,18,2025,not_attempted_no_own_domain,,,,,,,,,,,
8069,Dade,A GSA ACADEMY SCHOOL INC,MIAMI LAKES,33015,Yes,Yes,Yes,01-08,6,2026,not_attempted_no_own_domain,,,,,,,,,,,
6830,Dade,A LEAGUE OF THEIR OWN ACADEMY LLC,MIAMI,33142,No,No,No,,0,2025,not_attempted_no_enrollment,,,,,,,,,,,
6983,Dade,A PERFECT PLACE 4 KIDZ,MIAMI GARDEN,33169,Yes,Yes,Yes,KG-12,43,2025,not_reached,,,,,,,,,,,
5108,Dade,A.K.T.I.V. LEARNING ACADEMY,MIAMI,33166,No,Yes,Yes,01-12,35,2025,not_reached,,,,,,,,,,,
6098,Dade,Abanzar Learning Center,Miami,33196,No,No,No,,0,2025,not_attempted_no_enrollment,,,,,,,,,,,
8452,Dade,ABC DAYCARE AND PRESCHOOL,HIALEAH,33010,No,Yes,Yes,PK-03,42,2025,not_attempted_no_own_domain,,,,,,,,,,,
2245,Dade,ABF ACADEMY HIALEAH CAMPUS,HIALEAH,33010,No,Yes,Yes,06-12,123,2025,not_attempted_no_own_domain,,,,,,,,,,,
7696,Dade,ABF LEARNING CENTER,MIAMI,33032,No,Yes,Yes,KG-12,283,2025,not_reached,,,,,,,,,,,
6989,Dade,ACADEMICA INTERNATIONAL STUDIES,MIAMI,33143,No,No,No,07-12,279,2025,tuition_word_no_amount,,,,,,,,,,,
5557,Dade,ACADEMY FOR YOUNG LEARNERS INC.,HIALEAH,33015,No,Yes,Yes,PK-05,151,2025,not_attempted_no_own_domain,,,,,,,,,,,
5910,Dade,ACADEMY OF EXCELLENCE,MIAMI,33127,No,Yes,Yes,02-12,41,2025,not_attempted_no_own_domain,,,,,,,,,,,
7354,Dade,ACADEMY OF EXCELLENCE 1,OPA LOCKA,33054,No,Yes,Yes,01-12,32,2025,not_attempted_no_own_domain,,,,,,,,,,,
4373,Dade,ACADEMY OF INTELLIGENCE,MIAMI,33177,No,No,No,,0,2025,not_attempted_no_enrollment,,,,,,,,,,,
6788,Dade,"ACADEMY OF LIFE LONG LEARNERS SCHOOL OF THE ARTS AND SCIENCES, INC",Florida City,33034,No,No,No,,0,2026,not_attempted_no_enrollment,,,,,,,,,,,
8702,Dade,ACADEMY PLUS,MIAMI,33132,No,No,No,01-12,160,2025,not_reached,,,,,,,,,,,
5972,Dade,ACE ACADEMY CENTRAL,MIAMI,33173,No,No,No,PK-12,26,2025,not_reached,,,,,,,,,,,
5970,Dade,ACE ACADEMY NORTH,HIALEAH,33017,No,Yes,Yes,KG-12,26,2025,not_reached,,,,,,,,,,,
5762,Dade,ACE ACADEMY SCHOOL,FLORIDA CITY,33034,No,Yes,Yes,PK,85,2025,not_reached,,,,,,,,,,,
5990,Dade,ACE ACADEMY SOUTH,FLORIDA CITY,33034,No,Yes,Yes,PK-07,197,2025,not_reached,,,,,,,,,,,
9461,Dade,ACE ACADEMY SOUTH 2,HOMESTEAD,33030,No,Yes,Yes,05-12,71,2025,not_reached,,,,,,,,,,,
9834,Dade,ACIL INTERNATIONAL HIGH SCHOOL LLC,MIAMI,33131,No,No,No,08-12,73,2025,not_reached,,,,,,,,,,,
6065,Dade,ACTON ACADEMY MIAMI SOUTH,Miami,33155,No,No,No,KG-08,25,2025,no_website,,,,,,,,,,,
5634,Dade,ADVANCE ACHIEVERS ACADEMY,FLORIDA CITY,33034,No,Yes,Yes,KG-12,312,2025,found,2025-26,,,,11900,0,https://www.myaaaschool.net/tuition-and-fees.html,2026-10-08,live,annual tuition; registration and fees 750 separate,high
6984,Dade,ADVANCE CHRISTIAN ACADEMY,NORTH MIAMI,33161,Yes,Yes,Yes,PK-12,38,2025,not_attempted_no_own_domain,,,,,,,,,,,
6807,Dade,AGUAMARINA ELEMENTARY,MIAMI,33136,No,Yes,Yes,KG-04,79,2025,unclear,,,,,,0,https://www.aguamarinaschools.com/admissions-preschool,2026-10-08,live,early childhood programme with age-based rates,
4649,Dade,AIU HIGH SCHOOL,N MIAMI BEACH,33162,No,No,No,09-12,6,2025,unclear,,,,,,0,https://www.aiuhs.org/onlineapplication.asp,2026-10-08,live,online diploma programme fees,
3152,Dade,ALADDIN ACADEMY INC.,MIAMI,33177,No,Yes,Yes,PK,9,2025,not_attempted_no_own_domain,,,,,,,,,,,
1483,Dade,ALEXANDER MONTESSORI SCHOOL,MIAMI,33143,No,No,No,PK-KG,54,2025,unclear,,,,,,0,https://www.alexandermontessori.com/admissions/tuition-and-fees,2026-10-08,live,same Montessori plan table as school 447; not coded,
448,Dade,"ALEXANDER SCHOOL, INC.",MIAMI,33143,No,No,No,01-05,266,2025,unclear,,,,,,0,https://www.alexandermontessori.com/admissions/tuition-and-fees,2026-10-08,live,same page as school 447; not coded,
447,Dade,"ALEXANDER SCHOOL, INC.",MIAMI,33143,No,No,No,PK-KG,190,2025,unclear,,,,,,0,https://www.alexandermontessori.com/admissions/tuition-and-fees,2026-10-08,live,Montessori plan table with several payment plans; not coded,
1914,Dade,"ALEXANDER SCHOOL, INC. 1ST CAMPUS",MIAMI,33143,No,No,No,PK-KG,34,2025,unclear,,,,,,0,https://www.alexandermontessori.com/admissions/tuition-and-fees,2026-10-08,live,same Montessori plan table as school 447; not coded,
6844,Dade,ALL GOD'S CHILDREN CHRISTIAN ACADEMY,MIAMI,33167,Yes,No,No,PK-05,11,2025,not_attempted_no_own_domain,,,,,,,,,,,
608,Dade,ALLISON ACADEMY,NORTH MIAMI BEACH,33162,No,Yes,Yes,06-12,82,2025,found,2026-27,,,,25000,0,https://www.allisonacademy.com/admission/tuition-fees/,2026-10-08,live,"full price; sibling discount 1,000 not applied",high
4420,Dade,ALMABELLA VIRTUAL SCHOOL,MIAMI BEACH,33141,No,No,No,,0,2025,not_attempted_no_enrollment,,,,,,,,,,,
8587,Dade,ALTA CAREER ACADEMY,MIAMI,33173,No,Yes,Yes,07-12,59,2025,found,,,,,12000,0,https://altacareeracademy.org/tuition-fees/,2026-10-08,live,annual tuition; year not stated,high
3977,Dade,AMAZING LEARNING ACADEMY,MIAMI,33161,No,Yes,Yes,PK-01,39,2026,not_attempted_no_own_domain,,,,,,,,,,,
6969,Dade,AMERICA'S CHRISTIAN FUTURE PRESCHOOL ELEM,HIALEAH,33012,Yes,Yes,Yes,PK-08,206,2025,not_attempted_no_own_domain,,,,,,,,,,,
7305,Dade,AMERICA'S LITTLE LEADERS ACADEMY,OPA LOCKA,33054,Yes,No,No,,0,2025,not_attempted_no_enrollment,,,,,,,,,,,
3225,Dade,AMERICAN ACADEMY OF PINECREST,PINECREST,33156,No,No,No,12,333,2025,unclear,,,,,,0,,2026-10-08,live,no dollar lines found,
5197,Dade,AMERICAN CHRISTIAN SCHOOL ART CENTER,HIALEAH,33016,Yes,Yes,Yes,KG-12,90,2025,not_attempted_no_own_domain,,,,,,,,,,,
9631,Dade,AMERICAN ELITE SCHOOL,DORAL,33172,No,No,No,09-12,158,2025,no_website,,,,,,,,,,,
4283,Dade,AMERICAN HIGH SCHOOL ACADEMY INC.,MIAMI,33173,No,No,No,09-12,670,2025,found,2026-27,,,,10600,0,https://americanhighschoolacademy.com/tuition-fees-scholarships-financing-options/,2026-10-08,live,"full tuition, 10-month program; same page as school 1663",high
1663,Dade,AMERICAN HIGH SCHOOL ACADEMY NORTH CAMPUS,MIAMI,33173,No,Yes,Yes,06-12,35,2025,found,2026-27,,,,10600,0,https://americanhighschoolacademy.com/tuition-fees-scholarships-financing-options/,2026-10-08,live,"full tuition, 10-month program; other programs priced weekly or by course",high
2230,Dade,AMERICAN WORLDWIDE ACADEMY,MIAMI,33138,Yes,No,No,09-12,833,2025,unclear,,,,,,0,https://myawa.org/index.php/tuition-fees/,2026-10-08,live,per-course online pricing,
8164,Dade,ANGELS REACH ACADEMY FOR DIVERGENT LEARNERS,Hialeah,33014,No,No,No,,0,2025,not_attempted_no_enrollment,,,,,,,,,,,
8730,Dade,APPLE LEARNING CENTER,MIAMI,33144,No,Yes,Yes,PK-05,60,2025,not_attempted_no_own_domain,,,,,,,,,,,
7309,Dade,ARCADIA ACADEMY,MIAMI,33135,No,Yes,Yes,PK-04,145,2025,not_attempted_no_own_domain,,,,,,,,,,,
3163,Dade,ARCHBISHOP COLEMAN F. CARROLL HIGH,MIAMI,33196,Yes,Yes,Yes,09-12,568,2026,unclear,,,,,,0,https://www.colemancarroll.org/tuition-fees,2026-10-08,live,tracks with two columns of rates without clear labels,
4127,Dade,ARLINGTON ACADEMY OF MIAMI INC.,MIAMI GARDENS,33014,No,Yes,Yes,02-12,78,2026,not_attempted_no_own_domain,,,,,,,,,,,
6355,Dade,ASBURY CHRISTIAN SCHOOL,HIALEAH,33012,Yes,Yes,Yes,PK-12,249,2025,not_attempted_no_own_domain,,,,,,,,,,,
5729,Dade,ATALA MONTESSORI SCHOOL,HOMESTEAD,33030,No,Yes,Yes,KG-08,66,2025,no_website,,,,,,,,,,,
5120,Dade,ATLANTIC CHRISTIAN ACADEMY,MIAMI,33175,Yes,No,No,09-12,25,2026,no_website,,,,,,,,,,,
409,Dade,ATLANTIS ACADEMY,MIAMI,33176,No,Yes,Yes,KG-12,134,2025,no_website,,,,,,,,,,,
7887,Dade,ATLANTIS ACADEMY 2,MIAMI,33173,No,Yes,Yes,12,47,2025,no_website,,,,,,,,,,,
5800,Dade,Atlas Collegium of Academic and Athletic Excellence,Coral Gables,33146,No,No,No,,0,2025,not_attempted_no_enrollment,,,,,,,,,,,
7335,Dade,AVANT SCHOOL OF EXCELLENCE,FLORIDA CITY,33034,Yes,Yes,Yes,KG-12,150,2026,not_attempted_no_own_domain,,,,,,,,,,,
265,Dade,AVENTURA LEARNING CENTER,NORTH MIAMI BEACH,33160,No,Yes,Yes,PK-05,80,2025,not_attempted_no_own_domain,,,,,,,,,,,
7130,Dade,B.WRIGHT LEADERSHIP ACADEMY,MIAMI,33127,Yes,Yes,Yes,KG-08,109,2025,unclear,,,,,,0,https://bwrightla.com/admission/,2026-10-08,live,income cap only,
6408,Dade,BAMBY'S DAYCARE CENTER NURSERY SCHOOL INC,MIAMI,33144,No,Yes,Yes,PK-05,30,2025,not_attempted_no_own_domain,,,,,,,,,,,
218,Dade,BANYAN DAY SCHOOL,CORAL GABLES,33134,No,No,No,PK-KG,90,2025,not_attempted_no_own_domain,,,,,,,,,,,
5755,Dade,BASECAMP305,MIAMI BEACH,33119,No,Yes,Yes,,0,2026,not_attempted_no_enrollment,,,,,,,,,,,
7501,Dade,BE UNIQUE ACADEMY PREP INC.,MIAMI,33173,No,Yes,Yes,04-12,36,2026,tuition_word_no_amount,,,,,,,,,,,
2064,Dade,BEACON HILL CENTER INC.,MIAMI,33056,No,Yes,Yes,PK-08,211,2026,not_attempted_no_own_domain,,,,,,,,,,,
2087,Dade,BELEN JESUIT PREPARATORY SCHOOL,MIAMI,33184,Yes,Yes,Yes,06-12,1367,2025,no_website,,,,,,,,,,,
8941,Dade,BELOVED REMNANT,MIAMI,33186,Yes,No,No,KG-12,13,2026,not_attempted_no_own_domain,,,,,,,,,,,
6956,Dade,Ben Gamla Kendall Campus,,,No,Yes,Yes,,0,2026,not_attempted_no_enrollment,,,,,,,,,,,
3844,Dade,BETESDA CHRISTIAN SCHOOL,OPA LOCKA,33054,Yes,Yes,Yes,KG-12,91,2026,not_attempted_no_own_domain,,,,,,,,,,,
2900,Dade,BETH JACOB HIGH SCHOOL INC.,NORTH MIAMI BEACH,33162,Yes,Yes,Yes,PK-12,517,2025,not_reached,,,,,,,,,,,
6347,Dade,BETHANY ACADEMY OF ARTS,MIAMI GARDENS,33055,Yes,Yes,Yes,PK-10,105,2025,no_website,,,,,,,,,,,
7656,Dade,Bethel Academy Learning Center,Miami,33186,Yes,No,No,,0,2025,not_attempted_no_enrollment,,,,,,,,,,,
3915,Dade,BETHEL ELEMENTARY SCHOOL OF SEVENTH-DAY ADV,FLORIDA CITY,33034,Yes,Yes,Yes,KG-08,43,2025,not_reached,,,,,,,,,,,
7712,Dade,BETHELITES ACADEMY,LAUDERDALE LAKE,33311,No,No,No,,0,2025,not_attempted_no_enrollment,,,,,,,,,,,
6090,Dade,BETTY'S PRESCHOOL ACADEMY INC.,MIAMI GARDENS,33054,No,Yes,Yes,01-08,11,2025,not_attempted_no_own_domain,,,,,,,,,,,
756,Dade,BEYOND EXPECTATIONS ACADEMY,MIAMI,33186,No,Yes,Yes,PK-12,57,2026,not_attempted_no_own_domain,,,,,,,,,,,
3645,Dade,BH ACADEMY LLC,AVENTURA,33180,Yes,Yes,Yes,PK-KG,56,2025,not_reached,,,,,,,,,,,
5730,Dade,BIG STAR DAY CARE INC.,HIALEAH,33012,No,Yes,Yes,PK-05,68,2025,not_attempted_no_own_domain,,,,,,,,,,,
2786,Dade,BILTMORE SCHOOL,MIAMI,33155,No,Yes,Yes,PK-08,115,2025,unclear,,,,,,0,https://www.biltmoreschool.com/admissions.php,2026-10-08,live,exam fee only,
5346,Dade,Blakely’s School of Scholars,Miami Gardens,33056,Yes,No,No,,0,2026,not_attempted_no_enrollment,,,,,,,,,,,
8330,Dade,BLESSED PEDIATRIC CARE,MIAMI GARDENS,33014,No,No,No,PK-12,15,2025,not_attempted_no_own_domain,,,,,,,,,,,
2169,Dade,BLESSED TRINITY CATHOLIC SCHOOL,MIAMI SPRINGS,33166,Yes,Yes,Yes,PK-08,257,2026,not_reached,,,,,,,,,,,
9079,Dade,BREAKTHROUGH CHRISTIAN ACADEMY,MIAMI GARDENS,33054,Yes,No,No,,0,2025,not_attempted_no_enrollment,,,,,,,,,,,
7249,Dade,BRICKELL HEIGHTS ELEMENTARY,MIAMI,33130,No,Yes,Yes,PK-KG,11,2025,not_attempted_no_own_domain,,,,,,,,,,,
159,Dade,BRIGHT BRIDGE PREPARATORY,MIAMI,33155,No,Yes,Yes,KG-06,19,2025,not_reached,,,,,,,,,,,
8056,Dade,BRIGHT FUTURE SCHOOL OF EXCELLENCE,MIAMI,33150,No,Yes,Yes,KG-08,35,2025,not_attempted_no_own_domain,,,,,,,,,,,
8957,Dade,BRIGHT FUTURES PRESCHOOL,MIAMI,33183,No,Yes,Yes,PK-01,29,2025,not_attempted_no_own_domain,,,,,,,,,,,
8334,Dade,BRIGHT SKY PREPARATORY SCHOOL,MIAMI GARDENS,33169,No,Yes,Yes,KG-05,57,2025,no_website,,,,,,,,,,,
9605,Dade,BRILLIANCE ACADEMY,Palmetto Bay,33157,No,Yes,Yes,04-12,28,2025,unclear,,,,,,0,,2026-10-08,live,no dollar lines found,
7127,Dade,Brilliance Academy II,Palmetto Bay,33157,No,No,No,06-12,10,2025,unclear,,,,,,0,,2026-10-08,live,no dollar lines found,
2699,Dade,BRITO MIAMI PRIVATE SCHOOL,MIAMI,33145,No,Yes,Yes,06-12,125,2025,not_reached,,,,,,,,,,,
5947,Dade,BUMBLE BEE DAYCARE LEARNING CENTER,MIAMI,33177,No,Yes,Yes,PK-08,127,2026,not_attempted_no_own_domain,,,,,,,,,,,
445,Dade,CALUSA PREPARATORY SCHOOL,MIAMI,33183,Yes,Yes,Yes,PK-12,163,2026,not_attempted_no_own_domain,,,,,,,,,,,
993,Dade,CALVARY CHRISTIAN ACADEMY NORTH MIAMI,MIAMI,33168,Yes,Yes,Yes,PK-08,233,2025,not_reached,,,,,,,,,,,
3243,Dade,CAMBRIDGE ACADEMY AND CAMP,MIAMI,33054,No,Yes,Yes,PK,2,2026,not_attempted_no_own_domain,,,,,,,,,,,
6748,Dade,CARE Elementary Little Haiti,,,Yes,Yes,Yes,KG-02,7,2026,found,,,,,14000,0,https://careelementary.org/admission-and-enrollment/,2026-10-08,live,"1,400 per month or 14,000 annually; year not stated",high
7666,Dade,CARE ELEMENTARY SCHOOL,MIAMI,33127,Yes,Yes,Yes,PK-05,118,2025,found,,,,,14000,0,https://careelementary.org/admission-and-enrollment/,2026-10-08,live,"1,400 per month or 14,000 annually; year not stated; same page as school 6748",high
7482,Dade,CAREER PREP ACADEMY OF SOUTH FLORIDA  106,MIAMI,33157,Yes,Yes,Yes,06-12,81,2025,found,2025-26,,,,16000,0,https://www.careerprepworkforce.org/tuition-fees,2026-10-08,live,grades 6-12,high
8763,Dade,CAREER PREP ACADEMY OF SOUTH FLORIDASOUTH,FLORIDA CITY,33034,No,Yes,Yes,06-12,45,2025,found,2025-26,,,,16000,0,https://www.careerprepworkforce.org/tuition-fees,2026-10-08,live,grades 6-12; same page as school 2495,high
4870,Dade,CARPE DIEM ACADEMIA INC.,MIAMI,33173,No,Yes,Yes,01-12,22,2025,no_website,,,,,,,,,,,
3906,Dade,CASA DEI BAMBINI MONTESSORI SCHOOL,MIAMI BEACH,33140,No,Yes,Yes,PK-05,116,2026,not_attempted_no_own_domain,,,,,,,,,,,
8347,Dade,CATERPILLAR ACADEMY DAYCARE,HIALEAH,33012,No,Yes,Yes,PK-01,18,2025,not_attempted_no_own_domain,,,,,,,,,,,
9397,Dade,CATTOIRA MONTESSORI SCHOOL,MIAMI,33156,No,Yes,Yes,PK-06,53,2025,unclear,,,,,,0,https://www.cattoiramontessori.com/tuition-fees,2026-10-08,live,age-based Montessori amounts,
3373,Dade,CBCA ACADEMY,Miami,33157,Yes,Yes,Yes,KG-12,106,2025,not_attempted_no_own_domain,,,,,,,,,,,
4860,Dade,CENTER OF LIFE ACADEMY,MIAMI,33142,Yes,Yes,Yes,01-12,77,2025,not_attempted_no_own_domain,,,,,,,,,,,
3925,Dade,CENTER OF LIFE ACADEMY 2,MIAMI,33142,Yes,No,No,,0,2025,not_attempted_no_enrollment,,,,,,,,,,,
8098,Dade,CENTNER ACADEMY - ELEMENTARY SCHOOL,MIAMI,33127,No,Yes,Yes,KG-05,158,2025,unclear,,,,,,0,,2026-10-08,live,no dollar lines found,
7686,Dade,CENTNER ACADEMY - MIDDLE AND HIGH SCHOOLS,MIAMI,33132,No,Yes,Yes,06-11,77,2025,unclear,,,,,,0,,2026-10-08,live,no dollar lines found,
5685,Dade,CENTNER ACADEMY - PRESCHOOL,MIAMI,33140,No,Yes,Yes,PK,88,2025,unclear,,,,,,0,,2026-10-08,live,no dollar lines found,
8577,Dade,CENTRAL MIAMI CHRISTIAN ACADEMY,MIAMI,33142,Yes,Yes,Yes,KG-11,16,2025,found,2025-26,8600,8000,7850,,0,https://centralmiamichristian.org/tuition-and-financial-aid/,2026-10-08,live,"K-3 8,600; 4-8 8,000; 9-12 7,850",high
4620,Dade,CHANAK INTERNATIONAL ACADEMY,"St. Petersburg,",33702,Yes,No,No,,0,2026,not_attempted_no_enrollment,,,,,,,,,,,
5214,Dade,CHANTY LEARNING CENTER DBA WE LOVE KIDS,HIALEAH,33012,No,Yes,Yes,PK-06,123,2025,not_attempted_no_own_domain,,,,,,,,,,,
225,Dade,CHILDREN'S CREATIVE LRNG CTR @ FIU,MIAMI,33199,No,Yes,Yes,PK,35,2025,tuition_word_no_amount,,,,,,,,,,,
6379,Dade,CHILDREN'S KINGDOM ENRICHMENT CENTER,MIAMI LAKES,33016,No,Yes,Yes,PK-03,39,2026,not_attempted_no_own_domain,,,,,,,,,,,
2094,Dade,CHILDREN'S PARADISE LEARNING ACADEMY 8,HIALEAH,33018,No,Yes,Yes,PK-11,59,2026,not_attempted_no_own_domain,,,,,,,,,,,
5748,Dade,CHILDREN'S PARADISE LEARNING CENTER 3,HIALEAH,33016,No,Yes,Yes,PK-12,32,2025,not_attempted_no_own_domain,,,,,,,,,,,
8773,Dade,CHILDREN'S PARADISE LEARNING CENTER 5,MIAMI LAKES,33016,No,Yes,Yes,PK-05,94,2025,not_attempted_no_own_domain,,,,,,,,,,,
7259,Dade,CHILDREN'S PARADISE LEARNING CENTER 6 INC.,HIALEAH,33014,No,Yes,Yes,PK-09,85,2025,not_attempted_no_own_domain,,,,,,,,,,,
6692,Dade,CHILDREN'S PARADISE LEARNING CENTER INC 4,HIALEAH,33012,No,Yes,Yes,PK-06,112,2025,not_attempted_no_own_domain,,,,,,,,,,,
8469,Dade,CHILDREN'S PARADISE LEARNING CENTER INC. 9,MIAMI,33015,No,Yes,Yes,PK-03,21,2025,not_attempted_no_own_domain,,,,,,,,,,,
1298,Dade,CHILDREN'S PARADISE LEARNING CENTER.INC,HIALEAH,33013,No,Yes,Yes,PK-03,36,2025,not_attempted_no_own_domain,,,,,,,,,,,
567,Dade,CHILDREN'S RAINBOW DAYSCHOOL ACADEMY,GOULDS,33170,Yes,Yes,Yes,PK-08,339,2025,no_website,,,,,,,,,,,
2152,Dade,CHILDREN'S RESOURCES,MIAMI,33156,No,Yes,Yes,PK-05,64,2025,no_website,,,,,,,,,,,
5527,Dade,CHILDRENS CHRISTIAN SCHOOLHOUSE,HIALEAH,33010,Yes,Yes,Yes,PK-06,143,2026,not_attempted_no_own_domain,,,,,,,,,,,
6485,Dade,CHRIST CHILDREN ACADEMY,MIAMI GARDENS,33056,No,Yes,Yes,KG-07,7,2025,not_attempted_no_own_domain,,,,,,,,,,,
5448,Dade,CHRIST FELLOWSHIP ACADEMY,PALMETTO BAY,33157,Yes,Yes,Yes,PK-06,406,2025,found,2025-26,11050,,,,0,https://cfacademy.org/wp-content/uploads/2025/03/Tuition-Fees-25-26.pdf,2026-10-08,live,"K5 10,695; 1-5 11,050; 6th 12,050; other grades not seen; page shows 2025-26",high
1284,Dade,CHRISTOPHER COLUMBUS HIGH SCHOOL,MIAMI,33165,Yes,Yes,Yes,09-12,1735,2025,found,2026-27,,,18150,,0,https://www.columbushs.com/admission/tuition,2026-10-08,live,"grades 9-11 18,150; grade 12 18,650 (includes graduation fee)",high
4821,Dade,CINDERELLA SCHOOL,HIALEAH,33010,No,Yes,Yes,PK-05,134,2025,not_reached,,,,,,,,,,,
6960,Dade,CITI CHRISTIAN ACADEMY,MIAMI,33242,Yes,Yes,Yes,01-08,71,2025,no_website,,,,,,,,,,,
4826,Dade,CLARA MOHAMMED SCHOOL OF MIAMI FLORIDA,MIAMI,33127,Yes,Yes,Yes,05-08,5,2025,not_attempted_no_own_domain,,,,,,,,,,,
8672,Dade,COCONUT GROVE MONTESSORI SCHOOL,MIAMI,33133,No,Yes,Yes,PK-05,99,2025,not_reached,,,,,,,,,,,
328,Dade,COLONIAL CHRISTIAN SCHOOL,HOMESTEAD,33030,Yes,Yes,Yes,PK-12,348,2025,not_reached,,,,,,,,,,,
9475,Dade,COLOR IN PRESCHOOL INC,HIALEAH,33010,No,Yes,Yes,PK-02,25,2025,not_attempted_no_own_domain,,,,,,,,,,,
2320,Dade,CONCHITA ESPINOSA ACADEMY,MIAMI,33184,No,Yes,Yes,PK-08,593,2025,found,2026-27,13450,13750,,,0,https://www.conchitaespinosa.com/wp-content/uploads/2026/03/2026-27_Tuition_and_Fees.pdf,2026-10-08,live,"pre-primary to grade 4 13,450; grades 5-8 13,750; K3 and K4 excluded",high
6823,Dade,Cool Academy,,,Yes,Yes,Yes,KG-08,138,2025,not_reached,,,,,,,,,,,
7650,Dade,Coral Gables Congregational Church Early Childhood Center,Coral Gables,33134,No,No,No,PK-KG,38,2026,not_reached,,,,,,,,,,,
3204,Dade,CORAL PARK CHRISTIAN ACADEMY,MIAMI,33165,Yes,Yes,Yes,PK-08,180,2025,tuition_word_no_amount,,,,,,,,,,,
8404,Dade,CORAL WAY UMC DAYCARE SCHOOL CENTER,MIAMI,33155,Yes,Yes,Yes,PK-08,113,2026,not_attempted_no_own_domain,,,,,,,,,,,
458,Dade,COUNTRYSIDE EARLY LEARNING CENTER,HOMESTEAD,33033,No,No,No,PK,60,2025,unclear,,,,,,0,https://countrysidelearningcenter.com/tuition/,2026-10-08,live,early learning center with weekly rates,
2297,Dade,COURAGEOUS MINDS LEARNING CENTER,MIAMI,33176,No,Yes,Yes,PK-02,11,2026,found,,,,,25000,0,https://courageousmindslc.org/tuition-and-fees,2026-10-08,live,annual tuition; year not stated,high
6719,Dade,CREATIVA ACADEMY,MIAMI,33184,No,No,No,PK,31,2025,found,2026-27,9700,,,,0,https://creativaacademy.com/tuition-financial-aid/,2026-10-08,live,"kindergarten 9,700; other programmes priced weekly",medium
7614,Dade,CREATIVE KIDS ACADEMY,HOMESTEAD,33033,No,Yes,Yes,,0,2025,not_attempted_no_enrollment,,,,,,,,,,,
3978,Dade,CRESER VIRTUAL SCHOOL,MIAMI BEACH,33139,No,No,No,,0,2025,not_attempted_no_enrollment,,,,,,,,,,,
5909,Dade,CRISTO REY MIAMI HIGH SCHOOL,NORTH MIAMI,33161,Yes,Yes,Yes,09-12,266,2025,unclear,,,,,,0,https://www.cristoreymiami.org/admissions/financial-aid,2026-10-08,live,family contribution range for a work-study school,
6250,Dade,CRYSTAL ACADEMY PRIMARY SCHOOL CAPS INTERN,CORAL GABLES,33134,No,Yes,Yes,KG-12,39,2025,blocked,,,,,,,,,,,
8030,Dade,CURIOUS MINDS LEARNING CENTER,3300 East 4th Ave.,33013,No,Yes,Yes,PK,9,2025,not_attempted_no_own_domain,,,,,,,,,,,
2984,Dade,CUTLER RIDGE CHRISTIAN ACADEMY,MIAMI,33189,Yes,Yes,Yes,PK-08,144,2025,found,2025-26,8525,8800,,,0,https://static1.squarespace.com/static/5d6d5fa182e9bf0001b61d41/t/6875b451752ef0735fefa38a/1752544339428/20205-2026+Tution+Fee+WEBSITE.pdf,2026-10-08,live,"K 8,250; 1-5 8,525; 6-8 8,800; Pre-K4 4,950 excluded",high
2383,Dade,DADE CHRISTIAN SCHOOL,MIAMI,33015,Yes,Yes,Yes,PK-12,630,2025,not_reached,,,,,,,,,,,
5507,Dade,DADE PREP ACADEMY INC.,MIAMI,33157,No,Yes,Yes,06-12,598,2025,found,2026-27,,15000,,,0,https://dadeprep.com/hub/tuition-and-fees,2026-10-08,live,"grades 6-8 15,000; fees 350 and 150 separate; other grades not seen",high
6139,Dade,DAWERE INTERNATIONAL HIGH SCHOOL,BOCA RATON,33432,No,No,No,08-12,28,2026,not_reached,,,,,,,,,,,
1720,Dade,DIAMOND MINDS TRANSFORMATIONAL LEADERSHIP A,MIAMI,33169,No,Yes,Yes,PK-12,136,2025,no_website,,,,,,,,,,,
6939,Dade,DISCOVER MONTESSORI ACADEMY-PSN,MIAMI,33015,No,Yes,Yes,PK-02,16,2025,tuition_word_no_amount,,,,,,,,,,,
7382,Dade,DISCOVER MONTESSORI CHILDREN'S HOUSE INC.,MIAMI LAKES,33014,No,Yes,Yes,PK-06,60,2025,tuition_word_no_amount,,,,,,,,,,,
6718,Dade,DISCOVERY MONTESSORI ACADEMY CORP.,HOMESTEAD,33033,No,Yes,Yes,PK-12,103,2025,no_website,,,,,,,,,,,
9671,Dade,DISCOVERY YEARS INC,MIAMI,33144,No,Yes,Yes,KG-01,21,2026,not_attempted_no_own_domain,,,,,,,,,,,
4537,Dade,DIVINE SAVIOR LUTHERAN ACADEMY,DORAL,33178,Yes,Yes,Yes,PK-12,1176,2026,not_reached,,,,,,,,,,,
7506,Dade,DONOSO ACADEMY DBR LLC,HIALEAH,33010,No,Yes,Yes,PK-02,45,2025,not_attempted_no_own_domain,,,,,,,,,,,
5063,Dade,Doral Academy,Doral,33172,No,Yes,Yes,,0,2026,not_attempted_no_enrollment,,,,,,,,,,,
8074,Dade,DR. I. MONTEALEGRE,MIAMI,33155,Yes,No,No,10-12,28,2025,not_attempted_no_own_domain,,,,,,,,,,,
4628,Dade,DR. JOHN A. MCKINNEY CHRISTIAN ACADEMY,MIAMI,33167,Yes,Yes,Yes,KG-06,20,2025,no_website,,,,,,,,,,,
6163,Dade,EARLY INTERVENTION SCHOOL PROGRAM,DORAL,33166,Yes,No,No,PK-11,4,2025,not_attempted_no_own_domain,,,,,,,,,,,
6874,Dade,EARLY STEP LEARNING ACADEMY,NORTH MIAMI,33161,No,Yes,Yes,PK-KG,100,2025,not_reached,,,,,,,,,,,
5475,Dade,EARLY YEARS ACADEMY,MIAMI,33015,No,Yes,Yes,PK-01,68,2025,not_attempted_no_own_domain,,,,,,,,,,,
1784,Dade,EARLY YEARS MONTESSORI ACADEMY,HIALEAH,33015,No,Yes,Yes,PK,22,2025,not_attempted_no_own_domain,,,,,,,,,,,
2418,Dade,EASTER SEALS ACADEMY,MIAMI,33125,No,Yes,Yes,PK-12,98,2025,no_website,,,,,,,,,,,
9250,Dade,EASY PEASY ACADEMY,MIAMI GARDENS,33169,No,No,No,,0,2026,not_attempted_no_enrollment,,,,,,,,,,,
1877,Dade,EBENEZER CHRISTIAN ACADEMY,MIAMI,33127,Yes,Yes,Yes,PK-12,80,2025,not_attempted_no_own_domain,,,,,,,,,,,
5707,Dade,EBENEZER CHRISTIAN SCHOOL INC.,FLORIDA CITY,33034,Yes,Yes,Yes,PK-12,37,2026,not_attempted_no_own_domain,,,,,,,,,,,
774,Dade,EBENEZER DAY CARE,MIAMI,33134,Yes,Yes,Yes,PK-04,57,2026,not_attempted_no_own_domain,,,,,,,,,,,
4936,Dade,EBENEZER INTERNATIONAL CHRISTIAN ACADEMY,HIALEAH,33012,Yes,No,No,09-12,210,2025,tuition_word_no_amount,,,,,,,,,,,
4396,Dade,EDC ACADEMY OF EXCELLENCE,MIAMI,33127,No,Yes,Yes,KG-12,74,2025,not_attempted_no_own_domain,,,,,,,,,,,
3198,Dade,EDISON PRIVATE SCHOOL,HIALEAH,33013,No,Yes,Yes,PK-12,438,2025,not_attempted_no_own_domain,,,,,,,,,,,
8224,Dade,EDUCATIONAL WORLD LEARNING CENTER,MIAMI LAKES,33014,No,Yes,Yes,PK-03,83,2025,not_attempted_no_own_domain,,,,,,,,,,,
1710,Dade,EINSTEINS LEARNING CENTER 1 INC,HIALEAH,33010,No,Yes,Yes,PK-02,21,2026,not_attempted_no_own_domain,,,,,,,,,,,
9519,Dade,ELEV8 SCHOOL #1,MIAMI,33155,No,Yes,Yes,06-12,96,2025,tuition_word_no_amount,,,,,,,,,,,
5687,Dade,ELEV8 SCHOOL #3,MIAMI,33155,No,Yes,Yes,06-12,275,2025,tuition_word_no_amount,,,,,,,,,,,
8103,Dade,ELEV8 SCHOOL #6,MIAMI,33155,No,No,No,,0,2025,not_attempted_no_enrollment,,,,,,,,,,,
9095,Dade,ELEV8 SCHOOL #8,MIAMI,33155,No,Yes,Yes,06-12,378,2025,not_reached,,,,,,,,,,,
1049,Dade,ELITE ACADEMY OF EXCELLENCE INC,MIAMI,33142,No,No,No,,0,2025,not_attempted_no_enrollment,,,,,,,,,,,
8909,Dade,EMPOWERING YOUTH INC.,MIAMI GARDENS,33169,No,Yes,Yes,PK,12,2025,not_reached,,,,,,,,,,,
2429,Dade,EPIPHANY SCHOOL,MIAMI,33143,Yes,Yes,Yes,PK-08,941,2025,found,2026-27,,,,14950,0,https://www.ecsmiami.org/tuition-fees,2026-10-08,live,"K-8 tuition fee; PK3 and PK4 9,900 excluded",high
6599,Dade,ETTA MAE ANDERSON LEARNING ACADEMY,MIAMI,33056,No,Yes,Yes,KG-12,37,2025,not_attempted_no_own_domain,,,,,,,,,,,
6884,Dade,EUREKA EDUCATIONAL ACADEMY INC.,PALMETTO BAY,33157,No,Yes,Yes,PK-07,22,2026,not_reached,,,,,,,,,,,
9454,Dade,EXCELSIOR PREP ACADEMY OF KENDALL,TAMPA,33602,No,Yes,Yes,KG,11,2025,not_reached,,,,,,,,,,,
5669,Dade,FACES LEARNING ACADEMY,MIAMI,33147,No,Yes,Yes,04-12,32,2025,not_attempted_no_own_domain,,,,,,,,,,,
5166,Dade,FAITH FELLOWSHIP SCHOOL,HOMESTEAD,33030,Yes,Yes,Yes,KG-12,242,2026,unclear,,,,,,0,https://faithfellowshipschool.org/scholarships/,2026-10-08,live,scholarship information only,
2440,Dade,FAITH LUTHERAN SCHOOL,HIALEAH,33010,Yes,Yes,Yes,PK-08,78,2025,not_reached,,,,,,,,,,,
3965,Dade,FANTASTIC LAND LEARNING CENTER,MIAMI,33174,No,Yes,Yes,PK-01,27,2025,not_attempted_no_own_domain,,,,,,,,,,,
7648,Dade,FIRST IMPRESSIONS PRE-SCHOOL,MIAMI,33177,No,Yes,Yes,PK-KG,18,2025,not_attempted_no_own_domain,,,,,,,,,,,
8727,Dade,FIRST LAUNCH PREPARATORY,MIAMI,33155,No,No,No,PK,7,2025,not_reached,,,,,,,,,,,
6684,Dade,FIRST UNITED METHODIST CHRISTIAN SCHOOL,HOMESTEAD,33030,Yes,Yes,Yes,PK-08,271,2026,unclear,,,,,,0,,2026-10-08,live,no dollar lines found,
5399,Dade,FISHER ISLAND DAY SCHOOL,MIAMI BEACH,33109,No,No,No,PK-08,167,2025,not_reached,,,,,,,,,,,
8834,Dade,FL ACADEMY,MIAMI,33165,No,Yes,Yes,KG-04,36,2025,not_attempted_no_own_domain,,,,,,,,,,,
2482,Dade,FLORIDA CHRISTIAN SCHOOL,MIAMI,33165,Yes,Yes,Yes,PK-12,1197,2025,not_attempted_no_own_domain,,,,,,,,,,,
5105,Dade,FLORIDA HIGH SCHOOL ACADEMY,MIAMI,33174,No,No,No,12,14,2025,not_attempted_no_own_domain,,,,,,,,,,,
6756,Dade,FLOTA INC,HOMESTEAD,33033,Yes,Yes,Yes,PK-06,73,2025,not_attempted_no_own_domain,,,,,,,,,,,
4567,Dade,FREE QUEST,MIAMI BEACH,33140,No,No,No,03-11,8,2026,not_reached,,,,,,,,,,,
8636,Dade,FULFORD CHRISTIAN ACADEMY,NORTH MIAMI BEACH,33162,Yes,Yes,Yes,PK-02,24,2025,not_reached,,,,,,,,,,,
9323,Dade,FUSION ACADEMY MIAMI,MIAMI,33156,No,Yes,Yes,06-12,55,2025,unclear,,,,,,0,https://www.fusionacademy.com/campuses/alexandria/tuition/,2026-10-08,live,per-class rates; same as school 1726,
5889,Dade,FUTURE LEADERS ACADEMY OF KENDALL CORP,MIAMI,33196,No,Yes,Yes,PK-05,87,2025,no_website,,,,,,,,,,,
9452,Dade,GABLES PRESCHOOL INC,MIAMI,33134,No,No,No,PK-KG,63,2025,tuition_word_no_amount,,,,,,,,,,,
8818,Dade,GAN KATAN,MIAMI BEACH,33141,Yes,Yes,Yes,PK-08,165,2025,not_attempted_no_own_domain,,,,,,,,,,,
5097,Dade,GARDEN OF LIGHT ACADEMY INC.,33332,33332,Yes,No,No,PK-KG,9,2026,not_attempted_no_own_domain,,,,,,,,,,,
2392,Dade,GIRALDA PRESCHOOL OF CORAL GABLES DEBAN INVESTMENTS INC,CORAL GABLES,33134,No,Yes,Yes,PK-KG,38,2026,no_website,,,,,,,,,,,
464,Dade,GLADEVIEW CHRISTIAN SCHOOL,MIAMI,33175,Yes,Yes,Yes,PK-08,187,2026,not_reached,,,,,,,,,,,
6388,Dade,GLOBALIA SCHOOL,MIAMI,33132,No,No,No,,0,2025,not_attempted_no_enrollment,,,,,,,,,,,
7057,Dade,GOD'S KIDS,DORAL,33172,Yes,Yes,Yes,PK-10,40,2026,not_reached,,,,,,,,,,,
8454,Dade,GOLDEN HORIZON ACADEMY OF CUTLER BAY INC.,CUTLER BAY,33189,No,Yes,Yes,KG-08,68,2025,unclear,,,,,,0,https://www.goldenhorizonacademy.com/tuition/,2026-10-08,live,"two annual tuition amounts for two years, order not clear",
685,Dade,GOOD SHEPHERD CATHOLIC SCHOOL,MIAMI,33183,Yes,Yes,Yes,PK-08,411,2026,unclear,,,,,,0,,2026-10-08,live,no dollar lines found,
2934,Dade,GORDON DAY SCHOOL OF BETH DAVID CONG.,MIAMI,33129,Yes,Yes,Yes,PK-07,109,2025,not_reached,,,,,,,,,,,
8725,Dade,GOSPEL ASSEMBLY ACADEMY INC,NORTH MIAMI,33161,Yes,No,No,PK,10,2025,not_attempted_no_own_domain,,,,,,,,,,,
646,Dade,GRACE BAPTIST ACADEMY,MIAMI,33177,Yes,Yes,Yes,PK-12,40,2025,not_attempted_no_own_domain,,,,,,,,,,,
8852,Dade,GREAT BEGINNINGS PRIVATE SCHOOL,HOMESTEAD,33035,No,Yes,Yes,03-10,6,2025,not_attempted_no_own_domain,,,,,,,,,,,
7375,Dade,GREAT HEIGHTS ACADEMY INC.,MIAMI,33175,No,Yes,Yes,KG-12,133,2026,no_website,,,,,,,,,,,
2894,Dade,GREATER LOVE CHRISTIAN ACADEMY,MIAMI GARDENS,33056,Yes,Yes,Yes,KG-07,61,2025,not_attempted_no_own_domain,,,,,,,,,,,
2547,Dade,GREATER MIAMI ACADEMY,MIAMI,33182,Yes,Yes,Yes,PK-12,372,2025,tuition_word_no_amount,,,,,,,,,,,
8137,Dade,GREATER MIAMI SERVICE CORPS,MIAMI,33127,No,No,No,09-12,27,2025,not_reached,,,,,,,,,,,
5992,Dade,GROWING DAYS CHILDCARE AND LEARNING CENTER,MIAMI LAKES,33014,No,Yes,Yes,PK-01,52,2026,not_attempted_no_own_domain,,,,,,,,,,,
9522,Dade,GROWING TREASURE PRIVATE SCHOOL,HIALEAH,33012,No,Yes,Yes,PK-02,24,2025,not_attempted_no_own_domain,,,,,,,,,,,
1144,Dade,GROWING TREASURES LEARNING CENTER 2,HIALEAH GARDENS,33016,No,Yes,Yes,PK-08,123,2025,not_attempted_no_own_domain,,,,,,,,,,,
5510,Dade,GROWING TREASURES LEARNING CENTER 3,HIALEAH,33013,No,Yes,Yes,PK-01,14,2025,not_attempted_no_own_domain,,,,,,,,,,,
3907,Dade,GTG LEARNING CENTER,MIAMI,33125,No,Yes,Yes,PK-12,31,2025,not_reached,,,,,,,,,,,
640,Dade,GULLIVER PREPARATORY SCHOOL INC.,PINECREST,33156,No,No,No,PK-12,1953,2025,found,2026-27,40200,56100,56100,,0,https://www.gulliverprep.org/admissions/tuition/,2026-10-08,live,"PK-SK 36,400; grades 1-4 40,200; grades 5-12 56,100",high
556,Dade,HALLBRIDGE PREPARATORY,MIAMI,33185,No,No,No,KG-12,36,2025,not_attempted_no_own_domain,,,,,,,,,,,
8850,Dade,HAPPY HEARTS DAYCARE,MIAMI,33157,No,Yes,Yes,PK-06,168,2025,not_attempted_no_own_domain,,,,,,,,,,,
6341,Dade,HAPPY HEARTS LEARNING CENTER,HIALEAH,33014,No,Yes,Yes,PK-03,50,2025,not_attempted_no_own_domain,,,,,,,,,,,
9699,Dade,HAPPY K-12 KINDERGARTEN LLC,HIALEAH,33015,No,Yes,Yes,PK-01,42,2025,not_attempted_no_own_domain,,,,,,,,,,,
8561,Dade,HAPPY MEMORIES LEARNING CENTER 2,MIAMI,33175,No,Yes,Yes,PK-05,32,2025,not_attempted_no_own_domain,,,,,,,,,,,
4759,Dade,HAPPY MEMORIES LEARNING CENTER CORP.,MIAMI,33186,No,Yes,Yes,PK-05,91,2025,not_attempted_no_own_domain,,,,,,,,,,,
7767,Dade,HAPPY PLACE ACADEMY,N M BEACH,33162,No,Yes,Yes,PK-KG,21,2025,not_attempted_no_own_domain,,,,,,,,,,,
3060,Dade,HAPPY TOO K-12 KINDERGARTEN LLC,Hialeah,33015,No,No,No,PK-01,39,2025,not_attempted_no_own_domain,,,,,,,,,,,
4657,Dade,HELPING HANDS YOUTH CENTER,MIAMI,33147,No,No,No,,0,2025,not_attempted_no_enrollment,,,,,,,,,,,
2896,Dade,HIGHPOINT ACADEMY INC.,MIAMI,33175,No,Yes,Yes,PK-08,324,2025,found,2026-27,10500,11000,,,0,https://www.highpointacademy.com/tuition--fees.html,2026-10-08,live,"K-5 10,500; 6-8 11,000; PK2-PK4 9,500; Coral Way campus K-8 19,900 listed separately",high
3800,Dade,HOLLYWOOD EDUCATION LITERACY PROJECT,MIAMI,33175,No,Yes,Yes,KG-12,29,2026,not_attempted_no_own_domain,,,,,,,,,,,
2594,Dade,HOLY CROSS LUTHERAN SCHOOL,NORTH MIAMI,33161,Yes,Yes,Yes,PK-08,324,2025,no_website,,,,,,,,,,,
2600,Dade,HOLY FAMILY CATHOLIC SCHOOL,NORTH MIAMI,33161,Yes,Yes,Yes,PK-08,252,2025,not_reached,,,,,,,,,,,
3982,Dade,HOPE ACADEMY,HOMESTEAD,33030,No,Yes,Yes,KG-12,442,2025,not_attempted_no_own_domain,,,,,,,,,,,
3353,Dade,HOPE AND LIGHT ACADEMY,HIALEAH,33014,No,Yes,Yes,KG-08,72,2025,not_attempted_no_own_domain,,,,,,,,,,,
468,Dade,HOREB CHRISTIAN SCHOOL,HIALEAH,33014,Yes,Yes,Yes,PK-12,502,2025,no_website,,,,,,,,,,,
5714,Dade,IEXCEL PREPARATORY ACADEMY,MIAMI GARDENS,33056,No,Yes,Yes,PK-05,48,2025,found,2026-27,14550,,,,0,https://excelkidsacademy.com/tuition-%26-sponsorship-op,2026-10-08,live,K-5 annual tuition; lunch and supply fees separate,high
5294,Dade,ilnido Montessori Preschool Killian Campus,Miami,33186-4769,No,No,No,PK-KG,17,2025,tuition_word_no_amount,,,,,,,,,,,
7212,Dade,iMater Secondary Campus,Hialeah,33010,No,Yes,Yes,,0,2025,not_attempted_no_enrollment,,,,,,,,,,,
229,Dade,IMMACULATA-LA SALLE HIGH SCHOOL,MIAMI,33133,Yes,Yes,Yes,09-12,885,2026,tuition_word_no_amount,,,,,,,,,,,
2630,Dade,IMMACULATE CONCEPTION CATHOLIC SCHOOL,HIALEAH,33012,Yes,Yes,Yes,PK-08,474,2026,found,2026-27,,,,10050,0,https://www.icsmiami.org/CatholicSchool.php?pg=Tuition+and+Fees,2026-10-08,live,"K-8; PK1-PK4 9,000 excluded",high
9197,Dade,INTEGRAL DEVELOPMENT SERVICES INC,MIAMI,33186,No,Yes,Yes,PK-11,22,2025,no_website,,,,,,,,,,,
5113,Dade,Integrated Science & Asian Culture Academy,Miami Springs,33166,No,Yes,Yes,,0,2025,not_attempted_no_enrollment,,,,,,,,,,,
6102,Dade,INTERAMERICAN LEARNING CENTER,MIAMI,33143,No,Yes,Yes,PK-01,125,2025,not_reached,,,,,,,,,,,
6968,Dade,INTERNATIONAL BILINGUAL PRESCHOOL,MIAMI,33125,No,Yes,Yes,PK-02,24,2025,not_attempted_no_own_domain,,,,,,,,,,,
8421,Dade,INTERNATIONAL CHILDREN'S ACADEMY,HIALEAH,33013,No,Yes,Yes,PK-05,120,2025,not_reached,,,,,,,,,,,
6357,Dade,INTERNATIONAL TORAH ACADEMY DBA FHU SCHOOL,AVENTURA,33180,Yes,No,No,02-12,14,2025,no_website,,,,,,,,,,,
7510,Dade,IQZONE PLUS,DORAL,33178,No,No,No,01-12,24,2025,not_attempted_no_own_domain,,,,,,,,,,,
6785,Dade,ISLAMIC SCHOOL OF MIAMI,MIAMI,33196,No,Yes,Yes,KG-08,104,2025,tuition_word_no_amount,,,,,,,,,,,
4866,Dade,IT TAKES A VILLAGE ACADEMY OF EXCELLENCE,MIAMI,33168,No,Yes,Yes,,0,2025,not_attempted_no_enrollment,,,,,,,,,,,
1456,Dade,IT'S A SMALL WORLD ACADEMY,MIAMI,33147,No,Yes,Yes,PK-04,47,2025,not_attempted_no_own_domain,,,,,,,,,,,
5636,Dade,IT'S A SMALL WORLD ELEMENTARY SCHOOL,MIAMI,33142,No,Yes,Yes,KG-08,139,2025,not_attempted_no_own_domain,,,,,,,,,,,
9476,Dade,IT'S A SMALL WORLD LEARNING CENTER VII-A,,33147,No,No,No,PK,10,2025,not_attempted_no_own_domain,,,,,,,,,,,
4906,Dade,IT'S A SMALL WORLD PRIVATE SCHOOL,HIALEAH,33010,No,Yes,Yes,PK-05,64,2025,not_attempted_no_own_domain,,,,,,,,,,,
8082,Dade,JAY'S LEARNING CENTER I INC.,MIAMI,33127,No,Yes,Yes,PK,2,2025,not_attempted_no_own_domain,,,,,,,,,,,
5543,Dade,JEAN PIAGET ACADEMY,HIALEAH,33012,No,Yes,Yes,PK-05,65,2025,not_attempted_no_own_domain,,,,,,,,,,,
5667,Dade,JEREMIAH ACADEMY,MIAMI,33169,Yes,Yes,Yes,PK-10,81,2025,not_attempted_no_own_domain,,,,,,,,,,,
7136,Dade,JEWISH LEADERSHIP ACADEMY INC.,MIAMI,33150,Yes,Yes,Yes,06-12,236,2025,found,2026-27,,50000,54500,,0,https://jlamiami.org/tuition/,2026-10-08,live,"full tuition: middle school 50,000; upper school 54,500; aid tiers excluded",high
5613,Dade,JINNY'S LEARNING CENTER INC.,HIALEAH,33012,No,Yes,Yes,PK-KG,45,2025,not_attempted_no_own_domain,,,,,,,,,,,
5303,Dade,Johnson&Johnson Learning Center LLC,Miami,33147,No,No,No,PK,13,2025,not_attempted_no_own_domain,,,,,,,,,,,
1693,Dade,JOSE MARTI SCHOOL 1ST CAMPUS,MIAMI,33145,No,Yes,Yes,PK-03,35,2025,not_attempted_no_own_domain,,,,,,,,,,,
495,Dade,JOSE MARTI SCHOOL 3RD CAMPUS,MIAMI,33145,No,Yes,Yes,04-08,52,2025,not_attempted_no_own_domain,,,,,,,,,,,
3825,Dade,JUDITH L. MANS ACADEMY,Miami,33169,No,No,No,,0,2026,not_attempted_no_enrollment,,,,,,,,,,,
606,Dade,JUST KIDS CENTERS INC,MIAMI,33184,No,Yes,Yes,PK-05,59,2025,not_attempted_no_own_domain,,,,,,,,,,,
6344,Dade,KAYLEENS LEARNING CENTER,MIAMI,33173,No,Yes,Yes,PK-05,62,2025,not_attempted_no_own_domain,,,,,,,,,,,
3966,Dade,KELBERT PREPARATORY ACADEMY,MIAMI LAKES,33014,Yes,No,No,,0,2025,not_attempted_no_enrollment,,,,,,,,,,,
5519,Dade,KENDALL CHRISTIAN,MIAMI,33156,Yes,Yes,Yes,PK-06,480,2025,unclear,,,,,,0,https://www.kendallchristian.com/tuition,2026-10-08,live,only preschool rates seen,
3310,Dade,KESHER L.D.,NORTH MIAMI BEACH,33180,Yes,Yes,Yes,01-12,80,2025,not_reached,,,,,,,,,,,
747,Dade,KEY BISCAYNE PRESBYTERIAN SCHOOL,KEY BISCAYNE,33149,Yes,Yes,Yes,PK-02,217,2025,not_attempted_no_own_domain,,,,,,,,,,,
7643,Dade,KEY POINT ACADEMY,MIAMI,33132,Yes,Yes,Yes,PK-10,229,2025,no_website,,,,,,,,,,,
4723,Dade,KEYSTONE NATIONAL HIGH SCHOOL,MIAMI,33168,Yes,No,No,09-12,904,2025,not_reached,,,,,,,,,,,
8515,Dade,KHAILA MONTESSORI ACADEMY,MIAMI GARDENS,33054,Yes,Yes,Yes,PK-11,72,2026,not_attempted_no_own_domain,,,,,,,,,,,
3260,Dade,KID'S DAY CARE KINDERGARTEN,HIALEAH,33014,No,Yes,Yes,PK-04,80,2025,not_attempted_no_own_domain,,,,,,,,,,,
5598,Dade,KID'S HAVEN ACADEMY,MIAMI GARDENS,33056,No,Yes,Yes,PK-07,30,2025,found,2026-27,10660,13440,,,0,https://kidshavenacademy.com/tuition-%26-fees-miami,2026-10-08,live,"K-3 10,660; 4-5 11,270; 6-8 13,440; preschool weekly rates excluded",high
593,Dade,KID'S LOVE DAY CARE PRESCHOOL,HIALEAH,33013,No,Yes,Yes,PK-05,62,2026,not_attempted_no_own_domain,,,,,,,,,,,
3692,Dade,KID'S PLAYHOUSE CHILD CARE CENTER INC.,HIALEAH,33012,No,Yes,Yes,PK-05,106,2025,not_attempted_no_own_domain,,,,,,,,,,,
7324,Dade,KID'S UNIVERSITY ELEMENTARY SCHOOL,HIALEAH,33018,No,Yes,Yes,PK-05,112,2025,not_attempted_no_own_domain,,,,,,,,,,,
7727,Dade,KIDDY ACADEMY 2,MIAMI,33157,No,Yes,Yes,PK-08,158,2025,not_attempted_no_own_domain,,,,,,,,,,,
6477,Dade,KIDS ADVENTURE LEARNING CENTER,MIAMI,33175,No,Yes,Yes,PK-01,19,2025,not_attempted_no_own_domain,,,,,,,,,,,
2197,Dade,KIDS BE KIDS PRESCHOOLS KENDALL,MIAMI,33176,No,No,No,PK-KG,9,2025,not_reached,,,,,,,,,,,
8484,Dade,KIDS BE KIDS PRESCHOOLS MILLER,MIAMI,33155,No,No,No,PK-KG,6,2025,not_reached,,,,,,,,,,,
6917,Dade,KIDS CORNER LLC,Doral,33122,No,Yes,Yes,PK-KG,99,2026,not_reached,,,,,,,,,,,
5469,Dade,KIDS FOR KIDS ACADEMY,MIAMI,33186,No,Yes,Yes,PK-02,78,2025,not_reached,,,,,,,,,,,
3886,Dade,KIDS LEARNING CENTER OF S.DADE 3,MIAMI,33157,No,Yes,Yes,PK-02,145,2026,no_website,,,,,,,,,,,
3884,Dade,KIDS LEARNING CENTER OF SOUTH DADE II INC,MIAMI,33189,No,Yes,Yes,PK-01,52,2026,no_website,,,,,,,,,,,
5298,Dade,KIDS LEARNING CENTER OF SOUTH DADE III,MIAMI,33157,No,Yes,Yes,03-08,184,2025,no_website,,,,,,,,,,,
6595,Dade,KIDS PARADISE LEARNING CENTER,MIAMI,33186,No,No,No,KG-05,74,2025,not_attempted_no_own_domain,,,,,,,,,,,
7325,Dade,KIDS PLANET PRESCHOOL,MIAMI SPRINGS,33166,No,Yes,Yes,PK-03,39,2025,not_attempted_no_own_domain,,,,,,,,,,,
5904,Dade,Kids Planet Preschool INC,,,No,No,No,PK,26,2025,not_reached,,,,,,,,,,,
6697,Dade,KIDS SMALL WORLD LEARNING CENTER LLC,MIAMI,33135,No,Yes,Yes,PK-08,249,2025,not_reached,,,,,,,,,,,
3942,Dade,KIDWORKS USA INC.,HIALEAH,33016,No,Yes,Yes,KG-07,199,2025,not_reached,,,,,,,,,,,
7310,Dade,KIDZ CITY LEARNING CENTER,HIALEAH,33013,No,Yes,Yes,PK-02,13,2025,not_attempted_no_own_domain,,,,,,,,,,,
5728,Dade,KIILYS KIDS INC.,HIALEAH,33017,Yes,Yes,Yes,KG-12,221,2025,not_attempted_no_own_domain,,,,,,,,,,,
2618,Dade,KILLIAN OAKS ACADEMY,MIAMI,33176,No,Yes,Yes,PK-12,100,2025,found,2026-27,,,,34000,0,https://killianoaksacademy.com/wp-content/uploads/2026/04/Killian-Oaks-Academy-Tuition-and-Fees-Schedule-5-7-2026-2027.pdf,2026-10-08,live,"Plan A pay-in-full 34,000; installment plans total 34,680 and 35,360",high
5924,Dade,KINDERKIDS LEARNING CENTER AND PRESCHOOL II,HOMESTEAD,33032,No,Yes,Yes,PK-03,28,2025,not_attempted_no_own_domain,,,,,,,,,,,
2990,Dade,KING'S CHRISTIAN SCHOOL,MIAMI,33165,Yes,Yes,Yes,PK-11,189,2025,found,2026-27,14400,14900,15900,,0,https://www.kcsmiami.com/school-applicants,2026-10-08,live,"K5-5 14,400; 6-8 14,900; 9-12 15,900; preschool excluded",high
2354,Dade,KINGDOM ACADEMY,MIAMI,33196,Yes,Yes,Yes,PK-05,281,2025,no_website,,,,,,,,,,,
5955,Dade,KINGDOM PALACE DAYCARE INC.,HIALEAH,33012,No,Yes,Yes,PK-07,104,2025,not_attempted_no_own_domain,,,,,,,,,,,
5538,Dade,KINGSWOOD MONTESSORI,HOMESTEAD,33030,No,Yes,Yes,PK-05,199,2025,not_attempted_no_own_domain,,,,,,,,,,,
3916,Dade,KLA ACADEMY,MIAMI,33129,No,Yes,Yes,PK-05,211,2025,unclear,,,,,,0,https://www.klaacademy.org/admissions/tuition,2026-10-08,live,complex tuition by programme; not coded,
1273,Dade,KLA SCHOOLS OF NORTH MIAMI BEACH,NORTH MIAMI BEACH,33181,No,No,No,PK,120,2025,tuition_word_no_amount,,,,,,,,,,,
7240,Dade,KLAZIA INTERNATIONAL SCHOOL,DAVIE,33325,No,No,No,01-12,76,2025,not_attempted_no_own_domain,,,,,,,,,,,
4558,Dade,KLC ACADEMY AND LEARNING CENTER,CUTLER BAY,33157,No,Yes,Yes,PK-03,78,2025,not_attempted_no_own_domain,,,,,,,,,,,
5470,Dade,KLURMAN/LUBAVITCH,MIAMI,33169,Yes,Yes,Yes,07-12,309,2025,unclear,,,,,,0,,2026-10-08,live,no dollar lines found,
1328,Dade,L.T.C.I. FOUNDATION INC.,SUNNY ISLES BCH,33160,No,No,No,,0,2025,not_attempted_no_enrollment,,,,,,,,,,,
7306,Dade,LA PIAZZA ACADEMY,MIAMI,33133,No,Yes,Yes,PK-05,126,2025,unclear,,,,,,0,,2026-10-08,live,no dollar lines found,
2130,Dade,LA PRIMA CASA MONTESSORI,MIAMI,33129,No,Yes,Yes,PK-05,105,2025,tuition_word_no_amount,,,,,,,,,,,
2670,Dade,LA PROGRESIVA PRESBYTERIAN SCHOOL INC.,MIAMI,33125,Yes,Yes,Yes,PK-12,824,2026,no_website,,,,,,,,,,,
455,Dade,LA SALLE EDUCATIONAL CENTER,HOMESTEAD,33033,Yes,Yes,Yes,KG-04,28,2025,not_reached,,,,,,,,,,,
7336,Dade,LA SCALA MUSIKIDS LEARNING CENTER INC.,HIALEAH,33013,No,Yes,Yes,PK-KG,55,2025,not_attempted_no_own_domain,,,,,,,,,,,
4981,Dade,LA SCUOLA,MIAMI,33143,No,Yes,Yes,PK-08,116,2025,not_reached,,,,,,,,,,,
684,Dade,LAGO MAR PRESCHOOL 1,MIAMI,33193,No,Yes,Yes,PK-02,40,2025,not_attempted_no_own_domain,,,,,,,,,,,
4665,Dade,LAKEVIEW ACADEMY,HIALEAH,33014,No,Yes,Yes,KG-08,130,2025,not_attempted_no_own_domain,,,,,,,,,,,
440,Dade,LANAAR,MIAMI,33180,Yes,Yes,Yes,01-08,245,2025,found,2026-27,22985,27450,,,0,https://lanaarschool.org/admissions/,2026-10-08,live,"K-3 22,985; 4-5 24,335; 6-8 27,450",high
1198,Dade,Learning House Aftercare & tutoring,,,No,No,No,KG-07,23,2026,not_attempted_no_own_domain,,,,,,,,,,,
695,Dade,LEARNING LINKS SCHOOL HOUSE,MIAMI,33186,No,Yes,Yes,KG-12,105,2025,not_attempted_no_own_domain,,,,,,,,,,,
3683,Dade,LEBASI 2,MIAMI,33136,No,Yes,Yes,PK-KG,40,2026,no_website,,,,,,,,,,,
8968,Dade,LEBASI LLC.,MIAMI,33132,No,Yes,Yes,PK-KG,20,2026,no_website,,,,,,,,,,,
2993,Dade,LEHRMAN COMMUNITY DAY SCHOOL,MIAMI BEACH,33141,Yes,Yes,Yes,PK-05,397,2025,unclear,,,,,,0,https://www.lehrmanschool.org/admissions/tuition.cfm,2026-10-08,live,deposit information only,
9844,Dade,LENORA BROWN SCHOOL ACADEMY,MIAMI,33142,No,No,No,06-12,237,2025,not_attempted_no_own_domain,,,,,,,,,,,
9706,Dade,LIBERATION SCHOOL OF ADVANCED,BOYNTON BEACH,33474,No,No,No,,0,2025,not_attempted_no_enrollment,,,,,,,,,,,
6590,Dade,LIBERTY ACADEMY FOUNDATION INC.,MIAMI,33150,No,Yes,Yes,PK-05,127,2025,not_attempted_no_own_domain,,,,,,,,,,,
5869,Dade,Liberty International High School,,,No,No,No,,0,2025,not_attempted_no_enrollment,,,,,,,,,,,
6342,Dade,LIFTED ACADEMY,MIAMI,33196,Yes,Yes,Yes,PK-06,128,2025,tuition_word_no_amount,,,,,,,,,,,
7957,Dade,LIGHTWORK EDUCATION AND WELLNESS CENTER,HIALEAH,33015,No,Yes,Yes,PK-12,101,2025,not_reached,,,,,,,,,,,
6466,Dade,LINCOLN-MARTI COMMUNITY AGENCY 04,MIAMI,33135,No,Yes,Yes,PK-08,246,2025,no_website,,,,,,,,,,,
4505,Dade,LINCOLN-MARTI COMMUNITY AGENCY 10,MIAMI,33135,No,Yes,Yes,KG-12,283,2025,no_website,,,,,,,,,,,
4509,Dade,LINCOLN-MARTI COMMUNITY AGENCY 14,MIAMI,33135,No,Yes,Yes,PK-05,66,2025,no_website,,,,,,,,,,,
4512,Dade,LINCOLN-MARTI COMMUNITY AGENCY 17,MIAMI,33135,No,Yes,Yes,KG-12,289,2025,no_website,,,,,,,,,,,
4516,Dade,LINCOLN-MARTI COMMUNITY AGENCY 21,MIAMI,33135,No,Yes,Yes,KG-07,65,2025,no_website,,,,,,,,,,,
1400,Dade,LINCOLN-MARTI COMMUNITY AGENCY 23,MIAMI,33135,No,Yes,Yes,PK-08,159,2025,no_website,,,,,,,,,,,
4495,Dade,LINCOLN-MARTI COMMUNITY AGENCY 28,MIAMI,33135,No,Yes,Yes,PK-12,469,2025,no_website,,,,,,,,,,,
5777,Dade,LINCOLN-MARTI COMMUNITY AGENCY 30,MIAMI,33135,No,Yes,Yes,PK-04,41,2025,no_website,,,,,,,,,,,
4842,Dade,LINCOLN-MARTI COMMUNITY AGENCY 34,MIAMI,33135,No,Yes,Yes,PK-03,43,2025,no_website,,,,,,,,,,,
4497,Dade,LINCOLN-MARTI COMMUNITY AGENCY 35,MIAMI,33135,No,Yes,Yes,PK-02,63,2025,no_website,,,,,,,,,,,
872,Dade,LINCOLN-MARTI COMMUNITY AGENCY 43,MIAMI,33135,No,Yes,Yes,PK-02,16,2025,no_website,,,,,,,,,,,
4518,Dade,LINCOLN-MARTI COMMUNITY AGENCY 76,MIAMI,33135,No,Yes,Yes,PK-02,30,2025,no_website,,,,,,,,,,,
4498,Dade,LINCOLN-MARTI COMMUNITY AGENCY 77,MIAMI,33135,No,Yes,Yes,KG-03,70,2025,no_website,,,,,,,,,,,
5778,Dade,LINCOLN-MARTI COMMUNITY AGENCY 85,MIAMI,33135,No,Yes,Yes,PK-12,181,2025,no_website,,,,,,,,,,,
4535,Dade,LINCOLN-MARTI COMMUNITY AGENCY 88,MIAMI,33135,No,Yes,Yes,PK-05,38,2025,no_website,,,,,,,,,,,
4504,Dade,LINCOLN-MARTI COMMUNITY AGENCY 90,MIAMI,33135,No,Yes,Yes,KG-05,54,2025,no_website,,,,,,,,,,,
1743,Dade,LITTLE ANGEL ACADEMY 2,HIALEAH,33010,No,Yes,Yes,KG-02,30,2025,not_attempted_no_own_domain,,,,,,,,,,,
260,Dade,LITTLE ANGELS CHRISTIAN SCHOOL DAYCARE,HIALEAH,33012,Yes,Yes,Yes,PK-05,75,2025,not_attempted_no_own_domain,,,,,,,,,,,
8916,Dade,LITTLE ANGELS PRESCHOOL CORP,MIAMI,33175,No,Yes,Yes,PK-02,18,2025,no_website,,,,,,,,,,,
6691,Dade,LITTLE CHILDREN'S LEARNING ACADEMY,HIALEAH,33012,No,Yes,Yes,PK-04,35,2026,not_attempted_no_own_domain,,,,,,,,,,,
8824,Dade,LITTLE GENIUS LEARN AND PLAY,MIAMI,33157,No,Yes,Yes,PK-04,35,2025,not_attempted_no_own_domain,,,,,,,,,,,
7190,Dade,LITTLE KIDS LEARNING CENTER LLC,MIAMI,33147,No,No,No,,0,2025,not_attempted_no_enrollment,,,,,,,,,,,
6350,Dade,Little Learners Preschool and Daycare LLC,Aventura,33180,No,No,No,PK-KG,11,2025,not_attempted_no_own_domain,,,,,,,,,,,
8591,Dade,LITTLE ONES ACADEMY,MIAMI BEACH,33141,No,Yes,Yes,PK,25,2025,not_attempted_no_own_domain,,,,,,,,,,,
3273,Dade,LITTLE PROMISES DAYCARELEARNING CENTER,MIAMI,33185,No,Yes,Yes,PK-05,33,2025,not_attempted_no_own_domain,,,,,,,,,,,
6400,Dade,LITTLE ROCK PREPARATORY ACADEMY,MIAMI,33169,No,Yes,Yes,,0,2025,not_attempted_no_enrollment,,,,,,,,,,,
5771,Dade,LITTLE STAR LEARNING ACADEMY II LLC,HIALEAH,33012,No,Yes,Yes,PK-01,34,2025,not_attempted_no_own_domain,,,,,,,,,,,
7349,Dade,LITTLE TIGERS LEARNING CENTER,MIAMI GARDENS,33014,No,Yes,Yes,PK-KG,67,2025,not_attempted_no_own_domain,,,,,,,,,,,
7339,Dade,LOS PINOS NUEVOS CHRISTIAN SCHOOL CORP.,HIALEAH,33012,No,Yes,Yes,PK-03,35,2025,not_attempted_no_own_domain,,,,,,,,,,,
5487,Dade,LOVELY STARS ACADEMY 2,HOMESTEAD,33032,No,Yes,Yes,PK-05,46,2025,not_attempted_no_own_domain,,,,,,,,,,,
6967,Dade,LOVELY STARS CHILD CARE ACADEMY,HOMESTEAD,33032,No,Yes,Yes,PK-02,28,2025,not_attempted_no_own_domain,,,,,,,,,,,
8868,Dade,LOYOLA ELEMENTARY,MIAMI SPRINGS,33166,Yes,Yes,Yes,PK-07,260,2025,tuition_word_no_amount,,,,,,,,,,,
256,Dade,LUBAVITCH EDUCATIONAL CENTER INC.,MIAMI,33169,Yes,Yes,Yes,PK-12,1589,2025,unclear,,,,,,0,,2026-10-08,live,only fees seen,
1327,Dade,MAGIC FLUTE MONTESSORI,MIAMI,33161,No,No,No,PK-08,76,2025,not_attempted_no_own_domain,,,,,,,,,,,
5118,Dade,MAGIC KIDS LEARNING CENTER AND ELEMENTARY,HIALEAH GARDENS,33018,No,Yes,Yes,PK-05,51,2025,not_reached,,,,,,,,,,,
9567,Dade,MAJESTY BENEDICT SCHOOL,MIAMI,33138,No,No,No,,0,2026,not_attempted_no_enrollment,,,,,,,,,,,
2687,Dade,MARIAN CENTER SCHOOL AND SERVICES,MIAMI GARDENS,33054,Yes,Yes,Yes,04-12,14,2025,tuition_word_no_amount,,,,,,,,,,,
4365,Dade,MASTERS PREPARATORY SCHOOL- EAST HIALEAH,MIAMI,33169,No,Yes,Yes,PK-09,504,2025,found,2020-21,7350,,,,0,https://masterspreparatory.com/k9/tuition-and-fees/,2026-10-08,live,only kindergarten amount visible; page shows 2020-21,medium
8840,Dade,MASTERS PREPARATORY SCHOOL- NORTH MIAMI,MIAMI,33169,No,Yes,Yes,PK-05,101,2025,not_attempted_no_own_domain,,,,,,,,,,,
5090,Dade,Mater Academy,,,No,Yes,Yes,,0,2025,not_attempted_no_enrollment,,,,,,,,,,,
5765,Dade,Mater Academy at Lakes,,,No,Yes,Yes,,0,2025,not_attempted_no_enrollment,,,,,,,,,,,
6927,Dade,Mater Academy East Campus,Miami,33130,No,Yes,Yes,,0,2025,not_attempted_no_enrollment,,,,,,,,,,,
7099,Dade,Mater Biscayne Academy,,,No,Yes,Yes,,0,2025,not_attempted_no_enrollment,,,,,,,,,,,
4707,Dade,MATER GLOBAL SCHOLARS ACADEMY,Miami,33190,No,Yes,Yes,,0,2025,not_attempted_no_enrollment,,,,,,,,,,,
7229,Dade,Mater Innovation Academy,Miami,33132,No,Yes,Yes,,0,2025,not_attempted_no_enrollment,,,,,,,,,,,
5895,Dade,Mater Key Academy,Miami,33136,No,Yes,Yes,,0,2025,not_attempted_no_enrollment,,,,,,,,,,,
6440,Dade,MATER VIRTUAL ACADEMY,MIAMI,33143,No,No,No,KG-12,716,2025,not_reached,,,,,,,,,,,
5766,Dade,Mater Virtual Academy Lakes Campus,Hialeah,33015,No,Yes,Yes,,0,2026,not_attempted_no_enrollment,,,,,,,,,,,
1128,Dade,MATER VIRTUAL ACADEMY NORTH CAMPUS,HIALEAH GARDENS,33016,No,Yes,Yes,06-12,22,2025,no_website,,,,,,,,,,,
5134,Dade,Mater Virtual at International Prep,Miami,33127,No,Yes,Yes,,0,2025,not_attempted_no_enrollment,,,,,,,,,,,
264,Dade,MCGLANNAN SCHOOL,MIAMI,33173,No,No,No,01-08,95,2026,not_attempted_no_own_domain,,,,,,,,,,,
116,Dade,MESIVTA OF GREATER MIAMI,MIAMI BEACH,33140,Yes,Yes,Yes,09-12,48,2026,not_reached,,,,,,,,,,,
8213,Dade,MEYGA LEARNING CENTER,MIAMI,33147,No,Yes,Yes,KG-10,48,2025,not_attempted_no_own_domain,,,,,,,,,,,
2690,Dade,MIAMI CHRISTIAN,MIAMI,33172,Yes,Yes,Yes,KG-12,234,2025,unclear,,,,,,0,https://miamichristian.org/tuition-fees/,2026-10-08,live,aftercare and fees only,
2695,Dade,MIAMI COUNTRY DAY SCHOOL,MIAMI,33161,No,No,No,PK-12,1405,2025,found,2026-27,46200,53800,56400,,0,https://www.miamicountryday.org/enrollment/tuition-fees/,2026-10-08,live,"grades 1-4 46,200; 5 50,100; 6-8 53,800; 9-12 56,400; early childhood 43,600 excluded",high
9131,Dade,MIAMI INTERNATIONAL ACADEMY,MIAMI,33142,No,No,No,06-12,234,2025,not_attempted_no_own_domain,,,,,,,,,,,
8502,Dade,MIAMI JEWISH ACADEMY,SURFSIDE,33154,Yes,Yes,Yes,KG-06,85,2025,no_website,,,,,,,,,,,
7102,Dade,MIAMI LAKES PRESCHOOL,HIALEAH,33015,No,Yes,Yes,PK-07,146,2025,not_attempted_no_own_domain,,,,,,,,,,,
539,Dade,MIAMI LEARNING EXPERIENCE,MIAMI,33143,No,No,No,KG-12,83,2026,tuition_word_no_amount,,,,,,,,,,,
7692,Dade,MIAMI LIGHTHOUSE ACADEMY,MIAMI,33130,No,No,No,PK-03,51,2025,not_reached,,,,,,,,,,,
3286,Dade,MIAMI SHORES PRESBYTERIAN CHURCH SCHOOL,MIAMI SHORES,33138,Yes,Yes,Yes,PK-05,121,2025,blocked,,,,,,,,,,,
6835,Dade,MIAMI SPRINGS MONTESSORI SCHOOL CORP,MIAMI SPRINGS,33166,No,No,No,PK-KG,37,2025,not_attempted_no_own_domain,,,,,,,,,,,
887,Dade,MIAMI SPRINGS SEVENTH-DAY ADVENTIST,MIAMI SPRINGS,33166,Yes,Yes,Yes,KG-08,33,2025,network_site_only,,,,,,0,https://www.flcoe.org/,2026-10-08,live,"only the FLCOE network site was found: range 7,000-14,000 per year",
2879,Dade,MIAMI UNION ACADEMY,NORTH MIAMI,33168,Yes,Yes,Yes,PK-12,223,2026,unclear,,,,,,0,,2026-10-08,live,no dollar lines found,
5795,Dade,MIAMI VIRTUAL SCHOOL,MIAMI,33166,No,No,No,07-12,37,2025,tuition_word_no_amount,,,,,,,,,,,
2954,Dade,MICHAEL-ANN RUSSELL JCC,NMB,33180,Yes,No,No,PK-KG,44,2025,tuition_word_no_amount,,,,,,,,,,,
9858,Dade,MIGHTY B LEARNING - THE ACADEMY,Altamonte Springs,32701,No,No,No,KG-10,26,2025,not_attempted_no_own_domain,,,,,,,,,,,
5808,Dade,MINI ME DAYCARE LEARNING CENTER II INC.,MIAMI,33175,No,Yes,Yes,PK-01,62,2026,not_attempted_no_own_domain,,,,,,,,,,,
8897,Dade,MINI ME LEARNING CENTER III INC,MIAMI,33193,No,Yes,Yes,PK-03,68,2026,not_attempted_no_own_domain,,,,,,,,,,,
8429,Dade,MINI ME LEARNING CENTER IV INC,HOMESTEAD,33032,No,Yes,Yes,PK-01,53,2026,not_attempted_no_own_domain,,,,,,,,,,,
8774,Dade,MIRRA EDUCATIONAL CENTERS,HALLANDALE BEACH,33009,Yes,No,No,,0,2025,not_attempted_no_enrollment,,,,,,,,,,,
8185,Dade,MISSION OF GOD ACADEMY INC,HIALEAH,33012,Yes,Yes,Yes,PK-05,54,2025,not_attempted_no_own_domain,,,,,,,,,,,
7926,Dade,MLC PREPARATORY ACADEMY,MIAMI,33133,No,Yes,Yes,01-12,37,2025,not_reached,,,,,,,,,,,
5723,Dade,MLMPI PREP ACADEMY 4,MIAMI,33155,No,No,No,,0,2025,not_attempted_no_enrollment,,,,,,,,,,,
4053,Dade,MLS ACADEMY CORPORATION,MIAMI LAKES,33016,No,No,No,PK,20,2025,not_attempted_no_own_domain,,,,,,,,,,,
2713,Dade,MONSIGNOR EDWARD PACE HIGH SCHOOL,MIAMI GARDENS,33054,Yes,Yes,Yes,09-12,803,2025,unclear,,,,,,0,https://www.pacehs.com/admissions/tuition-and-fees,2026-10-08,live,two amounts with unclear labels,
9542,Dade,MONTESSORI CHILDREN'S HOUSE OF MIAMI LAKES,MIAMI LAKES,33014,Yes,Yes,Yes,PK-03,37,2025,unclear,,,,,,0,,2026-10-08,live,no dollar lines found,
7168,Dade,Montessori School of Miami Gardens,,,No,No,No,PK-KG,9,2025,not_reached,,,,,,,,,,,
2672,Dade,MONTESSORI SCHOOL OF MIAMI SHORES,MIAMI,33161,No,No,No,PK-05,90,2026,tuition_word_no_amount,,,,,,,,,,,
4559,Dade,MONTESSORI SCHOOL OF NORTH MIAMI,NORTH MIAMI,33161,No,Yes,Yes,PK-02,65,2025,not_attempted_no_own_domain,,,,,,,,,,,
5342,Dade,MOT ACADEMY,MIAMI,33183,No,Yes,Yes,KG-12,122,2025,tuition_word_no_amount,,,,,,,,,,,
3869,Dade,MOTHER OF CHRIST CATHOLIC SCHOOL,MIAMI,33175,Yes,Yes,Yes,PK-08,296,2025,not_reached,,,,,,,,,,,
4440,Dade,MOTHER OF OUR REDEEMER CATHOLIC SCHOOL,MIAMI,33015,Yes,Yes,Yes,PK-08,282,2026,tuition_word_no_amount,,,,,,,,,,,
6576,Dade,MUSS FAMILY MONTESSORI SCHOOL,MIAMI BEACH,33139,Yes,Yes,Yes,PK-KG,50,2025,tuition_word_no_amount,,,,,,,,,,,
8607,Dade,MY 1ST COLLEGE LC,HOMESTEAD,33030,No,Yes,Yes,PK-01,26,2025,not_attempted_no_own_domain,,,,,,,,,,,
6375,Dade,MY CHILD'S DREAM,HIALEAH,33012,No,Yes,Yes,KG-05,25,2026,not_attempted_no_own_domain,,,,,,,,,,,
6285,Dade,MY FIRST STEP LEARNING,HIALEAH,33010,No,Yes,Yes,KG-08,94,2026,not_attempted_no_own_domain,,,,,,,,,,,
5712,Dade,MY HAPPY HOUSE,HIALEAH,33012,No,Yes,Yes,PK-01,66,2025,not_attempted_no_own_domain,,,,,,,,,,,
8760,Dade,MY LITTLE KINGDOMCORP,MIAMI,33126,Yes,No,No,PK,12,2025,not_attempted_no_own_domain,,,,,,,,,,,
9092,Dade,MY LITTLE WORLD,MIAMI,33174,No,Yes,Yes,PK-05,98,2026,not_attempted_no_own_domain,,,,,,,,,,,
6382,Dade,MY WORLD LEARNING CENTER,HIALEAH,33013,No,Yes,Yes,PK-03,70,2025,not_attempted_no_own_domain,,,,,,,,,,,
8865,Dade,MYWAY LEARNING,MIAMI,33130,No,No,No,06-12,18,2025,not_attempted_no_own_domain,,,,,,,,,,,
6219,Dade,NANCY'S LAND LEARNING CENTER,MIAMI,33144,No,Yes,Yes,PK-01,20,2025,not_attempted_no_own_domain,,,,,,,,,,,
5073,Dade,NEW ALADDIN LEARNING CENTER,HIALEAH,33012,No,Yes,Yes,PK-05,105,2026,not_attempted_no_own_domain,,,,,,,,,,,
6725,Dade,NEW ANGELS DAY CARE,MIAMI LAKES,33016,No,Yes,Yes,KG-03,30,2025,not_attempted_no_own_domain,,,,,,,,,,,
2608,Dade,NEW HORIZONS PRIVATE SCHOOL,MIAMI,33184,No,Yes,Yes,PK-03,34,2025,not_attempted_no_own_domain,,,,,,,,,,,
4146,Dade,NEW JERUSALEM CHRISTIAN ACADEMY,MIAMI,33150,Yes,Yes,Yes,KG-05,68,2025,not_attempted_no_own_domain,,,,,,,,,,,
5558,Dade,NEW TESTAMENT CHURCH LITTLE ANGELS ACADEMY,MIAMI,33157,Yes,Yes,Yes,PK-01,58,2026,not_attempted_no_own_domain,,,,,,,,,,,
2854,Dade,NEW TESTAMENT CHURCH OF TRANSFIGURATION,MIAMI,33163,Yes,No,No,09,1,2025,not_attempted_no_own_domain,,,,,,,,,,,
9723,Dade,NEW VISION CHURCH OF GOD,HOMESTEAD,33033,Yes,No,No,,0,2025,not_attempted_no_enrollment,,,,,,,,,,,
1860,Dade,Nexis Academy,,,No,No,No,,0,2026,not_attempted_no_enrollment,,,,,,,,,,,
8350,Dade,NORTH ACADEMY,NORTH MIAMI,33161,No,No,No,PK-09,45,2025,not_attempted_no_own_domain,,,,,,,,,,,
3339,Dade,NORTH DADE PREPARATORY ACADEMY,ST PETERSBURG,33702,No,No,No,,0,2025,not_attempted_no_enrollment,,,,,,,,,,,
554,Dade,NORTH DADE REGIONAL ACADEMY,MIAMI GARDENS,33169,No,Yes,Yes,KG-12,75,2025,not_attempted_no_own_domain,,,,,,,,,,,
2754,Dade,NORTH HIALEAH CHRISTIAN SCHOOL,HIALEAH,33012,Yes,Yes,Yes,KG-12,46,2025,not_attempted_no_own_domain,,,,,,,,,,,
9299,Dade,NORTH MIAMI BEACH ACADEMY,NORTH MIAMI,33181,No,Yes,Yes,05-12,27,2025,unclear,,,,,,0,https://northmiamibeachacademy.com/admissions/financial-assistance/,2026-10-08,live,scholarship information only,
6683,Dade,OASIS ACADEMY LLC,MIAMI,33169,Yes,Yes,Yes,KG-09,24,2025,not_attempted_no_own_domain,,,,,,,,,,,
7668,Dade,OMEGA PRIVATE ACADEMY-DORAL,DORAL,33178,No,No,No,01-12,33,2025,not_reached,,,,,,,,,,,
5115,Dade,ONSITES HIGH SCHOOL,MIAMI,33131,No,No,No,,0,2026,not_attempted_no_enrollment,,,,,,,,,,,
2567,Dade,OUR INTERNATIONAL ACADEMY AT CORAL GABLES,MIAMI,33155,No,Yes,Yes,PK-07,138,2026,tuition_word_no_amount,,,,,,,,,,,
6118,Dade,OUR LADY OF CHARITY SCHOOL INC,HIALEAH,33012,No,Yes,Yes,PK-12,232,2025,not_reached,,,,,,,,,,,
2770,Dade,OUR LADY OF LOURDES ACADEMY,MIAMI,33143,Yes,Yes,Yes,09-12,838,2025,no_website,,,,,,,,,,,
4672,Dade,OUR LADY OF LOURDES CATHOLIC SCHOOL,MIAMI,33186,Yes,Yes,Yes,PK-08,634,2026,unclear,,,,,,0,https://www.ololjaguars.org/CatholicSchool.php?pg=2025+2026+-+Tuition+and+Fees,2026-10-08,live,three columns of rates without clear labels,
415,Dade,OUR LADY OF LOURDES PRE-SCHOOL,HIALEAH,33014,No,Yes,Yes,PK-05,64,2025,not_attempted_no_own_domain,,,,,,,,,,,
2769,Dade,OUR LADY OF THE HOLY ROSARY-ST RICHARD CATH,MIAMI,33157,Yes,Yes,Yes,PK-08,522,2025,not_reached,,,,,,,,,,,
1970,Dade,OUR LADY OF THE LAKES CATHOLIC SCHOOL,MIAMI LAKES,33014,Yes,Yes,Yes,PK-08,600,2025,not_reached,,,,,,,,,,,
3242,Dade,OUR LADY OF THE ROSARY SCHOOL,MIAMI,33176,Yes,Yes,Yes,PK-08,157,2025,no_website,,,,,,,,,,,
5969,Dade,OUR PRIDE ACADEMY INC.,MIAMI,33176,No,No,No,PK-12,89,2026,blocked,,,,,,,,,,,
4915,Dade,OXFORD INTERNATIONAL HIGH SCHOOL LLC,Miami,33181,No,No,No,,0,2025,not_attempted_no_enrollment,,,,,,,,,,,
5796,Dade,Palmetto Academy Inc,Miami,33155,No,No,No,PK,12,2025,not_attempted_no_own_domain,,,,,,,,,,,
4724,Dade,PALMETTO BAY ACADEMY,MIAMI,33157,No,Yes,Yes,05-12,45,2025,tuition_word_no_amount,,,,,,,,,,,
3729,Dade,PENTAB ACADEMY,MIAMI,33169,Yes,Yes,Yes,PK-08,244,2026,not_attempted_no_own_domain,,,,,,,,,,,
329,Dade,PERRINE SDA SCHOOL,MIAMI,33157,Yes,Yes,Yes,KG-08,48,2025,not_reached,,,,,,,,,,,
668,Dade,PETER PAN CHILD CARE AND LEARNING CENTER,MIAMI,33165,No,Yes,Yes,PK-11,62,2025,not_attempted_no_own_domain,,,,,,,,,,,
1957,Dade,PETER PAN LEARNING CENTER INC,MIAMI,33165,No,No,No,PK-11,62,2025,not_attempted_no_own_domain,,,,,,,,,,,
4709,Dade,PINECREST ACADEMY (NORTH CAMPUS),Miami,33174,No,Yes,Yes,,0,2025,not_attempted_no_enrollment,,,,,,,,,,,
6854,Dade,Pinecrest Academy Glades Campus,Miami,33184,No,Yes,Yes,,0,2025,not_attempted_no_enrollment,,,,,,,,,,,
5544,Dade,Pinecrest Academy Preparatory South,Miami,33193,No,Yes,Yes,,0,2025,not_attempted_no_enrollment,,,,,,,,,,,
6972,Dade,Pinecrest Cove Preparatory,Miami,33165,No,Yes,Yes,,0,2025,not_attempted_no_enrollment,,,,,,,,,,,
7255,Dade,Pinecrest Preparatory Upper School,Miami,33175,No,Yes,Yes,,0,2025,not_attempted_no_enrollment,,,,,,,,,,,
6892,Dade,PINOCCHIO DAY CARE,HIALEAH,33012,No,Yes,Yes,PK-02,26,2025,not_attempted_no_own_domain,,,,,,,,,,,
8645,Dade,PLA FINE ARTS,HIALEAH,33012,No,Yes,Yes,PK-03,53,2025,not_attempted_no_own_domain,,,,,,,,,,,
5922,Dade,PLAY LEARN CHILDCARE CENTER INC,MIAMI,33032,No,Yes,Yes,PK-05,154,2025,not_attempted_no_own_domain,,,,,,,,,,,
5580,Dade,PNEUMA CHRISTIAN ACADEMY,MIAMI,33183,Yes,Yes,Yes,PK-12,176,2025,found,2026-27,11600,,,,0,https://pneumachristian.org/tuition-charges/,2026-10-08,live,"Track I K-5 11,600; Track II with therapy 17,490-21,490 excluded; high school Track I 12,500 or 13,250 not coded",medium
7366,Dade,PRADO KIDS VISON LEARNING CENTER,MIAMI SPRING,33166,No,Yes,Yes,PK-01,32,2026,not_attempted_no_own_domain,,,,,,,,,,,
4695,Dade,PRATS EARLY LEARNING ACADEMY,HIALEAH,33012,No,Yes,Yes,PK-02,35,2025,no_website,,,,,,,,,,,
3434,Dade,PRECIOUS KIDS ACADEMY II,HIALEAH,33015,No,Yes,Yes,PK,15,2025,blocked,,,,,,,,,,,
315,Dade,PRECIOUS LITTLE ANGELS DAY CARE II,HIALEAH,33012,No,Yes,Yes,PK-09,101,2025,not_attempted_no_own_domain,,,,,,,,,,,
9652,Dade,PRIMER V,,,No,Yes,Yes,KG-08,106,2026,unclear,,,,,,0,https://primer.com/tuition,2026-10-08,live,programme of another operator; scholarship focus,
7997,Dade,PRINCIPITOS LEARNING DAYCARE  ELEMENTARY,HOMESTEAD,33034,No,Yes,Yes,PK-04,73,2025,not_attempted_no_own_domain,,,,,,,,,,,
8384,Dade,PROMISED LAND ACADEMY FOR CHRISTIAN EDUCAT,HOMESTEAD,33032,No,Yes,Yes,KG-12,80,2025,not_attempted_no_own_domain,,,,,,,,,,,
6549,Dade,PROMISING FUTURE ACADEMY,HOMESTEAD,33032,No,No,No,PK-06,6,2025,not_attempted_no_own_domain,,,,,,,,,,,
9492,Dade,PUZZLE ACADEMY,MIAMI,33193,No,No,No,PK-12,83,2025,not_attempted_no_own_domain,,,,,,,,,,,
714,Dade,RABBI ALEXANDER S. GROSS HEBREW ACADEMY,MIAMI BEACH,33140,Yes,Yes,Yes,PK-12,591,2025,found,2026-27,28025,29695,32805,,0,https://www.hebrewacademymiami.org/tuition-scholarships/,2026-10-08,live,"K 20,890; 1st 22,730; 2nd 25,475; 3rd-5th 28,025; middle 29,695; high 32,805",high
2796,Dade,RANSOM EVERGLADES SCHOOL,MIAMI,33133,No,No,No,06-12,1242,2025,found,,,,,57300,0,https://www.ransomeverglades.org/admission/affording-re,2026-10-08,live,tuition including lunch; page mentions 2026-27 and 2027-28,medium
1625,Dade,REAL ACADEMY,MIAMI,33172,Yes,No,No,02-12,33,2025,not_attempted_no_own_domain,,,,,,,,,,,
388,Dade,REDLAND CHRISTIAN ACADEMY INC.,HOMESTEAD,33031,Yes,Yes,Yes,PK-12,260,2025,not_reached,,,,,,,,,,,
1190,Dade,REEF PREP,Miami,33132,No,No,No,PK-12,11,2026,not_reached,,,,,,,,,,,
3405,Dade,REM LEARNING CENTER SOUTH,MIAMI,33187,No,Yes,Yes,PK-01,71,2025,no_website,,,,,,,,,,,
5772,Dade,Restored Faith Preparatory Academy,Miami,33130,No,No,No,,0,2025,not_attempted_no_enrollment,,,,,,,,,,,
8809,Dade,REVIVER ACADEMY,MIAMI,33169,Yes,Yes,Yes,KG-08,74,2026,not_attempted_no_own_domain,,,,,,,,,,,
9374,Dade,RISE PREPARATORY ACADEMY,PALMETTO BAY,33157,No,Yes,Yes,06-12,439,2025,no_website,,,,,,,,,,,
2310,Dade,RISE VOCATIONAL PREPARATORY,MIAMI,33157,No,Yes,Yes,06-12,40,2025,not_reached,,,,,,,,,,,
5721,Dade,RIVIERA PREPARATORY SCHOOL,MIAMI,33176,No,No,No,06-12,653,2025,found,,30430,,,,0,https://www.rivieraschools.com/admissions/tuition-fees,2026-10-08,live,"derived: 10 installments of 3,043 for grades 1-5; K 2,481 x 10; same page as school 2802",medium
2802,Dade,RIVIERA SCHOOLS,CORAL GABLES,33146,No,Yes,Yes,PK-05,453,2025,found,,30430,,,,0,https://www.rivieraschools.com/admissions/tuition-fees,2026-10-08,live,"derived: 10 installments of 3,043 for grades 1-5; K 2,481 x 10",medium
5946,Dade,ROYAL HOLLOW ACADEMY,MIAMI,33166,No,No,No,PK-12,31,2025,not_reached,,,,,,,,,,,
655,Dade,ROYAL KIDS ACADEMY,HIALEAH GARDENS,33018,No,Yes,Yes,PK-05,206,2026,tuition_word_no_amount,,,,,,,,,,,
8174,Dade,RUFO THE KANGAROO INTEGRAL CENTER,HIALEAH,33018,No,Yes,Yes,PK-02,45,2026,not_attempted_no_own_domain,,,,,,,,,,,
2987,Dade,S S F EDUCATIONAL SYSTEM,HIALEAH,33175,No,No,No,,0,2025,not_attempted_no_enrollment,,,,,,,,,,,
7180,Dade,S.T.A.R.S. AUTISM SCHOOL,MIAMI,33196,No,Yes,Yes,PK-09,55,2025,not_reached,,,,,,,,,,,
3214,Dade,SAINT AGATHA SCHOOL,MIAMI,33174,Yes,Yes,Yes,PK-08,355,2025,not_reached,,,,,,,,,,,
2804,Dade,SAINT AGNES CATHOLIC ACADEMY,KEY BISCAYNE,33149,Yes,Yes,Yes,PK-08,557,2026,no_website,,,,,,,,,,,
2806,Dade,SAINT BRENDAN ELEMENTARY SCHOOL,MIAMI,33165,Yes,Yes,Yes,PK-08,1021,2026,not_reached,,,,,,,,,,,
2808,Dade,SAINT BRENDAN HIGH SCHOOL,MIAMI,33165,Yes,Yes,Yes,09-12,1300,2025,no_website,,,,,,,,,,,
7288,Dade,SAINT CARLO ACUTIS VIRTUAL ACADEMY,MIAMI SHORES,33138,Yes,No,No,01-12,1013,2025,tuition_word_no_amount,,,,,,,,,,,
2816,Dade,SAINT HUGH,MIAMI,33133,Yes,Yes,Yes,PK-08,304,2026,no_website,,,,,,,,,,,
2822,Dade,SAINT JAMES CATHOLIC SCHOOL,MIAMI,33168,Yes,Yes,Yes,PK-08,440,2025,found,2026-27,9475,9075,,,0,https://www.stjamesmiami.net/admissions/tuition---fees.cfm,2026-10-08,live,"annual fee includes tuition, textbooks and materials: K-3 9,475; 4-8 9,075; pre-K excluded",high
3095,Dade,SAINT JOHN THE APOSTLE SCHOOL,HIALEAH,33010,Yes,Yes,Yes,PK-08,171,2026,tuition_word_no_amount,,,,,,,,,,,
3097,Dade,SAINT JOHNS EPISCOPAL SCHOOL,HOMESTEAD,33030,Yes,Yes,Yes,PK-08,135,2025,not_attempted_no_own_domain,,,,,,,,,,,
3075,Dade,SAINT KEVIN CATHOLIC SCHOOL,MIAMI,33175,Yes,Yes,Yes,PK-08,692,2026,tuition_word_no_amount,,,,,,,,,,,
2836,Dade,SAINT LAWRENCE SCHOOL,NORTH MIAMI BEACH,33180,Yes,Yes,Yes,PK-08,251,2025,found,2026-27,8950,8750,,,0,https://www.stlaw.org/admissions,2026-10-08,live,"PreK2-3 8,950; 4-8 8,750",high
3230,Dade,SAINT LOUIS COVENANT SCHOOL,PINECREST,33156,Yes,Yes,Yes,PK-08,564,2025,not_reached,,,,,,,,,,,
2844,Dade,SAINT MARYS CATHEDRAL,MIAMI,33150,Yes,Yes,Yes,KG-08,367,2026,unclear,,,,,,0,https://stmarycathedralschool.org/admissions/after-school-program/,2026-10-08,live,after-school program only,
2846,Dade,SAINT MICHAEL THE ARCHANGEL,MIAMI,33125,Yes,Yes,Yes,PK-08,344,2025,unclear,,,,,,0,https://www.stmacs.org/scholarships-1/,2026-10-08,live,scholarship information only,
2855,Dade,SAINT PATRICK SCHOOL,MIAMI BEACH,33140,Yes,Yes,Yes,PK-08,317,2025,not_reached,,,,,,,,,,,
3271,Dade,SAINT PHIL CAPITAL LLC,MIAMI,33147,No,Yes,Yes,PK-03,52,2025,unclear,,,,,,0,,2026-10-08,live,no dollar lines found,
174,Dade,SAINT ROSE OF LIMA,MIAMI SHORES,33138,Yes,Yes,Yes,PK-08,529,2025,found,2026-27,13530,13790,,,0,https://www.srlschool.com/images/Tuition%20and%20Fees%202026-27.pdf,2026-10-08,live,"K-5 13,530; 6-8 13,790; discretionary discounts may apply",high
2864,Dade,SAINT THERESA CATHOLIC SCHOOL,CORAL GABLES,33134,Yes,Yes,Yes,PK-08,910,2025,found,2026-27,,,,10800,0,https://stscg.org/tuition/,2026-10-08,live,"first child; additional children 8,640",high
178,Dade,SAINT THOMAS EPISCOPAL PARISH SCHOOL,,,Yes,No,No,PK-05,455,2025,unclear,,,,,,0,https://www.stepsmia.org/admission/tuition-assistance,2026-10-08,live,only a financial aid application fee seen,
179,Dade,SAINT TIMOTHY CATHOLIC SCHOOL,MIAMI,33165,Yes,Yes,Yes,PK-08,687,2025,found,2026-27,9370,9545,,,0,https://www.sttimothymiami.org/CatholicSchool.php?pg=Tuition,2026-10-08,live,"per child; K-5 9,370; 6-8 9,545",high
2866,Dade,SAINTS PETER PAUL SCHOOL,MIAMI,33129,Yes,Yes,Yes,PK-08,347,2025,unclear,,,,,,0,,2026-10-08,live,no dollar lines found,
6887,Dade,SANSON'S PRESCHOOL LEARNING CENTER,MIAMI,33183,No,Yes,Yes,PK-09,169,2025,not_attempted_no_own_domain,,,,,,,,,,,
5542,Dade,SCHECK HILLEL COMMUNITY SCHOOL INC.,NORTH MIAMI BEACH,33180,Yes,Yes,Yes,PK-12,1160,2025,found,2026-27,32300,36400,37800,,0,https://www.ehillel.org/tuition,2026-10-08,live,"K-1 28,900; 2-4 32,300; 5 33,900; 6-8 36,400; 9-12 37,800; pre-K and Nativ excluded",high
1069,Dade,SCHOOLHOUSE ACADEMY,MIAMI,33165,No,Yes,Yes,08-12,102,2025,not_attempted_no_own_domain,,,,,,,,,,,
4952,Dade,SCORE ACADEMY MIAMI,MIAMI,33145,No,No,No,06-11,8,2025,unclear,,,,,,0,https://www.score-academy.com/blogs/using-a-529-plan-for-private-school-tuition-in-florida,2026-10-08,live,"blog post, not tuition",
1033,Dade,Second Canaan Preparatory,,,Yes,No,No,,0,2026,not_attempted_no_enrollment,,,,,,,,,,,
5423,Dade,SECOND HOME LEARNING CENTER,HIALEAH,33010,No,Yes,Yes,PK-KG,12,2025,not_attempted_no_own_domain,,,,,,,,,,,
1862,Dade,SEED LIFE ACADEMY INC,MIAMI,33179,No,No,No,KG-04,3,2025,not_attempted_no_own_domain,,,,,,,,,,,
3166,Dade,SHANTI KIDS PRESCHOOL,HIALEAH,33010,No,Yes,Yes,PK-03,63,2025,tuition_word_no_amount,,,,,,,,,,,
8342,Dade,SHAPING ACADEMY,MIAMI,33176,No,Yes,Yes,PK-05,67,2025,unclear,,,,,,0,,2026-10-08,live,tuition page found but no clear amount extracted,
5967,Dade,SHELTON ACADEMY,DORAL,33178,Yes,Yes,Yes,PK-12,759,2026,no_website,,,,,,,,,,,
6376,Dade,SHEPHERD OF GOD CHRISTIAN ACADEMY CORP.,MIAMI GARDENS,33056,Yes,Yes,Yes,PK-12,113,2025,not_attempted_no_own_domain,,,,,,,,,,,
6457,Dade,SHEYE'S OF MIAMI ELEMENTARY INC.,MIAMI,33142,No,Yes,Yes,KG-04,30,2026,not_attempted_no_own_domain,,,,,,,,,,,
6459,Dade,SHINING LIGHT CHILDCARE DEVELOPMENT CENTER,MIAMI,33147,No,Yes,Yes,KG-03,4,2025,not_attempted_no_own_domain,,,,,,,,,,,
5255,Dade,SIU American Academy,,,No,No,No,,0,2025,not_attempted_no_enrollment,,,,,,,,,,,
7152,Dade,SMARTEN SPORTS ACADEMY,PEMBROKE PINES,33029,No,No,No,07-12,57,2025,not_attempted_no_own_domain,,,,,,,,,,,
3073,Dade,SNOW WHITE THE SEVEN DWARFS SCHOOL,HIALEAH,33016,No,Yes,Yes,PK-05,174,2025,tuition_word_no_amount,,,,,,,,,,,
848,Dade,SOLFL,North Miami,33181,Yes,Yes,Yes,KG-10,110,2026,not_reached,,,,,,,,,,,
6869,Dade,Somerset Academy Continental Campus,Miami,33156,No,Yes,Yes,,0,2025,not_attempted_no_enrollment,,,,,,,,,,,
6915,Dade,Somerset Academy Dade Campus,Miami,33177,No,Yes,Yes,,0,2025,not_attempted_no_enrollment,,,,,,,,,,,
6883,Dade,Somerset Academy Palms Campus,Miami,33183,No,Yes,Yes,,0,2025,not_attempted_no_enrollment,,,,,,,,,,,
5756,Dade,Somerset Academy South Campus,Homestead,33030,No,Yes,Yes,,0,2025,not_attempted_no_enrollment,,,,,,,,,,,
6876,Dade,Somerset Academy Sunset Campus,Miami,33176,No,Yes,Yes,,0,2025,not_attempted_no_enrollment,,,,,,,,,,,
4728,Dade,SOMERSET VIRTUAL ACADEMY AT COLLEGE PREP SOUTH,Miami,33177,No,Yes,Yes,,0,2025,not_attempted_no_enrollment,,,,,,,,,,,
5758,Dade,Somerset Virtual Academy at Silver Palms,Miami,33032,No,Yes,Yes,,0,2025,not_attempted_no_enrollment,,,,,,,,,,,
4774,Dade,SOMERSET VIRTUAL ACADEMY AT SOHO,Homestead,33030,No,Yes,Yes,,0,2025,not_attempted_no_enrollment,,,,,,,,,,,
1827,Dade,SOUTH DADE ACADEMY,FLORIDA CITY,33034,No,Yes,Yes,,0,2026,not_attempted_no_enrollment,,,,,,,,,,,
6160,Dade,SOUTH FLORIDA SCHOOL OF EXCELLENCE,DAVIE,33325,No,Yes,Yes,PK-12,362,2025,not_attempted_no_own_domain,,,,,,,,,,,
4778,Dade,"SOUTHEASTERN CHRISTIAN ACADEMY, INC",FORT LAUDERDALE,33301,Yes,No,No,09-12,16,2026,not_attempted_no_own_domain,,,,,,,,,,,
5332,Dade,SOUTHEASTERN HIGH SCHOOL,MIAMI LAKES,33014,No,No,No,09-12,217,2025,not_attempted_no_own_domain,,,,,,,,,,,
6879,Dade,SOUTHPOINT ACADEMY,MIAMI,33157,No,Yes,Yes,PK-11,103,2025,not_attempted_no_own_domain,,,,,,,,,,,
9883,Dade,SPARK LEARNING XII,MIAMI,33136,No,No,No,KG-08,29,2025,unclear,,,,,,0,https://primer.com/tuition,2026-10-08,live,programme of another operator; scholarship focus,
9884,Dade,SPARK LEARNING XIII,MIAMI,33127,No,Yes,Yes,KG-08,85,2026,unclear,,,,,,0,https://primer.com/tuition,2026-10-08,live,programme of another operator; scholarship focus,
9885,Dade,SPARK LEARNING XIV,CORAL GABLES,33133,No,Yes,Yes,KG-05,37,2026,unclear,,,,,,0,https://primer.com/tuition,2026-10-08,live,programme of another operator; scholarship focus,
4109,Dade,SPARK LEARNING XX,El Portal,33150,No,Yes,Yes,KG-08,102,2026,unclear,,,,,,0,https://primer.com/tuition,2026-10-08,live,programme of another operator; scholarship focus,
9068,Dade,SPARK LEARNING XXIV,HOMESTEAD,33030,No,Yes,Yes,KG-08,44,2026,unclear,,,,,,0,https://primer.com/tuition,2026-10-08,live,programme of another operator; scholarship focus,
2127,Dade,SPIRIT OF EXCELLENCE ACADEMY,Miami,33142,Yes,No,No,,0,2025,not_attempted_no_enrollment,,,,,,,,,,,
5035,Dade,SPORTS LEADERSHIP AND MANAGEMENT,Miami,33135,No,Yes,Yes,,0,2025,not_attempted_no_enrollment,,,,,,,,,,,
9752,Dade,SPRINGVIEW ACADEMY INC,MIAMI,33015,No,Yes,Yes,PK-KG,63,2025,not_reached,,,,,,,,,,,
7582,Dade,SPROUT KIDS ACADEMY,NORTH MIAMI BEACH,33164,No,Yes,Yes,PK-09,83,2025,not_attempted_no_own_domain,,,,,,,,,,,
7542,Dade,SPROUTING TO SUCCESS INC.,MIAMI GARDENS,33056,Yes,Yes,Yes,KG-10,26,2025,not_attempted_no_own_domain,,,,,,,,,,,
3125,Dade,SS EDUCATIONAL CENTER DBA SILVIA'S SCHOOL,HIALEAH,33014,No,Yes,Yes,PK-02,32,2025,not_attempted_no_own_domain,,,,,,,,,,,
8508,Dade,ST. ANTHONY'S SCHOOL OF HIGHER EDUCATION,PEMBROKE PINES,33169,Yes,Yes,Yes,KG-11,13,2025,not_attempted_no_own_domain,,,,,,,,,,,
2884,Dade,ST. JOHN NEUMANN CATHOLIC SCHOOL,MIAMI,33176,Yes,Yes,Yes,PK-08,361,2025,unclear,,,,,,0,https://www.sjncs.org/admissions,2026-10-08,live,application fee only,
7200,Dade,ST. THOMAS THE APOSTLE,MIAMI,33143,Yes,Yes,Yes,PK-08,623,2025,not_reached,,,,,,,,,,,
6704,Dade,STARS GLOBAL PREPARATORY,MIAMI,33196,No,Yes,Yes,PK-09,55,2025,unclear,,,,,,0,,2026-10-08,live,no dollar lines found,
7792,Dade,STARS LEARNING CENTER,MIAMI,33138,No,Yes,Yes,KG-01,28,2025,not_attempted_no_own_domain,,,,,,,,,,,
7793,Dade,STARS LEARNING III,MIAMI,33138,No,Yes,Yes,PK-08,64,2025,not_attempted_no_own_domain,,,,,,,,,,,
7218,Dade,STARS OF THE WORLD INC,HIALEAH GARDENS,33016,No,Yes,Yes,PK-01,16,2026,not_attempted_no_own_domain,,,,,,,,,,,
8381,Dade,STEP BY STEP PREPARATORY SCHOOL LLC,MIAMI,33127,No,Yes,Yes,KG-04,37,2025,not_attempted_no_own_domain,,,,,,,,,,,
9678,Dade,STEP BY STEP SPECIAL NEEDS ACADEMY,HIALEAH,33015,No,Yes,Yes,,0,2026,not_attempted_no_enrollment,,,,,,,,,,,
5257,Dade,Steps for Learning Center No 1,MIAMI GARDENS,33055,No,No,No,PK,10,2025,not_attempted_no_own_domain,,,,,,,,,,,
5818,Dade,STEPS FOR LEARNING PRESCHOOL CENTER,HIALEAH,33016,No,Yes,Yes,PK-01,43,2025,not_attempted_no_own_domain,,,,,,,,,,,
5478,Dade,STEVE'S ACADEMY,HOMESTEAD,33033,No,Yes,Yes,PK,18,2025,not_attempted_no_own_domain,,,,,,,,,,,
1460,Dade,STOP AND PLAY,MIAMI,33180,No,No,No,PK-KG,18,2025,no_website,,,,,,,,,,,
1576,Dade,STUDIO KIDS LITTLE RIVER,MIAMI,33138,No,Yes,Yes,PK,8,2025,not_attempted_no_own_domain,,,,,,,,,,,
7317,Dade,SU'S CREATIVE CORNER,HOMESTEAD,33031,No,Yes,Yes,PK-12,17,2025,not_attempted_no_own_domain,,,,,,,,,,,
2654,Dade,SUMMER CREST LEARNING ACADEMY INC,Port St Lucie,34987,No,Yes,Yes,PK-07,21,2026,not_attempted_no_own_domain,,,,,,,,,,,
8808,Dade,SUN CITY ACADEMY,MIAMI,33196,No,Yes,Yes,PK-KG,47,2025,not_attempted_no_own_domain,,,,,,,,,,,
3049,Dade,SUNFLOWERS ACADEMY,MIAMI,33135,No,Yes,Yes,PK-08,365,2025,found,2025-26,9080,9875,,,0,https://sunflowersacademyprep.com/enroll/,2026-10-08,live,"K-5 9,080; 6-8 9,875; totals of 14,960 and 15,755 add tutoring and enrichment",high
4857,Dade,SUNRISE SCHOOL OF MIAMI INC.,PALMETTO BAY,33158,No,Yes,Yes,PK-08,85,2026,not_attempted_no_own_domain,,,,,,,,,,,
7439,Dade,SUNSET HEIGHTS CHRISTIAN SCHOOL,HIALEAH,33013,No,No,No,,0,2026,not_attempted_no_enrollment,,,,,,,,,,,
299,Dade,SUNSET MONTESSORI,MIAMI,33173,No,No,No,PK-KG,24,2025,not_reached,,,,,,,,,,,
1093,Dade,SUNSHINE CHILDCARE PRESCHOOL CENTER,HIALEAH,33012,No,Yes,Yes,PK-05,94,2025,not_reached,,,,,,,,,,,
7649,Dade,SUNSHINE LEARNING MIAMI,MIAMI,33186,No,Yes,Yes,KG-12,74,2025,no_website,,,,,,,,,,,
7543,Dade,TAMIAMI ACADEMY,MIAMI,33144,No,Yes,Yes,PK-KG,18,2025,found,,7500,,,,0,https://tamiamiacademy.com/tuition/,2026-10-08,live,"PreK, K and first grade 7,500 (unique abilities 9,451); other grades not seen; year not stated",medium
249,Dade,TAMIAMI UNITED METHODIST ELEMENTARY,MIAMI,33135,Yes,Yes,Yes,PK-08,280,2026,not_attempted_no_own_domain,,,,,,,,,,,
8898,Dade,Tamim Miami Academy INC.,SUNNY ISLES BEACH,33160,Yes,Yes,Yes,KG-03,68,2025,not_reached,,,,,,,,,,,
8993,Dade,TANGERINE LEARNING CENTER,MIAMI,33138,No,Yes,Yes,PK-05,33,2025,not_reached,,,,,,,,,,,
3249,Dade,TECH TITAN ACADEMY,Miami,33168,No,No,No,,0,2026,not_attempted_no_enrollment,,,,,,,,,,,
340,Dade,TEMPLE SINAI OF NORTH DADE,NORTH MIAMI BEACH,33180,Yes,Yes,Yes,PK-03,153,2026,not_reached,,,,,,,,,,,
6782,Dade,THE 2ND HOUSE ACADEMY CORP.,MIAMI,33144,No,Yes,Yes,PK-03,103,2025,not_attempted_no_own_domain,,,,,,,,,,,
7636,Dade,THE ACADEMY OF KNOWLEDGE PREPARATORY SCHOOL,MIAMI,33167,No,Yes,Yes,KG-05,87,2025,tuition_word_no_amount,,,,,,,,,,,
6674,Dade,THE ADVENT SCHOOL ACADEMY LEARNING CENTER,MIAMI,33184,No,Yes,Yes,PK-05,98,2025,not_attempted_no_own_domain,,,,,,,,,,,
8102,Dade,THE ART OF LEARNING PLC,HIALEAH,33015,No,Yes,Yes,PK-01,47,2025,not_attempted_no_own_domain,,,,,,,,,,,
9355,Dade,THE BRIGHT DAYS PRESCHOOL,CORAL GABLES,33134,No,Yes,Yes,PK-KG,27,2025,not_attempted_no_own_domain,,,,,,,,,,,
843,Dade,THE CARRIE BRAZER CENTER FOR AUTISM INC.,MIAMI FL,33143,No,Yes,Yes,KG-12,35,2025,tuition_word_no_amount,,,,,,,,,,,
5520,Dade,THE CHALLENGER SCHOOL,NORTH MIAMI,33168,No,Yes,Yes,KG-08,85,2025,not_attempted_no_own_domain,,,,,,,,,,,
6536,Dade,The Challenger School 11,Miami Gardens,33169-5817,No,No,No,,0,2025,not_attempted_no_enrollment,,,,,,,,,,,
7877,Dade,THE COUNTRY FAMILY,HOMESTEAD,33031,No,No,No,03-05,2,2025,not_reached,,,,,,,,,,,
6035,Dade,THE CREATIVE CHILD DAY CARE LEARNING CENT,HIALEAH,33013,No,No,No,PK-01,21,2025,no_website,,,,,,,,,,,
7528,Dade,THE CREATIVE LEARNING CENTER,MIAMI,33186,No,No,No,PK-KG,96,2025,not_attempted_no_own_domain,,,,,,,,,,,
326,Dade,THE CUSHMAN SCHOOL,MIAMI,33137,No,Yes,Yes,PK-12,800,2025,found,2026-27,38870,45750,50076,,0,https://cushmanschool.org/admissions/tuition-and-fees/,2026-10-08,live,"Pre-K, Laura Cushman Academy and virtual program excluded",high
8393,Dade,THE DIVINE SAVIOR SCHOOL,DORAL,33178,Yes,Yes,Yes,PK-12,43,2025,not_reached,,,,,,,,,,,
3626,Dade,THE FRENCH AMERICAN SCHOOL OF MIAMI,MIAMI,33143,No,No,No,PK-05,98,2025,not_reached,,,,,,,,,,,
7659,Dade,THE FRENCH AMERICAN SCHOOL OF MIAMI,MIAMI SHORES,33138,No,No,No,PK-05,126,2025,not_reached,,,,,,,,,,,
3193,Dade,THE GLORY OF GOD CHRISTIAN SCHOOL,HIALEAH,33010,Yes,Yes,Yes,01-12,64,2026,not_attempted_no_own_domain,,,,,,,,,,,
526,Dade,THE GROWING PLACE,CORAL GABLES,33134,Yes,Yes,Yes,PK-05,140,2025,not_reached,,,,,,,,,,,
8389,Dade,THE INNOVATIVE SCHOOL OF TEMPLE BETH SHOLOM,MIAMI BEACH,33140,Yes,Yes,Yes,PK-05,142,2025,found,2026-27,25400,,,,0,https://innovativeschool.org/tuition/,2026-10-08,live,"elementary pay-in-full 25,400; two payments total 25,900; ten payments total 26,400",medium
8380,Dade,THE LEARNING CORNER ACADEMY INC,HIALEAH,33012,No,Yes,Yes,PK-01,11,2025,not_attempted_no_own_domain,,,,,,,,,,,
6565,Dade,THE LIGHT PREPARATORY ACADEMY,MIAMI GARDENS,33055,No,No,No,PK-02,60,2026,not_reached,,,,,,,,,,,
9306,Dade,THE MIAMI SUDBURY SCHOOL,MIAMI,33143,No,Yes,Yes,KG-12,27,2025,tuition_word_no_amount,,,,,,,,,,,
6415,Dade,THE MONTESSORI ACADEMY AT ST . JOHN'S,MIAMI BEACH,33140,No,Yes,Yes,PK-02,42,2025,tuition_word_no_amount,,,,,,,,,,,
1863,Dade,THE RISING START FOUNDATION INC,PALMETTO BAY,33157,No,No,No,,0,2025,not_attempted_no_enrollment,,,,,,,,,,,
5176,Dade,THE ROIG ACADEMY,MIAMI,33156,No,Yes,Yes,,0,2025,not_attempted_no_enrollment,,,,,,,,,,,
7360,Dade,THE SHUL'S CHILD ENRICHMENT CENTER,SURFSIDE,33154,Yes,Yes,Yes,PK-KG,87,2025,tuition_word_no_amount,,,,,,,,,,,
4118,Dade,THE TAUBER ACADEMY,AVENTURA,33180,Yes,No,No,PK-KG,58,2025,not_reached,,,,,,,,,,,
2922,Dade,THE VON WEDEL MONTESSORI SCHOOL,MIAMI,33161,No,Yes,Yes,PK-06,129,2025,not_reached,,,,,,,,,,,
4993,Dade,THINKING CHILD CHRISTIAN ACADEMY SCHOOL,HOMESTEAD,33030,Yes,Yes,Yes,PK-08,160,2025,no_website,,,,,,,,,,,
5247,Dade,THREE FLAGS ACADEMY INC,HIALEAH,33014,No,Yes,Yes,PK-04,35,2026,not_attempted_no_own_domain,,,,,,,,,,,
4364,Dade,THUMBELINA LEARNING CENTER 2,HIALEAH,33013,No,Yes,Yes,PK-03,64,2026,not_attempted_no_own_domain,,,,,,,,,,,
6366,Dade,TINY SMILE LEARNING CENTER,HIALEAH,33016,No,Yes,Yes,PK-05,92,2025,not_attempted_no_own_domain,,,,,,,,,,,
5486,Dade,TINY STEPS DAYCARE LEARNING CENTER,MIAMI,33144,No,Yes,Yes,PK-03,74,2025,not_attempted_no_own_domain,,,,,,,,,,,
7910,Dade,TINY STEPS PRESCHOOL,MIAMI,33176,No,Yes,Yes,PK-02,36,2025,not_attempted_no_own_domain,,,,,,,,,,,
199,Dade,TORAS EMES ACADEMY OF MIAMI,NORTH MIAMI BEACH,33179,Yes,Yes,Yes,PK-08,1188,2025,no_website,,,,,,,,,,,
4586,Dade,TOUGH CHOICES FOUNDATION INC,MIAMI,33170,Yes,Yes,Yes,04-12,28,2025,not_attempted_no_own_domain,,,,,,,,,,,
590,Dade,TOWN CENTER PRESCHOOL,MIAMI,33196,No,Yes,Yes,KG-05,56,2026,not_attempted_no_own_domain,,,,,,,,,,,
8079,Dade,TPT INTERNATIONAL SCHOOL,KISSIMMEE,34744,No,No,No,09-12,38,2025,found,2026-27,,,,3800,0,https://tptischool.com/en/programs/,2026-10-08,live,one year of virtual education with 6 courses,medium
6736,Dade,Transformation Academy of Excellence,Miami,33170,No,No,No,,0,2025,not_attempted_no_enrollment,,,,,,,,,,,
313,Dade,TRINITY BY FAITH ACADEMY,MIAMI,33150,Yes,Yes,Yes,KG-04,14,2025,found,,,,,8595,0,,2026-10-08,live,all grades K-5 per year; year not stated,high
3233,Dade,TRINITY CHRISTIAN ACADEMY,HIALEAH,33014,No,Yes,Yes,,0,2025,not_attempted_no_enrollment,,,,,,,,,,,
6143,Dade,Trinity Christian Academy,MIAMI,33168,Yes,Yes,Yes,KG-08,103,2025,no_website,,,,,,,,,,,
4467,Dade,TRINITY CHRISTIAN ACADEMY H.S.,HIALEAH,33014,No,Yes,Yes,KG-12,45,2025,not_attempted_no_own_domain,,,,,,,,,,,
8462,Dade,TRINITY CHRISTIAN ACADEMY MIDDLE SCHOOL,HIALEAH,33014,No,Yes,Yes,,0,2025,not_attempted_no_enrollment,,,,,,,,,,,
1487,Dade,TRU PREP ACADEMY,MIAMI,33055,No,No,No,,0,2025,not_attempted_no_enrollment,,,,,,,,,,,
275,Dade,TRUE NORTH CLASSICAL PREPARATORY,MIAMI,33173,No,Yes,Yes,08-12,24,2026,not_reached,,,,,,,,,,,
456,Dade,TUTOR ME DAYCARE ACADEMY,HIALEAH,33016,No,Yes,Yes,KG-05,50,2025,not_attempted_no_own_domain,,,,,,,,,,,
5227,Dade,TUTOR ME DAYCARE AND PRESCHOOL  2,MIAMI LAKES,33016,No,Yes,Yes,PK-12,178,2026,not_attempted_no_own_domain,,,,,,,,,,,
5980,Dade,TVC ACADEMY,N. MIAMI BEACH,33180,No,Yes,Yes,KG-12,27,2025,unclear,,,,,,0,https://thevictoryschool.org/admissions/,2026-10-08,live,only the cost of the programme seen,
8565,Dade,TWO SISTERS ANGELS PRESCHOOL,NORTH MIAMI BEACH,33162,No,Yes,Yes,PK-02,37,2025,not_attempted_no_own_domain,,,,,,,,,,,
3709,Dade,U.S. INTERNATIONAL CHRISTIAN ACADEMY,MIAMI,33175,Yes,No,No,09-12,45,2026,no_website,,,,,,,,,,,
2939,Dade,UNIQUE EXPLORERS ACADEMY,MIAMI,33196,No,Yes,Yes,PK-03,29,2025,not_attempted_no_own_domain,,,,,,,,,,,
908,Dade,UNIQUE LEARNING CENTER INC.,MIAMI,33157,No,Yes,Yes,KG-12,28,2025,not_attempted_no_own_domain,,,,,,,,,,,
3506,Dade,UNITED CEREBRAL PALSY TRANSITIONAL LEARNING,MIAMI,33125,No,Yes,Yes,06-12,36,2025,no_website,,,,,,,,,,,
8917,Dade,UNIVERCITY EARLY LEARNING CENTER,FLORIDA CITY,33034,No,Yes,Yes,PK-05,48,2026,not_attempted_no_own_domain,,,,,,,,,,,
8303,Dade,URGENT ACADEMY,MIAMI,33136,No,Yes,Yes,06-08,17,2025,found,2026-27,,,,13000,0,https://www.urgentacademy.com/tuition,2026-10-08,live,tuition for the 2026-27 school year,high
246,Dade,VANGUARD SCHOOL OF COCONUT GROVE FLA.,COCONUT GROVE,33133,No,Yes,Yes,01-08,31,2026,not_attempted_no_own_domain,,,,,,,,,,,
6409,Dade,VICTORIA'S PLAYHOUSE DAYCARE PRE-K,MIAMI,33176,No,No,No,PK,52,2025,not_attempted_no_own_domain,,,,,,,,,,,
6406,Dade,VICTORIA'S PLAYHOUSE PRE-K II,MIAMI,33186,No,Yes,Yes,PK,69,2025,not_attempted_no_own_domain,,,,,,,,,,,
6299,Dade,Viento Recio Christian Music & Arts Academy,Miami,33125,Yes,No,No,KG-11,20,2025,not_attempted_no_own_domain,,,,,,,,,,,
6230,Dade,VILLA PREPATORY ACADEMY CORP,MIAMI,33194,No,Yes,Yes,KG-08,190,2025,not_attempted_no_own_domain,,,,,,,,,,,
3177,Dade,VILLAGE LEARNING CENTER LLC,HOMESTEAD,33033,No,No,No,PK,39,2026,no_website,,,,,,,,,,,
4943,Dade,VILLAGE MONTESSORI KILLIAN CAMPUS,MIAMI,33156,No,No,No,PK-KG,41,2025,unclear,,,,,,0,https://www.montessorischoolmiami.com/tuition-information-killian,2026-10-08,live,only deposit and care fees seen; same page as school 457,
457,Dade,VILLAGE MONTESSORI SCHOOL CORP,MIAMI,33145,No,Yes,Yes,PK-KG,38,2025,unclear,,,,,,0,https://www.montessorischoolmiami.com/tuition-information-killian,2026-10-08,live,only deposit and after-care fees seen,
829,Dade,VILLAGE MONTESSORI SCHOOL CORP,MIAMI,33145,No,Yes,Yes,PK-KG,37,2025,not_attempted_no_own_domain,,,,,,,,,,,
2918,Dade,VILLAGE PINES SCHOOL,MIAMI,33176,No,Yes,Yes,PK-05,46,2025,not_attempted_no_own_domain,,,,,,,,,,,
5474,Dade,VIP CHRISTIAN ACADEMY,MIAMI,33157,Yes,Yes,Yes,KG-07,16,2025,not_attempted_no_own_domain,,,,,,,,,,,
1008,Dade,VISIONAIRES OF THE FUTURE ACADEMY,HOMESTEAD,33032,No,No,No,KG-04,3,2026,not_attempted_no_own_domain,,,,,,,,,,,
5785,Dade,WATCH ME GROW LEARNING CENTER II INC.,MIAMI,33142,No,Yes,Yes,PK-05,170,2025,not_attempted_no_own_domain,,,,,,,,,,,
6405,Dade,WATCH ME GROW LEARNING CENTER III,MIAMI,33127,No,Yes,Yes,PK-01,13,2025,not_reached,,,,,,,,,,,
5786,Dade,WATCH ME GROW LEARNING CENTER INC.,MIAMI,33125,No,Yes,Yes,PK-05,74,2025,not_attempted_no_own_domain,,,,,,,,,,,
7694,Dade,WATCH ME GROW LEARNING CENTER IV,MIAMI,33142,No,Yes,Yes,KG-05,26,2025,not_attempted_no_own_domain,,,,,,,,,,,
7444,Dade,WAYMAKER ACADEMY,MIAMI,33135,No,No,No,PK-KG,13,2025,not_attempted_no_own_domain,,,,,,,,,,,
5576,Dade,WCA PRIVATE SCHOOL INC.,HIALEAH,33010,No,Yes,Yes,KG-06,117,2026,not_attempted_no_own_domain,,,,,,,,,,,
6359,Dade,Welcome Academy School,Doral,33126,No,No,No,,0,2025,not_attempted_no_enrollment,,,,,,,,,,,
3848,Dade,WEST DADE ACADEMY,MIAMI,33165,No,Yes,Yes,KG-12,83,2025,not_attempted_no_own_domain,,,,,,,,,,,
7810,Dade,WESTCHESTER ACADEMY AND LEARNING CENTER,MIAMI,33155,No,Yes,Yes,PK-03,26,2025,not_attempted_no_own_domain,,,,,,,,,,,
3287,Dade,WESTERN GENERAL EDUCATION INC.,MIAMI,33238,Yes,No,No,09-12,22,2025,not_attempted_no_own_domain,,,,,,,,,,,
8987,Dade,WESTERN INTERNATIONAL SCHOOL,MIAMI,33126,No,No,No,,0,2025,not_attempted_no_enrollment,,,,,,,,,,,
2925,Dade,WESTMINSTER CHRISTIAN SCHOOL,PALMETTO BAY,33157,Yes,Yes,Yes,PK-12,1278,2025,found,2026-27,26100,31400,34100,,0,https://www.wcsmiami.org/admission/tuition-and-fees,2026-10-08,live,"three amounts per grade read as payment options; lowest (pay in full) used: K 22,900; 1-5 26,100; 6-8 31,400; 9-12 34,100",medium
3057,Dade,WESTWOOD CHRISTIAN SCHOOL,MIAMI,33183,Yes,Yes,Yes,PK-12,629,2025,found,2026-27,13390,14550,14800,,0,https://westwoodchristian.org/admissions,2026-10-08,live,"K5 11,140; 1-5 13,390; 6-8 14,550; 9-12 14,800; K2-K4 and VPK excluded",high
7398,Dade,WHAT ABOUT THE CHILDREN FOUNDATION INC,PEMBROKE PINES,33028,Yes,No,No,04-09,6,2025,no_website,,,,,,,,,,,
347,Dade,WILLIAM A. KIRLEW JR. ACADEMY,MIAMI GARDENS,33056,Yes,Yes,Yes,KG-08,123,2026,network_site_only,,,,,,0,https://www.flcoe.org/,2026-10-08,live,"only the FLCOE network site was found: range 7,000-14,000 per year",
4734,Dade,WISE CHOICE TUTORING CENTER,MIAMI,33176,No,No,No,,0,2025,not_attempted_no_enrollment,,,,,,,,,,,
4260,Dade,WORLD MISSION OF JESUS CHRIST CHRISTIAN,PEMBROKE PINES,33029,Yes,Yes,Yes,KG-12,29,2025,not_attempted_no_own_domain,,,,,,,,,,,
6439,Dade,WORLD OF KIDS ACADEMY,MIAMI,33166,No,Yes,Yes,PK-05,89,2025,tuition_word_no_amount,,,,,,,,,,,
5986,Dade,WORLDED INTERNATIONAL SCHOOL,MIAMI,33131,No,No,No,,0,2025,not_attempted_no_enrollment,,,,,,,,,,,
3625,Dade,WORSHIPERS' HOUSE OF PRAYER ACADEMY,MIAMI,33150,Yes,Yes,Yes,KG-10,106,2025,not_attempted_no_own_domain,,,,,,,,,,,
8902,Dade,XCEED PREP MIAMI-DADELAND,MIAMI,33156,No,Yes,Yes,06-12,69,2025,found,,,,,26500,0,https://www.xceedprep.org/tuition/,2026-10-08,live,tuition marked with an asterisk; year not stated; same page as school 5169,medium
9756,Dade,YAM HATALMUD OF FLORIDA,NMB,33162,Yes,No,No,09-11,32,2025,not_reached,,,,,,,,,,,
6482,Dade,YESHIVA ELEMENTARY,NORTH MIAMI,33161,Yes,Yes,Yes,KG-08,367,2025,not_attempted_no_own_domain,,,,,,,,,,,
3519,Dade,YESHIVA ELEMENTARY,MIAMI BEACH,33141,Yes,Yes,Yes,PK-08,236,2025,not_attempted_no_own_domain,,,,,,,,,,,
5860,Dade,YESHIVA OF MIAMI INC.,,,Yes,No,No,09-12,24,2026,found,,,,,15000,0,https://www.yeshivaofmiami.net/,2026-10-08,live,tuition per year as listed; context and year not stated,medium
3199,Dade,YESHIVA TORAS CHAIM,NORTH MIAMI BEACH,33179,Yes,Yes,Yes,09-12,127,2025,no_website,,,,,,,,,,,
6755,Dade,YIN YANG ACADEMY,MIAMI,33144,No,Yes,Yes,KG-08,57,2025,not_attempted_no_own_domain,,,,,,,,,,,
5272,Dade,YOTZER OHR INC.,AVENTURA,33180,Yes,Yes,Yes,07-12,47,2025,not_reached,,,,,,,,,,,
8510,Dade,YOUNG LEADERS ACADEMY K-8,MARGATE,33063,No,No,No,PK-08,96,2026,not_attempted_no_own_domain,,,,,,,,,,,
1912,Dade,YOUNG PRODIGIES LEARNING CENTER,MIAMI,33184,No,No,No,PK,14,2025,not_attempted_no_own_domain,,,,,,,,,,,
76,Dade,ZONI AMERICAN HIGH SCHOOL,Tampa,33614,No,No,No,09-11,3,2025,not_reached,,,,,,,,,,,
9192,Desoto,ARCADIA CHRISTIAN ACADEMY,ARCADIA,34266,Yes,Yes,Yes,KG-12,211,2025,not_reached,,,,,,,,,,,
8383,Desoto,FAITH PREPARATORY SCHOOL,LAKE SUZY,34269,No,No,No,PK-05,129,2025,tuition_word_no_amount,,,,,,,,,,,
5719,Desoto,FIRST ASSEMBLY OF GOD ACADEMY,ARCADIA,34266,Yes,Yes,Yes,KG-12,194,2026,not_attempted_no_own_domain,,,,,,,,,,,
8878,Desoto,GRACE CHRISTIAN SCHOOL OF PUNTA GORDA,ARCADIA,34269,Yes,Yes,Yes,PK-12,171,2025,not_attempted_no_own_domain,,,,,,,,,,,
7282,Dixie,CHARACTER COMMUNITY SERVICES,CROSS CITY,32628,No,Yes,Yes,03-12,25,2025,not_attempted_no_own_domain,,,,,,,,,,,
4488,Dixie,DIXIE COUNTY LEARNING ACADEMY,OLD TOWN,32680,Yes,Yes,Yes,KG-12,118,2025,not_attempted_no_own_domain,,,,,,,,,,,
6184,Duval,A CHILD'S PLACE MONTESSORI SCHOOL,JACKSONVILLE,32216,No,Yes,Yes,PK-05,31,2025,no_website,,,,,,,,,,,
5266,Duval,ACADEMY OF EXCELLENCE,JACKSONVILLE,32210,Yes,Yes,Yes,PK-12,174,2025,not_attempted_no_own_domain,,,,,,,,,,,
7488,Duval,ACADEMY OF SCHOLARS,JACKSONVILLE,32208,No,Yes,Yes,02-12,34,2025,not_attempted_no_own_domain,,,,,,,,,,,
4362,Duval,ACCESS HOPE,JACKSONVILLE,32220,No,No,No,12,1,2025,not_attempted_no_own_domain,,,,,,,,,,,
4272,Duval,AJYAL ACADEMY,JACKSONVILLE,32216,No,Yes,Yes,PK-01,30,2025,found,2026-27,11000,,,,0,https://ajyal.academy/tuition-affordability,2026-10-08,live,K-5 per year; VPK excluded,high
3145,Duval,AL-FURQAN ACADEMY,JACKSONVILLE,32246,Yes,Yes,Yes,PK-04,214,2025,found,2025-26,,,,9300,0,https://www.alfurqanacademy.org/tuition--fees.html,2026-10-08,live,K-12 flat annual rate; same page as school 29,high
29,Duval,AL-FURQAN ACADEMY CAMPUS 2,JACKSONVILLE,32246,Yes,Yes,Yes,05-12,119,2025,found,2025-26,,,,9300,0,https://www.alfurqanacademy.org/tuition--fees.html,2026-10-08,live,K-12 flat annual rate,high
196,Duval,ARK ACADEMY,JACKSONVILLE,32218,Yes,Yes,Yes,KG-01,26,2025,found,2026-27,,,,8600,0,https://arkacademy.education/enrollment,2026-10-08,live,"8,600 per year; 10,600 for students needing special support; monthly installments",high
776,Duval,ARLINGTON KINDERGARTEN OF JAX INC.,JACKSONVILLE,32211,No,Yes,Yes,PK-01,35,2025,not_attempted_no_own_domain,,,,,,,,,,,
8499,Duval,ARTS BUSINESS AND CULTURE ACADEMY,ST JOHNS,32259,No,No,No,08-09,2,2025,not_attempted_no_own_domain,,,,,,,,,,,
1623,Duval,ASPIRE TO INSPIRE AGENCY LLC,JACKSONVILLE,32219,Yes,No,No,PK-09,11,2025,not_attempted_no_own_domain,,,,,,,,,,,
2635,Duval,ASSUMPTION CATHOLIC SCHOOL,JACKSONVILLE,32207,Yes,Yes,Yes,KG-08,558,2026,no_website,,,,,,,,,,,
5357,Duval,Atckc Academy,Jacksonville,32244,No,No,No,,0,2025,not_attempted_no_enrollment,,,,,,,,,,,
3426,Duval,ATRIUM SCHOOL,JACKSONVILLE,32210,No,No,No,KG-12,137,2026,not_reached,,,,,,,,,,,
6449,Duval,AUSTIN CHRISTIAN VOCATIONAL ACADEMY,JACKSONVILLE,32208,Yes,No,No,,0,2025,not_attempted_no_enrollment,,,,,,,,,,,
355,Duval,AVSP ONLINE LEARNING PODS,JACKSONVILLE,32218,No,No,No,PK-KG,2,2025,not_attempted_no_own_domain,,,,,,,,,,,
2602,Duval,BAYMEADOWS BAPTIST DAY SCHOOL,JACKSONVILLE,32217,Yes,Yes,Yes,PK-08,148,2026,not_attempted_no_own_domain,,,,,,,,,,,
948,Duval,BEACHES CHAPEL SCHOOL,NEPTUNE BEACH,32266,Yes,Yes,Yes,KG-12,286,2025,not_reached,,,,,,,,,,,
2709,Duval,BETHEL HOLINESS ACADEMY,"JACKSONVILLE, FL",32226,Yes,No,No,03-12,13,2025,not_attempted_no_own_domain,,,,,,,,,,,
3843,Duval,BISHOP JOHN J. SNYDER HIGH SCHOOL,JACKSONVILLE,32210,Yes,Yes,Yes,09-12,504,2025,no_website,,,,,,,,,,,
1007,Duval,BISHOP KENNY HIGH SCHOOL,JACKSONVILLE,32207,Yes,Yes,Yes,09-12,1404,2025,found,2027-28,,,,17440,0,https://www.bishopkenny.org/admissions/tuitionandfinancial,2026-10-08,live,"standard tuition; Catholic discount rate 14,000; page also mentions 2026-27 fees",high
3327,Duval,BLESSED TRINITY CATHOLIC,JACKSONVILLE,32246,Yes,Yes,Yes,PK-08,248,2025,found,2026-27,,,,8750,0,https://3e7b597a-6b33-4189-8246-06076f21ba28.filesusr.com/ugd/3f6847_26b4a99aff9f4d1fb16aa42e735fd279.pdf,2026-10-08,live,"K-8 tuition per student, same as 2025-26",high
1065,Duval,BOLLES SCHOOL,JACKSONVILLE,32217,No,No,No,PK-12,1537,2025,found,2026-27,,33620,34660,,0,https://www.bolles.org/admission/tuition-and-affordability,2026-10-08,live,"6-8 33,620; 9-12 34,660; lower school lines not labelled so elementary not coded; resident student rate excluded",medium
4758,Duval,BROACH SCHOOL - SOUTHSIDE,FLEMING ISLAND,32003,No,Yes,Yes,KG-12,155,2026,unclear,,,,,,0,https://broachschool.com/tuition/,2026-10-08,live,programs priced by type; same page as school 1107,
1107,Duval,BROACH SCHOOL - WESTSIDE,FLEMING ISLAND,32003,No,Yes,Yes,KG-12,92,2026,unclear,,,,,,0,https://broachschool.com/tuition/,2026-10-08,live,"programs priced by type rather than grade (10,000 to 34,000)",
176,Duval,BROOKE HOUSE ACADEMY JAX,JACKSONVILLE,32256,No,Yes,Yes,06-10,24,2025,not_reached,,,,,,,,,,,
8047,Duval,BUILDERS OF THE FAITH CHRISTIAN ACADEMY,JACKSONVILLE,32244,Yes,Yes,Yes,PK-12,65,2025,not_attempted_no_own_domain,,,,,,,,,,,
2495,Duval,CAREER PREP ACADEMY OF BEACHSIDE,JACKSONVILLE,32207,Yes,Yes,Yes,06-12,317,2025,found,2025-26,,,,16000,0,https://www.careerprepworkforce.org/tuition-fees,2026-10-08,live,grades 6-12,high
8269,Duval,CAREER PREP ACADEMY OF NORTHSIDE,JACKSONVILLE,32218,No,Yes,Yes,06-12,248,2025,found,2025-26,,,,16000,0,https://www.careerprepworkforce.org/tuition-fees,2026-10-08,live,grades 6-12; same page as school 2495,high
3903,Duval,CAREER PREP ACADEMY OF WESTSIDE,JACKSONVILLE,32210,Yes,Yes,Yes,,0,2025,not_attempted_no_enrollment,,,,,,,,,,,
4974,Duval,CECUIFJ,476 RIVERSIDE AVE STE 4,32202,No,No,No,09-12,25,2025,not_attempted_no_own_domain,,,,,,,,,,,
3437,Duval,CEDAR CREEK CHRISTIAN SCHOOL,JACKSONVILLE,32205,Yes,Yes,Yes,PK-12,446,2026,no_website,,,,,,,,,,,
3687,Duval,CENTER ACADEMY - ST. JOHNS BLUFF,JACKSONVILLE,32246,No,Yes,Yes,05-12,64,2025,tuition_word_no_amount,,,,,,,,,,,
6056,Duval,CES ACADEMY,JACKSONVILLE,32216,Yes,Yes,Yes,KG-12,160,2026,not_reached,,,,,,,,,,,
9000,Duval,CHATMAN'S CHRISTIAN ACADEMY,JACKSONVILLE,32218,Yes,Yes,Yes,01-12,147,2025,not_attempted_no_own_domain,,,,,,,,,,,
3828,Duval,CHATMAN'S EARLY LEARNING CHRISTIAN ACAD,JACKSONVILLE,32218,Yes,Yes,Yes,PK-01,57,2025,not_attempted_no_own_domain,,,,,,,,,,,
1285,Duval,CHRIST THE KING CATHOLIC,JACKSONVILLE,32211,Yes,Yes,Yes,KG-08,358,2025,unclear,,,,,,0,https://ctkschooljax.com/tuition-and-scholarship-opportunities/,2026-10-08,live,scholarship information only,
2498,Duval,CHRIST'S CHURCH ACADEMY,JACKSONVILLE,32258,Yes,Yes,Yes,PK-12,662,2025,tuition_word_no_amount,,,,,,,,,,,
5745,Duval,ChriSTEM HERITAGE LEARNING CENTER INC,Jacksonville,32209,Yes,No,No,PK,10,2025,not_reached,,,,,,,,,,,
1314,Duval,CHRISTIAN HERITAGE ACADEMY,JACKSONVILLE,32216,Yes,Yes,Yes,KG-08,223,2025,tuition_word_no_amount,,,,,,,,,,,
3155,Duval,CLARKE SCHOOLS FOR HEARING AND SPEECH/JACKS,JACKSONVILLE,32257,No,No,No,PK-01,19,2025,not_reached,,,,,,,,,,,
8697,Duval,COLOSSAL JACKSONVILLE,JACKSONVILLE BEACH,32250,No,Yes,Yes,08-11,16,2025,not_attempted_no_own_domain,,,,,,,,,,,
3847,Duval,CORNERSTONE CHRISTIAN SCHOOL,JACKSONVILLE,32216,Yes,Yes,Yes,PK-12,310,2025,unclear,,,,,,0,https://www.csjax.org/(L_4)_-_Tuition_Fee_Schedule_(K5-12th)_(2026-2027)_(01_27_26)_3.pdf,2026-10-08,live,three unlabelled columns of tiers,
427,Duval,"CROSSROAD PRIVATE SCHOOL SYSTEMS, INC.",JACKSONVILLE,32239,Yes,No,No,12,1,2025,not_attempted_no_own_domain,,,,,,,,,,,
6795,Duval,DAYSPRING CHRISTIAN ACADEMY PRESCHOOL,JACKSONVILLE,32218,Yes,Yes,Yes,PK-01,40,2026,not_reached,,,,,,,,,,,
3948,Duval,DEPAUL SCHOOL OF NE FL INC. - GUDAL CAMPUS,JACKSONVILLE,32246,No,Yes,Yes,02-08,143,2025,unclear,,,,,,0,https://www.depaulschool.com/admissions/,2026-10-08,live,scholarship information only,
7719,Duval,DESTINY PREPARATORY ACADEMY,JACKSONVILLE,32258,No,No,No,PK,15,2025,not_attempted_no_own_domain,,,,,,,,,,,
2765,Duval,EAGLE'S VIEW ACADEMY,JACKSONVILLE,32221,Yes,Yes,Yes,KG-12,272,2025,unclear,,,,,,0,https://evajax.com/tuition-fees/,2026-10-08,live,amounts without clear labels,
6996,Duval,EAST POINTE CHRISTIAN ACADEMY,JACKSONVILLE,32225,Yes,Yes,Yes,PK-01,122,2025,not_reached,,,,,,,,,,,
2992,Duval,ELEVATION COMMUNITY SCHOOL,JACKSONVILLE,32226,Yes,No,No,KG-08,8,2026,not_attempted_no_own_domain,,,,,,,,,,,
1412,Duval,EPHESUS SDA JUNIOR ACADEMY,JACKSONVILLE,32209,Yes,Yes,Yes,KG-12,107,2025,not_attempted_no_own_domain,,,,,,,,,,,
1620,Duval,EPISCOPAL SCHOOL OF JACKSONVILLE,JACKSONVILLE,32207,Yes,Yes,Yes,06-12,979,2025,found,2026-27,,33750,,,0,https://esj.org/tuition-financial-aid/munnerlyn-tuition-2026-2027/,2026-10-08,live,"grades 6-8 33,750; other grades not read",medium
1972,Duval,EPISCOPAL SCHOOL OF JACKSONVILLE BEACHES,JACKSONVILLE BEACH,32250,Yes,Yes,Yes,PK-05,251,2025,unclear,,,,,,0,https://esj.org/tuition-financial-aid/munnerlyn-tuition-2026-2027/,2026-10-08,live,page found is another campus's schedule; not coded,
1927,Duval,EPISCOPAL SCHOOL OF JACKSONVILLE ST. MARK'S,JACKSONVILLE,32210,Yes,Yes,Yes,PK-05,283,2025,unclear,,,,,,0,https://esj.org/tuition-financial-aid/munnerlyn-tuition-2026-2027/,2026-10-08,live,page found is another campus's schedule; not coded,
3587,Duval,ESPRIT DE CORPS CENTER FOR LEARNING,JACKSONVILLE,32219,Yes,Yes,Yes,KG-07,12,2025,no_website,,,,,,,,,,,
2143,Duval,EUNICE CHRISTIAN SCHOOL,JACKSONVILLE,32226,Yes,No,No,11-12,2,2026,not_attempted_no_own_domain,,,,,,,,,,,
9869,Duval,EXCEPTIONAL LEARNING AND ARTS ACADEMY,JACKSONVILLE,32255,No,No,No,KG-12,193,2026,unclear,,,,,,0,,2026-10-08,live,no dollar lines found,
3893,Duval,FAITH ACADEMY,JACKSONVILLE,32218,Yes,Yes,Yes,02-12,26,2025,not_reached,,,,,,,,,,,
9496,Duval,FAITH FIRST PRESCHOOL,JACKSONVILLE,32246,Yes,Yes,Yes,PK,13,2025,unclear,,,,,,0,https://www.faithfirstpreschool.com/tuition-rates,2026-10-08,live,preschool weekly rates,
4784,Duval,FATHER'S HARBOR ACADEMY,JACKSONVILLE,32216,Yes,Yes,Yes,KG-12,45,2025,found,2026-27,,,,11000,0,https://fhajax.org/tuition,2026-10-08,live,"same 11,000 for K-5, 6-8 and 9-12",high
2542,Duval,FIELDS OF ART CHRISTIAN ACADEMY,JACKSONVILLE,32208,Yes,Yes,Yes,KG-12,119,2025,not_attempted_no_own_domain,,,,,,,,,,,
1214,Duval,FIRST COAST CHRISTIAN SCHOOL,JACKSONVILLE,32244,Yes,Yes,Yes,PK-12,635,2026,unclear,,,,,,0,https://www.fccsjax.org/apply,2026-10-08,live,only application and testing fees seen,
2344,Duval,FOUNDATION ACADEMY,JACKSONVILLE,32224,Yes,Yes,Yes,KG-12,353,2026,unclear,,,,,,0,https://www.foundationacademy.com/admissions,2026-10-08,live,only fees seen,
4912,Duval,Future Leaders Academy & Preschool,Jacksonville,32218,No,No,No,PK,14,2025,not_attempted_no_own_domain,,,,,,,,,,,
4184,Duval,GRACE CHRISTIAN ACADEMY,BALDWIN,32234,Yes,Yes,Yes,PK-12,81,2025,not_reached,,,,,,,,,,,
3496,Duval,GRACE LUTHERAN SCHOOL,JACKSONVILLE,32225,Yes,Yes,Yes,PK-08,212,2025,no_website,,,,,,,,,,,
5258,Duval,GREAT STRIDES REHABILITATION,JACKSONVILLE,32223,No,No,No,KG-12,26,2025,tuition_word_no_amount,,,,,,,,,,,
1749,Duval,GREENWOOD SCHOOL,JACKSONVILLE,32225,No,Yes,Yes,06-12,202,2025,found,2025-26,,,,17527,0,https://greenwoodjax.org/admissions/,2026-10-08,live,tuition for all grades,high
6787,Duval,GROWING MINDS ACADEMY,JACKSONVILLE,32244,No,Yes,Yes,PK-11,15,2025,not_attempted_no_own_domain,,,,,,,,,,,
9478,Duval,GROWING TOGETHER BEHAVIORAL CENTER,JACKSONVILLE,32207,No,Yes,Yes,PK-12,41,2025,not_reached,,,,,,,,,,,
1597,Duval,GUARDIAN CATHOLIC SCHOOL,,,Yes,Yes,Yes,PK-08,223,2026,no_website,,,,,,,,,,,
2219,Duval,GUIDEPOST MONTESSORI AT BAYMEADOWS,JACKSONVILLE,32256,No,Yes,Yes,PK-KG,18,2025,unclear,,,,,,0,https://guidepostmontessori.com/admissions/,2026-10-08,live,referral credit only,
3332,Duval,HARVEST COMMUNITY SCHOOL,JACKSONVILLE,32277,Yes,Yes,Yes,KG-12,264,2026,found,,8500,10000,11500,,0,https://www.hcsjax.org/admissions/,2026-10-08,live,"K-5 8,500; 6-8 10,000; 9-12 11,500; page mentions 2026/27 and 2027-28",medium
4140,Duval,HOLY FAMILY CATHOLIC SCHOOL,JACKSONVILLE,32256,Yes,Yes,Yes,PK-08,442,2025,no_website,,,,,,,,,,,
2692,Duval,HOLY SPIRIT CATHOLIC SCHOOL,JACKSONVILLE,32225,Yes,Yes,Yes,PK-08,230,2025,no_website,,,,,,,,,,,
1178,Duval,Hope Christian School at Cedar Hills,JACKSONVILLE,32210,Yes,Yes,Yes,KG-08,137,2025,tuition_word_no_amount,,,,,,,,,,,
7723,Duval,HOPE HAVEN ASSOCIATION INC.,JACKSONVILLE,32207,No,Yes,Yes,PK-KG,8,2026,not_reached,,,,,,,,,,,
3553,Duval,HOPEWELL CHRISTIAN ACADEMY,JACKSONVILLE,32223,Yes,Yes,Yes,KG-05,54,2025,not_reached,,,,,,,,,,,
5358,Duval,ICITY CHRISTIAN SCHOOLS,JACKSONVILLE,32238,Yes,Yes,Yes,KG-07,15,2025,no_website,,,,,,,,,,,
6566,Duval,ICON PREPARATORY SCHOOL JACKSONVILLE,TAMPA,33607,No,Yes,Yes,KG-08,382,2025,tuition_word_no_amount,,,,,,,,,,,
5217,Duval,Immanuel Academy of Excellence,JACKSONVILLE,32221,Yes,Yes,Yes,KG-08,29,2025,not_reached,,,,,,,,,,,
7799,Duval,IMPACT CHRISTIAN ACADEMY,JACKSONVILLE,32211,Yes,Yes,Yes,PK-12,329,2025,found,2026-27,9720,10090,10440,,0,https://icajax.com/tuition/,2026-10-08,live,"K5-5 9,720; 6-8 10,090; 9-12 10,440; PK3 and PK4 excluded",high
3160,Duval,JACKSONVILLE CHRISTIAN ACADEMY,JACKSONVILLE,32221,Yes,No,No,01-09,16,2025,not_reached,,,,,,,,,,,
4137,Duval,JACKSONVILLE COUNTRY DAY SCHOOL,JACKSONVILLE,32256,No,Yes,Yes,PK-05,449,2026,unclear,,,,,,0,https://www.jcds.com/admissions/tuition-and-affordability,2026-10-08,live,only care fees seen,
4814,Duval,JACKSONVILLE SCHOOL FOR AUTISM,JACKSONVILLE,32256,No,No,No,PK-12,50,2026,tuition_word_no_amount,,,,,,,,,,,
2780,Duval,JERICHO SCHOOL FOR CHILDREN WITH AUTISM INC.,JACKSONVILLE,32211,No,No,No,PK-12,27,2025,not_reached,,,,,,,,,,,
4023,Duval,JOSHUA CHRISTIAN ACADEMY,JACKSONVILLE,32254,Yes,Yes,Yes,PK-12,362,2026,found,,8000,8100,8300,,0,https://www.jcacademy.org/education-tuition-fees-grade-school-upper-school,2026-10-08,live,"K-5 8,000; 6-8 8,100; 9-12 8,300; page mentions 2025-26 and 2026-27",medium
7986,Duval,K & Lay's Super Star Learning Academy,Jacksonville,32209,Yes,No,No,PK-03,25,2025,not_attempted_no_own_domain,,,,,,,,,,,
7963,Duval,Kiddieville Christian Academy,Jacksonville,32205,Yes,Yes,Yes,,0,2025,not_attempted_no_enrollment,,,,,,,,,,,
8427,Duval,KREATIVE SUCCESS ACADEMY INC,JACKSONVILLE,32218,No,Yes,Yes,KG-05,68,2025,no_website,,,,,,,,,,,
2739,Duval,LA CORE CHRISTIAN ELEMENTARY SCHOOL,JACKSONVILLE,32211,Yes,Yes,Yes,KG-07,169,2025,not_attempted_no_own_domain,,,,,,,,,,,
286,Duval,LEGACY CHRISTIAN ACADEMY OF JACKSONVILLE,JACKSONVILLE,32246,Yes,Yes,Yes,KG-08,59,2026,not_attempted_no_own_domain,,,,,,,,,,,
2199,Duval,LIFEPOINT ACADEMY OF SEVENTH-DAY ADVENTISTS,JACKSONVILLE,32257,Yes,Yes,Yes,PK-10,135,2026,network_site_only,,,,,,0,https://www.flcoe.org/,2026-10-08,live,"only the FLCOE network site was found: range 7,000-14,000 per year",
5851,Duval,LIFESKILLS OUTREACH LEARNING AND SUPPORTS,JACKSONVILLE,32258,No,No,No,12,1,2025,not_attempted_no_own_domain,,,,,,,,,,,
3256,Duval,LIGHTHOUSE CHRISTIAN SCHOOL DINSMORE,JACKSONVILLE,32223,Yes,Yes,Yes,01-12,40,2026,found,2026-27,,,,10500,0,https://www.lighthousechristianschool.net/,2026-10-08,live,"total cost per year including registration, books and testing; same wording as school 278",high
6315,Duval,LIGHTHOUSE CHRISTIAN SCHOOL NEW,JACKSONVILLE,32223,Yes,No,No,,0,2026,not_attempted_no_enrollment,,,,,,,,,,,
4840,Duval,LIGHTHOUSE CHRISTIAN SCHOOL WESTSIDE,JACKSONVILLE,32223,Yes,Yes,Yes,01-12,54,2026,found,2026-27,,,,10500,0,https://www.lighthousechristianschool.net/,2026-10-08,live,"total cost per year including registration, books and testing",high
4459,Duval,LIGHTHOUSE CHRISTIAN SCHOOL-ARLINGTON,JACKSONVILLE,32223,Yes,Yes,Yes,05-12,18,2026,found,2026-27,,,,10500,0,https://www.lighthousechristianschool.net/,2026-10-08,live,"total cost per year including registration, books and testing",high
4457,Duval,LIGHTHOUSE CHRISTIAN SCHOOL-MANDARIN,JACKSONVILLE,32223,Yes,Yes,Yes,01-12,23,2026,found,2026-27,,,,10500,0,https://www.lighthousechristianschool.net/,2026-10-08,live,"total cost per year including registration, books and testing",high
4095,Duval,LIGHTHOUSE CHRISTIAN SCHOOL-NORTHSIDE,JACKSONVILLE,32223,Yes,Yes,Yes,02-12,78,2026,found,2026-27,,,,10500,0,https://www.lighthousechristianschool.net/,2026-10-08,live,"total cost per year including registration, books and testing",high
2684,Duval,LITTLE COUNTRY SCHOOL INC.,JACKSONVILLE,32218,No,Yes,Yes,KG-12,24,2025,not_attempted_no_own_domain,,,,,,,,,,,
5185,Duval,LITTLE STAR CENTER,JACKSONVILLE,32256,No,No,No,05,1,2025,not_reached,,,,,,,,,,,
6112,Duval,LIVINGWAY CHRISTIAN ACADEMY,JACKSONVILLE,32208,Yes,Yes,Yes,KG-06,51,2025,not_attempted_no_own_domain,,,,,,,,,,,
5027,Duval,LOVERS LITTLE ONES ACADEMY,JACKSONVILLE,32210,Yes,No,No,PK,10,2025,not_attempted_no_own_domain,,,,,,,,,,,
7204,Duval,MAI LEADERSHIP ACADEMY INC.,JACKSONVILLE,32209,No,Yes,Yes,PK-10,48,2025,not_attempted_no_own_domain,,,,,,,,,,,
5473,Duval,MAINSPRING ACADEMY,JACKSONVILLE,32216,No,Yes,Yes,KG-12,54,2025,found,,,,,29000,0,https://www.mainspringacademy.org/prospective-students/tuition-fees/,2026-10-08,live,annual tuition for a 180-day school year; year not stated,high
2109,Duval,MARTIN J. GOTTLIEB DAY SCHOOL,JACKSONVILLE,32257,Yes,Yes,Yes,PK-08,140,2025,tuition_word_no_amount,,,,,,,,,,,
5985,Duval,MICHELE BLOCK GAN YELADIM PRESCHOOL AND KIN,JACKSONVILLE,32217,Yes,Yes,Yes,PK-KG,46,2025,not_reached,,,,,,,,,,,
4803,Duval,MILLENNIAL CHRISTIAN SCHOOL,JACKSONVILLE,32205,Yes,Yes,Yes,KG-12,28,2025,no_website,,,,,,,,,,,
8744,Duval,MINDS OF THE FUTURE ACADEMY,JACKSONVILLE,32226,No,Yes,Yes,PK-12,247,2025,not_attempted_no_own_domain,,,,,,,,,,,
8722,Duval,MITCHELL LEARNING ACADEMY,JACKSONVILLE,32225,No,Yes,Yes,KG-03,22,2025,not_reached,,,,,,,,,,,
2395,Duval,MONTESSORI TIDES,JACKSONVILLE BEACH,32250,No,Yes,Yes,PK-04,119,2025,unclear,,,,,,0,https://www.montessoritides.com/enrollment/tuition-and-fees/,2026-10-08,live,2023-24 age-based Montessori rates,
1769,Duval,MORNING STAR SCHOOL,JACKSONVILLE,32211,Yes,Yes,Yes,KG-12,127,2025,tuition_word_no_amount,,,,,,,,,,,
8711,Duval,MY ACADEMY,JACKSONVILLE,32207,Yes,Yes,Yes,KG-12,177,2025,not_attempted_no_own_domain,,,,,,,,,,,
6167,Duval,NATALIA RICE ACADEMY 2,JACKSONVILLE,32208,No,Yes,Yes,PK-02,21,2025,not_attempted_no_own_domain,,,,,,,,,,,
5337,Duval,NEW BEGINNINGS CHRISTIAN ACADEMY,JACKSONVILLE,32205,Yes,Yes,Yes,KG-12,66,2026,not_attempted_no_own_domain,,,,,,,,,,,
2974,Duval,NEW BERLIN ROAD CHRISTIAN ACADEMY,JACKSONVILLE,32218,Yes,Yes,Yes,KG-02,9,2025,not_reached,,,,,,,,,,,
4946,Duval,NORTH FLA EDUCATIONAL INSTITUTE,JACKSONVILLE,32203,No,Yes,Yes,04-12,196,2025,tuition_word_no_amount,,,,,,,,,,,
8284,Duval,NORTH FLA EDUCATIONAL INSTITUTE WESTSIDE,JACKSONVILLE,32203,No,Yes,Yes,PK-07,254,2025,no_website,,,,,,,,,,,
1253,Duval,NORTH FLORIDA SCHOOL OF SPECIAL EDUCATION,JACKSONVILLE,32211,No,Yes,Yes,01-12,249,2025,found,2025-26,,,,21540,0,https://northfloridaschool.org/parents/tuition/,2026-10-08,live,special education school; tuition stated for 2025-26,high
4894,Duval,OLD PLANK CHRISTIAN ACADEMY,JACKSONVILLE,32220,Yes,Yes,Yes,PK-12,391,2025,not_reached,,,,,,,,,,,
9576,Duval,PARKS' PLACE DAYCARE  LEARNING CENTER LLC,,32222,No,No,No,PK,26,2025,not_reached,,,,,,,,,,,
4616,Duval,PARKWOOD WEEKDAY EARLY EDUCATION CENTER,JACKSONVILLE,32211,Yes,Yes,Yes,KG-08,83,2025,no_website,,,,,,,,,,,
4139,Duval,PARSONS CHRISTIAN ACADEMY,JACKSONVILLE,32277,Yes,Yes,Yes,PK-12,375,2025,found,2026-27,8300,8500,8800,,0,https://www.pclions.org/admissions,2026-10-08,live,"K-5 8,300; 6-8 8,500; 9-12 8,800 (annual); fees separate",high
8192,Duval,PHOENIX PREPARATORY SCHOOL,JACKSONVILLE,32277,Yes,No,No,,0,2026,not_attempted_no_enrollment,,,,,,,,,,,
4727,Duval,POISE SCHOOL,JACKSONVILLE,32211,No,No,No,,0,2025,not_attempted_no_enrollment,,,,,,,,,,,
3217,Duval,POLARIS GLOBAL ACADEMY,West Atlantic Beach,32233,No,No,No,06-12,51,2025,not_reached,,,,,,,,,,,
3130,Duval,PROVIDENCE SCHOOL,JACKSONVILLE,32224,Yes,Yes,Yes,PK-12,1687,2025,unclear,,,,,,0,https://www.prov.org/admissions/continuous-enrollment/,2026-10-08,live,deposit only,
6690,Duval,REACH ACADEMY,JACKSONVILLE,32257,No,Yes,Yes,02-12,16,2025,found,2025-26,,,,16000,1,https://www.reachacademyjax.com/tuition,2026-10-08,live,"classroom tuition ranges 16,000 to 25,000 by level of support; lower figure recorded",medium
1824,Duval,RESURRECTION CATHOLIC SCHOOL,JACKSONVILLE,32277,Yes,Yes,Yes,PK-08,194,2025,no_website,,,,,,,,,,,
1859,Duval,RIVERSIDE PRESBYTERIAN DAY SCHOOL,JACKSONVILLE,32204,Yes,Yes,Yes,PK-06,403,2025,found,2026-27,19990,,,,0,https://www.rpds.com/admissions/tuition-fees,2026-10-08,live,"K 19,220; 1-3 19,990; 4-6 20,710; upper grades not seen; PreK excluded",high
6492,Duval,ROAD TO SUCCESS ACADEMY,JACKSONVILLE,32211,No,Yes,Yes,PK-01,8,2025,not_reached,,,,,,,,,,,
2931,Duval,SACRED HEART,JACKSONVILLE,32244,Yes,Yes,Yes,PK-08,382,2026,not_reached,,,,,,,,,,,
1905,Duval,SAINT JOSEPH SCHOOL,JACKSONVILLE,32258,Yes,Yes,Yes,PK-08,535,2025,found,2026-27,,,,9575,0,https://stjosephcs.org/financial/,2026-10-08,live,full day 7:45-2:55 annual tuition; half-day programs excluded,high
1939,Duval,SAINT MATTHEWS CATHOLIC SCHOOL,JACKSONVILLE,32210,Yes,Yes,Yes,PK-08,251,2026,tuition_word_no_amount,,,,,,,,,,,
1955,Duval,SAINT PATRICKS,JACKSONVILLE,32218,Yes,Yes,Yes,PK-08,267,2026,no_website,,,,,,,,,,,
2010,Duval,SAINT PAUL CATHOLIC SCHOOL,JACKSONVILLE,32204,Yes,Yes,Yes,PK-08,203,2026,no_website,,,,,,,,,,,
1987,Duval,SAINT PAUL'S CATHOLIC SCHOOL,JACKSONVILLE BEACH,32250,Yes,Yes,Yes,PK-08,639,2026,no_website,,,,,,,,,,,
3891,Duval,SALINGER ACADEMY LLC,JACKSONVILLE,32223,No,No,No,,0,2025,not_attempted_no_enrollment,,,,,,,,,,,
2065,Duval,SAN JOSE CATHOLIC GRADE SCHOOL,JACKSONVILLE,32217,Yes,Yes,Yes,PK-08,472,2026,found,2026-27,,,,10370,0,https://sanjosecatholicschool.com/wp-content/uploads/2025/10/26-27-Tuition-and-Fees.pdf,2026-10-08,live,"K-8 annual tuition; Catholic rate 9,370; PreK excluded",high
2088,Duval,SAN JOSE EPISCOPAL DAY SCHOOL,JACKSONVILLE,32217,Yes,Yes,Yes,PK-06,216,2025,unclear,,,,,,0,https://www.sjeds.org/admission/tuition-and-affordability,2026-10-08,live,amounts by grade without clear labels,
6420,Duval,Scholars Academy,Jacksonville,32216,No,No,No,09,50,2025,tuition_word_no_amount,,,,,,,,,,,
4879,Duval,"Scott’s New Beginnings CCLC, LLC",Jacksonville,332218,No,No,No,KG,4,2026,not_attempted_no_own_domain,,,,,,,,,,,
1146,Duval,SEACOAST CHRISTIAN ACADEMY,JACKSONVILLE,32211,Yes,Yes,Yes,PK-12,345,2025,found,2026-27,8715,9250,9250,,0,https://scajax.org/tuition/,2026-10-08,live,"K 8,757; 1-6 8,715; 7-11 9,250; 12 9,350",high
507,Duval,SOARING SCHOLARS ACADEMY,JACKSONVILLE,32208,No,Yes,Yes,KG-12,95,2025,not_attempted_no_own_domain,,,,,,,,,,,
7237,Duval,Somerset Academy Jacksonville,Jacksonville,32258,No,No,No,,0,2025,not_attempted_no_enrollment,,,,,,,,,,,
3766,Duval,SOUTHVILLE PRESCHOOL,JACKSONVILLE,32254,No,No,No,PK,3,2025,not_attempted_no_own_domain,,,,,,,,,,,
4437,Duval,STRIVE FOR EXCELLENCE LEARNING ACADEMY,JACKSONVILLE,32210,No,No,No,PK,6,2025,not_attempted_no_own_domain,,,,,,,,,,,
6000,Duval,STRIVING FOR EXCELLENCE ACADEMY,JACKSONVILLE,32254,No,Yes,Yes,KG-12,26,2025,not_attempted_no_own_domain,,,,,,,,,,,
6856,Duval,SUNSHINE SCHOOL OF INDIVIDUALIZED LEARNING,JACKSONVILLE,32217,No,No,No,KG-11,39,2026,not_attempted_no_own_domain,,,,,,,,,,,
6038,Duval,Taylor's Success Academy,Jacksonville,32208,No,No,No,,0,2025,not_attempted_no_enrollment,,,,,,,,,,,
6305,Duval,TDH FOUNDATION,JACKSONVILLE,32254,Yes,Yes,Yes,PK-12,200,2025,not_attempted_no_own_domain,,,,,,,,,,,
5339,Duval,TEMPLE CHRISTIAN ACADEMY INC.,JACKSONVILLE,32210,Yes,Yes,Yes,PK-12,217,2026,tuition_word_no_amount,,,,,,,,,,,
1319,Duval,TEMPLE COLLEGE PREPARATORY,JACKSONVILLE,32209,Yes,Yes,Yes,PK-12,71,2025,not_attempted_no_own_domain,,,,,,,,,,,
5216,Duval,THE ARC JACKSONVILLE,JACKSONVILLE,32209,No,No,No,12,21,2026,not_reached,,,,,,,,,,,
5367,Duval,THE ARC JACKSONVILLE ACADEMY 2 - OCT,JACKSONVILLE FL,32209,No,Yes,Yes,12,6,2026,not_reached,,,,,,,,,,,
1088,Duval,THE ARC JACKSONVILLE ACADEMY WEST,JACKSONVILLE FL,32209,No,No,No,12,7,2026,not_reached,,,,,,,,,,,
5811,Duval,THE CHEDER OF JACKSONVILLE,JACKSONVILLE,32246,Yes,Yes,Yes,KG-08,33,2025,not_attempted_no_own_domain,,,,,,,,,,,
1459,Duval,THE COVENANT SCHOOL OF JACKSONVILLE INC,JACKSONVILLE,32207,Yes,Yes,Yes,PK-12,397,2025,found,2026-27,12250,12350,13100,,0,https://wearecovenant.org/tuition,2026-10-08,live,"K-5 12,250; 6-8 12,350; 9th 12,500; 10-12 13,100; PreK excluded",high
3236,Duval,THE DISCOVERY SCHOOL,JACKSONVILLE BEACH,32250,No,Yes,Yes,PK-08,291,2025,found,2026-27,21500,24500,,,0,https://www.thediscoveryschool.org/admissions/tuition-fees,2026-10-08,live,"5 years old 20,500; grade 1 21,000; 2-3 21,500; 4-5 22,000 (tied, lower rate used); 6-8 24,500",high
5157,Duval,The Goddard School of Baymeadows,Jacksonville,32256,No,Yes,Yes,PK-KG,78,2025,no_website,,,,,,,,,,,
8167,Duval,The Mount Christian Academy of Excellence,,,Yes,No,No,PK-03,60,2026,not_attempted_no_own_domain,,,,,,,,,,,
2776,Duval,THE POTTER'S HOUSE CHRISTIAN ACADEMY,JACKSONVILLE,32205,Yes,Yes,Yes,09-12,79,2025,tuition_word_no_amount,,,,,,,,,,,
4647,Duval,THE POTTER'S HOUSE CHRISTIAN ACADEMY ELEM,JACKSONVILLE,32205,Yes,Yes,Yes,PK-08,329,2025,tuition_word_no_amount,,,,,,,,,,,
3823,Duval,THE RANDOLPH FRANCIS ACADEMY INCORPORATED,JACKSONVILLE,32244,No,No,No,,0,2025,not_attempted_no_enrollment,,,,,,,,,,,
6462,Duval,THE SCIENCE AND MATH INSTITUTE,JACKSONVILLE,32210,No,Yes,Yes,KG-11,46,2025,not_reached,,,,,,,,,,,
9682,Duval,THE WAY CHRISTIAN ACADEMY,JACKSONVILLE,32220,Yes,Yes,Yes,KG-03,31,2025,not_reached,,,,,,,,,,,
8629,Duval,TIPHNE DARSHAY HOLLIS FOUNDATION/HOLLIS ACA,JACKSONVILLE,32254,Yes,Yes,Yes,09-12,46,2025,not_attempted_no_own_domain,,,,,,,,,,,
4380,Duval,TORAH ACADEMY OF JACKSONVILLE,JACKSONVILLE,32257,Yes,Yes,Yes,PK-12,81,2025,found,2026-27,14040,14440,16840,,0,https://torah-academy.com/wp-content/uploads/2026/04/2026-27-Tuition-and-Fee-Rate-Table-1.pdf,2026-10-08,live,"K 10,640; 1-5 14,040; 6-8 14,440; 9-12 16,840; registration and supply fee separate",high
2334,Duval,TRINITY CHRISTIAN ACADEMY,JACKSONVILLE,32221,Yes,Yes,Yes,PK-12,1466,2025,found,2026-27,11500,13490,13560,,0,https://tcajax.org/affordability/,2026-10-08,live,"taken from example scenarios: grade 1 11,500; grade 8 13,490; grade 11 13,560",medium
2156,Duval,UNIVERSITY CHRISTIAN SCHOOL,JACKSONVILLE,32216,Yes,Yes,Yes,PK-12,904,2025,found,,12000,13000,14000,,0,https://www.ucsjax.com/tuitions-fees,2026-10-08,live,"K 11,500; 1-4 12,000; 5-8 13,000; 9-12 14,000; year not stated (monthly payments from June 2026)",high
6770,Duval,"University Performing Arts Academy, Inc",Jacksonville,32256,No,No,No,,0,2025,not_attempted_no_enrollment,,,,,,,,,,,
998,Duval,Upschool,,,No,No,No,,0,2026,not_attempted_no_enrollment,,,,,,,,,,,
2680,Duval,VFGP ACADEMY,JACKSONVILLE,32256,Yes,No,No,03-09,3,2025,not_attempted_no_own_domain,,,,,,,,,,,
7188,Duval,Victorious Preparatory Academy,Jacksonville,32204,No,Yes,Yes,PK-02,84,2025,no_website,,,,,,,,,,,
2170,Duval,VICTORY CHRISTIAN ACADEMY,JACKSONVILLE,32218,Yes,Yes,Yes,PK-12,222,2026,not_reached,,,,,,,,,,,
2927,Duval,WEST MEADOWS BAPTIST ACADEMY,JACKSONVILLE,32221,Yes,Yes,Yes,KG-12,61,2025,not_reached,,,,,,,,,,,
4745,Duval,YOUNG HEARTS CHILD DEVELOPMENT PRE-K 2,JACKSONVILLE,32206,No,Yes,Yes,PK,1,2026,not_attempted_no_own_domain,,,,,,,,,,,
5812,Duval,YOUNG KIDS IN MOTION ACADEMY INC,JACKSONVILLE,32216,No,Yes,Yes,KG-12,297,2025,not_attempted_no_own_domain,,,,,,,,,,,
4926,Duval,ZAREPHATH ACADEMY,JACKSONVILLE,32206,Yes,Yes,Yes,KG-12,175,2025,not_attempted_no_own_domain,,,,,,,,,,,
1973,Escambia,ALETHEIA CHRISTIAN ACADEMY,PENSACOLA,32504,Yes,Yes,Yes,PK-12,481,2026,found,,,,,9500,0,https://www.acalions.org/admissions/admissionsfaq,2026-10-08,live,tuition from the admissions FAQ; year not stated,high
8044,Escambia,Aurora Astra Christian Academy,Pensacola,32534,No,No,No,07-12,4,2026,not_attempted_no_own_domain,,,,,,,,,,,
5565,Escambia,BB C CHRISTIAN ACADEMY,PENSACOLA,32501,Yes,Yes,Yes,KG-05,53,2025,not_attempted_no_own_domain,,,,,,,,,,,
4035,Escambia,BE ACADEMY LLC,PENSACOLA,32504,Yes,Yes,Yes,PK-05,91,2025,tuition_word_no_amount,,,,,,,,,,,
1843,Escambia,BEYOND THE BOOKS MONTESSORI ACADEMY INC.,PENSACOLA,32505,No,Yes,Yes,PK-11,63,2025,not_attempted_no_own_domain,,,,,,,,,,,
2726,Escambia,BLESSED STAR MONTESSORI CHRISTIAN SCHOOL,PENSACOLA,32514,Yes,Yes,Yes,KG-09,23,2025,not_attempted_no_own_domain,,,,,,,,,,,
1878,Escambia,BRILLIANT MINDS ACADEMY INC.,PENSACOLA,32534,No,Yes,Yes,,0,2025,not_attempted_no_enrollment,,,,,,,,,,,
3598,Escambia,CARDEN CHRISTIAN ACADEMY,PENSACOLA,32506,Yes,Yes,Yes,PK-12,55,2025,not_attempted_no_own_domain,,,,,,,,,,,
3220,Escambia,Champions Learning Academy,PENSACOLA,32501,No,No,No,,0,2026,not_attempted_no_enrollment,,,,,,,,,,,
8,Escambia,CHESTERTON ACADEMY OF THE FLORIDA MARTYRS,PENSACOLA,32591,Yes,Yes,Yes,09-12,25,2026,unclear,,,,,,0,https://www.chestertonpensacola.org/apply-and-enroll,2026-10-08,live,tuition schedule is a linked document that was not read; enrollment fee only,
1413,Escambia,CHRISTIAN INSTITUTE OF ARTS AND SCIENCES,PENSACOLA,32506,Yes,Yes,Yes,KG-12,129,2025,unclear,,,,,,0,https://www.christianinstitute.com/tuition,2026-10-08,live,umbrella school priced 200-350 per year,
3072,Escambia,CREATIVE LEARNING ACADEMY OF PENSACOLA,PENSACOLA,32503,No,Yes,Yes,PK-08,361,2025,unclear,,,,,,0,https://www.creativelearningacademy.org/admissions/tuition-fees,2026-10-08,live,fees only,
1194,Escambia,CTT 365 CHOSEN HERITAGE,PENSACOLA,32523,No,No,No,,0,2026,not_attempted_no_enrollment,,,,,,,,,,,
6836,Escambia,D T PREPARATORY ACADEMY INC,PENSACOLA,32534,Yes,Yes,Yes,KG-08,232,2026,tuition_word_no_amount,,,,,,,,,,,
6994,Escambia,DIXON SCHOOL OF ARTS AND SCIENCES,PENSACOLA,32501,No,Yes,Yes,KG-08,260,2025,found,2026-27,,,,7000,0,https://dixonschoolota.org/tuition-fees/,2026-10-08,live,"K-8 tuition; books and materials 2,000 and arts programme 1,000 listed as separate annual charges",high
3719,Escambia,EAST HILL ACADEMY INC.,PENSACOLA,32591,No,Yes,Yes,KG-12,94,2025,no_website,,,,,,,,,,,
717,Escambia,EAST HILL CHRISTIAN SCHOOL,PENSACOLA,32501,Yes,Yes,Yes,04-12,289,2025,no_website,,,,,,,,,,,
5757,Escambia,EAST HILL CHRISTIAN SCHOOL,PENSACOLA,32501,Yes,Yes,Yes,PK-05,219,2025,no_website,,,,,,,,,,,
777,Escambia,EPISCOPAL DAY SCHOOL CHRIST CHURCH,PENSACOLA,32502,Yes,No,No,PK-08,451,2025,found,2026-27,13343,15028,,,0,https://www.edscc.org/admissions/tuition-fees.cfm,2026-10-08,live,"page shows two rate sets (13,343/15,028 and 12,830/14,450); first assumed to be 2026-27",medium
5568,Escambia,HILLCREST PRIVATE ACADEMY,PENSACOLA,32504,No,No,No,PK-12,1239,2025,unclear,,,,,,0,https://hc-pa.com/faq/how-much-money-will-this-cost-me/,2026-10-08,live,umbrella-type fee of about 110 per year,
3723,Escambia,JUBILEE CHRISTIAN ACADEMY,PENSACOLA,32505,Yes,Yes,Yes,PK-11,190,2025,found,2026-27,7200,7300,,,0,https://assets.cdn.filesafe.space/Lw6I2xWqWJkEC5Q6dJmU/media/6a554338180dde3f86d31000.pdf,2026-10-08,live,"K5-5 7,200; 6-8 7,300; K1-K4 programs excluded",high
1945,Escambia,Key Music Academy,PENSACOLA,32505,Yes,Yes,Yes,06-11,78,2025,not_attempted_no_own_domain,,,,,,,,,,,
2388,Escambia,LA FAMILIA CHRISTIAN SCHOOL,CANTONMENT,32533,Yes,No,No,PK-04,4,2025,no_website,,,,,,,,,,,
8859,Escambia,Life Shifting Next Level Educational Center,PENSACOLA,32501,Yes,Yes,Yes,PK-11,163,2025,not_attempted_no_own_domain,,,,,,,,,,,
6427,Escambia,LIGHTHOUSE PRIVATE CHRISTIAN ACADEMY PREP,GULF BREEZE,32563,Yes,Yes,Yes,KG-12,240,2025,found,2026-27,,,,9500,0,https://www.lighthousepca.com/enrollment/tuition-and-fees,2026-10-08,live,published full-time annual tuition; same page as school 1484,high
1066,Escambia,LITTLE FLOWER CATHOLIC,PENSACOLA,32506,Yes,Yes,Yes,PK-08,215,2026,no_website,,,,,,,,,,,
1964,Escambia,LOVE NATION CHILD DEVELOPMENT CENTER,PENSACOLA,32534,Yes,No,No,PK,2,2025,not_reached,,,,,,,,,,,
4922,Escambia,MARCUS POINTE CHRISTIAN SCHOOL,PENSACOLA,32505,Yes,Yes,Yes,PK-08,326,2026,not_reached,,,,,,,,,,,
3956,Escambia,MONTESSORI SCHOOL OF PENSACOLA,PENSACOLA,32504,No,Yes,Yes,PK-KG,96,2026,unclear,,,,,,0,,2026-10-08,live,no dollar lines found,
7155,Escambia,MOTHER CLELIA MORNING STAR HIGH SCHOOL,PENSACOLA,32505,Yes,Yes,Yes,09-12,29,2025,no_website,,,,,,,,,,,
3374,Escambia,PENSACOLA ADVENTIST ACADEMY,PENSACOLA,32514,Yes,Yes,Yes,PK-11,47,2025,not_attempted_no_own_domain,,,,,,,,,,,
1108,Escambia,PENSACOLA CATHOLIC HIGH SCHOOL,PENSACOLA,32505,Yes,Yes,Yes,07-10,718,2026,unclear,,,,,,0,https://pensacolachs.org/tuition/,2026-10-08,live,tables of multi-student and payment-plan amounts without clear labels,
1147,Escambia,PENSACOLA CHRISTIAN ACADEMY,PENSACOLA,32503,Yes,No,No,PK-12,2127,2025,no_website,,,,,,,,,,,
5523,Escambia,PENSACOLA LEARNING ACADEMY,CANTONMENT,32533,No,Yes,Yes,KG-12,262,2025,not_attempted_no_own_domain,,,,,,,,,,,
1598,Escambia,PENSACOLA PRIVATE SCHOOL OF LIBERAL ARTS,CANTONMENT,32533,No,Yes,Yes,09-12,40,2025,unclear,,,,,,0,https://pensacolasola.org/admissions,2026-10-08,live,scholarship information only,
3855,Escambia,PENTECOSTAL TEMPLE PREPARATORY ACADEMY,PENSACOLA,32505,Yes,Yes,Yes,KG-07,57,2026,not_reached,,,,,,,,,,,
5679,Escambia,"Performance Learning Academy, Inc.",Cantonment,32533,No,Yes,Yes,,0,2025,not_attempted_no_enrollment,,,,,,,,,,,
9413,Escambia,PERSONALIZED LEARNING KINGDOM ACADEMY,PENSACOLA,32503,Yes,Yes,Yes,PK-12,30,2025,not_attempted_no_own_domain,,,,,,,,,,,
6453,Escambia,PHOENIX LEARNING ACADEMY INC.,PENSACOLA,32534,No,Yes,Yes,01-12,18,2026,tuition_word_no_amount,,,,,,,,,,,
8935,Escambia,PLA LEARNING ACADEMY,PENSACOLA,32507,Yes,Yes,Yes,PK-07,6,2025,not_attempted_no_own_domain,,,,,,,,,,,
895,Escambia,POTENTIAL CHRISTIAN ACADEMY PENSACOLA,PENSACOLA,32504,Yes,Yes,Yes,PK-02,57,2025,not_reached,,,,,,,,,,,
1215,Escambia,REDEEMER LUTHERAN ELEM/MIDDLE SCHOOL,PENSACOLA,32507,Yes,Yes,Yes,PK-08,231,2025,unclear,,,,,,0,https://www.redeemerschoolpensacola.org/tuition-financial-aid,2026-10-08,live,only fees seen,
1647,Escambia,S.L. JONES CHRISTIAN ACADEMY,PENSACOLA,32503,Yes,Yes,Yes,KG-12,249,2025,found,,,,,9265,0,https://sljcainc.com/admissions/tuition-and-fees/,2026-10-08,live,"926.50 per month for 10 months, listed as total tuition 9,265; year not stated",high
1254,Escambia,SACRED HEART CATHEDRAL SCHOOL,PENSACOLA,32503,Yes,Yes,Yes,PK-08,386,2025,found,2027-28,9000,9600,,,0,https://www.shcs.ptdiocese.org/tuition,2026-10-08,live,"base rate: K-5 9,000; middle school 9,600",high
1315,Escambia,SAINT JOHN THE EVANGELIST,PENSACOLA,32507,Yes,Yes,Yes,PK-08,279,2025,no_website,,,,,,,,,,,
1384,Escambia,SAINT PAUL CATHOLIC,PENSACOLA,32503,Yes,Yes,Yes,PK-08,346,2025,not_reached,,,,,,,,,,,
2029,Escambia,SOMERSET UNIVERSITY PREPARATORY ACADEMY,PENSACOLA,32514,No,No,No,,0,2025,not_attempted_no_enrollment,,,,,,,,,,,
3459,Escambia,THE MONTESSORI SCHOOL OF PENSACOLA,PENSACOLA,32504,No,Yes,Yes,PK-KG,33,2026,unclear,,,,,,0,,2026-10-08,live,no dollar lines found,
5203,Escambia,"The Wright Learning Academy, LLC.",Pensacola,32501,No,Yes,Yes,,0,2026,not_attempted_no_enrollment,,,,,,,,,,,
1448,Escambia,TRINITAS CHRISTIAN SCHOOL,PENSACOLA,32514,Yes,Yes,Yes,PK-12,168,2026,found,2026-27,,,,10294,0,https://www.trinitaschristian.org/admissions/tuition-and-fees/,2026-10-08,live,full-day K-12; junior kindergarten excluded,high
6192,Escambia,UMBRELLA LEARNING ACADEMY,PENSACOLA,32514,No,Yes,Yes,PK-12,144,2025,tuition_word_no_amount,,,,,,,,,,,
6410,Escambia,Warrington Prep Academy,Pensacola,32507,No,No,No,09-11,60,2025,tuition_word_no_amount,,,,,,,,,,,
2673,Flagler,ADVENTURE AVENUE PALM COAST LLC,PALM COAST,32137,No,Yes,Yes,,0,2025,not_attempted_no_enrollment,,,,,,,,,,,
1280,Flagler,ATLAS ACADEMY,BUNNELL,32110,No,Yes,Yes,01-12,29,2025,not_reached,,,,,,,,,,,
5504,Flagler,CHRIST THE KING LUTHERAN SCHOOL,PALM COAST,32164,Yes,Yes,Yes,PK-08,281,2026,unclear,,,,,,0,https://www.ctkpalmcoast.com/ctk-academy--13/pages/admissions--15,2026-10-08,live,scholarship totals only,
7250,Flagler,CHRISTIAN LIFE ACADEMY,PALM COAST,32137,Yes,Yes,Yes,KG-12,52,2025,not_attempted_no_own_domain,,,,,,,,,,,
5293,Flagler,COASTAL EDUCATION CENTER,PALM COAST,32137,Yes,Yes,Yes,06-12,37,2025,not_attempted_no_own_domain,,,,,,,,,,,
5569,Flagler,FIRST BAPTIST CHRISTIAN ACADEMY,PALM COAST,32137,Yes,Yes,Yes,PK-12,685,2026,tuition_word_no_amount,,,,,,,,,,,
6686,Flagler,FREEDOMSCHOOLERS ACADEMY,PALM COAST,32137,Yes,No,No,PK-12,1080,2025,not_reached,,,,,,,,,,,
8513,Flagler,GARDEN OF FAITH SCHOOL OF ARTS INC.,BUNNELL,32110,Yes,Yes,Yes,KG-09,13,2025,not_attempted_no_own_domain,,,,,,,,,,,
9370,Flagler,OCEAN LEARNING CENTER LLC,PALM COAST,32164,No,Yes,Yes,07-10,17,2025,unclear,,,,,,0,https://oceanlearningcenter.info/,2026-10-08,live,scholarship information only,
7597,Flagler,PALM COAST CHRISTIAN ACADEMY,PALM COAST,32137,Yes,Yes,Yes,01-11,18,2025,not_attempted_no_own_domain,,,,,,,,,,,
9425,Flagler,PALM HARBOR ACA INC.DBA ACADEMY OF EXCELLE,PALM COAST,32137,No,Yes,Yes,PK-11,51,2025,not_attempted_no_own_domain,,,,,,,,,,,
2779,Flagler,PHOENIX PREPARATORY SCHOOL,JACKSONVILLE,32277,Yes,No,No,,0,2026,not_attempted_no_enrollment,,,,,,,,,,,
832,Flagler,ST. ELIZABETH ANN SETON CATHOLIC SCHOOL,PALM COAST,32164,Yes,Yes,Yes,PK-08,221,2026,found,2026-27,,,,9200,0,https://cdn.diocesanweb.org/crossroads/seaspc/wp-content/uploads/2026/08/SEAS-Tuition-and-Financial-Policy-for-2026-2027-3.pdf,2026-10-08,live,"K-8 tuition including textbooks and technology; 9,350 version includes graduation fee; preschool excluded",high
5072,Flagler,SUNCOAST COMMUNITY SCHOOL,BUNNELL,32110,Yes,Yes,Yes,PK-11,277,2025,found,2026-27,8200,7600,7600,,0,https://www.suncoastcommunityschool.com/wp-content/uploads/2026/06/2026-2027-Tuition-Fees-3.pdf,2026-10-08,live,"K-3 8,200; 4th-high school 7,600; fees separate",high
2947,Flagler,SUNCOAST COMMUNITY SCHOOL,Bunnell,32110,Yes,Yes,Yes,,0,2026,not_attempted_no_enrollment,,,,,,,,,,,
9842,Flagler,TALEGA PREPARATORY ACADEMY,PALM COAST,32137,No,No,No,01-11,13,2025,unclear,,,,,,0,https://www.talegaprep.com/,2026-10-08,live,homeschool programme fee of 350,
2944,Flagler,THE ELEMENT MONTESSORI SCHOOL,FLAGLER BEACH,32136,No,Yes,Yes,PK-12,31,2026,not_attempted_no_own_domain,,,,,,,,,,,
3830,Flagler,UNITED METHODIST CHRISTIAN SCHOOL,PALM COAST,32137,Yes,Yes,Yes,PK-01,58,2026,no_website,,,,,,,,,,,
7952,Franklin,ED CORPS HIGH SCHOOL,EASTPOINT,32328,No,Yes,Yes,11-12,9,2026,found,,,,,13152,0,https://franklinspromisecoalition.wildapricot.org/ED-Corps-High-School/,2026-10-08,live,"annual tuition at a high school (13,211 for seniors); year not stated",high
833,Franklin,FIRST BAPTIST CHRISTIAN SCHOOL,APALACHICOLA,32320,Yes,Yes,Yes,PK-11,41,2025,no_website,,,,,,,,,,,
8704,Gadsden,FRANKLIN ACADEMY INC.,TALLAHASSEE,32304,Yes,Yes,Yes,KG-12,23,2025,not_attempted_no_own_domain,,,,,,,,,,,
8860,Gadsden,HLC LEADERSHIP ACADEMY,HAVANA,32333,No,Yes,Yes,03-12,12,2025,not_attempted_no_own_domain,,,,,,,,,,,
9308,Gadsden,NORTH FLORIDA EDUCATION SERVICES,QUINCY,32351,No,Yes,Yes,PK-08,51,2025,not_reached,,,,,,,,,,,
779,Gadsden,ROBERT F MUNROE DAY SCHOOL,HAVANA,32333,No,Yes,Yes,PK-12,408,2025,found,2026-27,10313,10755,10755,,0,https://rfmunroe.org/tuitionscholarship/,2026-10-08,live,"K-5 10,313; 6-12 10,755",high
575,Gadsden,TALLAVANA CHRISTIAN SCHOOL,HAVANA,32333,Yes,Yes,Yes,PK-12,188,2025,not_attempted_no_own_domain,,,,,,,,,,,
5672,Gilchrist,ESTHER'S SCHOOL BELL,BELL,32619,Yes,Yes,Yes,KG-12,63,2025,tuition_word_no_amount,,,,,,,,,,,
5585,Gilchrist,FIRST PLACE ACADEMY,TRENTON,32693,Yes,Yes,Yes,PK-12,144,2026,not_reached,,,,,,,,,,,
430,Gilchrist,RIVERSIDE CHRISTIAN SCHOOL,TRENTON,32693,Yes,Yes,Yes,PK-12,234,2025,not_attempted_no_own_domain,,,,,,,,,,,
2758,Gilchrist,VICTORY CHRISTIAN SATELLITE SCHOOLS LLC,TRENTON,32693,Yes,No,No,05-12,8,2025,not_attempted_no_own_domain,,,,,,,,,,,
5138,Glades,AGAPE CHRISTIAN ACADEMY,MOORE HAVEN,33471,Yes,Yes,Yes,KG-12,39,2025,not_attempted_no_own_domain,,,,,,,,,,,
2889,Glades,MOORE HAVEN CHRISTIAN ACADEMY,MOORE HAVEN,33471,Yes,Yes,Yes,06-12,33,2025,not_attempted_no_own_domain,,,,,,,,,,,
1737,Glades,NEW LIFE 4CHRIST ACADEMY,MOORE HAVEN,33471,Yes,Yes,Yes,,0,2025,not_attempted_no_enrollment,,,,,,,,,,,
6530,Glades,PRICELESS TREASURES ACADEMY,PALMDALE,33944,Yes,No,No,PK-12,105,2025,not_attempted_no_own_domain,,,,,,,,,,,
433,Gulf,FAITH CHRISTIAN SCHOOL,PORT SAINT JOE,32456,Yes,Yes,Yes,PK-12,145,2026,tuition_word_no_amount,,,,,,,,,,,
5530,Gulf,SHORELINE CENTER FOR EXCEPTIONAL STUDENTS,PORT ST. JOE,32456,No,Yes,Yes,01-12,9,2026,not_attempted_no_own_domain,,,,,,,,,,,
5430,Hamilton,ACHIEVER'S CHRISTIAN ACADEMY INC.,JENNINGS,32053,Yes,Yes,Yes,KG-08,11,2025,not_attempted_no_own_domain,,,,,,,,,,,
7550,Hamilton,BRIGHTER DAY PERFORMANCE LEADERSHIP ACADEMY,VALDOSTA,31605,No,No,No,,0,2025,not_attempted_no_enrollment,,,,,,,,,,,
5781,Hamilton,COREY MAURICE JACKSON ACADEMY INC.,Jasper,32052,Yes,Yes,Yes,KG-11,23,2026,not_attempted_no_own_domain,,,,,,,,,,,
3336,Hamilton,CORINTH CHRISTIAN ACADEMY,JENNINGS,32053,Yes,Yes,Yes,KG-12,152,2025,no_website,,,,,,,,,,,
434,Hamilton,JENNINGS FIRST CHRISTIAN SCHOOL,JENNINGS,32053,Yes,No,No,KG-12,13,2025,not_attempted_no_own_domain,,,,,,,,,,,
5122,Hamilton,THE OAKS PRIVATE SCHOOL,Jasper,32052,Yes,No,No,KG-12,112,2025,tuition_word_no_amount,,,,,,,,,,,
1152,Hardee,ACHIEVE AND SHINE LEARNING CENTER INC.,WAUCHULA,33873,No,Yes,Yes,KG-11,37,2025,not_attempted_no_own_domain,,,,,,,,,,,
5911,Hardee,ALANE ACADEMY,WAUCHULA,33873,No,Yes,Yes,PK-08,84,2025,not_attempted_no_own_domain,,,,,,,,,,,
7612,Hardee,AMERICA'S HS CHRISTIAN ACADEMY,WAUCHULA,33873,Yes,No,No,06-08,2,2025,not_attempted_no_own_domain,,,,,,,,,,,
435,Hardee,LAKESIDE NEUROLOGIC,WAUCHULA,33873,No,No,No,07-12,18,2026,not_reached,,,,,,,,,,,
4899,Hendry,CLEWISTON CHRISTIAN SCHOOL,CLEWISTON,33440,Yes,Yes,Yes,,0,2026,not_attempted_no_enrollment,,,,,,,,,,,
6206,Hendry,Dream Academy of Business and Health Science,Clnewisto,33440,No,No,No,,0,2025,not_attempted_no_enrollment,,,,,,,,,,,
2960,Hendry,HARVEST ACADEMY CHRISTIAN SCHOOL,CLEWISTON,33440,Yes,Yes,Yes,KG-12,166,2026,not_reached,,,,,,,,,,,
5659,Hendry,INTERNATIONAL CHRISTIAN ACADEMY OF LABELLE,LABELLE,33975,Yes,Yes,Yes,PK-12,110,2025,not_attempted_no_own_domain,,,,,,,,,,,
589,Hendry,LIONS CHRISTIAN ACADEMY,CLEWISTON,33440,Yes,Yes,Yes,KG-09,13,2025,not_attempted_no_own_domain,,,,,,,,,,,
5963,Hernando,CHRISTIAN LIFE ACADEMY,BROOKSVILLE,34603,Yes,Yes,Yes,PK-12,43,2025,not_attempted_no_own_domain,,,,,,,,,,,
3088,Hernando,CONKLIN INTERNATIONAL ACADEMY,WEST PALM BEACH,33411,Yes,No,No,KG-07,11,2025,not_reached,,,,,,,,,,,
5966,Hernando,ENTIRETY K-12,BROOKSVILLE,34601,No,Yes,Yes,KG-12,125,2026,no_website,,,,,,,,,,,
8239,Hernando,ESTHER'S SCHOOL INC - SPRING HILL,SPRING HILL,34606,Yes,Yes,Yes,KG-12,91,2025,tuition_word_no_amount,,,,,,,,,,,
4093,Hernando,FAITH CHRISTIAN ACADEMY,SPRING HILL,34608,Yes,Yes,Yes,KG-12,103,2025,no_website,,,,,,,,,,,
7266,Hernando,GRACE EDUCATION ACADEMY LLC,WEEKI WACHEE,34607,Yes,Yes,Yes,PK-02,45,2026,not_attempted_no_own_domain,,,,,,,,,,,
9247,Hernando,GRACE EDUCATION ACADEMY LLC WEST,SPRING HILL,34608,Yes,Yes,Yes,03-12,137,2026,not_attempted_no_own_domain,,,,,,,,,,,
369,Hernando,GRACE LEADERSHIP ACADEMY,BROOKSVILLE,34601,Yes,Yes,Yes,KG-10,121,2025,found,2026-27,8200,8350,8500,,0,https://graceleadershipacademy.org/admissions,2026-10-08,live,year inferred; page also mentions 2025-26,medium
894,Hernando,HERNANDO CHRISTIAN ACADEMY,BROOKSVILLE,34601,Yes,Yes,Yes,PK-12,407,2026,unclear,,,,,,0,,2026-10-08,live,no dollar lines found,
8070,Hernando,LEARNING LIFE ACADEMY,WEBSTER,33597,Yes,No,No,06-12,2,2025,not_attempted_no_own_domain,,,,,,,,,,,
5437,Hernando,LIFE PREPARATORY SCHOOL,SPRING HILL,34606,Yes,Yes,Yes,PK-02,132,2026,not_reached,,,,,,,,,,,
693,Hernando,LIFE PREPARATORY SCHOOL - EAST,BROOKSVILLE,34613,Yes,Yes,Yes,03-12,174,2025,not_attempted_no_own_domain,,,,,,,,,,,
9828,Hernando,LIFELINE UNIVERSITY INC,BROOKSVILLE,34604,Yes,No,No,09,2,2025,not_attempted_no_own_domain,,,,,,,,,,,
780,Hernando,METHODIST SCHOOL CENTER,BROOKSVILLE,34601,Yes,Yes,Yes,PK-08,177,2025,tuition_word_no_amount,,,,,,,,,,,
964,Hernando,NOTRE DAME CATHOLIC SCHOOL,SPRING HILL,34606,Yes,Yes,Yes,PK-08,288,2025,tuition_word_no_amount,,,,,,,,,,,
9575,Hernando,OUR LADY OF FATIMA ACADEMY,BROOKSVILLE,34614,Yes,Yes,Yes,PK-02,24,2025,not_attempted_no_own_domain,,,,,,,,,,,
4540,Hernando,QUEEN OF ALL SAINTS ACADEMY,BROOKSVILLE,34602,Yes,Yes,Yes,KG-12,108,2026,unclear,,,,,,0,https://www.qasonline.org/tuition-rates,2026-10-08,live,monthly online access fee and per-course fees,
9480,Hernando,REACH ACADEMY,BROOKSVILLE,34613,No,Yes,Yes,PK-10,29,2025,no_website,,,,,,,,,,,
660,Hernando,RIDGE MANOR CHRISTIAN ACADEMY,RIDGE MANOR,33523,Yes,Yes,Yes,KG-12,117,2026,not_attempted_no_own_domain,,,,,,,,,,,
4074,Hernando,ROOTS ACADEMY OF BROOKSVILLE,HOMOSASSA,34446,No,Yes,Yes,KG-05,5,2025,not_reached,,,,,,,,,,,
1180,Hernando,SPRING HILL CHRISTIAN ACADEMY,SPRING HILL,34609,Yes,Yes,Yes,01-12,294,2026,tuition_word_no_amount,,,,,,,,,,,
1370,Hernando,SPRING HILL CHRISTIAN ACADEMY WEST,,,Yes,Yes,Yes,PK-KG,58,2026,tuition_word_no_amount,,,,,,,,,,,
4887,Hernando,Twc Academy,,34785-4315,Yes,No,No,,0,2026,not_attempted_no_enrollment,,,,,,,,,,,
1255,Hernando,WEST HERNANDO CHRISTIAN SCHOOL,SPRING HILL,34607,Yes,Yes,Yes,PK-12,260,2026,tuition_word_no_amount,,,,,,,,,,,
834,Hernando,WIDER HORIZONS SCHOOL,SPRING HILL,34609,No,Yes,Yes,PK-12,127,2025,not_reached,,,,,,,,,,,
7245,Hernando,WIGGLE WORMS LEARNING CENTER,SPRING HILL,34606,Yes,Yes,Yes,PK-03,31,2025,not_attempted_no_own_domain,,,,,,,,,,,
46,Highlands,ASSEMBLY ACADEMY,SEBRING,33870,Yes,Yes,Yes,KG-04,18,2025,not_attempted_no_own_domain,,,,,,,,,,,
8204,Highlands,BUSY KIDS CREATIVE LEARNING CENTER INC.,SEBRING,33870,No,Yes,Yes,PK-01,127,2025,not_attempted_no_own_domain,,,,,,,,,,,
6875,Highlands,CORNERSTONE CHRISTIAN ACADEMY,AVON PARK,33825,Yes,Yes,Yes,KG-12,170,2025,no_website,,,,,,,,,,,
9248,Highlands,CRANE BROOK ACADEMICS,LAKE PLACID,33862,No,Yes,Yes,01-12,48,2025,no_website,,,,,,,,,,,
1350,Highlands,HEARTLAND CHRISTIAN SCHOOL,SEBRING,33870,Yes,Yes,Yes,PK-12,332,2026,no_website,,,,,,,,,,,
6115,Highlands,INDEPENDENT BAPTIST ACADEMY,SEBRING,33876,Yes,Yes,Yes,KG-11,26,2026,not_attempted_no_own_domain,,,,,,,,,,,
836,Highlands,LAKEVIEW CHRISTIAN SCHOOL,LAKE PLACID,33852,Yes,Yes,Yes,PK-08,149,2026,unclear,,,,,,0,https://www.lakeviewchristianschool.org/tuition.html,2026-10-08,live,only a registration fee seen,
5642,Highlands,Life Christian Academy,Avon Park,33825,Yes,Yes,Yes,,0,2025,not_attempted_no_enrollment,,,,,,,,,,,
3350,Highlands,MAVITA O. G. EXCEPTIONAL LEARNING ACADEMY,LAKE PLACID,33852,No,No,No,06-08,3,2025,not_attempted_no_own_domain,,,,,,,,,,,
7754,Highlands,OASIS ADONAI ACADEMY,LAKE PLACID,33852,Yes,Yes,Yes,KG-12,40,2026,not_attempted_no_own_domain,,,,,,,,,,,
2259,Highlands,PARKVIEW PREP ACADEMY,AVON PARK,33825,Yes,Yes,Yes,PK-12,194,2026,not_attempted_no_own_domain,,,,,,,,,,,
1659,Highlands,SPARTA CHRISTIAN ACADEMY,SANFORD,32771,No,Yes,Yes,KG,15,2025,not_attempted_no_own_domain,,,,,,,,,,,
1433,Highlands,ST. CATHERINE CATHOLIC SCHOOL,SEBRING,33870,Yes,Yes,Yes,01-08,130,2026,unclear,,,,,,0,https://www.stcatheschool.org/admissions,2026-10-08,live,only cost to educate seen,
5463,Highlands,ST. CATHERINE CATHOLIC SCHOOL 2,SEBRING,33870,Yes,Yes,Yes,PK-KG,45,2026,unclear,,,,,,0,https://www.stcatheschool.org/admissions,2026-10-08,live,only cost to educate seen,
1707,Highlands,SUN N LAKE CHRISTIAN ACADEMY,SANFORD,32771,No,Yes,Yes,KG-04,54,2025,not_attempted_no_own_domain,,,,,,,,,,,
3777,Highlands,SYNERGY EDUCATION SERVICES INC.,SEBRING,33870,No,Yes,Yes,,0,2025,not_attempted_no_enrollment,,,,,,,,,,,
9840,Highlands,THE ACADEMY AT THE PARC,SEBRING,33876,No,Yes,Yes,PK-11,100,2025,not_reached,,,,,,,,,,,
438,Highlands,WALKER MEMORIAL ACADEMY,AVON PARK,33825,Yes,Yes,Yes,KG-12,225,2025,found,2026-27,9990,9990,11178,,0,https://www.wmaeagles.org/_files/ugd/e4a60a_0e17c70c97e6411db1147b2f91467561.pdf,2026-10-08,live,"K-8 9,990; 9-12 11,178; homeschool and distance-learning rates excluded",high
529,Hillsborough,A MORE EXCELLENT WAY ACADEMY INC,TAMPA,33612,No,No,No,,0,2025,not_attempted_no_enrollment,,,,,,,,,,,
7105,Hillsborough,ACADEMY OF MONTESSORI INTERNATIONAL,THONOTOSASSA,33592,No,Yes,Yes,PK-06,91,2025,not_attempted_no_own_domain,,,,,,,,,,,
724,Hillsborough,ACADEMY OF THE HOLY NAMES,TAMPA,33629,Yes,Yes,Yes,PK-12,1040,2026,unclear,,,,,,0,https://www.holynamestpa.org/admissions/tuition,2026-10-08,live,"table mixes tuition, Step Up deductions and tech fees; not coded",
4256,Hillsborough,ACADEMY PREP CENTER OF TAMPA INC.,TAMPA,33605,No,Yes,Yes,05-08,143,2026,not_reached,,,,,,,,,,,
9423,Hillsborough,ACHIEVERS DAY SCHOOL INC,LUTZ,33549,No,Yes,Yes,PK-12,32,2025,not_reached,,,,,,,,,,,
5340,Hillsborough,Amazing Explorers Academy,Tampa,33625,No,Yes,Yes,PK,39,2025,not_reached,,,,,,,,,,,
1410,Hillsborough,AMERICAN EDUCATION INTERNATIONAL K-12,TAMPA,33602,No,No,No,,0,2025,not_attempted_no_enrollment,,,,,,,,,,,
2267,Hillsborough,AMERICAN MONTESSORI PREPARATORY SCHOOL,TAMPA,33647,No,Yes,Yes,PK-KG,25,2025,not_attempted_no_own_domain,,,,,,,,,,,
4409,Hillsborough,AMERICAN YOUTH ACADEMY INC.,TAMPA,33617,Yes,Yes,Yes,PK-12,1201,2026,tuition_word_no_amount,,,,,,,,,,,
494,Hillsborough,APOLLO ACADEMY,TAMPA,33606,No,Yes,Yes,KG-07,34,2025,found,,,,,13500,0,https://www.theapolloacademy.com/,2026-10-08,live,annual tuition paid in 11 monthly installments; year not stated,high
7192,Hillsborough,BAYCREST ACADEMY FOR CREATIVE LEARNING,BRANDON,33510,No,Yes,Yes,KG-11,20,2025,not_attempted_no_own_domain,,,,,,,,,,,
2534,Hillsborough,BAYSHORE CHRISTIAN SCHOOL,TAMPA,33611,Yes,Yes,Yes,PK-12,388,2025,found,,13590,14235,14965,,0,https://www.bayshorechristianschool.org/admissions/,2026-10-08,live,"K5-5 13,590; 6-8 14,235; 9-12 14,965; page mentions 2026-27 and 2027-28; K2-K4 excluded",medium
3654,Hillsborough,BEACH PARK SCHOOL,TAMPA,33609,No,Yes,Yes,PK-11,81,2025,not_reached,,,,,,,,,,,
2764,Hillsborough,BELL SHOALS ACADEMY,BRANDON,33511,Yes,Yes,Yes,PK-09,642,2025,not_reached,,,,,,,,,,,
2777,Hillsborough,BIBLE TRUTH MINISTRIES,TAMPA,33610,Yes,Yes,Yes,PK-11,108,2025,not_attempted_no_own_domain,,,,,,,,,,,
1030,Hillsborough,BRANDON ACADEMY LLC,BRANDON,33510,No,Yes,Yes,PK-12,221,2026,tuition_word_no_amount,,,,,,,,,,,
9628,Hillsborough,BRANDON CLASSICAL CHRISTIAN SCHOOL,BRANDON,33511,Yes,Yes,Yes,KG-02,20,2026,not_reached,,,,,,,,,,,
9599,Hillsborough,BRIDGEMONT INTERNATIONAL SCHOOL,TAMPA,33609,No,No,No,,0,2025,not_attempted_no_enrollment,,,,,,,,,,,
8106,Hillsborough,BRILLIANT MICROSCHOOLS,BRANDON,33511,No,No,No,KG-12,143,2025,unclear,,,,,,0,,2026-10-08,live,no dollar lines found,
4434,Hillsborough,BROOKE HOUSE ACADEMY TAMPA,SAINT PETERSBURG,33701,No,Yes,Yes,,0,2025,not_attempted_no_enrollment,,,,,,,,,,,
49,Hillsborough,BY THE GRACE OF GOD CHRISTIAN ACADEMY,TAMPA,33610,Yes,No,No,,0,2025,not_attempted_no_enrollment,,,,,,,,,,,
7246,Hillsborough,CAMBRIDGE CHRISTIAN SCHOOL,TAMPA,33614,Yes,Yes,Yes,PK-12,945,2025,unclear,,,,,,0,https://www.ccslancers.com/wp-content/uploads/2026/01/2026-2027-Continuous-Enrollment-Guide.pdf,2026-10-08,live,six unlabelled amounts,
6735,Hillsborough,Carter International School,Tampa,33602,No,No,No,,0,2025,not_attempted_no_enrollment,,,,,,,,,,,
1879,Hillsborough,CENTER ACADEMY-RIVERVIEW,RIVERVIEW,33578,No,Yes,Yes,05-12,89,2025,tuition_word_no_amount,,,,,,,,,,,
4088,Hillsborough,CENTRAL BAPTIST CHRISTIAN SCHOOL,BRANDON,33510,Yes,Yes,Yes,PK-12,396,2025,unclear,,,,,,0,https://www.cbcslions.com/admissions,2026-10-08,live,monthly rates by band without clear band labels,
3462,Hillsborough,CES ACADEMY,TAMPA,33624,Yes,Yes,Yes,KG-12,198,2026,not_reached,,,,,,,,,,,
3919,Hillsborough,CHRIST THE KING CATHOLIC SCHOOL,TAMPA,33629,Yes,Yes,Yes,PK-08,529,2026,found,2026-27,,,,13700,0,https://www.cks-school.org/admissions/tuition-financial-aid,2026-10-08,live,"standard tuition per child; parishioner rate 11,600",high
3338,Hillsborough,CHURCH AVE NEXT STEP ACADEMY,TAMPA,33614,Yes,No,No,,0,2026,not_attempted_no_enrollment,,,,,,,,,,,
1719,Hillsborough,COMMUNITY MONTESSORI SCHOOL,TAMPA,33615,No,Yes,Yes,PK-09,119,2025,tuition_word_no_amount,,,,,,,,,,,
1695,Hillsborough,CORBETT PREPARATORY SCHOOL OF IDS,TAMPA,33618,No,Yes,Yes,PK-08,608,2025,found,2026-27,23005,25145,,,0,https://www.corbettprep.com/admissions/tuition-and-forms,2026-10-08,live,"K-2 23,005; 3-5 24,075 (K-5 tied, lower rate used); 6-8 25,145; PreK excluded",high
7738,Hillsborough,CORNERSTONE FOUNDATION ACADEMY,TAMPA,33612,Yes,Yes,Yes,KG-08,48,2025,not_attempted_no_own_domain,,,,,,,,,,,
1182,Hillsborough,CORPUS CHRISTI CATHOLIC SCHOOL,TEMPLE TERRACE,33617,Yes,Yes,Yes,PK-08,218,2026,no_website,,,,,,,,,,,
5155,Hillsborough,COUNTRY DAY MONTESSORI SCHOOL-BLOOMINGDALE,LARGO,33774,No,Yes,Yes,PK-03,45,2025,tuition_word_no_amount,,,,,,,,,,,
8321,Hillsborough,CRISTO REY TAMPA,TAMPA,33610,Yes,Yes,Yes,09-12,252,2025,found,2027-28,,,,21300,0,https://www.cristoreytampa.org/admissions/tuition,2026-10-08,live,stated tuition per student; family contribution depends on household income,medium
7275,Hillsborough,CUTTINGEDGE LEARNING ACADEMY INC.,RIVERVIEW,33578,Yes,Yes,Yes,KG-12,70,2025,not_attempted_no_own_domain,,,,,,,,,,,
4577,Hillsborough,DOCTORS OF ACADEMICS LEARNING ACADEMY,TAMPA,33619,Yes,Yes,Yes,KG-08,20,2025,not_reached,,,,,,,,,,,
8524,Hillsborough,EARLY SCHOLARS LEARNING ACADEMY,TAMPA,33612,No,Yes,Yes,PK-02,36,2025,not_attempted_no_own_domain,,,,,,,,,,,
9146,Hillsborough,EARLY STEPS MONTESSORI ACADEMY,TAMPA,33624,No,Yes,Yes,PK-06,64,2025,not_reached,,,,,,,,,,,
4448,Hillsborough,EAST BAY CHRISTIAN SCHOOL,RIVERVIEW,33578,Yes,Yes,Yes,PK-12,154,2025,not_attempted_no_own_domain,,,,,,,,,,,
7522,Hillsborough,EASTERSEALS SCHOOL FOR LIMITLESS LEARNING,VALRICO,33596,No,Yes,Yes,PK-02,33,2025,not_reached,,,,,,,,,,,
8399,Hillsborough,EASTSIDE PREPARATORY ACADEMY,TAMPA,33610,No,Yes,Yes,PK-12,95,2025,not_attempted_no_own_domain,,,,,,,,,,,
4799,Hillsborough,EDUCATED MINDS PRIMARY SCHOOL,TAMPA,33615,No,Yes,Yes,KG-07,101,2025,not_reached,,,,,,,,,,,
1046,Hillsborough,Elijah’s Way School Inc,,,No,No,No,09,1,2026,not_attempted_no_own_domain,,,,,,,,,,,
2676,Hillsborough,EVANS CHRISTIAN ACADEMY,TAMPA,33613,Yes,Yes,Yes,KG-12,146,2026,tuition_word_no_amount,,,,,,,,,,,
8964,Hillsborough,EVOLVE SCHOOL OF LEARNING,TAMPA,33637,No,No,No,KG-12,55,2025,not_reached,,,,,,,,,,,
928,Hillsborough,EXCEL LEARNING ACADEMY,VALRICO,33596,No,Yes,Yes,KG-07,18,2025,no_website,,,,,,,,,,,
9859,Hillsborough,EXTRAORDINARY STUDENT EDUCATION INC.,GIBSONTON,33534,No,No,No,KG-12,11,2025,not_reached,,,,,,,,,,,
6913,Hillsborough,FACE TO FACE VIRTUAL ACADEMY,TAMPA,33617,No,No,No,03-09,16,2025,not_attempted_no_own_domain,,,,,,,,,,,
6302,Hillsborough,FAITH CHRISTIAN ACADEMY,PLANT CITY,33563,Yes,Yes,Yes,KG-12,208,2025,found,2026-27,9145,9695,10135,,0,https://www.fcafalcons.org/editoruploads/files/FCA%202026-2027%20Students%20Tuition%20and%20Fees.docx.pdf,2026-10-08,live,"K-3 9,145; 4-5 9,195; 6-8 9,695; 9-11 10,135",high
2619,Hillsborough,FAITH OUTREACH ACADEMY,TAMPA,33615,Yes,Yes,Yes,KG-12,147,2026,not_attempted_no_own_domain,,,,,,,,,,,
4117,Hillsborough,FAMILY OF CHRIST CHRISTIAN SCHOOL,TAMPA,33647,Yes,Yes,Yes,PK-08,259,2026,not_reached,,,,,,,,,,,
4104,Hillsborough,FIRST BAPTIST BRANDON CHRISTIAN ACADEMY,BRANDON,33510,Yes,Yes,Yes,PK-08,279,2025,not_reached,,,,,,,,,,,
2847,Hillsborough,FIRST BAPTIST RUSKIN CHRISTIAN SCHOOL,RUSKIN,33570,Yes,Yes,Yes,PK-12,386,2025,no_website,,,,,,,,,,,
8080,Hillsborough,FIRST DISCOVERIES ACADEMY,BRANDON,33511,Yes,Yes,Yes,PK-05,42,2025,not_reached,,,,,,,,,,,
1256,Hillsborough,FLORIDA COLLEGE,TAMPA,33637,Yes,Yes,Yes,KG-12,469,2025,unclear,,,,,,0,https://floridacollege.edu/admissions/financial-aid/costs-and-fees/,2026-10-08,live,"college tuition page, not K-12",
4254,Hillsborough,FOCUS DAY SCHOOL INC.,TEMPLE TERRACE,33617,No,Yes,Yes,05-06,8,2025,unclear,,,,,,0,https://focusdayschool.org/admissions/tuition/,2026-10-08,live,"tuition levels (10,000 and 20,000) are programme levels, not grades",
1778,Hillsborough,FORTRESS CHRISTIAN SCHOOL,TEMPLE TERRACE,33617,Yes,No,No,09,1,2025,unclear,,,,,,0,https://floridacollege.edu/admissions/financial-aid/costs-and-fees/,2026-10-08,live,"page read is a college page, not the school",
4947,Hillsborough,FOUNDATION CHRISTIAN ACADEMY,VALRICO,33596,Yes,Yes,Yes,PK-12,493,2026,not_attempted_no_own_domain,,,,,,,,,,,
2875,Hillsborough,FRIENDSHIP CHRISTIAN ACADEMY INC.,TAMPA,33610,Yes,Yes,Yes,KG-12,85,2026,not_attempted_no_own_domain,,,,,,,,,,,
5144,Hillsborough,Fusion Academy Tampa,Tampa,33629,No,No,No,,0,2025,not_attempted_no_enrollment,,,,,,,,,,,
8955,Hillsborough,FUTURE LEADERS PREPARATORY SCHOOL,LAKELAND,33810,Yes,Yes,Yes,KG-09,46,2025,not_attempted_no_own_domain,,,,,,,,,,,
2404,Hillsborough,GENESIS CHRISTIAN ACADEMY,MIAMI GARDENS,33055,Yes,No,No,KG-12,215,2025,no_website,,,,,,,,,,,
1352,Hillsborough,GRACE CHRISTIAN SCHOOL,BRANDON,33509,Yes,Yes,Yes,PK-12,705,2025,found,2026-27,9295,9445,9445,,0,https://gracechristianschool.com/admissions/tuition-fees/,2026-10-08,live,"K4-K5 9,095; 1-6 9,295; 7-12 9,445",high
7415,Hillsborough,GRANT PARK CHRISTIAN ACADEMY,TAMPA,33619,Yes,Yes,Yes,KG-08,87,2025,no_website,,,,,,,,,,,
5989,Hillsborough,Great Futures Academy at Temple Terrace Boys and Girls Club,Tampa,33637,No,No,No,,0,2025,not_attempted_no_enrollment,,,,,,,,,,,
6877,Hillsborough,HARMON PREP SCHOOL,TAMPA,33617,No,Yes,Yes,PK-10,123,2025,found,,8300,8450,8450,,0,https://www.harmonprep.org/tuition-fees,2026-10-08,live,"PreK and K 8,100; elementary 8,300; secondary and high school 8,450; year not stated",high
2569,Hillsborough,HEBREW ACADEMY OF TAMPA,TAMPA,33624,Yes,Yes,Yes,PK-08,83,2025,not_attempted_no_own_domain,,,,,,,,,,,
3188,Hillsborough,HIDDEN HANDS ACADEMY,ST.PETERSBURG,33702,Yes,No,No,,0,2025,not_attempted_no_enrollment,,,,,,,,,,,
8214,Hillsborough,HIFZ ACADEMY,TAMPA,33610,Yes,Yes,Yes,KG-12,496,2025,unclear,,,,,,0,https://www.hifzacademy.org/admissions/tuition.cfm,2026-10-08,live,only a late fee seen,
1449,Hillsborough,HILLEL SCHOOL OF TAMPA INC.,TAMPA,33612,Yes,Yes,Yes,PK-08,84,2025,unclear,,,,,,0,https://www.hillelacademytampa.com/tuition,2026-10-08,live,no tuition amount seen,
2323,Hillsborough,HILLSBOROUGH BAPTIST SCHOOL,SEFFNER,33584,Yes,Yes,Yes,PK-12,243,2025,not_attempted_no_own_domain,,,,,,,,,,,
6802,Hillsborough,HILLSDALE CHRISTIAN ACADEMY,TAMPA,33625,Yes,Yes,Yes,PK-08,196,2025,tuition_word_no_amount,,,,,,,,,,,
1475,Hillsborough,HOLY TRINITY LUTHERAN,TAMPA,33629,Yes,Yes,Yes,PK-08,252,2026,found,,,,,8400,0,https://holytrinitylutheranschool.org/prospective-families/tuition-fees/,2026-10-08,live,elementary and middle school full day; preschool excluded; year not stated,high
9865,Hillsborough,HOPE CHRISTIAN SCHOOL,TAMPA,33625,Yes,Yes,Yes,PK-12,54,2026,unclear,,,,,,0,https://hopechildrenshome.org/admissionsfaq/,2026-10-08,live,"room, board and tuition priced together per month",
4314,Hillsborough,HUNTINGTON LEARNING CENTER DAY SCHOO- TAMPA,TAMPA,33618,No,Yes,Yes,01-12,20,2025,not_attempted_no_own_domain,,,,,,,,,,,
390,Hillsborough,I & I INTERNATIONAL ACADEMY,,,Yes,Yes,Yes,,0,2025,not_attempted_no_enrollment,,,,,,,,,,,
277,Hillsborough,ICON HIGH SCHOOL,TAMPA,33607,No,Yes,Yes,,0,2025,not_attempted_no_enrollment,,,,,,,,,,,
9311,Hillsborough,ICON PREPARATORY SCHOOL,Tampa,33614,No,Yes,Yes,KG-12,633,2025,tuition_word_no_amount,,,,,,,,,,,
1755,Hillsborough,IDEAL SCHOOL,TAMPA,33602,No,No,No,KG-12,176,2026,not_attempted_no_own_domain,,,,,,,,,,,
2817,Hillsborough,IMMANUEL LUTHERAN SCHOOL,BRANDON,33511,Yes,Yes,Yes,PK-08,188,2025,tuition_word_no_amount,,,,,,,,,,,
7504,Hillsborough,Impact Academy Plant City,Plant,33566,No,Yes,Yes,PK-12,19,2025,not_attempted_no_own_domain,,,,,,,,,,,
7379,Hillsborough,IMPACT ACADEMY SCHOOL,SEFFNER,33583,No,Yes,Yes,KG-12,72,2025,not_reached,,,,,,,,,,,
8647,Hillsborough,IMPACT ACADEMY SOUTH LLC,Tampa,33616,No,Yes,Yes,KG-12,37,2025,not_reached,,,,,,,,,,,
1539,Hillsborough,INCARNATION CATHOLIC SCHOOL,TAMPA,33615,Yes,Yes,Yes,,0,2026,not_attempted_no_enrollment,,,,,,,,,,,
6283,Hillsborough,INTERACTIVE EDUCATION ACADEMY,VALRICO,33596,No,Yes,Yes,06-12,31,2025,not_attempted_no_own_domain,,,,,,,,,,,
7199,Hillsborough,IVY GLOBAL SCHOOL,HOWEY-IN-THE-HILLS,34737,No,No,No,09-12,16,2025,found,,2600,2900,,,0,https://ivyglobalschool.org/en/admission/tuition/,2026-10-08,live,"online school live-class tuition per year: elementary 2,600; middle 2,900; account-only options excluded; year not stated",medium
3940,Hillsborough,IVYBROOK ACADEMY TAMPA PALMS,TAMPA,33647,No,Yes,Yes,PK,70,2025,tuition_word_no_amount,,,,,,,,,,,
1599,Hillsborough,JESUIT HIGH SCHOOL,TAMPA,33614,Yes,Yes,Yes,09-12,849,2026,found,2026-27,,,,23920,0,https://www.jesuittampa.org/admissions/tuition-information,2026-10-08,live,high school tuition; fees separate,high
6950,Hillsborough,KEYSTONE PREP HIGH SCHOOL,ODESSA,33556,No,Yes,Yes,09-12,35,2025,found,,,,,20500,0,https://www.keystoneprep.org/tuition.html,2026-10-08,live,annual tuition at a high school; year not stated,high
5577,Hillsborough,Kids Discovery International Academy at Riverview East,Riverview,33569,No,Yes,Yes,,0,2025,not_attempted_no_enrollment,,,,,,,,,,,
8810,Hillsborough,KIDZ COVE II,TAMPA,33612,No,Yes,Yes,KG-12,60,2025,not_attempted_no_own_domain,,,,,,,,,,,
2965,Hillsborough,KING'S KIDS CHRISTIAN ACADEMY,TAMPA,33605,Yes,Yes,Yes,PK-KG,12,2026,tuition_word_no_amount,,,,,,,,,,,
4411,Hillsborough,KINOVU SCHOOL OF LITHIA,VALRICO,33596,No,Yes,Yes,PK-KG,4,2025,not_reached,,,,,,,,,,,
2837,Hillsborough,LAKE MAGDALENE CHRISTIAN SCHOOL,TAMPA,33618,Yes,Yes,Yes,PK-KG,116,2026,not_reached,,,,,,,,,,,
3607,Hillsborough,LAND OF LEARNING ACADEMY,TAMPA,33615,No,Yes,Yes,PK-01,58,2026,no_website,,,,,,,,,,,
3087,Hillsborough,LEARN TO THRIVE ACADEMY,Brandon,33511,No,No,No,KG-10,28,2026,no_website,,,,,,,,,,,
2596,Hillsborough,LEE ACADEMY FOR GIFTED EDUCATION,TAMPA,33614,No,Yes,Yes,KG-12,59,2025,not_attempted_no_own_domain,,,,,,,,,,,
337,Hillsborough,LEGACY ACADEMY,TAMPA,33614,Yes,Yes,Yes,PK-08,49,2025,no_website,,,,,,,,,,,
4313,Hillsborough,LEGACY CHRISTIAN ACADEMY,SEFFNER,33584,Yes,Yes,Yes,KG-12,45,2025,not_reached,,,,,,,,,,,
7118,Hillsborough,LETTA K LEWIS PREPARATORY,TAMPA,33612,No,No,No,,0,2025,not_attempted_no_enrollment,,,,,,,,,,,
3789,Hillsborough,LIBERTY ACADEMY,TAMPA,33617,Yes,Yes,Yes,KG-09,34,2025,not_attempted_no_own_domain,,,,,,,,,,,
5862,Hillsborough,Liberty Scholars,Plant City,33563,Yes,No,No,,0,2025,not_attempted_no_enrollment,,,,,,,,,,,
9634,Hillsborough,LIFE INTERNATIONAL ACADEMY,THONOTOSASSA,33592,No,Yes,Yes,KG-06,29,2025,found,2026-27,16200,18000,,,0,https://www.lifeia.org/tuition,2026-10-08,live,"out-of-pocket annual tuition before Step Up: grades 1-5 16,200; grades 6-8 18,000",high
4652,Hillsborough,LINABEAN ACADEMY 2 INC,TAMPA,33610,No,Yes,Yes,PK-12,28,2026,not_attempted_no_own_domain,,,,,,,,,,,
6757,Hillsborough,LIVING LEGACY ACADEMY INC.,Port Charlotte,33948,No,No,No,KG-12,74,2025,not_reached,,,,,,,,,,,
4006,Hillsborough,LIVINGSTONE ACADEMY - SEFFNER,SEFFNER,33584,No,Yes,Yes,KG-12,172,2025,found,,,,,12000,0,https://www.livingstoneschools.org/parent-resources/tuition/,2026-10-08,live,"academy tuition for school code 4006; resource fees 1,000 separate; year not stated",high
6957,Hillsborough,LIVINGSTONE ACADEMY AUTISM CENTER,VALRICO,33594,No,Yes,Yes,KG-08,110,2025,found,,,,,18000,0,https://www.livingstoneschools.org/parent-resources/tuition/,2026-10-08,live,"autism center tuition; resource fees 2,000 separate; year not stated",high
9295,Hillsborough,LIVINGSTONE ACADEMY EXCEPTIONAL CENTER,SEFFNER,33584,No,Yes,Yes,01-12,56,2025,found,,,,,24000,0,https://www.livingstoneschools.org/parent-resources/tuition/,2026-10-08,live,"exceptional centre tuition for school code 9295; resource fees 2,000 separate; year not stated",high
1730,Hillsborough,LUTZ LEARNING CENTER,LUTZ,33549,No,Yes,Yes,PK-03,51,2026,tuition_word_no_amount,,,,,,,,,,,
1829,Hillsborough,LUTZ MONTESSORI SCHOOL,LUTZ,33558,No,Yes,Yes,PK-KG,55,2025,not_reached,,,,,,,,,,,
2645,Hillsborough,M.O.T. ACADEMY,MIAMI,33183,No,Yes,Yes,KG-07,11,2025,tuition_word_no_amount,,,,,,,,,,,
4583,Hillsborough,MANIFESTATIONS SCHOOL FOR INNOVATION AND LE,TAMPA,33610,Yes,Yes,Yes,KG-12,68,2025,not_attempted_no_own_domain,,,,,,,,,,,
3197,Hillsborough,MANIFESTATIONS SCHOOL K-2,TAMPA,33610,Yes,No,No,KG-01,20,2025,not_attempted_no_own_domain,,,,,,,,,,,
4367,Hillsborough,MATER DEI CATHOLIC SCHOOL,RUSKIN,33570,Yes,No,No,,0,2025,not_attempted_no_enrollment,,,,,,,,,,,
4452,Hillsborough,MISSIONARY CHRISTIAN ACADEMY,TAMPA,33612,Yes,Yes,Yes,KG-12,59,2025,not_attempted_no_own_domain,,,,,,,,,,,
8920,Hillsborough,MISSIONARY CHRISTIAN SCHOOL,TAMPA,33624,Yes,Yes,Yes,PK-12,189,2025,not_attempted_no_own_domain,,,,,,,,,,,
4059,Hillsborough,MONTESSORI ACADEMY OF TAMPA BAY,TAMPA,33604,No,Yes,Yes,PK-03,70,2026,not_reached,,,,,,,,,,,
2970,Hillsborough,MONTESSORI CHILDREN'S HOUSE OF HYDE PARK,TAMPA,33609,No,Yes,Yes,PK-06,108,2025,tuition_word_no_amount,,,,,,,,,,,
2702,Hillsborough,MONTESSORI HOUSE DAY SCHOOL,TAMPA,33634,No,Yes,Yes,PK-KG,36,2025,no_website,,,,,,,,,,,
2614,Hillsborough,MONTESSORI HOUSE DAY SCHOOL 1,TAMPA,33624,No,Yes,Yes,PK-04,73,2025,no_website,,,,,,,,,,,
3510,Hillsborough,MONTESSORI PREPARATORY SCHOOL,TEMPLE TERRACE,33617,No,Yes,Yes,KG-05,162,2026,not_reached,,,,,,,,,,,
1792,Hillsborough,MORNING STAR CATHOLIC SCHOOL,TAMPA,33612,Yes,Yes,Yes,KG-08,65,2025,tuition_word_no_amount,,,,,,,,,,,
1809,Hillsborough,MOTHER TERESA OF CALCUTTA CATHOLIC SCHOOL,LUTZ,33358,Yes,Yes,Yes,KG-08,461,2025,found,2026-27,,,,9132,0,https://mtctampa.org/admissions/tuition/,2026-10-08,live,tuition per student; enrollment and technology fee separate,high
2773,Hillsborough,MT. CALVARY S.D.A. JR. ACADEMY,TAMPA,33610,Yes,Yes,Yes,KG-08,77,2026,not_reached,,,,,,,,,,,
5330,Hillsborough,Nativa Alliance Community High School,Riverview,33578-4952,No,No,No,,0,2025,not_attempted_no_enrollment,,,,,,,,,,,
1842,Hillsborough,NATIVITY CATHOLIC SCHOOL,BRANDON,33511,Yes,Yes,Yes,PK-08,590,2026,found,2026-27,,,,9966,0,https://www.nativitycatholicschool.org/admissions/tuition-and-finance.cfm,2026-10-08,live,"K-8 annual tuition and fees; PreK 9,353 excluded",high
8100,Hillsborough,NEW EAST TAMPA ACADEMY,Tampa,33647,No,Yes,Yes,KG-12,59,2025,no_website,,,,,,,,,,,
3328,Hillsborough,NEW JERUSALEM CHRISTIAN ACADEMY,SEFFNER,33583,Yes,Yes,Yes,PK-12,335,2026,not_attempted_no_own_domain,,,,,,,,,,,
5894,Hillsborough,Next Jen Futures Elementary,Plant City,33563,No,Yes,Yes,,0,2025,not_attempted_no_enrollment,,,,,,,,,,,
8766,Hillsborough,NLT ACADEMY INC.,SEFFNER,33584,Yes,Yes,Yes,KG-08,91,2025,found,,7580,7230,,,0,https://www.nltacademy.com/tuition,2026-10-08,live,"K-4 7,580; 5-8 7,230; books and resources separate; year not stated",high
2232,Hillsborough,NORTH TAMPA CHRISTIAN ACADEMY,TAMPA,33544,Yes,Yes,Yes,KG-12,494,2026,no_website,,,,,,,,,,,
4182,Hillsborough,NORTHDALE CHRISTIAN ACADEMY,TAMPA,33624,Yes,Yes,Yes,PK-08,99,2025,not_reached,,,,,,,,,,,
5165,Hillsborough,ODESSA CHRISTIAN SCHOOL,ODESSA,33556,Yes,Yes,Yes,KG-12,59,2025,found,2026-27,12300,,,,0,https://www.odessachristianschool.org/tuition-and-fees/,2026-10-08,live,"K-5 amount read as tuition (150 and 1,000 are fees); other grades not seen",medium
4539,Hillsborough,Peninsular Prep,TAMPA,33629,No,Yes,Yes,KG-08,133,2025,no_website,,,,,,,,,,,
5075,Hillsborough,Pi Learning Academy,BRANDON,33511,No,No,No,KG-07,6,2026,found,2026-27,,,,11000,0,https://www.pilearningacademy.org/home-school-enrichment.html,2026-10-08,live,full-time Monday-Friday annual; part-time options excluded,high
9795,Hillsborough,PLANT CITY CHRISTIAN ACADEMY,SANFORD,32771,Yes,Yes,Yes,PK-12,260,2025,not_attempted_no_own_domain,,,,,,,,,,,
1094,Hillsborough,PREMIER ACADEMY TEMPLE TERRACE LLC,TEMPLE TERRACE,33637,No,Yes,Yes,PK-KG,67,2026,tuition_word_no_amount,,,,,,,,,,,
6953,Hillsborough,PREPARATORY ACADEMY INC.,LUTZ,33549,No,No,No,01,1,2025,found,,,,,18000,0,https://www.preparatoryacademyinc.org/tuition-and-fees.html,2026-10-08,live,"school year tuition; enrollment fee of 1,800 applied toward tuition; year not stated",high
2976,Hillsborough,PRODIGY ACADEMY AT CREEKSIDE,RIVERVIEW,33578,No,Yes,Yes,PK-02,58,2026,not_reached,,,,,,,,,,,
2248,Hillsborough,PRODIGY EARLY LEARNING AT WINTHROP,RIVERVIEW,33578,No,Yes,Yes,PK-KG,80,2026,not_reached,,,,,,,,,,,
5074,Hillsborough,PROGRESS VILLAGE ACADEMY,RIVERVIEW,33568,Yes,Yes,Yes,PK-05,88,2025,not_reached,,,,,,,,,,,
2636,Hillsborough,PROVIDENCE CHRISTIAN SCHOOL,RIVERVIEW,33578,Yes,Yes,Yes,PK-12,300,2025,not_reached,,,,,,,,,,,
1218,Hillsborough,RESURRECTION CHRISTIAN SCHOOL,BRANDON,33511,Yes,Yes,Yes,KG-09,13,2026,not_attempted_no_own_domain,,,,,,,,,,,
9853,Hillsborough,ROTH ACADEMY,TAMPA,33689,No,No,No,,0,2025,not_attempted_no_enrollment,,,,,,,,,,,
2016,Hillsborough,SAINT JOHNS EPISCOPAL PARISH DAY SCHOOL,TAMPA,33606,Yes,Yes,Yes,PK-08,602,2025,found,2026-27,,,,21195,0,https://www.stjohnseagles.org/admissions/tuition-fees,2026-10-08,live,"K5-8 flat; K4 19,255 excluded",high
2039,Hillsborough,SAINT JOSEPH PARISH SCHOOL,TAMPA,33607,Yes,Yes,Yes,PK-08,280,2026,no_website,,,,,,,,,,,
2070,Hillsborough,SAINT LAWRENCE CATHOLIC SCHOOL,TAMPA,33614,Yes,Yes,Yes,PK-08,512,2026,not_reached,,,,,,,,,,,
2089,Hillsborough,SAINT MARYS EPISCOPAL DAY SCHOOL,TAMPA,33629,Yes,Yes,Yes,PK-08,451,2025,found,2026-27,,,,21550,0,https://www.smeds.org/admission/tuition-and-financial-aid,2026-10-08,live,"all grade levels; one-time building and equipment fee of 10,000 excluded",high
2543,Hillsborough,SAINT PETER CLAVER,TAMPA,33602,Yes,Yes,Yes,KG-08,63,2025,no_website,,,,,,,,,,,
7932,Hillsborough,SCHOLARS CHRISTIAN ACADEMY,TAMPA,33605,Yes,Yes,Yes,PK-12,47,2026,not_attempted_no_own_domain,,,,,,,,,,,
2840,Hillsborough,SEFFNER CHRISTIAN ACADEMY,SEFFNER,33584,Yes,Yes,Yes,PK-12,829,2026,tuition_word_no_amount,,,,,,,,,,,
5334,Hillsborough,"Shining Star Christian Schools, Inc.",Valrico,33596,Yes,No,No,,0,2025,not_attempted_no_enrollment,,,,,,,,,,,
5835,Hillsborough,SOUTH BAY ACADEMY,RIVERVIEW,33578,Yes,Yes,Yes,PK-10,182,2025,not_reached,,,,,,,,,,,
4683,Hillsborough,SOUTHSHORE MONTESSORI II,APOLLO BEACH,33572,No,Yes,Yes,KG-05,98,2026,unclear,,,,,,0,https://www.wearemontessori.com/tuition-rates,2026-10-08,live,age-based Montessori monthly rates,
8651,Hillsborough,SPARK LEARNING XXIII,TAMPA,33605,No,Yes,Yes,KG-08,45,2026,unclear,,,,,,0,https://primer.com/tuition,2026-10-08,live,programme of another operator; scholarship focus,
9704,Hillsborough,SPECIALLY FIT,DOVER,33527,No,Yes,Yes,09-12,70,2025,not_attempted_no_own_domain,,,,,,,,,,,
2563,Hillsborough,ST ANDREWS ACADEMY,BRANDON,33511,Yes,Yes,Yes,PK-KG,99,2026,not_reached,,,,,,,,,,,
5435,Hillsborough,St. John's Episcopal Parish Day School,Tampa,33606,Yes,Yes,Yes,PK-08,601,2025,found,2026-27,,,,21195,0,https://www.stjohnseagles.org/admissions/tuition-fees,2026-10-08,live,"K5-8 flat; K4 19,255 excluded; same page as school 2016",high
5383,Hillsborough,St. John's Episcopal Parish Day School,Tampa,33606,Yes,Yes,Yes,PK-08,601,2025,found,2026-27,,,,21195,0,https://www.stjohnseagles.org/admissions/tuition-fees,2026-10-08,live,"K5-8 flat; K4 19,255 excluded; same page as school 2016",high
9636,Hillsborough,ST. RITA ACADEMY OF HOPE,RIVERVIEW,33569,No,Yes,Yes,PK-02,11,2026,not_attempted_no_own_domain,,,,,,,,,,,
3513,Hillsborough,ST. STEPHEN CATHOLIC SCHOOL,RIVERVIEW,33569,Yes,Yes,Yes,PK-08,285,2026,no_website,,,,,,,,,,,
9861,Hillsborough,ST. THOMAS AQUINAS ACADEMY,TAMPA,33611,Yes,Yes,Yes,PK-08,103,2026,not_reached,,,,,,,,,,,
1772,Hillsborough,STEPPING STONES SCHOOL,ODESSA,33556,No,No,No,09-12,203,2025,not_attempted_no_own_domain,,,,,,,,,,,
1338,Hillsborough,SUNSHINE DAYCARE OF TAMPA LLC,TAMPA,33615,No,No,No,,0,2025,not_attempted_no_enrollment,,,,,,,,,,,
8777,Hillsborough,TAMPA BAY ACADEMY,TAMPA,33613,Yes,Yes,Yes,PK-08,191,2026,no_website,,,,,,,,,,,
1043,Hillsborough,Tampa Bay Christian Academy,Tampa,33604,Yes,No,No,08-12,141,2026,unclear,,,,,,0,https://www.tbcarams.org/admissions/tuition-fees.cfm,2026-10-08,live,only aftercare and fee amounts seen,
7104,Hillsborough,TAMPA BAY CHRISTIAN ACADEMY OF FLORIDA INC,TAMPA,33604,Yes,Yes,Yes,PK-12,476,2025,unclear,,,,,,0,https://www.tbcarams.org/admissions/tuition-fees.cfm,2026-10-08,live,only aftercare and fees seen; same page as school 1043,
2200,Hillsborough,TAMPA CATHOLIC HIGH SCHOOL INC.,TAMPA,33603,Yes,Yes,Yes,09-12,812,2026,found,2026-27,,,,16890,0,https://www.tampacatholic.org/apps/pages/index.jsp?uREC_ID=3863569&type=d&pREC_ID=2476738,2026-10-08,live,high school tuition rate,high
1643,Hillsborough,TAMPA CHRISTIAN ACADEMY,SANFORD,32771,No,Yes,Yes,KG-01,19,2025,not_attempted_no_own_domain,,,,,,,,,,,
3836,Hillsborough,TAMPA CHRISTIAN COMMUNITY SCHOOL,TAMPA,33694,Yes,No,No,KG-12,105,2025,not_attempted_no_own_domain,,,,,,,,,,,
6958,Hillsborough,TAMPA DAY SCHOOL,TAMPA,33625,No,Yes,Yes,03-08,145,2025,found,2026-27,25600,25600,,,0,https://www.tampadayschool.com/tuition/,2026-10-08,live,"grades 3-8 25,600; K-2 not seen",medium
7150,Hillsborough,TAMPA PINNACLE ACADEMY LLC,TAMPA,33606,No,Yes,Yes,KG-08,67,2025,not_attempted_no_own_domain,,,,,,,,,,,
2246,Hillsborough,TAMPA PREPARATORY SCHOOL,TAMPA,33606,No,No,No,06-12,698,2025,found,2026-27,,32512,34340,,0,https://tampaprep.org/admissions/fees-and-tuition/,2026-10-08,live,"middle school 32,512; upper school 34,340; ancillary fee for international students excluded",high
8844,Hillsborough,TAMPA TORAH ACADEMY,TAMPA,33647,Yes,Yes,Yes,PK-11,73,2025,blocked,,,,,,,,,,,
7203,Hillsborough,THE ACADEMY AT TRUE SANCTUARY OF PRAISE,RIVERVIEW,33578,Yes,Yes,Yes,PK-06,79,2026,tuition_word_no_amount,,,,,,,,,,,
966,Hillsborough,THE BRANDON MONTESSORI SCHOOL,VALRICO,33596,No,Yes,Yes,PK-KG,57,2025,unclear,,,,,,0,https://www.wearemontessori.com/tuition-rates,2026-10-08,live,"monthly rates by program, grade levels not clear",
9294,Hillsborough,THE ENCOUNTER WORSHIP CENTER CHRISTIAN,TAMPA,33647,Yes,Yes,Yes,01-12,22,2025,not_attempted_no_own_domain,,,,,,,,,,,
7142,Hillsborough,THE GODDARD SCHOOL FOR EARLY CHILDHOOD DEV,TAMPA,33637,No,No,No,PK,30,2025,tuition_word_no_amount,,,,,,,,,,,
9307,Hillsborough,THE GODDARD SCHOOL OF SOUTH TAMPA,TAMPA,,No,No,No,PK-KG,70,2025,tuition_word_no_amount,,,,,,,,,,,
1306,Hillsborough,THE PAIDEIA SCHOOL OF TAMPA BAY,TAMPA,33617,Yes,Yes,Yes,KG-11,77,2026,found,2026-27,12999,13707,13707,,0,https://paideiatampa.org/academics/admissions,2026-10-08,live,"K 12,514; 1-6 12,999; 7-12 13,707",high
7263,Hillsborough,THE PRESLEY LEARNING CENTER ACADEMY,GAINESVILLE,32608,No,No,No,PK-11,35,2025,not_attempted_no_own_domain,,,,,,,,,,,
3084,Hillsborough,THE RIVERVIEW MONTESSORI SCHOOL AT RIVERCRE,RIVERVIEW,33569,No,Yes,Yes,PK-05,112,2026,unclear,,,,,,0,https://www.wearemontessori.com/tuition-rates,2026-10-08,live,age-based Montessori monthly rates,
8837,Hillsborough,THE WAY CHRISTIAN ACADEMY,TAMPA,33612,Yes,Yes,Yes,KG-12,60,2026,not_attempted_no_own_domain,,,,,,,,,,,
4571,Hillsborough,TIME OF WONDER,TAMPA,33634,No,No,No,PK-KG,10,2025,not_attempted_no_own_domain,,,,,,,,,,,
1464,Hillsborough,TOP KIDS SCHOOLS,TAMPA,33616,No,Yes,Yes,PK-05,13,2025,not_attempted_no_own_domain,,,,,,,,,,,
2335,Hillsborough,UNIVERSAL ACADEMY OF FLORIDA,TAMPA,33610,Yes,Yes,Yes,PK-12,820,2025,unclear,,,,,,0,https://www.uaftampa.org/admissions/admissions-process,2026-10-08,live,only fees seen,
2356,Hillsborough,VILLA MADONNA,TAMPA,33602,Yes,Yes,Yes,PK-08,376,2026,no_website,,,,,,,,,,,
4576,Hillsborough,VISIONARY ACADEMY,TAMPA,33612,No,Yes,Yes,KG-12,127,2025,not_reached,,,,,,,,,,,
1574,Hillsborough,WEST GATE CHRISTIAN SCHOOL,TAMPA,33615,Yes,Yes,Yes,PK-12,303,2025,not_reached,,,,,,,,,,,
6764,Hillsborough,WESTMINSTER ACADEMY,TAMPA,33609,Yes,Yes,Yes,KG-07,76,2026,not_reached,,,,,,,,,,,
1149,Hillsborough,WINDSOR LEARNING ACADEMY,TAMPA,33615,No,Yes,Yes,KG-12,74,2025,not_attempted_no_own_domain,,,,,,,,,,,
9574,Holmes,GRACE FELLOWSHIP CHRISTIAN ACADEMY INC.,BONIFAY,32425,Yes,Yes,Yes,KG-11,74,2025,not_attempted_no_own_domain,,,,,,,,,,,
624,Holmes,Heartland Academy-Florida,BONIFAY,32425,Yes,No,No,06-11,25,2026,not_reached,,,,,,,,,,,
7474,Indian River,Amarikhotanale,Vero Beach,32960,No,No,No,KG-05,6,2025,not_reached,,,,,,,,,,,
1885,Indian River,AMERICAN NATION BUILDERS CHRISTIAN ACADEMY,ORLANDO,32802,Yes,No,No,,0,2025,not_attempted_no_enrollment,,,,,,,,,,,
2254,Indian River,CHESTERTON ACADEMY OF VERO BEACH,VERO BEACH,32964,Yes,No,No,09-11,10,2026,found,2024-25,,,,10250,0,https://chestertonvero.org/admissions/,2026-10-08,live,page shows 2024-25; fees 750 separate,high
8263,Indian River,CHRIST CHURCH ACADEMY,VERO BEACH,32960,Yes,Yes,Yes,PK-04,79,2025,unclear,,,,,,0,,2026-10-08,live,no dollar lines found,
3107,Indian River,CROSSTYLE ACADEMY,SEBASTIAN,32958,Yes,Yes,Yes,KG-12,24,2025,not_attempted_no_own_domain,,,,,,,,,,,
7128,Indian River,FIRST METHODIST ACADEMY,VERO BEACH,32960,Yes,Yes,Yes,KG-02,25,2025,no_website,,,,,,,,,,,
1289,Indian River,GLENDALE CHRISTIAN SCHOOL,VERO BEACH,32968,Yes,Yes,Yes,PK-05,207,2025,not_attempted_no_own_domain,,,,,,,,,,,
3545,Indian River,GLENDALE CHRISTIAN SCHOOL WEST,VERO BEACH,32968,Yes,Yes,Yes,06-11,63,2025,found,2026-27,8600,9100,9600,,0,https://www.glendalechristianschool.com/tuition-and-fees/,2026-10-08,live,"K 8,300; 1-5 8,600; 6-8 9,100; 9-12 9,600; labels of the last two lines are misaligned in the text, so 6-8 is inferred",medium
5957,Indian River,Heartwood Academy,Vero Beach,32962,No,No,No,KG-11,23,2025,not_attempted_no_own_domain,,,,,,,,,,,
4838,Indian River,MASTER'S ACADEMY OF VERO BEACH,VERO BEACH,32966,Yes,Yes,Yes,PK-12,360,2026,tuition_word_no_amount,,,,,,,,,,,
1098,Indian River,MVG ELITE ACADEMY INC.,VERO BEACH,32960,Yes,No,No,03-07,9,2025,not_reached,,,,,,,,,,,
7615,Indian River,NEXT WAVE ACADEMY,FELLSMERE,32948,No,Yes,Yes,06-10,49,2026,not_attempted_no_own_domain,,,,,,,,,,,
725,Indian River,SAINT EDWARD'S SCHOOL,VERO BEACH,32963,Yes,Yes,Yes,PK-12,638,2025,found,2026-27,30170,35610,38960,,0,https://www.steds.org/admission/tuition-and-fees,2026-10-08,live,"K 28,380; 1-5 30,170; 6-8 35,610; 9-12 38,960; international and pre-K excluded",high
785,Indian River,SAINT HELEN CATHOLIC SCHOOL,VERO BEACH,32960,Yes,Yes,Yes,PK-08,232,2025,no_website,,,,,,,,,,,
3312,Indian River,SUNCOAST PRIMARY SCHOOL,VERO BEACH,32960,No,Yes,Yes,PK-08,43,2025,not_attempted_no_own_domain,,,,,,,,,,,
4604,Indian River,THE WILLOW SCHOOL,VERO BEACH,32960,No,Yes,Yes,KG-08,47,2026,not_reached,,,,,,,,,,,
576,Indian River,TOUCHED BY GRACE ACADEMY,VERO BEACH,32962,Yes,Yes,Yes,03-12,24,2025,not_attempted_no_own_domain,,,,,,,,,,,
6596,Indian River,TRINITY EPISCOPAL SCHOOL,VERO BEACH,32960,Yes,Yes,Yes,PK-04,98,2025,found,2026-27,12625,,,,0,https://trinityvero.org/wp-content/uploads/2026/08/Schedule-of-Tuition-Fees-2026-2027-Academic-Year-2.pdf,2026-10-08,live,K-5; PreK excluded,high
9755,Indian River,VERO CLASSICAL SCHOOL,VERO BEACH,32960,Yes,Yes,Yes,KG-06,114,2025,found,2026-27,,,,15500,0,https://www.veroclassicalschool.org/copy-of-express-interest-parents,2026-10-08,live,tuition per year; enrollment fee 500 separate,high
9877,Jackson,ADAPTIVE LEARNING CENTER,MARIANNA,32446,No,Yes,Yes,02-12,28,2025,not_attempted_no_own_domain,,,,,,,,,,,
786,Jackson,DAYSPRING CHRISTIAN ACADEMY,MARIANNA,32446,Yes,Yes,Yes,PK-12,292,2025,unclear,,,,,,0,https://dayspringca.com/fee-schedule-2026-2027,2026-10-08,live,"three unlabelled rates (8,900 / 8,300 / 8,100); not coded",
8266,Jackson,FLEXI ACADEMY,PALM BEACH,33411,No,No,No,01-12,53,2025,not_attempted_no_own_domain,,,,,,,,,,,
3856,Jackson,SAND BASIN SCHOOLHOUSE,GRAND RIDGE,32442,Yes,No,No,PK-03,7,2025,not_attempted_no_own_domain,,,,,,,,,,,
443,Jackson,VICTORY CHRISTIAN ACADEMY,SNEADS,32460,Yes,Yes,Yes,PK-12,43,2025,not_reached,,,,,,,,,,,
446,Jefferson,AUCILLA CHRISTIAN ACADEMY INC.,MONTICELLO,32344,Yes,Yes,Yes,PK-12,483,2026,found,2026-27,,,,13164,0,https://www.aucilla.org/tuition/,2026-10-08,live,"K5-12 13,164 per year (1,097 x 12); PK3-PK4 6,768 excluded",high
8549,Jefferson,FRANKLIN ACADEMY INC.,TALLAHASSEE,32304,Yes,Yes,Yes,02-11,20,2025,not_attempted_no_own_domain,,,,,,,,,,,
4979,Jefferson,The Village Academy,Monticello,32344,No,Yes,Yes,,0,2025,not_attempted_no_enrollment,,,,,,,,,,,
4185,Lafayette,LIGHTHOUSE CHRISTIAN ACADEMY,MAYO,32066,Yes,Yes,Yes,PK-12,80,2026,unclear,,,,,,0,,2026-10-08,live,no dollar lines found,
2565,Lake,ADONAI ACADEMY INCORPORATED,MOUNT DORA,32757,Yes,Yes,Yes,PK-12,20,2025,not_attempted_no_own_domain,,,,,,,,,,,
7401,Lake,APPLIED BEHAVIOR EDU AND LIFESKILLS ACADEMY,CLERMONT,34715,No,Yes,Yes,PK-12,75,2025,not_reached,,,,,,,,,,,
8899,Lake,ASTATULA CHRISTIAN SCHOOL,ASTATULA,34705,Yes,Yes,Yes,KG-12,174,2025,not_attempted_no_own_domain,,,,,,,,,,,
1689,Lake,BELIEVERS CHRISTIAN ACADEMY,CLERMONT,34714,Yes,Yes,Yes,KG-12,24,2025,not_attempted_no_own_domain,,,,,,,,,,,
8172,Lake,BETTER LIFE ACADEMY,LEESBURG,34748,No,Yes,Yes,KG-12,75,2025,unclear,,,,,,0,https://www.betterlifeofcentralfl.com/wp-content/uploads/2024/07/Tuition-Fees-2024-2025.pdf,2026-10-08,live,2024-25 table with two unlabelled columns; same page as school 2949,
6947,Lake,BUILDING FUTURES ACADEMY AND PRESCHOOL,SORRENTO,32776,Yes,Yes,Yes,PK-12,26,2025,not_attempted_no_own_domain,,,,,,,,,,,
9781,Lake,CAREER INNOVATIONS ACADEMY - FL LLC,Leesburg,34748,Yes,Yes,Yes,,0,2025,not_attempted_no_enrollment,,,,,,,,,,,
1815,Lake,CHILDREN OF CHRIST LLC,CLERMONT,34711,Yes,Yes,Yes,,0,2025,not_attempted_no_enrollment,,,,,,,,,,,
9500,Lake,CHOSEN GENERATION CHRISTIAN ACADEMY 2,KISSIMMEE,34759,Yes,Yes,Yes,02-12,17,2025,unclear,,,,,,0,https://chosengenca.com/2024/05/17/tuition-fees/,2026-10-08,live,"monthly rates, number of payments not seen; same page as school 5373",
1290,Lake,CHRISTIAN HERITAGE ACADEMY,Fruitland Park,34731,No,No,No,01-12,11,2025,not_attempted_no_own_domain,,,,,,,,,,,
4156,Lake,CITRUS HEIGHTS ACADEMY,CLERMONT,34711,Yes,Yes,Yes,01-12,67,2025,not_attempted_no_own_domain,,,,,,,,,,,
899,Lake,COVENANT LIGHT PRIVATE,EUSTIS,32736,Yes,No,No,01-12,15,2026,not_reached,,,,,,,,,,,
7470,Lake,CREATE CONSERVATORY,MOUNT DORA,32757,No,Yes,Yes,KG-08,42,2025,not_reached,,,,,,,,,,,
9137,Lake,DOMINION AND POWER CHRISTIAN ACADEMY,EUSTIS,32726,Yes,Yes,Yes,,0,2025,not_attempted_no_enrollment,,,,,,,,,,,
5451,Lake,DREAMPLEX THERAPEUTIC SCHOOL,CLERMONT,34712,No,Yes,Yes,PK-12,49,2025,not_reached,,,,,,,,,,,
727,Lake,FAITH LUTHERAN SCHOOL,EUSTIS,32726,Yes,Yes,Yes,PK-08,240,2026,not_reached,,,,,,,,,,,
4338,Lake,FAMILY CHRISTIAN CENTER SCHOOL - CLERMONT,CLERMONT,34711,Yes,Yes,Yes,KG-12,557,2025,not_reached,,,,,,,,,,,
1500,Lake,FIRST ACADEMY-LEESBURG,LEESBURG,34748,Yes,Yes,Yes,KG-12,514,2026,found,2026-27,,,,9830,0,https://www.faleesburg.com/_files/ugd/288100_9e73a8284534466c9334b1b6c969bafd.pdf,2026-10-08,live,per student; fees separate,high
5338,Lake,First Presbyterian Preschool,Mt Dora,32757,Yes,Yes,Yes,PK,59,2025,not_reached,,,,,,,,,,,
8965,Lake,FIRST TRINITY ACADEMY,FRUITLAND PARK,34731,Yes,Yes,Yes,PK-09,115,2025,not_attempted_no_own_domain,,,,,,,,,,,
840,Lake,FOREST LAKE ACADEMY,FRUITLAND PARK,34731,No,No,No,01-04,2,2025,not_attempted_no_own_domain,,,,,,,,,,,
3787,Lake,GATEWAY CHRISTIAN SCHOOL,MOUNT DORA,32757,Yes,Yes,Yes,PK-09,84,2025,network_site_only,,,,,,0,https://www.flcoe.org/,2026-10-08,live,"only the FLCOE network site was found: range 7,000-14,000 per year",
8109,Lake,GREATER HORIZONS ACADEMY OF EXCELLENCE,GROVELAND,34736,Yes,Yes,Yes,KG-08,26,2025,tuition_word_no_amount,,,,,,,,,,,
6209,Lake,HERITAGE CHRISTIAN ACADEMY,LADY LAKE,32159,Yes,Yes,Yes,02-12,33,2025,not_reached,,,,,,,,,,,
787,Lake,HOLY TRINITY EPISCOPAL SCHOOL,FRUITLAND PARK,34731,Yes,Yes,Yes,06-12,52,2025,found,2026-27,,,,10500,0,https://www.htepiscopalschool.org/htes-tuition,2026-10-08,live,tuition; student fee 700 separate,high
2564,Lake,HOP TO THE LIGHT CHRISTIAN ACADEMY,OKAHUMPKA,34762,Yes,Yes,Yes,03-11,6,2025,not_attempted_no_own_domain,,,,,,,,,,,
8000,Lake,HOPE ACADEMY INCORPORATED,GROVELAND,34736,Yes,Yes,Yes,KG-12,227,2025,tuition_word_no_amount,,,,,,,,,,,
7519,Lake,Inspire Learning Academy-North,Leesburg,,No,Yes,Yes,PK-04,10,2025,not_attempted_no_own_domain,,,,,,,,,,,
6889,Lake,INTEGRITY CHRISTIAN ACADEMY,GROVELAND,34736,Yes,Yes,Yes,PK-12,145,2025,tuition_word_no_amount,,,,,,,,,,,
9832,Lake,JOSEPH'S HOUSE SCHOOL,EUSTIS,32726,Yes,No,No,KG-11,10,2025,no_website,,,,,,,,,,,
5145,Lake,KERRINGTON'S CARE ACADEMY OF EXCELLENCE INC,LEESBURG,34748,No,Yes,Yes,PK-12,21,2025,no_website,,,,,,,,,,,
6268,Lake,Kingdom Christian Academy,Lady Lake,32159,Yes,No,No,,0,2026,not_attempted_no_enrollment,,,,,,,,,,,
1488,Lake,Lake County Prep Academy,,,No,No,No,PK-KG,15,2026,not_attempted_no_own_domain,,,,,,,,,,,
6687,Lake,Lake Geneva Primary School,,,No,Yes,Yes,PK-02,13,2025,tuition_word_no_amount,,,,,,,,,,,
968,Lake,LAKE MONTESSORI SCHOOL,LEESBURG,34748,No,Yes,Yes,PK-12,242,2025,no_website,,,,,,,,,,,
6473,Lake,LAKE PREPARATORY SCHOOL INC.,LEESBURG,34748,No,Yes,Yes,PK-08,99,2025,not_attempted_no_own_domain,,,,,,,,,,,
4629,Lake,LAND OF LAKES MONTESSORI SCHOOL,CLERMONT,34711,No,Yes,Yes,PK-03,92,2026,no_website,,,,,,,,,,,
9720,Lake,LEESBURG CHRISTIAN ACADEMY,LEESBURG,34748,Yes,Yes,Yes,KG-05,57,2025,not_reached,,,,,,,,,,,
8420,Lake,LEESBURG CHRISTIAN PREPARATORY SCHOOL IEP,LEESBURG,34788,Yes,Yes,Yes,KG-12,136,2025,tuition_word_no_amount,,,,,,,,,,,
2074,Lake,LIBERTY CHRISTIAN PREPARATORY SCHOOL,TAVARES,32778,Yes,Yes,Yes,PK-12,521,2025,no_website,,,,,,,,,,,
7280,Lake,MEANINGFUL MILESTONE ACADEMY INC,EUSTIS,32727,No,Yes,Yes,PK-11,75,2025,found,,7620,8000,7660,,0,https://www.meaningfulmilestonesacademy.org/academics,2026-10-08,live,"standard tuition Pre-K-5 7,620; 6-8 8,000; 9-12 7,660; support levels 1-5 are higher and excluded; year not stated",high
8216,Lake,MILESTONES COMMUNITY SCHOOL OF LAKE COUNTY,LEESBURG,34788,No,Yes,Yes,07-12,16,2025,not_attempted_no_own_domain,,,,,,,,,,,
8364,Lake,MODERN SCHOOLHOUSE,EUSTIS,32726,No,Yes,Yes,PK-09,80,2025,not_attempted_no_own_domain,,,,,,,,,,,
9594,Lake,MONTESSORI BILINGUAL ACADEMY,CLERMONT,34711,No,Yes,Yes,PK-03,87,2025,no_website,,,,,,,,,,,
1034,Lake,MONTVERDE ACADEMY,MONTVERDE,34756,No,No,No,PK-12,1226,2025,found,2026-27,19676,24626,26082,,0,https://www.montverde.org/admission/tuition-and-fees,2026-10-08,live,"day tuition: K-5 19,676; 6-8 24,626; 9-12 26,082; boarding and pre-K excluded",high
629,Lake,MOUNT DORA CHRISTIAN ACADEMY,MOUNT DORA,32757,Yes,Yes,Yes,PK-12,921,2026,found,2026-27,14675,16375,16375,,0,https://www.mdcacademy.org/admission/tuition,2026-10-08,live,"K-5 14,675; 6-12 16,375 (same rate for middle and high)",high
1810,Lake,Mount Dora Montessori LLC,MOUNT DORA,32757,No,Yes,Yes,PK-10,141,2025,no_website,,,,,,,,,,,
5260,Lake,NEXT STEPS ACADEMY,LEESBURG,34748,No,No,No,,0,2025,not_attempted_no_enrollment,,,,,,,,,,,
5179,Lake,Palms Day School - Clermont Campus,Estero,33928,No,Yes,Yes,PK,15,2025,not_reached,,,,,,,,,,,
5190,Lake,Potters Hands Christian Academy,Groveland,34736,Yes,No,No,02-10,6,2025,not_attempted_no_own_domain,,,,,,,,,,,
3727,Lake,PRAISE TEMPLE CHRISTIAN ACADEMY,GROVELAND,34736,Yes,Yes,Yes,PK-12,165,2025,not_attempted_no_own_domain,,,,,,,,,,,
9753,Lake,RAFIKI CLASSICAL ACADEMY,EUSTIS,32736,Yes,Yes,Yes,PK-06,64,2025,no_website,,,,,,,,,,,
1219,Lake,REAL LIFE CHRISTIAN ACADEMY,CLERMONT,34711,Yes,Yes,Yes,PK-12,609,2025,not_reached,,,,,,,,,,,
9569,Lake,RISE UP 4 SUCCESS,TAVARES,32778,No,No,No,,0,2025,not_attempted_no_enrollment,,,,,,,,,,,
2959,Lake,RIVER ACADEMY,CLERMONT,34711,Yes,Yes,Yes,KG-11,35,2025,not_attempted_no_own_domain,,,,,,,,,,,
1257,Lake,SAINT PAUL'S CATHOLIC SCHOOL,LEESBURG,34748,Yes,Yes,Yes,PK-08,202,2026,found,2026-27,,,,9775,0,https://stpaulschoolleesburg.org/tuition/,2026-10-08,live,K-8 per child; 10 monthly payments of 977.50,high
4529,Lake,SELAH PERFORMING ARTS ACADEMY,CLERMONT,34711,Yes,No,No,,0,2025,not_attempted_no_enrollment,,,,,,,,,,,
1942,Lake,SOLID ROCK CHRISTIAN SCHOOL,MOUNT DORA,32757,Yes,Yes,Yes,KG-12,76,2025,no_website,,,,,,,,,,,
7895,Lake,Sorrento Bright Future Academy LLC,Winter Garden,34787,Yes,Yes,Yes,,0,2025,not_attempted_no_enrollment,,,,,,,,,,,
4402,Lake,SOUTH LAKE MONTESSORI SCHOOL,CLERMONT,34711,No,Yes,Yes,PK-KG,22,2025,not_attempted_no_own_domain,,,,,,,,,,,
3562,Lake,SUNSHINE SCHOOLHOUSE,LEESBURG,34748,No,Yes,Yes,PK-06,55,2025,tuition_word_no_amount,,,,,,,,,,,
8606,Lake,THE DREAM ACADEMY INC,CLERMONT,34711,No,Yes,Yes,KG-10,52,2026,not_reached,,,,,,,,,,,
8949,Lake,THE KEY TO LEARNING,CLERMONT,34715,No,Yes,Yes,KG-12,165,2025,unclear,,,,,,0,,2026-10-08,live,no dollar lines found,
3383,Lake,THE LEARNING CURVE ACADEMY INC.,EUSTIS,32736,Yes,Yes,Yes,PK-10,10,2025,not_attempted_no_own_domain,,,,,,,,,,,
269,Lake,THE POTTER'S ACADEMY,CLERMONT,34711,Yes,Yes,Yes,08-10,9,2025,not_reached,,,,,,,,,,,
9254,Lake,VIBES LEARNING ACADEMY,MINNEOLA,34715,Yes,Yes,Yes,KG-04,3,2025,not_reached,,,,,,,,,,,
5546,Lake,Village Montessori,Clermont,34711,No,Yes,Yes,,0,2025,not_attempted_no_enrollment,,,,,,,,,,,
5858,Lake,VILLAGE VIEW CHRISTIAN ACADEMY,FRUITLAND PARK,34731,Yes,Yes,Yes,KG-12,176,2025,tuition_word_no_amount,,,,,,,,,,,
8477,Lake,WESLEY CHRISTIAN ACADEMY,CLERMONT,34711,Yes,Yes,Yes,PK-08,454,2025,no_website,,,,,,,,,,,
1657,Lee,3 OAKS ACADEMY,ESTERO,33928,No,Yes,Yes,KG-12,55,2025,found,2026-27,,,,14050,0,https://www.3oaksacademy.com/estero/tuition,2026-10-08,live,"K-12 full-time; 3-day hybrid 11,110 excluded",high
6147,Lee,A LITTLE PIECE OF ME MONTESSORI ACADEMY,CAPE CORAL,33909,No,Yes,Yes,PK-08,175,2025,not_attempted_no_own_domain,,,,,,,,,,,
9783,Lee,ACTON ACADEMY ALVA,ALVA,33920,No,Yes,Yes,PK-06,17,2025,not_reached,,,,,,,,,,,
5886,Lee,ACTON ACADEMY ESTERO,ESTERO,33928,Yes,No,No,KG-06,34,2025,not_reached,,,,,,,,,,,
5502,Lee,ALMEGA ACADEMY INC,FORT MYERS,33901,Yes,No,No,12,1,2026,no_website,,,,,,,,,,,
3628,Lee,APOSTOLIC REVIVAL CENTER CHRISTIAN SCHOOL,FT. MYERS,33916,Yes,Yes,Yes,PK-05,33,2025,not_attempted_no_own_domain,,,,,,,,,,,
6641,Lee,BANNWORTH ACADEMY OF CLASSICAL EDUCATION,FORT MYERS,33901,Yes,No,No,01-11,17,2025,unclear,,,,,,0,https://www.bannworthacademy.com/,2026-10-08,live,tutoring rates,
630,Lee,BISHOP VEROT CATHOLIC HIGH SCHOOL,FORT MYERS,33919,Yes,Yes,Yes,09-12,859,2025,found,2026-27,,,,17495,0,https://www.bvhs.org/admissions/tuition-and-fees,2026-10-08,live,"high school tuition; payable monthly, quarterly or annually",high
3119,Lee,BLUE HORIZON SCHOOL ACADEMY,FORT MYERS,33912,No,Yes,Yes,PK-05,107,2026,not_reached,,,,,,,,,,,
7289,Lee,BRIGHTON ACADEMY I,POMPANO BEACH,33060,No,Yes,Yes,KG-05,32,2025,not_attempted_no_own_domain,,,,,,,,,,,
4805,Lee,Brown Academy,Fort Myers,33913,No,Yes,Yes,PK-KG,58,2026,not_reached,,,,,,,,,,,
728,Lee,CANTERBURY SCHOOL,FORT MYERS,33919,No,No,No,PK-12,797,2025,found,,31236,34335,34335,,0,https://www.canterburyfortmyers.org/admission/tuition-financialaid,2026-10-08,live,"K 23,130; 1-4 31,236; 5-8 and 9-12 34,335; year not stated; dining fee separate",high
2145,Lee,CAPE ACADEMY,CAPE CORAL,33991,No,Yes,Yes,KG-12,267,2025,tuition_word_no_amount,,,,,,,,,,,
8217,Lee,Cape Academy - South,Cape Coral,33991,No,No,No,,0,2026,not_attempted_no_enrollment,,,,,,,,,,,
9702,Lee,CENTER ACADEMY CAPE CORAL,CAPE CORAL,33991,No,Yes,Yes,04-11,34,2025,tuition_word_no_amount,,,,,,,,,,,
5379,Lee,Champions Christian Academy,Lehigh Acres,33936,Yes,Yes,Yes,,0,2025,not_attempted_no_enrollment,,,,,,,,,,,
508,Lee,CHRISTIAN ACADEMY FOR AUTISM INC,LEHIGH ACRES,33936,Yes,Yes,Yes,PK-11,104,2025,not_attempted_no_own_domain,,,,,,,,,,,
3194,Lee,CHRISTIAN ACADEMY FOR AUTISM LEHIGH ACRES,Lehigh Acres,33936,Yes,Yes,Yes,PK-10,53,2025,not_attempted_no_own_domain,,,,,,,,,,,
7300,Lee,CHRISTIAN LIFE ACADEMY OF LEE COUNTY INC.,CAPE CORAL,33991,Yes,Yes,Yes,PK-11,349,2026,tuition_word_no_amount,,,,,,,,,,,
4614,Lee,CLASSICAL CHRISTIAN ACADEMY INC.,North Fort Myers,33903,Yes,No,No,PK-12,212,2026,unclear,,,,,,0,https://www.discovercca.org/tuition/,2026-10-08,live,"hybrid part-time tracks, not full-time tuition",
2368,Lee,CRESTWELL SCHOOL,FORT MYERS,33907,No,Yes,Yes,PK-08,318,2026,found,2026-27,11475,11850,,,0,https://crestwellschool.org/admission/faq,2026-10-08,live,"K-5 11,475; 6-8 11,850; VPK excluded",high
5306,Lee,CROSSPOINTE ACADEMY INC.,FORT MYERS,33912,Yes,Yes,Yes,PK-12,159,2025,no_website,,,,,,,,,,,
2952,Lee,CROSSROADS BAPTIST ACADEMY,FORT MYERS,33994,Yes,Yes,Yes,KG-10,19,2025,not_reached,,,,,,,,,,,
6320,Lee,CROWN OF LIFE CHRISTIAN ACADEMY,FT MYERS,33912,Yes,Yes,Yes,PK-08,128,2026,unclear,,,,,,0,https://crownlifeacademy.com/admissions/rates/,2026-10-08,live,tuition applies to a VPK-linked programme; grades not clear,
6174,Lee,DE LASALLE ACADEMY OF FORT MYERS,FORT MYERS,33966,No,Yes,Yes,01-12,127,2025,found,2026-27,20051,20051,20327,,0,https://www.delasallefm.org/121858_2,2026-10-08,live,"grades 1-8 tuition 20,051 (20,551 with registration fee); grades 9-12 20,327 (20,827 with registration fee)",high
7390,Lee,DISCOVERY DAY ACADEMY,BONITA SPRINGS,34134,No,Yes,Yes,PK-08,56,2025,not_reached,,,,,,,,,,,
9648,Lee,EDUCATIONAL PATHWAYS ACADEMY II,ESTERO,34134,Yes,Yes,Yes,03-12,81,2025,unclear,,,,,,0,https://www.educationalpathwaysacademy.com/tuition-and-fees,2026-10-08,live,scholarship information only,
6695,Lee,Emerge Specialized Education Center,Fort Myers,33912,No,No,No,PK-01,6,2026,not_reached,,,,,,,,,,,
7163,Lee,Empowered Preparatory School,CAPE CORAL,33914,No,Yes,Yes,05-08,6,2025,tuition_word_no_amount,,,,,,,,,,,
905,Lee,EVANGELICAL CHRISTIAN,FORT MYERS,33907,Yes,Yes,Yes,PK-08,1237,2026,tuition_word_no_amount,,,,,,,,,,,
270,Lee,EVANGELICAL CHRISTIAN SCHOOL,FORT MYERS,33966,Yes,Yes,Yes,09-12,370,2026,tuition_word_no_amount,,,,,,,,,,,
1603,Lee,FORT MYERS CHRISTIAN SCHOOL,FORT MYERS,33907,Yes,Yes,Yes,PK-08,352,2025,unclear,,,,,,0,https://fortmyerschristianschool.com/wp-content/uploads/Tuition-Information-26-27.pdf,2026-10-08,live,columns of amounts without clear grade labels,
6689,Lee,Goddard School of Estero,Estero,33928,No,No,No,PK,11,2025,tuition_word_no_amount,,,,,,,,,,,
4085,Lee,GOOD SHEPHERD LUTHERAN SCHOOL,NORTH FORT MYERS,33903,Yes,Yes,Yes,KG-08,121,2026,not_reached,,,,,,,,,,,
1577,Lee,GOSPEL BAPTIST CHRISTIAN SCHOOL,BONITA SPRINGS,34135,Yes,Yes,Yes,PK-12,90,2026,no_website,,,,,,,,,,,
7495,Lee,GRACE CLASSICAL ACADEMY,BONITA SPRINGS,34133,Yes,Yes,Yes,KG-08,116,2026,found,2026-27,,,,12300,0,https://wearegca.com/tuition-fees/,2026-10-08,live,full-time K-8 paid in full by July 1; 5% finance fee for installments,high
1844,Lee,GRACE COMMUNITY SCHOOL,BONITA SPRINGS,34135,Yes,Yes,Yes,PK-11,145,2025,unclear,,,,,,0,https://www.gracecommunityschools.com/,2026-10-08,live,preschool and childcare offers,
4494,Lee,GRACE COMMUNITY SCHOOL OF FORT MYERS INC.,FT. MYERS,33907,Yes,Yes,Yes,PK-12,167,2025,unclear,,,,,,0,https://www.gracecommunityschools.com/,2026-10-08,live,childcare offers only,
7572,Lee,GRACE COMMUNITY SCHOOL OF LEHIGH,LEHIGH ACRES,33971,Yes,Yes,Yes,PK-KG,168,2025,unclear,,,,,,0,https://www.gracecommunityschools.com/,2026-10-08,live,childcare offers only,
6895,Lee,GRACE COMMUNITY SCHOOL OF NORTH FORT MYERS,NORTH FORT MYERS,33903,Yes,Yes,Yes,PK-KG,133,2025,unclear,,,,,,0,https://www.gracecommunityschools.com/,2026-10-08,live,childcare offers only,
6165,Lee,GRACE COMMUNITY SCHOOL OF SKYLINE,CAPE CORAL,33914,Yes,Yes,Yes,PK-KG,176,2025,unclear,,,,,,0,https://www.gracecommunityschools.com/,2026-10-08,live,childcare offers only,
1652,Lee,GUNNERY ROAD CHRISTIAN ACADEMY,LEHIGH ACRES,33971,Yes,Yes,Yes,PK-12,156,2026,not_attempted_no_own_domain,,,,,,,,,,,
3608,Lee,HIBERNIAN PRIVATE SCHOOL,FT. MYERS,33907,No,Yes,Yes,06-12,29,2025,found,2026-27,,,,12000,0,https://www.hibernianprivateschool.com/admissions,2026-10-08,live,2026-27 academic year tuition,high
3304,Lee,IN YOUR HANDS BEHAVIOR,N FORT MYERS,33903,No,Yes,Yes,,0,2025,not_attempted_no_enrollment,,,,,,,,,,,
470,Lee,KINGDOM CHRISTIAN ACADEMY OF EXCELLENCE,LEHIGH ACRES,33936,Yes,No,No,,0,2026,not_attempted_no_enrollment,,,,,,,,,,,
7698,Lee,LEE AUTISM ACADEMY,FORT MYERS,33901,No,No,No,06-12,10,2026,not_reached,,,,,,,,,,,
9541,Lee,LEHIGH ACRES CHRISTIAN SCHOOL,LEHIGH ACRES,33970,Yes,Yes,Yes,KG-12,132,2025,not_attempted_no_own_domain,,,,,,,,,,,
2324,Lee,LIVING WORD CHRISTIAN SCHOOL,NORTH FORT MYERS,33903,Yes,Yes,Yes,KG-12,71,2025,not_attempted_no_own_domain,,,,,,,,,,,
404,Lee,MAIMONIDES HEBREW DAY SCHOOL,FT. MYERS,33919,Yes,Yes,Yes,01-07,5,2025,no_website,,,,,,,,,,,
7757,Lee,MILLENNIUM CHRISTIAN ACADEMY,FORT MYERS,33905,Yes,Yes,Yes,PK-07,29,2025,not_attempted_no_own_domain,,,,,,,,,,,
5128,Lee,MONTESSORI SCHOOL OF FT. MYERS,FT. MYERS,33907,No,Yes,Yes,PK-KG,96,2026,tuition_word_no_amount,,,,,,,,,,,
7095,Lee,NEW LIFE ACADEMY,FT. MYERS,33916,Yes,Yes,Yes,PK-12,103,2025,not_attempted_no_own_domain,,,,,,,,,,,
8169,Lee,Nova Academy Private School LLC,,,No,No,No,,0,2026,not_attempted_no_enrollment,,,,,,,,,,,
4286,Lee,PALMS DAY SCHOOL,ESTERO,34134,No,Yes,Yes,PK,15,2025,not_reached,,,,,,,,,,,
1517,Lee,QUALITY LIFE ACADEMY,FORT MYERS,33916,No,Yes,Yes,KG-11,24,2025,not_reached,,,,,,,,,,,
1578,Lee,RIGHT STEPS ACADEMY,FT MYERS,33907,No,Yes,Yes,PK,82,2025,unclear,,,,,,0,https://rightstepsacademy.com/tuition-fees/,2026-10-08,live,childcare-style four-week rate,
2348,Lee,RISING SUN ACADEMY,LEHIGH ACRES,33973,No,No,No,03-04,2,2025,not_attempted_no_own_domain,,,,,,,,,,,
7443,Lee,ROCK CHRISTIAN ACADEMY,FORT MYERS,33916,Yes,Yes,Yes,KG-12,33,2026,not_attempted_no_own_domain,,,,,,,,,,,
2158,Lee,SACRED HEART OF JESUS PRIVATE SCHOOL,NORTH FORT MYERS,33917,Yes,No,No,01-12,44,2025,not_attempted_no_own_domain,,,,,,,,,,,
1419,Lee,SAINT FRANCIS XAVIER,FORT MYERS,33901,Yes,Yes,Yes,PK-08,614,2025,no_website,,,,,,,,,,,
1452,Lee,SAINT MICHAEL LUTHERAN SCHOOL,FORT MYERS,33901,Yes,Yes,Yes,PK-08,444,2026,no_website,,,,,,,,,,,
4407,Lee,SMART START EXCEPTIONAL STUDENT EDUCATION,FT. MYERS,33907,No,Yes,Yes,KG,4,2025,not_reached,,,,,,,,,,,
1882,Lee,SONSHINE CHRISTIAN ACADEMY,FT  MYERS,33905,Yes,Yes,Yes,PK-12,420,2025,found,2026-27,,,,8000,0,https://sonshinewarriors.org/financial-information-chirho,2026-10-08,live,"K5 through 12 all 8,000; curriculum fee 370 separate; K3 and K4 6,000 excluded",high
2397,Lee,SOUTHWEST FLORIDA CHRISTIAN ACADEMY,FORT MYERS,33966,Yes,Yes,Yes,PK-12,1256,2026,unclear,,,,,,0,https://www.sfcakings.org/admissions/tuition-fees/,2026-10-08,live,tables of amounts without clear labels,
1794,Lee,ST. ANDREW CATHOLIC SCHOOL,CAPE CORAL,33904,Yes,Yes,Yes,PK-08,618,2025,found,2026-27,,,,11800,0,https://static1.squarespace.com/static/5fdb7414ed7e7c40dfe79589/t/6970f553ba91255a6b2a72c0/1769010515068/2026-27+Tuition+Fee.pdf,2026-10-08,live,"PreK3 to grade 8 full day tuition fee; total with registration and security fees 12,325",high
2309,Lee,SUMMIT CHRISTIAN SCHOOL,FT. MYERS,33908,Yes,Yes,Yes,,0,2026,not_attempted_no_enrollment,,,,,,,,,,,
27,Lee,The Blooming Academy,,,No,No,No,PK-07,18,2026,not_attempted_no_own_domain,,,,,,,,,,,
8543,Lee,THRIVE ACADEMY,CAPE CORAL,33914,No,Yes,Yes,,0,2026,not_attempted_no_enrollment,,,,,,,,,,,
1158,Lee,VINE ACADEMY,FORT MYERS,33907,Yes,Yes,Yes,PK-05,36,2025,found,2026-27,,,,10070,0,https://vineacademy.org/wp-content/uploads/2026/01/26-27_Tuition-and-Fee-Schedules.pages.pdf,2026-10-08,live,total annual tuition; before/after care separate,high
1667,Lee,VISION HIGH SCHOOL INC,FORT MYERS,33901,No,No,No,09-12,19,2025,not_attempted_no_own_domain,,,,,,,,,,,
4851,Lee,WILOSTAR3D ACADEMY,BONITA SPRINGS,34135,No,No,No,06-12,147,2025,found,2027-28,,4300,4900,,0,https://wilostar3d.com/admissions-center/tuition/,2026-10-08,live,"middle school 4,300; high school 4,900; pay-in-full 10% discount not applied",high
525,Leon,ACADEME,TALLAHASSEE,32308,Yes,Yes,Yes,KG-08,35,2025,no_website,,,,,,,,,,,
2839,Leon,ANCHOR INSTITUTE OF EDUCATION INC,TALLAHASSEE,32310,No,Yes,Yes,KG-05,32,2025,not_attempted_no_own_domain,,,,,,,,,,,
8699,Leon,ANN'S PRESCHOOL AND KINDERGARTEN,TALLAHASSEE,32303,No,Yes,Yes,PK-KG,35,2025,not_attempted_no_own_domain,,,,,,,,,,,
9708,Leon,AVANT SCHOOL OF EXCELLENCE - TALLAHASSEE,TALLAHASSEE,32308,Yes,Yes,Yes,KG-12,153,2026,tuition_word_no_amount,,,,,,,,,,,
4470,Leon,BB SCHOLAR ACADEMY,TALLAHASSEE,32301,No,No,No,,0,2025,not_attempted_no_enrollment,,,,,,,,,,,
2174,Leon,BETHEL CHRISTIAN ACADEMY,TALLAHASSEE,32301,Yes,Yes,Yes,KG-08,43,2025,unclear,,,,,,0,,2026-10-08,live,no dollar lines found,
1076,Leon,BETTON HILLS PREPARATORY SCHOOL,TALLAHASSEE,32303,No,Yes,Yes,PK-02,42,2026,tuition_word_no_amount,,,,,,,,,,,
3902,Leon,BRIDGES TO OPPORTUNITY ACADEMY,CLARCONA,32710,No,Yes,Yes,10-12,25,2025,not_attempted_no_own_domain,,,,,,,,,,,
5480,Leon,BROWNSVILLE PREPARATORY INSTITUTE,TALLAHASSEE,32308,No,Yes,Yes,PK-03,119,2025,not_reached,,,,,,,,,,,
8891,Leon,CAPITAL PREPARATORY,TALLAHASSEE,32301,Yes,Yes,Yes,KG-12,113,2025,not_reached,,,,,,,,,,,
9845,Leon,CARTERS CORNER SPORTS MANAGEMENT ACADEMY,TALLAHASSEE,32310,No,No,No,,0,2025,not_attempted_no_enrollment,,,,,,,,,,,
2463,Leon,CHANGING LIVES 4 EVER PREPARATORY ACADEMY,TALLAHASSEE,32303,Yes,Yes,Yes,01-10,27,2025,not_attempted_no_own_domain,,,,,,,,,,,
4625,Leon,CHRIST CLASSICAL ACADEMY,TALLAHASSEE,32308,Yes,Yes,Yes,PK-12,305,2025,found,2026-27,,,,10900,0,https://christclassical.com/admissions/tuition-and-fees/,2026-10-08,live,"same 10,900 for grammar, logic and rhetoric; preschool excluded",high
4773,Leon,COMMON GROUND SCHOOL,TALLAHASSEE,32317,No,Yes,Yes,PK-12,73,2026,not_reached,,,,,,,,,,,
1420,Leon,COMMUNITY CHRISTIAN SCHOOL,TALLAHASSEE,32309,Yes,Yes,Yes,PK-12,418,2025,found,2026-27,12497,12497,12997,,0,https://static1.squarespace.com/static/67e7171be81fa1248dae11ab/t/6965152691e8355551cdfedf/1768232230045/CCS_26_27_Tuition_Programs_Fees.pdf,2026-10-08,live,"K 10,716; 1-8 12,497; 9-12 12,997; column meaning inferred from table",medium
6308,Leon,COMMUNITY LEADERSHIP ACADEMY,TALLAHASSEE,32308,Yes,Yes,Yes,PK-12,379,2025,found,,,,,12566,0,https://clatallahassee.org/admission/tuition-fees/,2026-10-08,live,"full-time traditional and hybrid, same for 1-5, 6-8 and 9-12; part-time and half-day options excluded; year not stated",high
3288,Leon,CORNERSTONE LEARNING COMMUNITY,TALLAHASSEE,32303,No,Yes,Yes,PK-08,139,2025,found,2026-27,13606,14265,,,0,https://cornerstonelc.com/admissions/,2026-10-08,live,"pay-in-full: K 13,111; 1-5 13,606; 6-8 14,265; page mentions 2026-27 and 2025-26; PK excluded",medium
4999,Leon,CREATIVE MINDS SCHOOL OF ARTS,TALLAHASSEE,32310,No,Yes,Yes,KG-11,64,2025,not_attempted_no_own_domain,,,,,,,,,,,
7387,Leon,Epiphany Lutheran Classical School,,,Yes,No,No,PK,68,2025,not_reached,,,,,,,,,,,
3964,Leon,FAITH BAPTIST CHURCH CHILD DEVELOPMENT CENT,TALLAHASSEE,32311,Yes,No,No,PK,9,2025,no_website,,,,,,,,,,,
1828,Leon,FAITH PRESBYTERIAN CHURCH PRESCHOOL,TALLAHASSEE,32303,Yes,Yes,Yes,PK-KG,45,2025,not_reached,,,,,,,,,,,
2260,Leon,FRANKLIN ACADEMY INC.,TALLAHASSEE,32304,Yes,Yes,Yes,KG-12,43,2025,not_attempted_no_own_domain,,,,,,,,,,,
8581,Leon,GIANT CAMPUS ACADEMY,Tempe,85281,No,No,No,06-12,22,2025,not_reached,,,,,,,,,,,
7642,Leon,GRAHAM PRIVATE CHRISTIAN HIGH SCHOOL,TALLAHASSEE,32303,Yes,No,No,,0,2025,not_attempted_no_enrollment,,,,,,,,,,,
729,Leon,GRASSROOTS FREE SCHOOL,TALLAHASSEE,32311,No,Yes,Yes,KG-09,29,2025,not_attempted_no_own_domain,,,,,,,,,,,
789,Leon,HOLY COMFORTER EPISCOPAL SCHOOL INC.,TALLAHASSEE,32308,Yes,No,No,PK-08,568,2025,unclear,,,,,,0,https://www.hces.org/admissions/tuition-and-fees,2026-10-08,live,"monthly rates only, number of payments not seen",
5449,Leon,IMPACT ACADEMY,TALLAHASSEE,32308,No,Yes,Yes,KG-12,67,2025,found,,,,,14800,0,https://impacttlh.org/academy/tuition-information-payment/,2026-10-08,live,"option 2 without therapies at a school for children with developmental needs; option 1 with therapies 18,600; year ambiguous (2026-27 and 2022-23)",medium
3195,Leon,INSTITUTE FOR MUSIC BUSINESS LLC,TALLAHASSEE,32301,No,No,No,,0,2025,not_attempted_no_enrollment,,,,,,,,,,,
3520,Leon,JOHN PAUL II CATHOLIC HIGH SCHOOL,TALLAHASSEE,32311,Yes,Yes,Yes,09-12,128,2026,no_website,,,,,,,,,,,
8714,Leon,KINGDOM LIFE PREPARATORY ACADEMY,TALLAHASSEE,32316,Yes,Yes,Yes,06-12,120,2025,not_reached,,,,,,,,,,,
6166,Leon,KINGDOM LIFE PREPARATORY ACADEMY II,TALLAHASSEE,32316,Yes,Yes,Yes,KG-05,143,2025,not_reached,,,,,,,,,,,
9564,Leon,LDM LEARNING ACADEMY,TALLAHASSEE,32309,Yes,Yes,Yes,,0,2025,not_attempted_no_enrollment,,,,,,,,,,,
1944,Leon,MAGNOLIA SCHOOL,TALLAHASSEE,32303,No,Yes,Yes,KG-08,61,2025,found,2026-27,10000,11000,,,0,https://themagnolia.school/admissions/tuition,2026-10-08,live,"elementary 10,000 per year; middle 11,000",high
8694,Leon,MIRACLES IN ME ACADEMY,TALLAHASSEE,32305,No,Yes,Yes,KG-10,126,2026,not_attempted_no_own_domain,,,,,,,,,,,
5477,Leon,NFC ACADEMY,,,Yes,No,No,PK-12,234,2025,unclear,,,,,,0,https://nfcacademy.com/admissions/program-costs/,2026-10-08,live,online home-teacher programmes,
1036,Leon,NORTH FLORIDA CHRISTIAN SCHOOL,TALLAHASSEE,32312,Yes,Yes,Yes,PK-12,671,2026,not_reached,,,,,,,,,,,
8728,Leon,OXFORD LEARNING ACADEMY LLC,TALLAHASSEE,32308,No,Yes,Yes,PK-03,22,2025,not_reached,,,,,,,,,,,
2179,Leon,PURPOSEFUL BEGINNINGS LEARNING CENTER INC,TALLAHASSEE,32308,Yes,No,No,PK-01,40,2025,not_attempted_no_own_domain,,,,,,,,,,,
4900,Leon,RISE INSTITUTE INCORPORATED,TALLAHASSEE,32301,No,Yes,Yes,06-09,8,2025,not_attempted_no_own_domain,,,,,,,,,,,
744,Leon,ROSE ACADEMY LLC,TALLAHASSEE,32312,No,Yes,Yes,02-12,42,2025,no_website,,,,,,,,,,,
1514,Leon,SCOTTSDALE ACADEMY AT SOUTHWOOD,TALLAHASSEE,32311,No,No,No,PK,37,2025,unclear,,,,,,0,https://scottsdaleacademy.com/admissions-overview/tuition-fees/,2026-10-08,live,childcare monthly rates only,
7503,Leon,TALLAHASSEE ADVENTIST CHRISTIAN ACADEMY,TALLAHASSEE,32301,Yes,Yes,Yes,PK-06,24,2025,network_site_only,,,,,,0,https://www.flcoe.org/,2026-10-08,live,"only the FLCOE network site was found: range 7,000-14,000 per year",
4959,Leon,Tallahassee Autism Academy,Tallahassee,32301,No,Yes,Yes,,0,2025,not_attempted_no_enrollment,,,,,,,,,,,
8530,Leon,THE ACHIEVE ACADEMY,TALLAHASSEE,32318,No,Yes,Yes,01-11,23,2025,no_website,,,,,,,,,,,
8227,Leon,THE LEARNING CENTER FOR EXCELLENCE ACADEMY,TALLAHASSEE,32304,No,No,No,,0,2025,not_attempted_no_enrollment,,,,,,,,,,,
7629,Leon,TLAP SPORTS ACADEMY,TALLAHASSEE,32303,Yes,Yes,Yes,11-12,5,2025,not_reached,,,,,,,,,,,
4971,Leon,TopBridge Academy,Tallahassee,32303,No,No,No,KG-09,4,2026,not_attempted_no_own_domain,,,,,,,,,,,
8770,Leon,TREE OF LIFE TALLAHASSEE,TALLAHASSEE,32304,Yes,Yes,Yes,KG-12,36,2025,not_attempted_no_own_domain,,,,,,,,,,,
1153,Leon,TRINITY CATHOLIC SCHOOL,TALLAHASSEE,32308,Yes,Yes,Yes,PK-08,474,2025,found,2026-27,,,,12425,0,https://www.trinityknights.org/admissions/tuition-and-financial-assistance,2026-10-08,live,"K-8 standard rate; participating Catholic rate 11,425 (column order assumed); PreK excluded",medium
6537,Leon,UNITY CHILD CARE DEVELOPMENT LLC,TALLAHASSEE,32301,No,Yes,Yes,PK-05,29,2026,not_attempted_no_own_domain,,,,,,,,,,,
8097,Leon,V.O.W N.O.W ACADEMY,TALLAHASSEE,32312,Yes,Yes,Yes,PK-12,92,2025,found,,,,,13000,0,https://vownowacademy.org/tuition-and-fees/,2026-10-08,live,"standard tuition; international 16,000; year not stated",high
8247,Levy,Beacon Christian Academy,Chiefland,32644,Yes,No,No,KG-05,11,2025,not_attempted_no_own_domain,,,,,,,,,,,
9560,Levy,C.I.L. dba Recalibrate Academy,WILLISTON,32696,Yes,Yes,Yes,,0,2025,not_attempted_no_enrollment,,,,,,,,,,,
3500,Levy,CREEKSIDE CHRISTIAN SCHOOL,OTTER CREEK,32683,Yes,Yes,Yes,PK-12,71,2025,not_attempted_no_own_domain,,,,,,,,,,,
7918,Levy,Legacy Chiefland,Chiefland,32644,Yes,Yes,Yes,,0,2025,not_attempted_no_enrollment,,,,,,,,,,,
8314,Levy,NEXT GENERATION,WILLISTON,32696,Yes,Yes,Yes,KG-12,24,2025,not_attempted_no_own_domain,,,,,,,,,,,
1047,Levy,VISION CHRISTIAN ACADEMY,WILLISTON RALEIGH,32696,Yes,Yes,Yes,KG-11,46,2025,not_attempted_no_own_domain,,,,,,,,,,,
5792,Levy,WILLISTON CENTRAL CHRISTIAN ACADEMY,WILLISTON,32696,Yes,Yes,Yes,KG-12,160,2025,found,2026-27,8950,8350,8200,,0,https://www.willistoncca.org/editoruploads/files/26-27%20Tuition%20Info%20Sheet.pdf,2026-10-08,live,"K-3 8,950; 4-8 8,350; 9-12 8,200; technology fee 500 separate",high
790,Levy,WILLISTON CHRISTIAN ACADEMY,WILLISTON,32696,Yes,No,No,01-12,11,2025,not_attempted_no_own_domain,,,,,,,,,,,
9441,Liberty,GOLD STAR PRIVATE ACADEMY,BRISTOL,32321,No,Yes,Yes,KG-09,25,2025,tuition_word_no_amount,,,,,,,,,,,
9369,Madison,EXCELLENCE LEARNING ACADEMY PREP SCHOOL,MADISON,32340,No,Yes,Yes,PK-06,50,2025,not_attempted_no_own_domain,,,,,,,,,,,
3292,Madison,FAMILY TREE PRIVATE SCHOOL,LEE,32059,Yes,No,No,,0,2025,not_attempted_no_enrollment,,,,,,,,,,,
4861,Madison,NEW TESTAMENT CHRISTIAN SCHOOL,MADISON,32341,Yes,Yes,Yes,KG-12,45,2025,not_attempted_no_own_domain,,,,,,,,,,,
2535,Manatee,ACADEMY OF BETTER LEARNING,BRADENTON,34209,No,Yes,Yes,,0,2026,not_attempted_no_enrollment,,,,,,,,,,,
5524,Manatee,AMERICAN ROYAL HIGH SCHOOL,DOVER,17315,No,No,No,09-12,55,2025,unclear,,,,,,0,https://americanroyalhighschool.com/tuition-and-financing/,2026-10-08,live,online programme price,
4423,Manatee,AVE MARIA UNIVERSITY PREPARATORY SCHOOL INC,BRADENTON,34209,Yes,Yes,Yes,01-12,62,2026,not_attempted_no_own_domain,,,,,,,,,,,
2027,Manatee,BEACON PREPARATORY ACADEMY,BRADENTON,34208,Yes,Yes,Yes,KG-12,28,2025,not_attempted_no_own_domain,,,,,,,,,,,
4596,Manatee,BETTER LEARNING,BRADENTON,34280,Yes,Yes,Yes,02-12,23,2025,not_reached,,,,,,,,,,,
636,Manatee,BRADENTON CHRISTIAN SCHOOL,BRADENTON,34209,Yes,Yes,Yes,PK-12,833,2025,unclear,,,,,,0,https://www.bcspanthers.org/admissions/tuition-affordability,2026-10-08,live,no tuition amount in text read,
1294,Manatee,CENTER MONTESSORI SCHOOL,BRADENTON,34207,No,Yes,Yes,PK-08,152,2025,not_reached,,,,,,,,,,,
3659,Manatee,CES ACADEMY,BRADENTON,34205,Yes,Yes,Yes,KG-12,127,2026,not_reached,,,,,,,,,,,
732,Manatee,COMMUNITY CHRISTIAN SCHOOL,BRADENTON,34203,Yes,Yes,Yes,PK-12,351,2025,not_reached,,,,,,,,,,,
8648,Manatee,EASTER SEALS SWFL ACADEMY,SARASOTA,34243,No,Yes,Yes,,0,2025,not_attempted_no_enrollment,,,,,,,,,,,
5900,Manatee,EASTER SEALS SWFL SECONDARY ACADEMY,SARASOTA,34243,No,Yes,Yes,,0,2025,not_attempted_no_enrollment,,,,,,,,,,,
3609,Manatee,EDISON ACADEMICS,BRADENTON,34210,No,Yes,Yes,09-12,71,2025,no_website,,,,,,,,,,,
8290,Manatee,EDUCATIONAL HARBOR,PARRISH,34219,Yes,Yes,Yes,01-11,22,2025,unclear,,,,,,0,https://www.educationalharbor.com/admissions,2026-10-08,live,initial payment only,
4523,Manatee,EMBER ACADEMY OF FLORIDA,BRADENTON,34212,No,No,No,,0,2025,not_attempted_no_enrollment,,,,,,,,,,,
2637,Manatee,ESTHER'S SCHOOL PALMETTO,PALMETTO,34221,Yes,Yes,Yes,KG-11,25,2025,tuition_word_no_amount,,,,,,,,,,,
2018,Manatee,FAMILY LIFE COMMUNITY SCHOOL INC.,PARRISH,34219,Yes,Yes,Yes,PK-08,71,2025,not_attempted_no_own_domain,,,,,,,,,,,
3576,Manatee,HORIZON EDUCATIONAL SYSTEMS,"BRADENTON, FL",34282,No,No,No,KG-12,9,2025,not_reached,,,,,,,,,,,
1223,Manatee,IMG ACADEMY,BRADENTON,34210,No,No,No,06-12,1564,2025,no_website,,,,,,,,,,,
6925,Manatee,INSPIRATION ACADEMY,BRADENTON,34209,Yes,Yes,Yes,KG-12,225,2025,unclear,,,,,,0,https://inspirationacademy.com/financial-aid/,2026-10-08,live,scholarship information only,
4174,Manatee,LAKEWOOD RANCH CHRISTIAN SCHOOL,LAKEWOOD RANCH,34202,Yes,Yes,Yes,KG-07,61,2025,found,2026-27,,,,15750,0,https://lwrchristian.org/admissions/,2026-10-08,live,annual tuition per student,high
6416,Manatee,Manatee Academy,Bradenton,34203,No,No,No,09,25,2025,tuition_word_no_amount,,,,,,,,,,,
1982,Manatee,MANATEE LEARNING ACADEMY,BRADENTON,34209,No,Yes,Yes,PK-12,117,2025,not_attempted_no_own_domain,,,,,,,,,,,
7378,Manatee,NEXT GENERATION ACADEMICS INC,BRADENTON,34207,Yes,Yes,Yes,PK-12,40,2025,not_attempted_no_own_domain,,,,,,,,,,,
3703,Manatee,PINNACLE ACADEMY INC.,BRADENTON,34202,No,Yes,Yes,PK-12,162,2025,not_attempted_no_own_domain,,,,,,,,,,,
2076,Manatee,QUEEN OF ANGELS ACADEMY,BRADENTON,34205,No,No,No,PK-12,41,2025,no_website,,,,,,,,,,,
5944,Manatee,RISEN SAVIOR ACADEMY-LWR,LAKEWOOD RANCH,34211,Yes,Yes,Yes,PK-03,114,2026,found,2026-27,13500,,,,0,https://rsavioracademy.com/Scholarships/,2026-10-08,live,elementary tuition per year; security fee 540 separate,high
1077,Manatee,SAINT JOSEPH CATHOLIC SCHOOL,BRADENTON,34205,Yes,Yes,Yes,PK-08,292,2025,no_website,,,,,,,,,,,
9544,Manatee,SEEDS OF LIFE MONTESSORI ACADEMY,BRADENTON,34243,No,Yes,Yes,,0,2026,not_attempted_no_enrollment,,,,,,,,,,,
8588,Manatee,SHEPHERD'S HEART CHRISTIAN SCHOOL,BRADENTON,34203,Yes,Yes,Yes,01-12,38,2026,not_attempted_no_own_domain,,,,,,,,,,,
8154,Manatee,SPARK ALC INC.,BRADENTON,34208,No,Yes,Yes,KG-12,53,2025,tuition_word_no_amount,,,,,,,,,,,
4167,Manatee,SUNSHINE ACADEMY,BRADENTON,34209,Yes,Yes,Yes,PK-12,119,2026,tuition_word_no_amount,,,,,,,,,,,
3810,Manatee,TABERNACLE CHRISTIAN SCHOOL,BRADENTON,34208,No,Yes,Yes,KG-10,21,2026,not_attempted_no_own_domain,,,,,,,,,,,
7715,Manatee,The Academy of Preprofessional Ballet &  The International Diplomatic Preparatory School,MIAMI GARDENS,33055,No,No,No,09,1,2026,not_reached,,,,,,,,,,,
6673,Manatee,TWIN ANGELS ACADEMY PREPARATORY SCHOOL,PALMETTO,34221,No,No,No,,0,2025,not_attempted_no_enrollment,,,,,,,,,,,
5529,Manatee,VICTORY CHRISTIAN ACADEMY,BRADENTON,34208,Yes,No,No,,0,2025,not_attempted_no_enrollment,,,,,,,,,,,
187,Manatee,VISIONS PREPARATORY ACADEMY OF NORTH RIVER,SARASOTA,34234,No,Yes,Yes,08-12,11,2025,tuition_word_no_amount,,,,,,,,,,,
1422,Manatee,WEST COAST CHRISTIAN ACADEMY,BRADENTON,34203,Yes,Yes,Yes,KG-12,49,2025,network_site_only,,,,,,0,https://www.flcoe.org/,2026-10-08,live,"only the FLCOE network site was found: range 7,000-14,000 per year",
7657,Manatee,WOODLAND EARLY CHILDHOOD CENTER,BRADENTON,34202,Yes,Yes,Yes,PK-08,471,2025,not_reached,,,,,,,,,,,
3878,Marion,AMBLESIDE MAGNOLIA,OCALA,34470,Yes,Yes,Yes,KG-05,77,2026,found,2026-27,8737,10571,11136,,0,https://amblesidemagnolia.com/tuition/,2026-10-08,live,"rounded from 8,736.55 / 10,073.40 / 10,570.89 / 11,136.36: K-2 8,737 (K-5 tied, lower rate used); 3-5 10,073; 6-8 10,571; high school 11,136",high
4786,Marion,AMBLESIDE OCALA,OCALA,33471,Yes,Yes,Yes,KG-12,196,2025,found,2027-28,8737,10571,11136,,0,https://amblesideocala.com/tuition/,2026-10-08,live,"rounded: K-2 8,736.55 (K-5 tied, lower rate used); 3-5 10,073.40; 6-8 10,570.89; high school 11,136.36",high
1738,Marion,ASCEND STEM ACADEMY,OCALA,34479,No,No,No,01-12,6,2025,not_attempted_no_own_domain,,,,,,,,,,,
6113,Marion,BACK TO BASICS LEARNING ACADEMY LLC,DUNNELLON,34431,No,Yes,Yes,KG-06,43,2025,not_reached,,,,,,,,,,,
6550,Marion,BARBARA'S KITCHEN SCHOOL OF EXCELLENCE,CITRA,32113,Yes,Yes,Yes,01-12,30,2025,not_attempted_no_own_domain,,,,,,,,,,,
1389,Marion,BELLEVIEW CHRISTIAN ACADEMY,BELLEVIEW,34420,Yes,Yes,Yes,,0,2026,not_attempted_no_enrollment,,,,,,,,,,,
2394,Marion,BELLEVIEW KINGDOM ACADEMY,BELLEVIEW,34420,Yes,No,No,PK-09,11,2025,not_attempted_no_own_domain,,,,,,,,,,,
559,Marion,BEREAN BAPTIST ACADEMY,OCALA,34474,Yes,No,No,01-12,16,2026,not_attempted_no_own_domain,,,,,,,,,,,
467,Marion,BLESSED TRINITY,OCALA,34471,Yes,Yes,Yes,KG-08,693,2026,found,2026-27,8900,8300,,,0,https://static1.squarespace.com/static/60e5b536de78065b58cfad8f/t/695fc3692c76f370e5048a4a/1767883625649/2026+2027+tent+Tuition+and+Fee+schedule+-+Copy.pdf,2026-10-08,live,"K-3 8,900; 4-5 8,300; 6-8 8,300; schedule file is marked tentative; fees listed separately",medium
628,Marion,CAPSTONE ACADEMY AND PRESCHOOL,OCALA,34476,Yes,Yes,Yes,PK-07,189,2025,found,2026-27,,,,10980,0,https://capstoneocala.com/admissions/tuitionandfees/,2026-10-08,live,"K-8, 36 weeks; 1,098 per month in the page's schedule",high
1334,Marion,CAPSTONE ACADEMY HIGH SCHOOL,OCALA,34474,Yes,Yes,Yes,,0,2025,not_attempted_no_enrollment,,,,,,,,,,,
726,Marion,Creative Beginnings Christian Academy,Ocala,34472,Yes,No,No,KG,1,2026,not_attempted_no_own_domain,,,,,,,,,,,
5236,Marion,CROSSROADS ACADEMY,OCALA,34470,No,Yes,Yes,03-12,145,2025,found,,10100,9950,9950,,0,https://crossroadsocala.com/,2026-10-08,live,"grades 3-5 10,100; 6-8 and 9-12 9,950; K-2 not seen; year not stated",medium
7423,Marion,DARUL ULOOM OF OCALA FL INC.,OCALA,34482,Yes,Yes,Yes,01-11,27,2025,not_attempted_no_own_domain,,,,,,,,,,,
6858,Marion,DR. D.D. BROWN CHRISTIAN ACADEMY OF HOPE,OCALA,34471,Yes,Yes,Yes,PK-12,76,2025,not_attempted_no_own_domain,,,,,,,,,,,
1604,Marion,DUNNELLON CHRISTIAN ACADEMY,DUNNELLON,34431,Yes,Yes,Yes,PK-08,240,2025,found,2026-27,,,,9500,0,https://www.dcaeagles.com/admissions/tuition,2026-10-08,live,"K5-3 and 4-8 both 9,500; K3 6,500 and K4 excluded",high
336,Marion,EMBER ACADEMY LLC,OCALA,34470,No,Yes,Yes,01-08,34,2025,not_attempted_no_own_domain,,,,,,,,,,,
7708,Marion,Epic Montessori,,,Yes,No,No,PK-02,5,2025,not_reached,,,,,,,,,,,
8592,Marion,FAITH HOLISTIC ACADEMY,OCALA,34476,Yes,Yes,Yes,KG-12,57,2025,not_reached,,,,,,,,,,,
1592,Marion,FLORIDA LIGHTHOUSE ACADEMY,OCALA,34470,No,No,No,04,1,2026,not_reached,,,,,,,,,,,
9609,Marion,FUTURE SPORTS BUSINESS EXECUTIVES INC.,BELLEVIEW,34420,No,No,No,06-12,5,2025,not_attempted_no_own_domain,,,,,,,,,,,
1795,Marion,GENERATION ACADEMY OF OCALA,OCALA,34470,Yes,Yes,Yes,PK-12,557,2026,found,2026-27,7897,7270,7258,,0,https://facs.ocalafirst.org/school-tuition-and-fees/,2026-10-08,live,"K5-3 7,897; 4-8 7,270; 9th 7,208; 10-12 7,258",high
1249,Marion,GENERATION ALIVE CHRISTIAN ACADEMY OF THE P,OCALA,34478,Yes,Yes,Yes,PK-10,49,2026,not_attempted_no_own_domain,,,,,,,,,,,
6679,Marion,Gethsemane Christian Church Ministry and Educational Church Academy,Ocala,34475,Yes,No,No,,0,2026,not_attempted_no_enrollment,,,,,,,,,,,
794,Marion,GRACE CHRISTIAN SCHOOL OF OCALA FL INC.,OCALA,34480,Yes,Yes,Yes,PK-08,380,2026,not_reached,,,,,,,,,,,
5664,Marion,GRACEPOINTE,SUMMERFIELD,34491,Yes,Yes,Yes,KG-12,138,2026,no_website,,,,,,,,,,,
3744,Marion,GRACEWAY ACADEMY,OCALA,34480,Yes,Yes,Yes,PK-08,162,2025,not_reached,,,,,,,,,,,
1045,Marion,KINTERRA INC.,OCALA,34474,No,Yes,Yes,KG-02,43,2025,not_attempted_no_own_domain,,,,,,,,,,,
8501,Marion,Lakeside Christian Academy of Silver Springs Fl,SILVER SPRINGS,34488,Yes,Yes,Yes,06-12,101,2026,unclear,,,,,,0,https://ockbridge.church/admissions,2026-10-08,live,two tiers of rates with no clear labels,
1038,Marion,LIBERTY CHRISTIAN PREPARATORY ACADEMY,OCALA,34479,Yes,No,No,KG-12,36,2026,unclear,,,,,,0,https://libertychristianocala.com/tuition/,2026-10-08,live,umbrella-type school with an annual tuition of 225 for the first child; not coded,
8872,Marion,LIFESPAN ACADEMY LLC,BELLEVIEW,34420,No,Yes,Yes,KG-08,59,2025,found,2026-27,,,,9800,0,https://lifespan-academy.com/tuition-and-fees-2025-2026/,2026-10-08,live,"same 9,800 for K-5 and 6-8",high
1883,Marion,MEADOWBROOK ACADEMY INC.,OCALA,34474,Yes,Yes,Yes,PK-12,300,2025,no_website,,,,,,,,,,,
856,Marion,MONTESSORI HOUSE OF OCALA INC.,OCALA,34481,No,Yes,Yes,PK-KG,28,2026,not_attempted_no_own_domain,,,,,,,,,,,
3593,Marion,MONTESSORI PREPARATORY SCHOOL OF MARION LLC,OCALA,34470,No,Yes,Yes,PK-05,124,2025,not_attempted_no_own_domain,,,,,,,,,,,
5753,Marion,Mystic Starlight Academy Inc.,Ocala,34476,No,No,No,,0,2025,not_attempted_no_enrollment,,,,,,,,,,,
3682,Marion,NEW HORIZON ACADEMY FOR EXCEPTIONAL STUDENT,OCALA,34479,No,Yes,Yes,05-12,10,2026,not_attempted_no_own_domain,,,,,,,,,,,
6522,Marion,OCALA ADVENTIST ACADEMY,OCALA,34470,Yes,Yes,Yes,KG-09,41,2025,network_site_only,,,,,,0,https://www.flcoe.org/,2026-10-08,live,"only the FLCOE network site was found: range 7,000-14,000 per year",
973,Marion,OCALA CHRISTIAN ACADEMY,OCALA,34471,Yes,Yes,Yes,PK-12,605,2025,tuition_word_no_amount,,,,,,,,,,,
6885,Marion,OCALA COSMOPOLITAN SCHOOL OF THE ARTS,Ocala,34470,No,No,No,,0,2025,not_attempted_no_enrollment,,,,,,,,,,,
5133,Marion,Olivet Christian School,Silver Springs,,Yes,No,No,,0,2025,not_attempted_no_enrollment,,,,,,,,,,,
6436,Marion,Ponder's Christian Academy,Ocala,34470,No,No,No,,0,2025,not_attempted_no_enrollment,,,,,,,,,,,
1155,Marion,REDEEMER CHRISTIAN SCHOOL,OCALA,34476,Yes,Yes,Yes,PK-12,520,2025,unclear,,,,,,0,https://www.redeemerlions.com/wp-content/uploads/2026/01/Updated-26-27-Tuition-Fee-Schedule.pdf,2026-10-08,live,amounts in tiers without clear grade labels,
4134,Marion,RIVERLAND CHRISTIAN ACADEMY,DUNNELLON,34432,Yes,Yes,Yes,KG-12,90,2025,not_attempted_no_own_domain,,,,,,,,,,,
1118,Marion,SHILOH S.D.A. CHURCH SCHOOL,OCALA,34471,Yes,Yes,Yes,KG-08,70,2025,not_reached,,,,,,,,,,,
4549,Marion,SHORES ASSEMBLY OF GOD THE ELIJAH SCHOOL,OCALA,34472,Yes,Yes,Yes,KG-06,93,2025,not_attempted_no_own_domain,,,,,,,,,,,
3432,Marion,SOULS HARBOR CHRISTIAN ACADEMY,BELLEVIEW,34420,Yes,Yes,Yes,PK-12,153,2025,found,2026-27,7625,7200,,,0,https://shcaonline.com/wp-content/uploads/2026/06/2026-27-Tuition-Fee-Schedule.pdf,2026-10-08,live,"tuition only: K-3 7,625; 4-6 7,200; 7-8 7,200; amounts in parentheses add books and fees",high
8630,Marion,SPARK LEARNING XXI,OCALA,34475,No,Yes,Yes,KG-08,92,2026,unclear,,,,,,0,https://primer.com/tuition,2026-10-08,live,programme of another operator; scholarship focus,
1295,Marion,ST. JOHN LUTHERAN CHURCH AND SCHOOL OF OCAL,OCALA,34471,Yes,Yes,Yes,PK-12,561,2026,found,2026-27,10000,10750,11350,,0,https://stjohnocala.org/wp-content/uploads/2026/02/tuition-fees-26-27.pdf,2026-10-08,live,"K5-5 10,000; 6-8 10,750; 9-12 11,350; preschool excluded",high
9182,Marion,ST. PAUL'S CHRISTIAN SCHOOL,OCALA,34471,Yes,Yes,Yes,PK-KG,152,2025,not_reached,,,,,,,,,,,
8225,Marion,STEP-BY-STEP SUCCESS LLC,OCALA,34474,No,No,No,KG-11,12,2025,not_attempted_no_own_domain,,,,,,,,,,,
1479,Marion,THE CORNERSTONE SCHOOL,OCALA,34471,No,Yes,Yes,PK-08,303,2025,tuition_word_no_amount,,,,,,,,,,,
9143,Marion,THE KINGS ACADEMY AT VILLAGE VIEW CHURCH,SUMMERFIELD,34491,Yes,Yes,Yes,PK-12,229,2025,not_reached,,,,,,,,,,,
4820,Marion,THE READING CLINIC SCHOOL INC.,OCALA,34475,No,Yes,Yes,KG-08,29,2025,not_reached,,,,,,,,,,,
3495,Marion,TRINITY CATHOLIC HIGH SCHOOL,OCALA,34471,Yes,Yes,Yes,09-12,553,2025,no_website,,,,,,,,,,,
6489,Marion,VICTORY ACADEMY OCALA,OCALA,34470,Yes,Yes,Yes,PK-09,112,2025,not_attempted_no_own_domain,,,,,,,,,,,
8716,Marion,WINGS OF FAITH ACADEMY,OCALA,34472,Yes,Yes,Yes,PK-01,86,2025,no_website,,,,,,,,,,,
2487,Martin,ABA LEARNING ACADEMY LLC,PALM CITY,34990,No,Yes,Yes,PK-KG,11,2025,not_reached,,,,,,,,,,,
9585,Martin,ACT WORLD HIGH SCHOOL,STUART,34994,No,No,No,,0,2025,not_attempted_no_enrollment,,,,,,,,,,,
4989,Martin,AMERICAN INTERNATIONAL SCHOOL,MIAMI,33152,Yes,No,No,01-12,15,2025,tuition_word_no_amount,,,,,,,,,,,
5806,Martin,BANNER LAKE ACADEMY,HOBE SOUND,33475,No,Yes,Yes,KG-05,120,2025,tuition_word_no_amount,,,,,,,,,,,
1953,Martin,BEYOND THE LABEL INC.,JENSEN BEACH,34957,No,No,No,PK-KG,4,2025,not_attempted_no_own_domain,,,,,,,,,,,
469,Martin,BRIDGES MONTESSORI SCHOOL,STUART,34994,No,Yes,Yes,PK-08,190,2026,tuition_word_no_amount,,,,,,,,,,,
8613,Martin,CALVERT PREPARATORY SCHOOL,STUART,34994,No,No,No,,0,2025,not_attempted_no_enrollment,,,,,,,,,,,
9598,Martin,CATHOLIC VIRTUAL,STUART,34994,Yes,No,No,05-11,10,2025,not_reached,,,,,,,,,,,
7613,Martin,COLUMBIA SCHOOL,STUART,34994,No,No,No,,0,2025,not_attempted_no_enrollment,,,,,,,,,,,
1357,Martin,COMMUNITY CHRISTIAN ACADEMY,STUART,34997,Yes,Yes,Yes,KG-12,131,2025,unclear,,,,,,0,https://www.ccacougars.net/tuition-fees,2026-10-08,live,tuition lines not clearly labelled,
638,Martin,FIRST BAPTIST CHRISTIAN SCHOOL,STUART FL,34994,Yes,Yes,Yes,KG-08,135,2025,unclear,,,,,,0,https://www.fbcs-stuart.org/,2026-10-08,live,no tuition amount in text read,
3463,Martin,FLORIDA UNSCHOOLERS,HOBE SOUND,33455,No,No,No,KG-12,14651,2025,not_reached,,,,,,,,,,,
8604,Martin,FOR THE LOVE OF LEARNING,PALM CITY,34990,Yes,Yes,Yes,PK-12,124,2025,not_attempted_no_own_domain,,,,,,,,,,,
5466,Martin,FRANKLIN SCHOOL,STUART,34994,No,No,No,,0,2025,not_attempted_no_enrollment,,,,,,,,,,,
735,Martin,HOBE SOUND CHRISTIAN ACADEMY,HOBE SOUND,33475,Yes,Yes,Yes,PK-12,202,2026,tuition_word_no_amount,,,,,,,,,,,
1225,Martin,HOPE RURAL SCHOOL INC.,INDIANTOWN,34956,Yes,Yes,Yes,PK-05,142,2025,found,2026-27,,,,9500,0,https://www.hoperuralschool.org/policies/tuition-fees-2026-2027,2026-10-08,live,PK3 through grade 5 annual tuition; registration and book fee included,high
9118,Martin,MENTORA AMERICAN SCHOOL,STUART,34994,No,No,No,,0,2025,not_attempted_no_enrollment,,,,,,,,,,,
8072,Martin,"Palm Beach Christian Academy, North Stuart",,,Yes,Yes,Yes,PK-KG,17,2025,unclear,,,,,,0,https://cdn.prod.website-files.com/6894d8a62deaa787d15d9b0f/6965010ef46658b3f5fb6115_NS%20%26%20G%20tuition%20rates%20(2).pdf,2026-10-08,live,only a K5 line with unclear columns; same page as school 1679,
1325,Martin,REDEEMER LUTHERAN SCHOOL,STUART,34996,Yes,Yes,Yes,PK-08,249,2026,no_website,,,,,,,,,,,
4572,Martin,RIVERSIDE MONTESSORI,STUART,34994,No,No,No,PK-KG,19,2025,not_attempted_no_own_domain,,,,,,,,,,,
1079,Martin,SAINT JOSEPH CATHOLIC SCHOOL,STUART,34996,Yes,Yes,Yes,PK-08,528,2026,blocked,,,,,,,,,,,
9550,Martin,THE OAKS CLASSICAL CHRISTIAN ACADEMY INC.,Stuart,34997,Yes,Yes,Yes,KG-09,96,2025,tuition_word_no_amount,,,,,,,,,,,
1039,Martin,THE PINE SCHOOL,HOBE SOUND,33455,No,Yes,Yes,KG-12,519,2026,tuition_word_no_amount,,,,,,,,,,,
7183,Martin,THE WELL TREASURE COAST INC,STUART,34997,Yes,Yes,Yes,06-12,2,2025,not_attempted_no_own_domain,,,,,,,,,,,
8075,Monroe,COASTAL GLADES MICROSCHOOL,KEY LARGO,33037,No,Yes,Yes,KG-05,4,2025,found,2025-26,,,,15000,0,https://coastalgladesmicroschool.com/enrollment,2026-10-08,live,tuition for 2025-26 at a microschool,high
599,Monroe,GIFTED IN GREATNESS ABA PRIVATE SCHOOL,HOMESTEAD,33035,No,Yes,Yes,PK-11,6,2025,no_website,,,,,,,,,,,
644,Monroe,GRACE LUTHERAN,KEY WEST,33040,Yes,Yes,Yes,PK-08,124,2025,not_attempted_no_own_domain,,,,,,,,,,,
8254,Monroe,MONTESSORI CHILDREN'S SCHOOL OF KEY WEST,KEY WEST,33040,No,Yes,Yes,PK-10,130,2026,tuition_word_no_amount,,,,,,,,,,,
736,Monroe,MONTESSORI SCHOOL OF KEY WEST,KEY WEST,33040,No,No,No,04-10,35,2026,tuition_word_no_amount,,,,,,,,,,,
3665,Monroe,THE ACADEMY AT OCEAN REEF,KEY LARGO,33037,No,Yes,Yes,PK-08,49,2026,tuition_word_no_amount,,,,,,,,,,,
975,Monroe,THE BASILICA SCHOOL OF SAINT MARY,KEY WEST,33040,Yes,Yes,Yes,PK-12,576,2025,found,2026-27,14500,14500,15500,,0,https://basilicaschoolkeywest.com/prospective-parents/tuition-scholarships/,2026-10-08,live,"K-8 14,500; 9-12 15,500; preschool excluded",high
5879,Monroe,The Southernmost Christian Academy,Key West,33040,Yes,Yes,Yes,,0,2025,not_attempted_no_enrollment,,,,,,,,,,,
1040,Nassau,AMELIA ISLAND MONTESSORI SCHOOL,FERNANDINA BEACH,32034,No,Yes,Yes,PK-06,135,2026,tuition_word_no_amount,,,,,,,,,,,
8971,Nassau,FAITH CHRISTIAN ACADEMY OF NE FL INC,YULEE,32097,Yes,Yes,Yes,KG-12,270,2025,tuition_word_no_amount,,,,,,,,,,,
1227,Nassau,FAITH CHRISTIAN ACADEMY OF NE FL. INC.,FERNANDINA BEACH,32034,Yes,Yes,Yes,KG-05,148,2025,tuition_word_no_amount,,,,,,,,,,,
5725,Nassau,FERNANDINA BEACH CHRISTIAN ACADEMY,FERNANDINA BEACH,32034,Yes,Yes,Yes,KG-08,263,2026,blocked,,,,,,,,,,,
7119,Nassau,First Coast Montessori,Yulee,32097,No,No,No,KG,4,2025,not_reached,,,,,,,,,,,
5226,Nassau,LIGHTHOUSE CHRISTIAN SCHOOL CALLAHAN,JACKSONVILLE,32223,Yes,Yes,Yes,02-12,43,2026,found,2026-27,,,,10500,0,https://www.lighthousechristianschool.net/,2026-10-08,live,"total cost per year including registration, books and testing",high
8882,Nassau,LINDISFARNE HALL,FERNANDINA BEACH,32034,Yes,Yes,Yes,KG-12,58,2025,not_attempted_no_own_domain,,,,,,,,,,,
1633,Nassau,MONARCH ACADEMY FOR NEURODIVERGENT YOUTH,Callahan,32011,No,No,No,PK-04,6,2025,no_website,,,,,,,,,,,
996,Nassau,RAIN LILY MONTESSORI SCHOOL,FERNANDINA BEACH,32034,No,Yes,Yes,PK-KG,36,2025,tuition_word_no_amount,,,,,,,,,,,
737,Nassau,SONSHINE CHRISTIAN ACADEMY,CALLAHAN,32011,Yes,Yes,Yes,PK-12,383,2025,unclear,,,,,,0,https://sonshinechristian.com/admissions/,2026-10-08,live,only application fee seen,
1082,Nassau,ST. MICHAEL'S ACADEMY,FERNANDINA BEACH,32034,Yes,Yes,Yes,PK-08,247,2026,found,2026-27,,,,9500,0,https://www.smacad.org/admissions/tuition-fees.cfm,2026-10-08,live,K-8 tuition; academic fee 825 and other fees separate; pre-K excluded,high
1189,Nassau,THE OGBURN SCHOOL INC SE ATLANTIC ACADEMY,FERNANDINA BEACH,32034,No,No,No,KG-12,47,2025,not_reached,,,,,,,,,,,
5445,Okaloosa,ADVANCED SACRED HOPE ACADEMY,MARY ESTHER,32569,No,Yes,Yes,PK-12,65,2025,not_attempted_no_own_domain,,,,,,,,,,,
5336,Okaloosa,Advanced Sacred Hope Academy,Fort Walton Beach,32547,No,No,No,01-11,60,2025,not_attempted_no_own_domain,,,,,,,,,,,
827,Okaloosa,ALPHA AND OMEGA CHRISTIAN LEARNING CENTER,CRESTVIEW,32536,No,Yes,Yes,PK-KG,11,2025,not_attempted_no_own_domain,,,,,,,,,,,
648,Okaloosa,CALVARY CHRISTIAN ACADEMY,FORT WALTON BEACH,32547,Yes,Yes,Yes,PK-12,325,2025,not_reached,,,,,,,,,,,
1515,Okaloosa,CINCO CHRISTIAN SCHOOL,FORT WALTON BEACH,32548,Yes,Yes,Yes,PK-05,286,2025,found,2026-27,9000,,,,0,https://cincoschool.org/wp-content/uploads/2026/02/2026-2027-Fees.pdf,2026-10-08,live,K-5 yearly tuition; preschool and infant rates excluded,high
963,Okaloosa,COASTAL PREPARATORY SCHOOL,FORT WALTON BEACH,32547,No,Yes,Yes,,0,2025,not_attempted_no_enrollment,,,,,,,,,,,
5948,Okaloosa,Crosspoint Academy North Crestview,,,Yes,Yes,Yes,PK,59,2025,not_reached,,,,,,,,,,,
2555,Okaloosa,EMERALD COAST AUTISM CENTER,NICEVILLE,32578,No,Yes,Yes,01-12,62,2025,not_reached,,,,,,,,,,,
1127,Okaloosa,EMERALD COAST CHRISTIAN SCHOOL,FORT WALTON BEACH,32548,Yes,Yes,Yes,02-08,5,2025,not_reached,,,,,,,,,,,
9442,Okaloosa,FAITH COAST ACADEMY,DESTIN,32541,Yes,Yes,Yes,KG-10,20,2025,tuition_word_no_amount,,,,,,,,,,,
9051,Okaloosa,FIRST UNITED METHODIST SCHOOL,FORT WALTON BEACH,32548,Yes,Yes,Yes,PK-KG,51,2025,not_reached,,,,,,,,,,,
2306,Okaloosa,"FLORIDA COASTAL PREP SCHOOL, INC.",,,Yes,No,No,09-12,10,2026,unclear,,,,,,0,https://floridacoastalprep.com/basketball-prep-school-cost/,2026-10-08,live,blog about basketball prep schools,
5764,Okaloosa,GLOBAL BEACON SCHOOL,CRESTVIEW,32536,No,Yes,Yes,KG-08,36,2025,not_attempted_no_own_domain,,,,,,,,,,,
4280,Okaloosa,GROW WITH US LEARNING ACADEMY I,FORT WALTON BEA,32548,No,No,No,,0,2025,not_attempted_no_enrollment,,,,,,,,,,,
4284,Okaloosa,GROW WITH US LEARNING ACADEMY VII,CRESTVIEW,32536,No,Yes,Yes,KG,9,2026,no_website,,,,,,,,,,,
4653,Okaloosa,GROW WITH US LEARNING ACADEMY VIII,Fort Walton Beach,32548,No,Yes,Yes,KG,7,2026,no_website,,,,,,,,,,,
3190,Okaloosa,HOLY FAMILY CATHOLIC ACADEMY,NICEVILLE,32578,Yes,Yes,Yes,PK-04,136,2025,tuition_word_no_amount,,,,,,,,,,,
5562,Okaloosa,Kids Discovery International Academy at Fort Walton Beach,Fort Walton Beach,32547,No,Yes,Yes,,0,2025,not_attempted_no_enrollment,,,,,,,,,,,
5553,Okaloosa,Kids Discovery International Academy at Valparaiso,Valparaiso,32580,No,Yes,Yes,,0,2025,not_attempted_no_enrollment,,,,,,,,,,,
413,Okaloosa,LAKEWOOD CHRISTIAN SCHOOL,CRESTVIEW,32536,Yes,Yes,Yes,KG-12,81,2025,not_attempted_no_own_domain,,,,,,,,,,,
805,Okaloosa,LOTUS LEARNING ARTS CENTER,SHALIMAR,32579,No,Yes,Yes,,0,2025,not_attempted_no_enrollment,,,,,,,,,,,
5926,Okaloosa,LOTUS LEARNING ARTS CENTER,SHALIMAR,32579,No,Yes,Yes,KG-11,28,2026,not_attempted_no_own_domain,,,,,,,,,,,
850,Okaloosa,MONTESSORI LEARNING CENTER OF FT. WALTON,FORT WALTON BEACH,32548,No,Yes,Yes,PK-05,108,2026,unclear,,,,,,0,https://www.montessorifwb.com/admissions,2026-10-08,live,"several programs at 9,000 per year; grade or age levels not clear",
5452,Okaloosa,Oak Academy,,,No,No,No,01-03,6,2025,not_attempted_no_own_domain,,,,,,,,,,,
5905,Okaloosa,RISEN STAR ACADEMY,BAKER,32531,Yes,No,No,01-12,34,2025,not_attempted_no_own_domain,,,,,,,,,,,
9407,Okaloosa,ROCKY BAYOU CHRISTIAN SCHOOL - THE KEEP,NICEVILLE,32578,Yes,Yes,Yes,06-08,251,2025,unclear,,,,,,0,https://rbcs.org/admission/scholarships-tuition-assistance/,2026-10-08,live,scholarship information only,
8765,Okaloosa,ROCKY BAYOU CHRISTIAN SCHOOL CRESTVIEW,CRESTVIEW,32536,Yes,Yes,Yes,KG-05,152,2025,unclear,,,,,,0,https://rbcs.org/admission/scholarships-tuition-assistance/,2026-10-08,live,scholarship information only,
738,Okaloosa,ROCKY BAYOU CHRISTIAN SCHOOL NFCEA,NICEVILLE,32578,Yes,Yes,Yes,PK-12,693,2025,unclear,,,,,,0,https://rbcs.org/admission/scholarships-tuition-assistance/,2026-10-08,live,scholarship information only,
798,Okaloosa,SAINT MARY SCHOOL,FORT WALTON BEACH,32548,Yes,Yes,Yes,PK-08,400,2026,found,2026-27,,,,10285,0,https://www.saintmaryschool.net/wp-content/uploads/2026/01/Tuition-Fee-Schedule-2026-2027.pdf,2026-10-08,live,K-8 flat rate,high
7605,Okaloosa,ST. PAUL CHRISTIAN SCHOOL,NICEVILLE,32578,Yes,Yes,Yes,PK-06,128,2026,not_reached,,,,,,,,,,,
715,Okaloosa,THE BARRETT SCHOOL,DESTIN,32541,No,Yes,Yes,,0,2026,not_attempted_no_enrollment,,,,,,,,,,,
9855,Okaloosa,VILLAGE CHRISTIAN ACADEMY,DESTIN,32541,Yes,Yes,Yes,PK-01,39,2025,not_reached,,,,,,,,,,,
647,Okeechobee,OKEECHOBEE ADVENTIST CHRISTIAN SCHOOL,OKEECHOBEE,34973,Yes,Yes,Yes,03-07,7,2025,network_site_only,,,,,,0,https://www.flcoe.org/,2026-10-08,live,"only the FLCOE network site was found: range 7,000-14,000 per year",
649,Okeechobee,OKEECHOBEE CHRISTIAN ACADEMY,OKEECHOBEE,34974,Yes,Yes,Yes,KG-12,190,2026,no_website,,,,,,,,,,,
5589,Okeechobee,PEACE LUTHERAN SCHOOL,OKEECHOBEE,34972,Yes,Yes,Yes,PK-KG,82,2025,not_attempted_no_own_domain,,,,,,,,,,,
2138,Okeechobee,ROCK SOLID CHRISTIAN ACADEMY,OKEECHOBEE,34974,Yes,Yes,Yes,PK-12,354,2026,not_attempted_no_own_domain,,,,,,,,,,,
6929,Okeechobee,TRINITY CHRISTIAN PRIVATE SCHOOL,OKEECHOBEE,34974,Yes,No,No,01-12,16,2025,not_attempted_no_own_domain,,,,,,,,,,,
9517,Orange,ABSOLUTE EXCELLENCE PREPARATORY ACADEMY,ORLANDO,32860,Yes,Yes,Yes,PK-08,89,2025,not_attempted_no_own_domain,,,,,,,,,,,
4496,Orange,ACADEMY 2000 INC,ORLANDO,32808,No,No,No,,0,2025,not_attempted_no_enrollment,,,,,,,,,,,
4779,Orange,ACADEMY FOR AUTISM,ORLANDO,32809,No,Yes,Yes,KG-12,55,2026,not_attempted_no_own_domain,,,,,,,,,,,
3987,Orange,ACCELERATION ACADEMICS,ORLANDO,32804,Yes,No,No,,0,2025,not_attempted_no_enrollment,,,,,,,,,,,
7886,Orange,Adventure Educational Academy Elite,Orlando,32808,No,No,No,PK,13,2025,not_attempted_no_own_domain,,,,,,,,,,,
5264,Orange,AFFLUENT LEARNING CENTER,ORLANDO,32792,No,Yes,Yes,,0,2025,not_attempted_no_enrollment,,,,,,,,,,,
8618,Orange,ALL SAINTS SCHOOL,WINTER PARK,32789,Yes,Yes,Yes,KG,12,2025,not_reached,,,,,,,,,,,
4005,Orange,ALPHA LEARNING ACADEMY INC.,ORLANDO,32805,Yes,Yes,Yes,KG-05,50,2025,no_website,,,,,,,,,,,
6954,Orange,AMAZING HOPE SCHOOL ACADEMY,APOPKA,32703,Yes,Yes,Yes,KG-12,32,2025,not_attempted_no_own_domain,,,,,,,,,,,
7455,Orange,AMERICAN NATION BUILDERS COLL.PREP. ACADEMY,ORLANDO,32802,No,No,No,,0,2025,not_attempted_no_enrollment,,,,,,,,,,,
5625,Orange,AMERICAN SCHOOL OF LEADERSHIP,ORLANDO,32819,No,No,No,08-12,57,2025,unclear,,,,,,0,https://www.americanhigh.us/tuition-fees/,2026-10-08,live,no tuition amount,
2916,Orange,ANOINTED WORD FAITH ACADEMY,APOPKA,32704,Yes,Yes,Yes,KG-05,18,2026,not_attempted_no_own_domain,,,,,,,,,,,
8315,Orange,APOPKA CHRISTIAN ACADEMY- WEST CAMPUS,APOPKA,32703,Yes,Yes,Yes,KG-12,307,2025,unclear,,,,,,0,,2026-10-08,live,no dollar lines found,
4049,Orange,APOPKA CHRISTIAN LEARNING ACADEMY INC.,APOPKA,32704,Yes,Yes,Yes,KG-12,210,2025,not_attempted_no_own_domain,,,,,,,,,,,
8708,Orange,APPOINTED LEARNING ACADEMY INC,CLERMONT,34711,No,Yes,Yes,KG-07,31,2025,not_attempted_no_own_domain,,,,,,,,,,,
2910,Orange,AVALON SCHOOL INC.,ORLANDO,32804,No,Yes,Yes,PK-12,102,2026,not_attempted_no_own_domain,,,,,,,,,,,
480,Orange,AZALEA PARK BAPTIST SCHOOL,ORLANDO,32807,Yes,Yes,Yes,PK-12,244,2025,no_website,,,,,,,,,,,
1558,Orange,BEHAVIORAL MULTIDISCIPLINARY CENTER CORP,SAINT CLOUD,34772,No,No,No,,0,2025,not_attempted_no_enrollment,,,,,,,,,,,
2880,Orange,BERYL WISDOM ADVENTIST SCHOOL,ORLANDO,32808,Yes,Yes,Yes,PK-08,87,2025,network_site_only,,,,,,0,https://www.flcoe.org/,2026-10-08,live,"only the FLCOE network site was found: range 7,000-14,000 per year",
9049,Orange,BEST MEMORIES ACADEMY,ORLANDO,32812,No,Yes,Yes,PK-02,50,2025,not_attempted_no_own_domain,,,,,,,,,,,
8065,Orange,BETHANY CHRISTIAN ACADEMY INC,ORLANDO,32809,Yes,Yes,Yes,PK-12,232,2025,unclear,,,,,,0,https://www.bca-edu.org/tuition,2026-10-08,live,only fees seen,
1698,Orange,Beyond Tomorrow’s Education,,,Yes,No,No,,0,2026,not_attempted_no_enrollment,,,,,,,,,,,
3859,Orange,BIG STARS LEARNING CENTER,ORLANDO,32809,Yes,No,No,,0,2025,not_attempted_no_enrollment,,,,,,,,,,,
799,Orange,BISHOP MOORE CATHOLIC HIGH SCHOOL,ORLANDO,32804,Yes,Yes,Yes,09-12,1653,2026,found,2026-27,,,,23952,0,https://www.bishopmoore.org/admissions/tuition.cfm,2026-10-08,live,"non-Catholic rate; Catholic rate 17,364",high
6676,Orange,Blossom Preparatory School LLC,Ocoee,34761,No,No,No,PK,13,2026,not_attempted_no_own_domain,,,,,,,,,,,
4264,Orange,BLUE JAY ACADEMY 4 KIDZ,APOPKA,32703,Yes,No,No,PK,35,2025,not_attempted_no_own_domain,,,,,,,,,,,
4186,Orange,BRIDGE TO INDEPENDENCE INC.,ORLANDO,32804,No,Yes,Yes,KG-12,114,2025,not_attempted_no_own_domain,,,,,,,,,,,
944,Orange,"Bridge to the Future Academy, INC",Orlando,32822,Yes,No,No,KG-12,17,2026,not_attempted_no_own_domain,,,,,,,,,,,
5866,Orange,Bridges Life Academy,Orlando,32805,No,No,No,08-12,20,2025,not_attempted_no_own_domain,,,,,,,,,,,
1855,Orange,BRIDGING HORIZONS ACADEMY,ORLANDO,32837,No,Yes,Yes,PK-04,12,2026,not_attempted_no_own_domain,,,,,,,,,,,
5300,Orange,Bright Abilities Academy INC.,Winter Garden,34787,No,Yes,Yes,KG-03,3,2026,not_attempted_no_own_domain,,,,,,,,,,,
3849,Orange,BRIGHT LEARNING - CYBER HIGH SCHOOL,ORLANDO,32807,No,Yes,Yes,06-12,33,2025,not_attempted_no_own_domain,,,,,,,,,,,
7673,Orange,BRIGHTER JOURNEYS ACADEMY LLC,ORLANDO,32836,No,Yes,Yes,KG-06,18,2025,not_reached,,,,,,,,,,,
9538,Orange,BROOKE HOUSE ACADEMY,MAITLAND,32751,No,Yes,Yes,06-12,28,2025,not_reached,,,,,,,,,,,
2490,Orange,BRUSH ARBOR CHRISTIAN SCHOOL,ORLANDO,32807,Yes,Yes,Yes,PK-12,216,2026,not_reached,,,,,,,,,,,
4430,Orange,CALVARY CHRISTIAN ACADEMY AND PRESCHOOL,ORLANDO,32809,Yes,Yes,Yes,PK-12,557,2025,no_website,,,,,,,,,,,
5587,Orange,CAMEN ACADEMY FOR THE PERFORMING ARTS,ORLANDO,32809,No,Yes,Yes,PK-12,100,2026,unclear,,,,,,0,https://www.camenacademy.com/wp-content/themes/camenacademyez700/pdf/CAPA-2026-2027-Fee-Schedule.pdf,2026-10-08,live,levels 1-4 priced without grade labels,
7296,Orange,CELANDINE LIFE-PREP ACADEMY INC,MAITLAND,32751,Yes,Yes,Yes,KG-12,57,2025,no_website,,,,,,,,,,,
8615,Orange,CENTER ACADEMY - WATERFORD LAKES,ORLANDO,32828,No,Yes,Yes,05-12,67,2025,tuition_word_no_amount,,,,,,,,,,,
6750,Orange,CENTER ACADEMY HUNTERS CREEK,ORLANDO,32837,No,Yes,Yes,04-12,62,2025,tuition_word_no_amount,,,,,,,,,,,
1712,Orange,CENTER ACADEMY-MAITLAND,MAITLAND,32751,No,Yes,Yes,05-12,89,2025,tuition_word_no_amount,,,,,,,,,,,
5736,Orange,CENTRAL CHRISTIAN ACADEMY,ORLANDO,32868,Yes,Yes,Yes,PK-12,111,2025,unclear,,,,,,0,https://cca.education/tuition-fees/,2026-10-08,live,only the second-child rate was visible,
2412,Orange,CENTRAL FLORIDA CHRISTIAN ACADEMY,ORLANDO,32818,Yes,Yes,Yes,KG-12,484,2025,found,,12691,13225,13891,,0,https://cfcaeagles.org/tuition-rates/,2026-10-08,live,"K 11,501; 1-2 12,046; 3-5 12,691; 6-8 13,225; 9-12 13,891; page mentions 2026-27 and 2027-28",medium
2369,Orange,CENTRAL FLORIDA PREPARATORY SCHOOL,APOPKA,32703,No,Yes,Yes,PK-12,549,2025,found,2026-27,12945,14025,14390,,0,https://www.cfprep.org/admission/tuition,2026-10-08,live,"K 10,610; 1-5 12,945; 6-8 14,025; 9-12 14,390; annual fees separate",high
8085,Orange,CHANGING LIVES ACADEMY INC.,ORLANDO,32809,Yes,Yes,Yes,PK-12,142,2025,not_attempted_no_own_domain,,,,,,,,,,,
6095,Orange,CHRISTIAN LEARNING ACADEMY APOPKA INC.,APOPKA,32703,Yes,Yes,Yes,10-12,30,2025,no_website,,,,,,,,,,,
3179,Orange,CIRCLE CHRISTIAN SCHOOL WINTER GARDEN,WINTER SPRINGS,32708,Yes,Yes,Yes,KG-09,476,2026,tuition_word_no_amount,,,,,,,,,,,
3973,Orange,COLLEGE PARK FOUNDATION ACADEMY,ORLANDO,32804,Yes,No,No,PK-KG,21,2026,no_website,,,,,,,,,,,
4662,Orange,COLOSSUS PRIVATE SCHOOL,ORLANDO,32835,No,Yes,Yes,03-12,15,2025,not_attempted_no_own_domain,,,,,,,,,,,
3509,Orange,CONDUCTIVE ED CTR OF ORLANDO INC.,WINTER PARK,32792,No,No,No,KG-12,50,2025,not_reached,,,,,,,,,,,
8537,Orange,CONTINUUM,WINDERMERE,34786,No,Yes,Yes,01-12,75,2025,found,2026-27,12410,14010,15090,,0,https://continuummontessori.com/wp-content/uploads/2026-2027-Tuition-Schedule.pdf,2026-10-08,live,"Montessori levels mapped to grades: lower elementary (1-3) 12,410; upper elementary (4-6) 12,910; middle (7-8) 14,010; high school 15,090",high
8718,Orange,CONWAY CHRISTIAN ACADEMY,ORLANDO,32812,Yes,Yes,Yes,KG-04,100,2025,tuition_word_no_amount,,,,,,,,,,,
7607,Orange,CORE PREP,"ORLANDO, FL",32825,Yes,Yes,Yes,03-12,11,2025,not_reached,,,,,,,,,,,
1890,Orange,COVENANT JOURNEY ACADEMY,MAITLAND,32750,Yes,No,No,02-12,7,2025,unclear,,,,,,0,,2026-10-08,live,no dollar lines found,
6223,Orange,CRANIUM ACADEMY,WINTER GARDEN,34787,No,Yes,Yes,PK-07,174,2025,no_website,,,,,,,,,,,
8593,Orange,CRANIUM ACADEMY OF EAST ORLANDO,ORLANDO,32832,No,Yes,Yes,PK-04,150,2025,no_website,,,,,,,,,,,
9358,Orange,CREATIVE GLOBAL SCHOOLS,ORLANDO,32828,No,Yes,Yes,KG-11,30,2025,not_attempted_no_own_domain,,,,,,,,,,,
1177,Orange,CREATIVE LEARNERS ACADEMY LLC,WINTER PARK,32792,No,Yes,Yes,PK-01,7,2026,tuition_word_no_amount,,,,,,,,,,,
1455,Orange,CRENSHAW ACADEMY,WINDERMERE,34786,No,Yes,Yes,KG-12,100,2026,unclear,,,,,,0,https://thecrenshawacademy.com/admissions/tuition-and-fees,2026-10-08,live,two different rate tables on the page; not coded,
1922,Orange,CRENSHAW SCHOOL,ORLANDO,32836,No,Yes,Yes,KG-12,84,2026,tuition_word_no_amount,,,,,,,,,,,
7898,Orange,CRIMSON GLOBAL ACADEMY USA,ORLANDO,32819,No,No,No,06-12,42,2025,no_website,,,,,,,,,,,
7279,Orange,CRISTO REY ORLANDO HIGH SCHOOL,ORLANDO,32809,Yes,Yes,Yes,09-10,219,2026,unclear,,,,,,0,https://www.cristoreyorlando.org/become-a-student/tuition-and-financial-aid,2026-10-08,live,family contribution of about 100 per month,
2140,Orange,CROSSTOWN 119,ORLANDO,32805,Yes,No,No,KG-09,31,2025,not_reached,,,,,,,,,,,
7710,Orange,CVV PRESCHOOL AND ACADEMY,ORLANDO,32818,Yes,Yes,Yes,PK-12,167,2025,tuition_word_no_amount,,,,,,,,,,,
6959,Orange,DEEPER ROOT ACADEMY,OCOEE,34761,Yes,Yes,Yes,PK-08,84,2025,tuition_word_no_amount,,,,,,,,,,,
705,Orange,Developing Minds,Orlando,32827,No,No,No,KG-07,43,2026,not_attempted_no_own_domain,,,,,,,,,,,
6327,Orange,DISCOVERY ZONE PRESCHOOL,ORLANDO,32825,No,Yes,Yes,KG-01,10,2026,not_attempted_no_own_domain,,,,,,,,,,,
6068,Orange,DIVINELY ORDERED PREP SCHOOL,ORLANDO,32808,No,Yes,Yes,KG-03,7,2025,not_attempted_no_own_domain,,,,,,,,,,,
8180,Orange,DREAM BIG ACADEMY OF LEARNING DBA GREAT BEG,APOPKA,32712,Yes,Yes,Yes,PK-11,35,2025,not_attempted_no_own_domain,,,,,,,,,,,
8939,Orange,DREAMLIGHT HIGH SCHOOL,APOPKA,32703,Yes,No,No,09-12,66,2026,not_attempted_no_own_domain,,,,,,,,,,,
8540,Orange,E. H. MOTT LEARNING CENTER,ORLANDO,32818,No,Yes,Yes,01-12,12,2025,not_attempted_no_own_domain,,,,,,,,,,,
1756,Orange,EASTLAND CHRISTIAN SCHOOL,ORLANDO,32825,Yes,Yes,Yes,PK-12,239,2025,not_reached,,,,,,,,,,,
3517,Orange,EDGEWOOD RANCH ACADEMY,ORLANDO,32835,Yes,Yes,Yes,05-11,20,2025,no_website,,,,,,,,,,,
8136,Orange,EDNA ACADEMY INC,Kissimmee,34743,Yes,Yes,Yes,,0,2026,not_attempted_no_enrollment,,,,,,,,,,,
4045,Orange,EDNA Academy Private School,ORLANDO,32818,No,Yes,Yes,,0,2025,not_attempted_no_enrollment,,,,,,,,,,,
6975,Orange,EDUCATIVE EL REDENTOR INC.,ORLANDO,32822,Yes,No,No,10-12,200,2025,not_attempted_no_own_domain,,,,,,,,,,,
2856,Orange,EL BETHEL CHRISTIAN ACADEMY,ORLANDO,32805,Yes,Yes,Yes,KG-10,38,2026,unclear,,,,,,0,https://www.ebcaonline.org/school-fees.html,2026-10-08,live,several years of rates on the page,
2160,Orange,ELEMENTS SCHOOL HOUSE CORP,Orlando,32808,No,Yes,Yes,02-11,10,2026,not_attempted_no_own_domain,,,,,,,,,,,
6940,Orange,ELISHA AMERICAN ARTISTIC PREPARATORY ACADEM,WINTER GARDEN,34787,Yes,Yes,Yes,03-09,12,2025,unclear,,,,,,0,,2026-10-08,live,no dollar lines found,
5790,Orange,ELITE ACADEMY,CLARACONA,32710,Yes,Yes,Yes,PK-05,11,2025,not_attempted_no_own_domain,,,,,,,,,,,
4445,Orange,ELITE PREPARATORY ACADEMY,ORLANDO,32809,Yes,Yes,Yes,KG-12,354,2025,not_reached,,,,,,,,,,,
3594,Orange,EMPOWERMENT COUNSELING AND EDUCATIONAL CENT,APOPKA,32703,Yes,No,No,01-12,20,2025,not_attempted_no_own_domain,,,,,,,,,,,
3365,Orange,EXCLUSIVE PREPARATORY ACADEMY LLC,ORLANDO,32820,No,No,No,,0,2025,not_attempted_no_enrollment,,,,,,,,,,,
8232,Orange,F.M.I. S.T.E.M ACADEMY,WINTER GARDEN,34787,No,Yes,Yes,06-12,19,2025,not_attempted_no_own_domain,,,,,,,,,,,
6493,Orange,FAITH ACADEMY,ORLANDO,32808,Yes,Yes,Yes,KG-08,81,2025,not_attempted_no_own_domain,,,,,,,,,,,
2399,Orange,FAITH CHRISTIAN ACADEMY,ORLANDO,32825,Yes,Yes,Yes,KG-12,670,2025,found,2026-27,14350,15850,15850,,0,https://fcalions.org/explore/tuition/,2026-10-08,live,"K-5 14,350; 6-12 15,850",high
2470,Orange,FAITH GENERATION ACADEMY,ORLANDO,32807,Yes,Yes,Yes,KG-07,42,2025,not_attempted_no_own_domain,,,,,,,,,,,
625,Orange,FAMILY CHRISTIAN ACADEMY ORLANDO,ORLANDO,32828,Yes,Yes,Yes,KG-12,262,2026,found,,,,,8500,0,https://www.fcaorlando.com/copy-of-admissions,2026-10-08,live,annual tuition; 10 monthly payments of 850; year not stated,high
4162,Orange,"FAMILY CHRISTIAN SCHOOL, INC.",WINTER GARDEN,34777,Yes,No,No,KG-08,124,2025,not_attempted_no_own_domain,,,,,,,,,,,
9649,Orange,FATAJ TRANSITION LEARNING ACADEMY INC,ORLANDO,32805,No,Yes,Yes,PK-03,23,2025,tuition_word_no_amount,,,,,,,,,,,
188,Orange,FAVOREDTOUCH CHRISTIAN ACADEMY,APOPKA,32712,Yes,Yes,Yes,01-06,12,2025,not_attempted_no_own_domain,,,,,,,,,,,
6730,Orange,FIORELLA PREPARATORY SCHOOL,ORLANDO,32835,Yes,Yes,Yes,PK-05,87,2025,not_reached,,,,,,,,,,,
7764,Orange,FIRST PHASE CORE ACADEMY INC.,OCOEE,34761,No,Yes,Yes,,0,2026,not_attempted_no_enrollment,,,,,,,,,,,
8958,Orange,FLEX MAJOR SCHOOL,Orlando,32824,No,No,No,,0,2025,not_attempted_no_enrollment,,,,,,,,,,,
632,Orange,FLORIDA CHILDREN'S ACADEMY,Winter Park,32789,No,Yes,Yes,PK-05,15,2025,not_attempted_no_own_domain,,,,,,,,,,,
1639,Orange,FOREST CITY ADVENTIST SCHOOL,ORLANDO,32810,Yes,Yes,Yes,PK-08,201,2025,network_site_only,,,,,,0,https://www.flcoe.org/,2026-10-08,live,"only the FLCOE network site was found: range 7,000-14,000 per year",
2818,Orange,FOUNDATION ACADEMY,WINTER GARDEN,34787,Yes,Yes,Yes,06-12,851,2026,unclear,,,,,,0,https://www.foundationacademy.net/admissions/international-information/,2026-10-08,live,international service fee only,
5595,Orange,FOUNDATION ACADEMY,WINTER GARDEN,34787,Yes,Yes,Yes,PK-05,505,2026,unclear,,,,,,0,https://www.foundationacademy.net/admissions/international-information/,2026-10-08,live,international fee only,
4697,Orange,FOUNDATION ACADEMY LAKESIDE,ORLANDO,32836,Yes,Yes,Yes,KG-05,136,2026,unclear,,,,,,0,https://www.foundationacademy.net/admissions/international-information/,2026-10-08,live,international fee only,
6763,Orange,FUTURE LEADERS ACADEMY,ORLANDO,32808,No,Yes,Yes,PK-11,63,2025,not_attempted_no_own_domain,,,,,,,,,,,
9297,Orange,FUTURE STARS ACADEMY,ORLANDO,32808,No,Yes,Yes,02,1,2025,not_attempted_no_own_domain,,,,,,,,,,,
7449,Orange,GLAD TIDINGS ACADEMY,OCOEE,34761,Yes,Yes,Yes,PK-02,80,2025,no_website,,,,,,,,,,,
2729,Orange,GLAD TIDINGS ACADEMY- EAST,ORLANDO,32818,Yes,Yes,Yes,PK-12,262,2025,no_website,,,,,,,,,,,
1228,Orange,GOOD SHEPHERD CATHOLIC SCHOOL,ORLANDO,32807,Yes,Yes,Yes,PK-08,414,2025,unclear,,,,,,0,https://www.goodshepherd.org/tuition-scholarships,2026-10-08,live,no tuition amount in text read,
3453,Orange,GRACE CHRISTIAN ACADEMY,ORLANDO,32812,Yes,Yes,Yes,KG-12,81,2025,found,2026-27,7500,6850,6750,,0,https://gcapatriots.com/admissions,2026-10-08,live,"K5-3 7,500; 4-8 6,850; 9-12 6,750",high
7407,Orange,GREAT MINDS ACADEMY LLC,ORLANDO,32805,No,Yes,Yes,PK-05,33,2025,not_attempted_no_own_domain,,,,,,,,,,,
6483,Orange,GREATER OASIS CHRISTIAN ACADEMY,CLERMONT,34714,Yes,Yes,Yes,KG-12,344,2025,not_attempted_no_own_domain,,,,,,,,,,,
4394,Orange,GREATER VISION PREPARATORY ACADEMY,OCOEE,34761,Yes,No,No,,0,2025,not_attempted_no_enrollment,,,,,,,,,,,
4828,Orange,GROWING MINDS MONTESSORI SCHOOL,ORLANDO,32819,No,Yes,Yes,PK-KG,47,2025,not_attempted_no_own_domain,,,,,,,,,,,
3954,Orange,GROWING TOGETHER ACADEMY INC.,ORLANDO,32828,Yes,Yes,Yes,PK-12,107,2026,not_attempted_no_own_domain,,,,,,,,,,,
1976,Orange,"H.O.P.E. Cares, Inc",Orlando,32868,No,No,No,,0,2026,not_attempted_no_enrollment,,,,,,,,,,,
2747,Orange,HALO ABA ACADEMY,Orlando,32835,No,Yes,Yes,,0,2025,not_attempted_no_enrollment,,,,,,,,,,,
2189,Orange,HAMPDEN DUBOSE ACADEMY,ZELLWOOD,32798,Yes,Yes,Yes,KG-12,279,2025,unclear,,,,,,0,https://www.hampdenduboseacademy.com/facts-online-tuition-payment,2026-10-08,live,insurance fee only,
2826,Orange,HAND 'N HAND CHILD ENRICHMENT CENTER,ORLANDO,32822,No,No,No,PK,15,2025,not_attempted_no_own_domain,,,,,,,,,,,
3028,Orange,HARVEST BAPTIST CHRISTIAN ACADEMY,ORLANDO,32805,Yes,Yes,Yes,KG-12,22,2025,not_attempted_no_own_domain,,,,,,,,,,,
1516,Orange,HERITAGE PREPARATORY SCHOOL,ORLANDO,32808,Yes,Yes,Yes,KG-12,324,2026,not_attempted_no_own_domain,,,,,,,,,,,
4725,Orange,HIGHER DIMENSION OF LEARNING ACADEMY,ORLANDO,32872,Yes,Yes,Yes,02-10,12,2025,not_attempted_no_own_domain,,,,,,,,,,,
6079,Orange,Highlands Preparatory Academy Florida,Orlando,32836,No,No,No,12,1,2026,unclear,,,,,,0,,2026-10-08,live,no dollar lines found,
2550,Orange,HOLY FAMILY CATHOLIC SCHOOL,ORLANDO,32819,Yes,Yes,Yes,PK-08,609,2025,tuition_word_no_amount,,,,,,,,,,,
3990,Orange,HOPE BRIDGE ACADEMY,LONGWOOD,32750,No,Yes,Yes,01-12,8,2025,not_reached,,,,,,,,,,,
3578,Orange,HORACE GRACE CHRISTIAN ACADEMY,WINTERGARDEN,34787,No,Yes,Yes,PK-12,58,2025,blocked,,,,,,,,,,,
8505,Orange,HUNTINGTON LEARNING CENTER,ORLANDO,32819,No,Yes,Yes,,0,2026,not_attempted_no_enrollment,,,,,,,,,,,
6097,Orange,I CAN DO IT ACADEMY,Clermont,34711,No,No,No,06-12,3,2025,not_reached,,,,,,,,,,,
4414,Orange,I3 ACADEMICS,ORLANDO,32808,No,No,No,02-08,14,2026,not_attempted_no_own_domain,,,,,,,,,,,
4189,Orange,IBN SEENA ACADEMY INC.,ORLANDO,32837,Yes,Yes,Yes,PK-11,330,2025,no_website,,,,,,,,,,,
9546,Orange,ILINGO ACADEMY,ORLANDO,32832,No,No,No,PK,133,2025,tuition_word_no_amount,,,,,,,,,,,
8838,Orange,ILLUMINATED PATH INTERNATIONAL ACADEMY,ORLANDO,32804,No,No,No,,0,2025,not_attempted_no_enrollment,,,,,,,,,,,
9687,Orange,IMAGINE INTERNATIONAL ACADEMY LLC,ORLANDO,32839,No,Yes,Yes,09-12,30,2025,not_attempted_no_own_domain,,,,,,,,,,,
7899,Orange,INSPIRE PREPARATORY ACADEMY,ORLANDO,32868,Yes,Yes,Yes,KG-12,141,2025,no_website,,,,,,,,,,,
7538,Orange,INTERNATIONAL HARVEST CHRISTIAN SCHOOL,ORLANDO,32805,Yes,No,No,,0,2025,not_attempted_no_enrollment,,,,,,,,,,,
5285,Orange,J.M.G.C. ACADEMY,ORLANDO,32804,Yes,Yes,Yes,01-11,17,2025,no_website,,,,,,,,,,,
1678,Orange,JEWISH ACADEMY OF ORLANDO,MAITLAND,32751,Yes,Yes,Yes,KG-05,101,2025,tuition_word_no_amount,,,,,,,,,,,
3250,Orange,JMJ ACADEMY,ORLANDO,32868,Yes,No,No,KG-12,42,2025,not_attempted_no_own_domain,,,,,,,,,,,
8220,Orange,JOHN C RISPER ACADEMIC CENTER INC,ORLANDO,32805,No,Yes,Yes,KG-01,5,2025,not_attempted_no_own_domain,,,,,,,,,,,
5432,Orange,JUDAH TEMPLE ACADEMY OUTREACH CENTER,ORLANDO,32805,Yes,Yes,Yes,02-12,18,2026,not_attempted_no_own_domain,,,,,,,,,,,
4765,Orange,KID'S KINGDOM CHRISTIAN ACADEMY,ORLANDO,32805,Yes,Yes,Yes,,0,2025,not_attempted_no_enrollment,,,,,,,,,,,
5572,Orange,KIDS NOW ACADEMY I,ORLANDO,32837,No,Yes,Yes,PK-03,20,2025,not_attempted_no_own_domain,,,,,,,,,,,
2792,Orange,KIDS R KIDS LANDSTAR,ORLANDO,32824,No,Yes,Yes,PK-03,80,2025,tuition_word_no_amount,,,,,,,,,,,
3735,Orange,KIDS R KIDS WATERFORD,ORLANDO,32828,No,Yes,Yes,KG-02,33,2025,tuition_word_no_amount,,,,,,,,,,,
3986,Orange,KIDZ COLLEGE PRIMARY SCHOOL,ORLANDO,32835,No,Yes,Yes,KG-11,137,2025,unclear,,,,,,0,,2026-10-08,live,no dollar lines found,
1297,Orange,KING OF KINGS LUTHERAN,MAITLAND,32751,Yes,Yes,Yes,PK-08,65,2025,unclear,,,,,,0,https://www.visitkok.com/tuition-and-fees,2026-10-08,live,table without clear labels,
3615,Orange,KINGSWAY CHRISTIAN ACADEMY,ORLANDO,32818,Yes,Yes,Yes,PK-08,352,2026,unclear,,,,,,0,,2026-10-08,live,no dollar lines found,
1594,Orange,L.J PREPARATORY CHRISTIAN ACADEMY LLC,ORLANDO,32808,Yes,Yes,Yes,02-10,14,2026,not_attempted_no_own_domain,,,,,,,,,,,
2859,Orange,LAKE ROSE CHRISTIAN ACADEMY,ORLANDO,32818,Yes,Yes,Yes,KG-12,63,2025,tuition_word_no_amount,,,,,,,,,,,
6197,Orange,LEADERS IN LEARNING ACADEMY,ORLANDO,32808,No,Yes,Yes,KG-09,5,2025,not_attempted_no_own_domain,,,,,,,,,,,
3551,Orange,LEADERS PREPARATORY SCHOOL,ORLANDO,32807,Yes,Yes,Yes,PK-12,175,2026,no_website,,,,,,,,,,,
9750,Orange,LEARNERS CHRISTIAN ACADEMY,ORLANDO,32808,Yes,Yes,Yes,KG-06,18,2025,not_attempted_no_own_domain,,,,,,,,,,,
1109,Orange,LEARNING LADDER ACADEMY,ORLANDO,32805,Yes,Yes,Yes,PK-KG,2,2025,not_attempted_no_own_domain,,,,,,,,,,,
296,Orange,LIFE CHRISTIAN ACADEMY,EATONVILLE,32751,Yes,No,No,,0,2026,not_attempted_no_enrollment,,,,,,,,,,,
7380,Orange,LIGHT CHRISTIAN ACADEMY - SOUTH CAMPUS,GOTHA,34734,Yes,Yes,Yes,KG-12,271,2026,tuition_word_no_amount,,,,,,,,,,,
9448,Orange,LIGHTHOUSE CITY SCHOOL OF EXCELLENCE,ORLANDO,32818,Yes,No,No,,0,2025,not_attempted_no_enrollment,,,,,,,,,,,
5652,Orange,LIGHTHOUSE HIGH SCHOOL,ORLANDO,32585,No,Yes,Yes,KG-12,45,2025,unclear,,,,,,0,https://www.lighthousehigh.com/admissions/admission-application/,2026-10-08,live,application fee only,
6414,Orange,LITTLE ANGELS CHILDCARE,ORLANDO,32808,No,Yes,Yes,PK-02,50,2025,not_attempted_no_own_domain,,,,,,,,,,,
7332,Orange,LITTLE STEPS ACADEMY,ORLANDO,32807,No,Yes,Yes,PK-08,177,2025,not_attempted_no_own_domain,,,,,,,,,,,
3770,Orange,LIVING WORD ACADEMY,ORLANDO,32824,Yes,Yes,Yes,PK-12,273,2025,not_reached,,,,,,,,,,,
8890,Orange,LODESTONE ACADEMY,ORLANDO,32853,No,No,No,08-12,6,2025,not_reached,,,,,,,,,,,
7395,Orange,LORDS KINGDOM ACADEMY INC.,ORLANDO,32828,Yes,Yes,Yes,PK-01,23,2025,not_reached,,,,,,,,,,,
3767,Orange,LS ACADEMY,ORLANDO,32809,No,Yes,Yes,09-10,24,2025,tuition_word_no_amount,,,,,,,,,,,
7294,Orange,MAITLAND COMMUNITY PRESCHOOL,MAITLAND,32751,Yes,Yes,Yes,PK-KG,54,2025,not_reached,,,,,,,,,,,
978,Orange,MAITLAND MONTESSORI SCHOOL,MAITLAND,32751,No,Yes,Yes,PK-08,155,2025,not_reached,,,,,,,,,,,
3575,Orange,MAMAS PRIDE  JOY PRESCHOOL  CHILDCARE,ORL,32811,No,Yes,Yes,PK-02,3,2025,not_attempted_no_own_domain,,,,,,,,,,,
8105,Orange,MASTER TREE ACADEMY,ORLANDO,32804,No,No,No,KG-07,30,2025,tuition_word_no_amount,,,,,,,,,,,
4700,Orange,Mater Virtual Academy at Narcoossee,Orlando,32827,No,Yes,Yes,,0,2025,not_attempted_no_enrollment,,,,,,,,,,,
4986,Orange,MERIDIAN CHRISTIAN ACADEMY,ORLANDO,32805,Yes,Yes,Yes,KG-09,207,2025,not_reached,,,,,,,,,,,
7600,Orange,MIGHTY MINDS CHRISTIAN ACADEMY,ORLANDO,32832,Yes,Yes,Yes,PK-12,89,2025,no_website,,,,,,,,,,,
1292,Orange,MILLENIA LEARNING ACADEMY,ORLANDO,32839,No,Yes,Yes,KG-03,16,2025,not_attempted_no_own_domain,,,,,,,,,,,
5307,Orange,"MIND ORBIT ACADEMY, DBA OF ASTRO ARPANET LLC",ST PETERSBURG,33702,No,No,No,,0,2025,not_attempted_no_enrollment,,,,,,,,,,,
7534,Orange,MIRACLE GRACE ACADEMY,ORLANDO,32818,Yes,Yes,Yes,KG-12,34,2025,not_attempted_no_own_domain,,,,,,,,,,,
5630,Orange,MONARCH LEARNING ACADEMY,ORLANDO,32804,Yes,Yes,Yes,PK-08,233,2026,found,2026-27,12000,13250,,,0,https://www.monarchlearningacademy.com/enrollment/tuition-fees.cfm,2026-10-08,live,"K-5 12,000; 6-8 13,250; price varies with the length of the school day",high
2615,Orange,MONTE ARARAT SCHOOL,ORLANDO,32804,No,No,No,,0,2025,not_attempted_no_enrollment,,,,,,,,,,,
3700,Orange,MONTESSORI BILINGUAL ACADEMY,ORLANDO,32825,No,Yes,Yes,PK-06,223,2026,not_reached,,,,,,,,,,,
7971,Orange,Montessori Christian Academy (Pre-K/Kindergarten,,,Yes,No,No,,0,2025,not_attempted_no_enrollment,,,,,,,,,,,
6150,Orange,Montessori Kids Academy of Windermere,,,No,Yes,Yes,PK-KG,12,2025,not_attempted_no_own_domain,,,,,,,,,,,
8950,Orange,MONTESSORI SCHL OF LAKE NONA DBA NONA PARK,ORLANDO,32827,No,Yes,Yes,PK-08,192,2026,no_website,,,,,,,,,,,
5087,Orange,MONTESSORI SCHOOL OF EAST ORLANDO,ORLANDO,32826,No,Yes,Yes,PK-08,61,2025,unclear,,,,,,0,,2026-10-08,live,no dollar lines found,
4916,Orange,MONTESSORI WAY SCHOOL,ORLANDO,32837,No,Yes,Yes,PK-06,87,2025,not_attempted_no_own_domain,,,,,,,,,,,
2807,Orange,MONTESSORI WORLD SCHOOL,ORLANDO,32836,No,Yes,Yes,PK-06,165,2025,no_website,,,,,,,,,,,
1654,Orange,MORNING STAR CATHOLIC SCHOOL,ORLANDO,32804,Yes,Yes,Yes,01-12,69,2025,unclear,,,,,,0,https://www.morningstarorlando.org/enroll,2026-10-08,live,only a total of tuition and fees seen,
3633,Orange,MOSES MARY CHRISTIAN ACADEMY CORP,KISSIMMEE,34744,Yes,Yes,Yes,06-12,38,2025,not_attempted_no_own_domain,,,,,,,,,,,
1416,Orange,MURPHY CHRISTIAN ACADEMY,ORLANDO,32819,Yes,Yes,Yes,,0,2025,not_attempted_no_enrollment,,,,,,,,,,,
3972,Orange,MUSLIM ACADEMY OF GREATER ORLANDO,ORLANDO,32836,Yes,Yes,Yes,PK-08,411,2026,found,2026-27,8500,8300,,,0,https://img1.wsimg.com/blobby/go/ab609dd2-fa34-4b72-8ece-f78dd8fbd50f/General%20Tuition%20%26%20Fee%20Schedule%202026_2027.pdf,2026-10-08,live,"K-3 8,500; 4-8 8,300; Pre-K excluded; fees separate",high
5868,Orange,NATEUSALE LLC  DBA HUNTINGTON LEARNING,Orlando,32837,No,No,No,PK-12,22,2025,not_attempted_no_own_domain,,,,,,,,,,,
9122,Orange,NeuroNest Academy,WINTER GARDEN,34787,No,Yes,Yes,KG-12,88,2025,not_attempted_no_own_domain,,,,,,,,,,,
6442,Orange,NEW DIRECTIONS COMMUNITY SCHOOL OF ORLANDO,WINDERMERE,34786,No,Yes,Yes,07-12,137,2025,not_reached,,,,,,,,,,,
2755,Orange,NEW HEIGHTS PREPARATORY ACADEMY,ORLANDO,32804,No,Yes,Yes,KG-12,15,2025,not_attempted_no_own_domain,,,,,,,,,,,
8698,Orange,NEW WORLD DREAM ACADEMY,ORLANDO,32819,Yes,No,No,KG-10,7,2025,not_reached,,,,,,,,,,,
7729,Orange,NEXT STEPS ACADEMY,ORLANDO,32817,No,No,No,,0,2026,not_attempted_no_enrollment,,,,,,,,,,,
6423,Orange,OAK RIDGE CHILDREN'S ACADEMY DAYCARE,ORLANDO,32809,No,Yes,Yes,KG-05,78,2025,not_attempted_no_own_domain,,,,,,,,,,,
8234,Orange,OCALA CHRISTIAN LEARNING ACADEMY INC.,APOPKA,32704,Yes,Yes,Yes,KG-10,30,2025,not_attempted_no_own_domain,,,,,,,,,,,
4808,Orange,OCOEE OAKS SCHOOL,OCOEE,34761,Yes,Yes,Yes,KG,14,2025,not_attempted_no_own_domain,,,,,,,,,,,
1978,Orange,ONE ACCORD CHRISTIAN ACADEMY,ORLANDO,32810,Yes,Yes,Yes,KG-12,77,2025,not_attempted_no_own_domain,,,,,,,,,,,
2113,Orange,ORANGE COUNTY ACADEMY,ORLANDO,32833,No,Yes,Yes,PK-12,32,2025,not_attempted_no_own_domain,,,,,,,,,,,
2558,Orange,ORANGEWOOD CHRISTIAN SCHOOL 7-12,MAITLAND,32751,Yes,Yes,Yes,07-12,546,2025,no_website,,,,,,,,,,,
2707,Orange,ORLANDO CHRISTIAN PREP,ORLANDO,32807,Yes,Yes,Yes,PK-12,731,2025,found,2026-27,9579,10200,10200,,0,https://www.orlandochristianprep.org/admissions/tuition-fees-financial-assistance-and-scholarship,2026-10-08,live,"K-5 9,579; 6-12 10,200; preschool excluded",high
8474,Orange,ORLANDO GIRLS JEWISH HIGH SCHOOL,ORLANDO,32819,Yes,Yes,Yes,09-12,34,2026,not_reached,,,,,,,,,,,
7159,Orange,ORLANDO JEWISH DAYSCHOOL,ORLANDO,32819,Yes,Yes,Yes,PK-08,75,2025,not_attempted_no_own_domain,,,,,,,,,,,
1296,Orange,ORLANDO JUNIOR ACADEMY,ORLANDO,32804,Yes,Yes,Yes,PK-08,140,2025,tuition_word_no_amount,,,,,,,,,,,
7869,Orange,ORLANDO PRIVATE SCHOOL,KISSIMMEE,34758,Yes,Yes,Yes,PK-08,30,2025,not_attempted_no_own_domain,,,,,,,,,,,
9617,Orange,ORLANDO S.T.E.A.M ACADEMY,ORLANDO,32810,Yes,Yes,Yes,PK-08,49,2025,not_attempted_no_own_domain,,,,,,,,,,,
5647,Orange,ORLANDO TORAH ACADEMY,ORLANDO,32819,Yes,Yes,Yes,PK-09,236,2025,found,,,,,14000,0,https://www.orlandotorah.com/admissions,2026-10-08,live,elementary and middle school per year; preschool excluded; year not stated,high
5646,Orange,Park Avenue of Apopka Kindergarten & K-1 Education Center,Apopka,32703,No,No,No,,0,2026,not_attempted_no_enrollment,,,,,,,,,,,
7169,Orange,PARK MAITLAND SCHOOL,MAITLAND,32751,No,No,No,PK-08,552,2025,unclear,,,,,,0,,2026-10-08,live,no dollar lines found,
2898,Orange,PARK MAITLAND SOUTH,WINTER PARK,32789,No,No,No,PK-05,151,2025,no_website,,,,,,,,,,,
7110,Orange,PARK SCHOOL,Maitland,32751,No,Yes,Yes,01-10,43,2026,found,2026-27,,,,27804,0,https://www.parkschoolfl.org/enrollment/tuition,2026-10-08,live,"paid in full on June 5; monthly 2,398 for June to May",high
7927,Orange,PATHWAYS FOR LIFE ACADEMY,WINDERMERE,34786,No,No,No,07-12,15,2025,unclear,,,,,,0,,2026-10-08,live,no dollar lines found,
1124,Orange,PATHWAYS SCHOOL,ORLANDO,32809,No,Yes,Yes,KG-12,165,2025,not_attempted_no_own_domain,,,,,,,,,,,
3559,Orange,PEACEFORCE CHRISTIAN ACADEMY,ORLANDO,32808,Yes,Yes,Yes,02-12,15,2026,found,2026-27,6900,7100,7300,,0,https://www.peaceforceca.org/admissions/tuition--fees.html,2026-10-08,live,"K-3 6,900; 4-8 7,100; 9-12 7,300; other fees separate",high
5855,Orange,"Phoenix Preparatory Academy, Inc.",Orlando,32808,No,No,No,,0,2025,not_attempted_no_enrollment,,,,,,,,,,,
5822,Orange,PINE CASTLE CHRISTIAN ACADEMY,ORLANDO,32809,Yes,Yes,Yes,PK-12,415,2025,no_website,,,,,,,,,,,
9190,Orange,PLANET LEARNING ACADEMY INC,ORLANDO,32809,No,Yes,Yes,PK-03,42,2025,not_attempted_no_own_domain,,,,,,,,,,,
5495,Orange,POTTER'S HOUSE ACADEMY,ORLANDO,32822,Yes,Yes,Yes,PK-12,228,2025,tuition_word_no_amount,,,,,,,,,,,
4183,Orange,PRECIOUS CREATIONS,ORLANDO,32811,Yes,Yes,Yes,KG-05,37,2025,not_attempted_no_own_domain,,,,,,,,,,,
6319,Orange,PREMIER ACADEMY OF GOTHA LLC,WINDERMERE,34786,No,Yes,Yes,PK-01,67,2026,not_reached,,,,,,,,,,,
9309,Orange,PRISMA LEARNING INC.,CHARLOTTE,28277,No,No,No,04-12,695,2025,unclear,,,,,,0,https://www.joinprisma.com/tuition,2026-10-08,live,"programmes priced by type, not grade",
5950,Orange,PROVIDENCE CHRISTIAN PREPARATORY SCHOOL,ORLANDO,32868,No,Yes,Yes,KG-12,202,2025,not_attempted_no_own_domain,,,,,,,,,,,
3946,Orange,QUEST KIDS,ORLANDO,32803,No,No,No,01-12,43,2025,not_reached,,,,,,,,,,,
3889,Orange,RADIANT LIFE ACADEMY,ORLANDO,32818,Yes,Yes,Yes,PK-08,258,2025,not_reached,,,,,,,,,,,
7584,Orange,RAISING KNOWLEDGE ACADEMY INC.,ORLANDO,32837,Yes,Yes,Yes,PK-12,94,2025,not_attempted_no_own_domain,,,,,,,,,,,
2325,Orange,REGENCY CHRISTIAN ACADEMY,ORLANDO,32837,Yes,Yes,Yes,PK-08,147,2025,not_attempted_no_own_domain,,,,,,,,,,,
8219,Orange,REVELATION CHRISTIAN ACADEMY ORLANDO,SANFORD,32771,Yes,Yes,Yes,KG-10,96,2025,no_website,,,,,,,,,,,
9626,Orange,RIVERSIDE PREPARATORY ACADEMY,ORLANDO,32817,No,Yes,Yes,PK-12,79,2025,found,2023-24,,,,15000,0,https://aetutors.com/,2026-10-08,live,K-12 for 2023-24; same page as school 6738,high
4980,Orange,RJB CHRISTIAN SCHOOL,OCOEE,34761,Yes,No,No,,0,2025,not_attempted_no_enrollment,,,,,,,,,,,
5500,Orange,S.H.I.P. ACADEMY,ORLANDO,32808,Yes,Yes,Yes,KG-12,58,2025,not_attempted_no_own_domain,,,,,,,,,,,
1549,Orange,SAINT ANDREW CATHOLIC SCHOOL,ORLANDO,32808,Yes,Yes,Yes,PK-08,349,2026,unclear,,,,,,0,https://static1.squarespace.com/static/5ede4ccddc6f0d67e7010d59/t/69b2f83b9f887d5f0f59f667/1773336635796/tuition+%2811%29.pdf,2026-10-08,live,amounts without labels,
913,Orange,SAINT CHARLES BORROMEO PARISH SCHOOL,ORLANDO,32804,Yes,Yes,Yes,PK-08,375,2026,no_website,,,,,,,,,,,
740,Orange,SAINT JOHN VIANNEY SCHOOL,ORLANDO,32809,Yes,Yes,Yes,PK-08,475,2025,tuition_word_no_amount,,,,,,,,,,,
2278,Orange,SAINT MARGARET MARY,WINTER PARK,32789,Yes,Yes,Yes,PK-08,535,2025,found,2026-27,,,,15575,0,https://www.smmknight.org/wp-content/uploads/2026/01/Tuition-and-Fees-2026-2027.pdf,2026-10-08,live,"general community rate; Catholic parishioner 12,780 and SMM parishioner 9,735; PreK 6,300 excluded",high
4449,Orange,SAINTS ACADEMY INC.,ORLANDO,32868,Yes,Yes,Yes,KG-12,172,2025,not_attempted_no_own_domain,,,,,,,,,,,
3547,Orange,SANCTA FAMILIA ACADEMY,ORLANDO,32826,Yes,No,No,02-12,8,2025,not_attempted_no_own_domain,,,,,,,,,,,
2177,Orange,SANEAUX CHRISTIAN ACADEMY,ORLANDO,32837,Yes,No,No,03-08,4,2025,not_attempted_no_own_domain,,,,,,,,,,,
6862,Orange,SANTIAGO FRIENDS ACADEMY,ORLANDO,32817,No,Yes,Yes,PK-10,30,2025,not_reached,,,,,,,,,,,
8432,Orange,SCHOLAR'S PREP ACADEMY INC,APOPKA,32712,Yes,Yes,Yes,KG-12,109,2025,not_attempted_no_own_domain,,,,,,,,,,,
7206,Orange,Shevet Preparatory Academy,Orlando,32808,No,No,No,,0,2025,not_attempted_no_enrollment,,,,,,,,,,,
5368,Orange,"Shining Star Christian Schools, Inc.",,,Yes,No,No,,0,2025,not_attempted_no_enrollment,,,,,,,,,,,
9641,Orange,SMARTY PANTS ACADEMY,ORLANDO,32811,Yes,Yes,Yes,KG-01,10,2025,not_attempted_no_own_domain,,,,,,,,,,,
2435,Orange,SOUTH ORLANDO CHRISTIAN ACADEMY,ORLANDO,32839,No,Yes,Yes,KG-12,314,2025,not_attempted_no_own_domain,,,,,,,,,,,
9334,Orange,SOUTHEASTERN PREPARATORY ACADEMY,ORLANDO,32810,No,Yes,Yes,,0,2026,not_attempted_no_enrollment,,,,,,,,,,,
4755,Orange,SPOTLIGHT SCHOLARS,Orlando,32804,No,No,No,,0,2025,not_attempted_no_enrollment,,,,,,,,,,,
6236,Orange,SPUR CHRISTIAN ACADEMY,WINDERMERE,34786,Yes,No,No,KG-08,11,2025,not_attempted_no_own_domain,,,,,,,,,,,
2715,Orange,ST. CLEMENT ACADEMY MAITLAND INC.,MAITLAND,32751,Yes,Yes,Yes,KG-04,10,2025,not_attempted_no_own_domain,,,,,,,,,,,
2604,Orange,ST. JAMES CATHEDRAL SCHOOL,ORLANDO,32803,Yes,Yes,Yes,PK-08,485,2025,unclear,,,,,,0,https://stjcs.com/wp-content/uploads/2026/01/2026-2027-Tuition-Rates.pdf,2026-10-08,live,two sets of rates with unclear labels,
2512,Orange,STARCHILD ACADEMY - WEKIVA,APOPKA,32712,No,Yes,Yes,PK-05,209,2025,no_website,,,,,,,,,,,
999,Orange,STARCHILD ACADEMY WINTER GARDEN,WINTER GARDEN,34787,No,Yes,Yes,PK-05,173,2025,no_website,,,,,,,,,,,
7752,Orange,STARCHILDHC LLC,ORLANDO,32837,No,Yes,Yes,PK-02,105,2025,tuition_word_no_amount,,,,,,,,,,,
6814,Orange,Sterling Bridge Preparatory Academy,Orlando,32812,No,No,No,,0,2025,not_attempted_no_enrollment,,,,,,,,,,,
2520,Orange,STORYBOOK SCHOOL CONWAY LLC,ORLANDO,32812,No,Yes,Yes,PK-01,26,2025,not_reached,,,,,,,,,,,
5490,Orange,STORYBOOK SCHOOL LLC,ORLANDO,32809,No,Yes,Yes,PK-01,26,2025,not_attempted_no_own_domain,,,,,,,,,,,
2336,Orange,STREAMLINE LEARNING,APOPKA,32703,No,No,No,PK-12,14,2025,not_reached,,,,,,,,,,,
4967,Orange,"Summit Scholars Academy, LLC",Orlando,32808,No,No,No,,0,2025,not_attempted_no_enrollment,,,,,,,,,,,
6547,Orange,TANGERINE SCHOOLHOUSE,MOUNT DORA,32757,No,Yes,Yes,PK-04,68,2025,tuition_word_no_amount,,,,,,,,,,,
6326,Orange,TDR LEARNING ACADEMY,ORLANDO,32806,Yes,Yes,Yes,PK-12,104,2025,not_attempted_no_own_domain,,,,,,,,,,,
2456,Orange,TEACH ENRICH FOCUS ACADEMY,ANGOLA,32771,No,No,No,,0,2025,not_attempted_no_enrollment,,,,,,,,,,,
2778,Orange,THE ACADEMY OF CENTRAL FLORIDA,ORLANDO,32817,No,No,No,09-12,107,2025,not_reached,,,,,,,,,,,
9482,Orange,The Academy of MLC,ORLANDO,32801,No,No,No,,0,2026,not_attempted_no_enrollment,,,,,,,,,,,
7172,Orange,THE CHILDHOOD DEVELOPMENT CENTER BY ATTAIN,ORLANDO,32804,No,Yes,Yes,06-12,5,2025,not_reached,,,,,,,,,,,
190,Orange,THE CHRIST SCHOOL,ORLANDO,32801,Yes,Yes,Yes,KG-08,577,2026,found,2026-27,17500,18500,,,0,https://www.thechristschool.org/admission/tuition-fees,2026-10-08,live,"TK-5 17,500; 6-8 18,500; The Bridge program 32,100 excluded",high
3409,Orange,THE CONRAD ACADEMY,ORLANDO,32807,Yes,Yes,Yes,PK-12,454,2025,found,2026-27,8300,8100,8000,,0,https://www.conradacademy.org/tuition-fees-2023-2024/,2026-10-08,live,"Pre-K-3 8,300; 4-8 8,100; 9-12 8,000",high
1962,Orange,THE FIRST ACADEMY,ORLANDO,32805,Yes,Yes,Yes,PK-12,1181,2025,unclear,,,,,,0,https://thefirstacademy.org/admissions/tuition-fees/,2026-10-08,live,only grades up to 2 visible in the evidence; not coded,
3120,Orange,THE FIRST HOPE OF THE FIRST ACADEMY,ORLANDO,32805,Yes,Yes,Yes,KG-12,56,2025,unclear,,,,,,0,https://thefirstacademy.org/admissions/tuition-fees/,2026-10-08,live,early childhood program rates; same page as school 1962,
8153,Orange,The Goddard School Horizon West,Winter Garden,34787-9599,No,No,No,PK-KG,85,2026,tuition_word_no_amount,,,,,,,,,,,
7794,Orange,THE GODDARD SCHOOL WINTER GARDEN,WINTER GARDEN,34787,No,Yes,Yes,PK-KG,84,2025,tuition_word_no_amount,,,,,,,,,,,
7139,Orange,THE KING'S ACADEMY,WINTER GARDEN,34787,Yes,Yes,Yes,PK-05,30,2025,not_reached,,,,,,,,,,,
7518,Orange,THE PARAMOUNT SCHOOL/ISA,ORLANDO,32837,Yes,Yes,Yes,PK-07,58,2025,not_reached,,,,,,,,,,,
7077,Orange,THOMAS LEADERSHIP ACADEMY,EATONVILLE,32751,Yes,Yes,Yes,KG-12,77,2025,unclear,,,,,,0,,2026-10-08,live,no dollar lines found,
9619,Orange,TOP SPOT ACADEMY,ORLANDO,32826,No,Yes,Yes,PK-KG,35,2026,not_attempted_no_own_domain,,,,,,,,,,,
2886,Orange,TRACE ACADEMY,ORLANDO,32829,Yes,Yes,Yes,KG-08,71,2025,found,2027-28,,,,7800,0,https://traceacademy.org/admissions,2026-10-08,live,K-8,high
8986,Orange,TRANSFORMATION ACADEMY OF THE ARTS,ORLANDO,32818,Yes,Yes,Yes,01-12,16,2025,not_attempted_no_own_domain,,,,,,,,,,,
4429,Orange,TREASURE OF KNOWLEDGE CHRISTIAN ACADEMY,ORLANDO,32824,Yes,Yes,Yes,PK-12,174,2025,not_reached,,,,,,,,,,,
3543,Orange,TRI-L CHRISTIAN ACADEMY INC.,ORLANDO,32804,Yes,Yes,Yes,KG-08,65,2025,not_attempted_no_own_domain,,,,,,,,,,,
1629,Orange,TRINITY CHRISTIAN SCHOOL,APOPKA,32703,Yes,Yes,Yes,PK-12,308,2025,not_reached,,,,,,,,,,,
1426,Orange,TRINITY PREPARATORY SCHOOL,WINTER PARK,32792,Yes,No,No,06-12,882,2025,unclear,,,,,,0,https://www.trinityprep.org/admissions/international,2026-10-08,live,international student tuition only,
8417,Orange,TRINITY VICTORIOUS ACADEMY,APOPKA,32703,Yes,Yes,Yes,KG-05,92,2025,not_attempted_no_own_domain,,,,,,,,,,,
5191,Orange,Truth Academy,Apopka,32703,Yes,No,No,02-10,6,2025,not_attempted_no_own_domain,,,,,,,,,,,
306,Orange,TTS MENTORING & DEVELOPMENT SERVICES LLC,ORLANDO,32803,No,No,No,,0,2025,not_attempted_no_enrollment,,,,,,,,,,,
7428,Orange,UCP EAST ORANGE PRIVATE ACADEMY,ORLANDO,32817,No,Yes,Yes,,0,2025,not_attempted_no_enrollment,,,,,,,,,,,
5408,Orange,VARYVODA CHRISTIAN,ORLANDO,32805,Yes,Yes,Yes,02-12,6,2026,not_attempted_no_own_domain,,,,,,,,,,,
5784,Orange,VICTORY ACADEMY,ORLANDO,32817,Yes,Yes,Yes,PK-10,51,2025,found,2026-27,8300,8000,8000,,0,https://victoryacademyschool.org/admissions/,2026-10-08,live,"K4-K5 8,000; 1-5 8,300; 6-8 8,000; 9-12 8,000",high
3753,Orange,VICTORY CHRISTIAN ACADEMY,ORLANDO,32811,Yes,Yes,Yes,KG-12,126,2025,found,2023-24,7550,6850,6850,,0,https://vcaorlando.com/wp-content/uploads/2023/06/23-24-Tuition-Fee-Schedule.pdf,2026-10-08,live,"K5-3 7,550; 4-8 6,850; 9-12 6,850; page shows 2023-24",high
1192,Orange,VICTORY CHRISTIAN ACADEMY,OCOEE,34761,Yes,No,No,KG-08,72,2026,not_attempted_no_own_domain,,,,,,,,,,,
9584,Orange,VIRTUAL INTERNATIONAL MODERN SCHOOL,ORLANDO,32822,No,No,No,,0,2025,not_attempted_no_enrollment,,,,,,,,,,,
5916,Orange,WAY OF WISDOM ACADEMY,ORLANDO,32839,No,Yes,Yes,KG-12,68,2025,not_attempted_no_own_domain,,,,,,,,,,,
2508,Orange,WE ARE ONE SERVICES LLC,ORLANDO,32858,No,Yes,Yes,PK-05,18,2025,not_attempted_no_own_domain,,,,,,,,,,,
2445,Orange,WEST OAKS ACADEMY,ORLANDO,32818,Yes,Yes,Yes,KG-12,350,2026,tuition_word_no_amount,,,,,,,,,,,
2133,Orange,WINDERMERE PREPARATORY SCHOOL,WINDERMERE,34786,No,No,No,PK-12,1682,2026,found,,26990,29500,31500,,0,https://www.nordangliaeducation.com/wps-florida/admissions/tuition-fees,2026-10-08,live,"K 23,800; 1-5 26,990; 6-8 29,500; 9-12 31,500; page mentions 2026-27 and 2027-28; boarding rates excluded",medium
7622,Orange,WINTER GARDEN CHRISTIAN ACADEMY,WINTER GARDEN,34787,Yes,Yes,Yes,KG-06,93,2025,found,,11200,,,,0,https://www.wgcacademy.org/tuition,2026-10-08,live,K5-5 per year; curriculum fee separate; year not stated,high
8819,Orange,WORLD CHANGERS CHRISTIAN ACADEMY,ORLANDO,32809,Yes,Yes,Yes,KG-12,34,2025,not_attempted_no_own_domain,,,,,,,,,,,
7448,Orange,Worldwide Preparatory Academy,Orlando,32807,No,No,No,09-12,90,2025,not_attempted_no_own_domain,,,,,,,,,,,
555,Orange,XL ACADEMY,ORLANDO,32827,No,Yes,Yes,02-06,86,2026,no_website,,,,,,,,,,,
6822,Orange,XL ACADEMY LLC,ORLANDO,32804,No,Yes,Yes,06-12,157,2026,tuition_word_no_amount,,,,,,,,,,,
2682,Orange,YOUNG INNOVATORS ACADEMY WINTER GARDEN,ORLANDO,32819,No,No,No,PK,50,2025,no_website,,,,,,,,,,,
2964,Orange,YOUNG INNOVATORS ACADEMY WINTER PARK,ORLANDO,32819,No,Yes,Yes,PK,37,2025,not_attempted_no_own_domain,,,,,,,,,,,
2737,Osceola,ADMIRABLE ADONAI CHRISTIAN ACADEMY AND DOWN,KISSIMMEE,34743,Yes,No,No,KG-05,2,2025,not_attempted_no_own_domain,,,,,,,,,,,
4856,Osceola,ADVENTURE WORLD KIDS,SAINT CLOUD,34771,No,Yes,Yes,PK-KG,29,2026,not_reached,,,,,,,,,,,
6496,Osceola,ARTS THERE AFTER CHRISTIAN SCHOOL,ST. CLOUD,34772,Yes,Yes,Yes,KG-12,119,2026,no_website,,,,,,,,,,,
8843,Osceola,BEYOND INSTITUTE CENTER,KISSIMMEE,34746,No,Yes,Yes,,0,2025,not_attempted_no_enrollment,,,,,,,,,,,
1113,Osceola,BIGSTAR ACADEMY LLC,KISSIMMEE,34758,No,Yes,Yes,PK-11,89,2025,not_attempted_no_own_domain,,,,,,,,,,,
8670,Osceola,BILINGUAL CHRISTIAN ACADEMY TECHNOLOGY,KISSIMMEE,34758,Yes,Yes,Yes,KG-12,151,2025,not_reached,,,,,,,,,,,
6363,Osceola,BUILDING BRAINS ACADEMY,SAINT CLOUD,34771,No,Yes,Yes,KG-01,29,2025,unclear,,,,,,0,https://buildingbrainsacademy.com/school-info/stepup-scholarships/,2026-10-08,live,scholarship information only,
9147,Osceola,CADEST,KISSIMMEE,34744,No,No,No,07-12,87,2025,not_attempted_no_own_domain,,,,,,,,,,,
4679,Osceola,CALVARY CHRISTIAN ACADEMY & Preschool of Kissimmee,ORLANDO,32809,Yes,Yes,Yes,,0,2025,not_attempted_no_enrollment,,,,,,,,,,,
6553,Osceola,CENTRAL POINTE CHRISTIAN ACADEMY,KISSIMMEE,34744,Yes,Yes,Yes,PK-05,177,2025,not_attempted_no_own_domain,,,,,,,,,,,
7427,Osceola,CENTRAL POINTE CHRISTIAN ACADEMY POINCIANA,KISSIMMEE,34744,Yes,Yes,Yes,PK-11,529,2025,not_attempted_no_own_domain,,,,,,,,,,,
8503,Osceola,CENTRAL POINTE CHRISTIAN HIGH SCHOOL,KISSIMMEE,34744,Yes,Yes,Yes,09-12,428,2025,not_attempted_no_own_domain,,,,,,,,,,,
1119,Osceola,CENTRAL POINTE CHRISTIAN MIDDLE SCHOOL,KISSIMMEE,34741,Yes,Yes,Yes,06-08,170,2026,not_attempted_no_own_domain,,,,,,,,,,,
5373,Osceola,CHOSEN GENERATION CHRISTIAN ACADEMY,KISSIMMEE,34759,Yes,Yes,Yes,01-12,114,2025,unclear,,,,,,0,https://chosengenca.com/2024/05/17/tuition-fees/,2026-10-08,live,"monthly rates, number of payments not seen",
4014,Osceola,CHRIST CENTERED ACADEMICS,SAINT CLOUD,34771,Yes,No,No,02-12,12,2025,not_attempted_no_own_domain,,,,,,,,,,,
800,Osceola,CITY OF LIFE CHRISTIAN ACADEMY,KISSIMMEE,34744,Yes,Yes,Yes,PK-12,492,2025,found,2026-27,9440,9063,9041,,0,https://www.colca.education/tuition,2026-10-08,live,"rates differ slightly by grade; K 9,450; 1-3 9,440; 4 8,869; 5 8,904; 6-7 9,063; 8 9,103; 9-11 9,041; 12 9,116",high
3717,Osceola,CLEAR VIEW ACADEMY,SAINT CLOUD,34771,No,Yes,Yes,04-12,43,2026,found,2024-25,,,,10000,0,https://www.cvaschools.com/pricing-plans/list,2026-10-08,live,"1,000 per month; academic year 2024-25",high
8870,Osceola,CONQUER TECH CHRISTIAN ACADEMY,KISSIMMEE,34759,Yes,Yes,Yes,KG-12,83,2025,not_attempted_no_own_domain,,,,,,,,,,,
6130,Osceola,CPCA LEARNING CENTER,KISSIMMEE,34744,Yes,Yes,Yes,PK-11,102,2025,not_attempted_no_own_domain,,,,,,,,,,,
7138,Osceola,CREATION VILLAGE WORLD SCHOOL,CELEBRATION,34747,No,Yes,Yes,PK-12,445,2026,found,2026-27,13000,13500,14000,,0,https://www.creationvillage.com/tuition-fees,2026-10-08,live,"K-5 13,000; 6-8 13,500; 9-10 14,000; 11-12 14,500 (9-12 tied, lower rate used); PreK excluded; activity fees separate",high
3817,Osceola,CREATIVE WORLD SCHOOL OF ST. CLOUD,ST. CLOUD,34769,No,No,No,PK-KG,31,2025,not_reached,,,,,,,,,,,
6313,Osceola,DANIELS-BLAKE CAREER PATHWAYS ACADEMY,Kissimmee,34743,No,No,No,06-11,25,2025,not_reached,,,,,,,,,,,
5301,Osceola,DREAMING BIG LEARNING CENTER,KISSIMMEE,34741,Yes,Yes,Yes,PK-12,245,2025,not_attempted_no_own_domain,,,,,,,,,,,
2144,Osceola,EDISON ACADEMICS ORLANDO,KISSIMMEE,34744,No,Yes,Yes,09-12,113,2025,no_website,,,,,,,,,,,
2665,Osceola,EDUKIDS ACADEMY,KISSIMMEE,34741,No,Yes,Yes,KG,14,2025,not_reached,,,,,,,,,,,
7552,Osceola,ESTHER'S SCHOOL INC. - KISSIMMEE,KISSIMMEE,34744,Yes,Yes,Yes,KG-12,110,2025,tuition_word_no_amount,,,,,,,,,,,
4433,Osceola,FAITH HARVEST CHRISTIAN ACADEMY,KISSIMMEE,34744,Yes,Yes,Yes,07-12,8,2025,not_attempted_no_own_domain,,,,,,,,,,,
5703,Osceola,FOREIGN LANGUAGE IMMERSION PREPARATORY ACAD,CELEBRATION,34747,No,Yes,Yes,KG-06,105,2025,not_reached,,,,,,,,,,,
2272,Osceola,FREEDOMLAND CHRISTIAN ACADEMY,KISSIMMEE,34744,Yes,Yes,Yes,PK-12,142,2025,not_reached,,,,,,,,,,,
3845,Osceola,GRACEFUL CHRISTIAN ACADEMY,SAINT CLOUD,34772,Yes,Yes,Yes,,0,2025,not_attempted_no_enrollment,,,,,,,,,,,
9422,Osceola,GRACEVIEW ACADEMY OF ST. CLOUD,ST. CLOUD,34772,Yes,Yes,Yes,KG-11,323,2025,tuition_word_no_amount,,,,,,,,,,,
7706,Osceola,HEART OF A CHILD LEARNING CENTER,Harmony,34773,Yes,Yes,Yes,PK-05,70,2026,not_attempted_no_own_domain,,,,,,,,,,,
1458,Osceola,HERITAGE CHRISTIAN SCHOOL,KISSIMMEE,34744,Yes,Yes,Yes,PK-12,595,2026,not_reached,,,,,,,,,,,
1583,Osceola,HOLY REDEEMER CATHOLIC SCHOOL,KISSIMMEE,34741,Yes,Yes,Yes,PK-08,548,2026,tuition_word_no_amount,,,,,,,,,,,
2459,Osceola,HOUSE OF BLESSING ACADEMY,KISSIMMEE,34741,Yes,No,No,,0,2025,not_attempted_no_enrollment,,,,,,,,,,,
5993,Osceola,IBELIEVE CHRISTIAN ACADEMY,KISSIMMEE,34746,Yes,Yes,Yes,KG-12,55,2025,not_reached,,,,,,,,,,,
2899,Osceola,IBELIEVE CHRISTIAN ACADEMY SOUTH,KISSIMME,34758,Yes,Yes,Yes,01-06,12,2026,not_reached,,,,,,,,,,,
9239,Osceola,IGNYTE PERFORMING ARTS INC.,Saint Cloud,34769,No,Yes,Yes,01-12,30,2025,not_attempted_no_own_domain,,,,,,,,,,,
7773,Osceola,Imagineers Academy,Saint Cloud,34769,No,No,No,PK-KG,36,2025,unclear,,,,,,0,,2026-10-08,live,no dollar lines found,
6092,Osceola,INTEGRITY TABERNACLE CHRISTIAN ACADEMY,KISSIMMEE,34744,Yes,Yes,Yes,KG-12,78,2025,tuition_word_no_amount,,,,,,,,,,,
6963,Osceola,INTERNATIONAL SCHOOL FOR AUTISM/GLA,KISSIMMEE,34741,No,Yes,Yes,,0,2025,not_attempted_no_enrollment,,,,,,,,,,,
7517,Osceola,JJCC BILINGUAL CHRISTIAN ACADEMY,ST CLOUD,34769,Yes,Yes,Yes,PK-12,80,2025,not_attempted_no_own_domain,,,,,,,,,,,
2892,Osceola,JOHNSON ACADEMY,KISSIMMEE,34746,No,No,No,KG-12,88,2025,not_reached,,,,,,,,,,,
7277,Osceola,KCBS ADVANCE ACADEMY,SAINT CLOUD,34769,No,Yes,Yes,KG-05,49,2025,tuition_word_no_amount,,,,,,,,,,,
4177,Osceola,KCBS ADVANCE ACADEMY OF KISSIMMEE,KISSIMMEE,34741,No,No,No,PK,10,2025,not_attempted_no_own_domain,,,,,,,,,,,
9047,Osceola,KIDSVILLE ACADEMY 2,KISSIMMEE,34744,No,Yes,Yes,PK-12,103,2026,no_website,,,,,,,,,,,
7248,Osceola,KINGDOM KIDS CHRISTIAN ACADEMY,KISSIMMEE,34741,Yes,Yes,Yes,PK-12,185,2025,not_attempted_no_own_domain,,,,,,,,,,,
1396,Osceola,KIOMY'S ELITE ACADEMY LLC,KISSIMMEE,34743,Yes,Yes,Yes,PK-12,58,2025,not_attempted_no_own_domain,,,,,,,,,,,
8425,Osceola,KISSIMMEE CHRISTIAN ACADEMY,KISSIMMEE,34744,Yes,Yes,Yes,PK-08,205,2025,no_website,,,,,,,,,,,
1348,Osceola,LADYBIRD ACADEMY OF ST. CLOUD,SAINT CLOUD,34769,No,No,No,PK,200,2026,not_reached,,,,,,,,,,,
4532,Osceola,LEGACY ARROWS ACADEMY LLC,davenport,33837,No,No,No,,0,2025,not_attempted_no_enrollment,,,,,,,,,,,
9725,Osceola,LIFE ACADEMY,KISSIMMEE,34758,Yes,No,No,,0,2025,not_attempted_no_enrollment,,,,,,,,,,,
1229,Osceola,LIFE ASSEMBLY OF GOD LIFE ACADEMY,KISSIMMEE,34744,Yes,Yes,Yes,PK-12,359,2025,not_reached,,,,,,,,,,,
2539,Osceola,LIGHT OF REFUGE CHRISTIAN ACADEMY,KISSIMMEE,34746,Yes,No,No,,0,2025,not_attempted_no_enrollment,,,,,,,,,,,
7433,Osceola,LITTLE STARS FAMILY LEARNING ACADEMY,KISSIMMEE,34743,Yes,Yes,Yes,PK-02,17,2025,not_reached,,,,,,,,,,,
6808,Osceola,LIVING WATER CHRISTIAN SCHOOL,KISSIMMEE,34746,Yes,Yes,Yes,PK-04,97,2025,tuition_word_no_amount,,,,,,,,,,,
5873,Osceola,Maranatha Academy by Jireh,,,Yes,Yes,Yes,,0,2025,not_attempted_no_enrollment,,,,,,,,,,,
4699,Osceola,MATER VIRTUAL ACADEMY AT BRIGHTON LAKES,,,No,Yes,Yes,,0,2025,not_attempted_no_enrollment,,,,,,,,,,,
5952,Osceola,MONTESSORI ACADEMY OF CELEBRATION,WINDERMERE,34786,No,Yes,Yes,PK-12,164,2025,found,2026-27,12900,15900,,,0,https://www.montessoriacademycelebration.com/admissions.php,2026-10-08,live,"Montessori programmes mapped to grades: lower elementary 12,900; upper elementary 13,900; adolescent 15,900; full-day primary 11,700 excluded",medium
1160,Osceola,MONTESSORI CLUB LLC,KISSIMMEE,34744,No,No,No,PK-03,17,2026,not_attempted_no_own_domain,,,,,,,,,,,
8982,Osceola,MT. SINAI ARTS PREPARATORY ACADEMY,KISSIMMEE,34741,Yes,Yes,Yes,PK-12,18,2025,tuition_word_no_amount,,,,,,,,,,,
7162,Osceola,MY REFUGE CHRISTIAN ACADEMY,KISSIMMEE,34743,Yes,Yes,Yes,PK-12,28,2025,not_attempted_no_own_domain,,,,,,,,,,,
6134,Osceola,Nation Of Faith Christian Academy Corp,Kissimmee,34746,Yes,No,No,,0,2025,not_attempted_no_enrollment,,,,,,,,,,,
9340,Osceola,NAZARET CHRISTIAN ACADEMY INC.,KISSIMMEE,34744,Yes,Yes,Yes,PK-12,250,2025,not_attempted_no_own_domain,,,,,,,,,,,
7472,Osceola,NEW DIRECTION ACADEMY,HAINES CITY,33844,No,Yes,Yes,02-12,62,2025,tuition_word_no_amount,,,,,,,,,,,
4240,Osceola,NEW JERUSALEM ACADEMY,KISSIMMEE,34759,Yes,Yes,Yes,KG-12,117,2025,tuition_word_no_amount,,,,,,,,,,,
1550,Osceola,NORTH KISSIMMEE CHRISTIAN SCHOOL,KISSIMMEE,34741,Yes,Yes,Yes,PK-12,318,2025,not_attempted_no_own_domain,,,,,,,,,,,
6816,Osceola,OAN CHRISTIAN ACADEMY,KISSIMMEE,34745,Yes,No,No,05-12,6,2025,not_reached,,,,,,,,,,,
4553,Osceola,ORIGINS RECLAIMED ACADEMY LLC,HARMONY,34773,No,No,No,KG-06,9,2025,not_attempted_no_own_domain,,,,,,,,,,,
670,Osceola,OSCEOLA ADVENTIST CHRISTIAN SCHOOL,KISSIMMEE,34744,Yes,Yes,Yes,PK-12,117,2026,network_site_only,,,,,,0,https://www.flcoe.org/,2026-10-08,live,"only the FLCOE network site was found: range 7,000-14,000 per year",
8746,Osceola,OSCEOLA CHRISTIAN PREPARATORY SCHOOL IEP,KISSIMMEE,34744,Yes,Yes,Yes,KG-12,292,2025,tuition_word_no_amount,,,,,,,,,,,
257,Osceola,OSCEOLA PREP ACADEMY LLC,KISSIMMEE,34744,No,Yes,Yes,01-12,51,2025,not_attempted_no_own_domain,,,,,,,,,,,
1445,Osceola,PCG ACADEMY INC.,SAINT CLOUD,34771,Yes,No,No,09-11,5,2026,unclear,,,,,,0,https://www.pcgacademy.com/admissions,2026-10-08,live,online and homeschool tuition only,
4270,Osceola,PEA BASEBALL PRIVATE ACADEMY,BESOS,34746,No,No,No,01-12,43,2025,not_attempted_no_own_domain,,,,,,,,,,,
2627,Osceola,PEACE BY PIECE ACADEMY,KISSIMMEE,34741,No,Yes,Yes,KG-11,23,2025,not_reached,,,,,,,,,,,
3393,Osceola,PEACE LUTHERAN SCHOOL,KISSIMMEE,34746,Yes,Yes,Yes,PK-12,74,2026,not_reached,,,,,,,,,,,
5987,Osceola,PHA PREPARATORY SCHOOL KISSIMMEE,KISSIMMEE,34758,Yes,Yes,Yes,PK-12,60,2025,not_attempted_no_own_domain,,,,,,,,,,,
882,Osceola,PIECE OF HEAVEN CHRISTIAN ACADEMY INC,KISSIMMEE,34741,Yes,Yes,Yes,02-12,25,2026,not_attempted_no_own_domain,,,,,,,,,,,
4207,Osceola,PLEASANT HILL ACADEMY,KISSIMMEE,34758,Yes,Yes,Yes,KG-12,200,2025,not_attempted_no_own_domain,,,,,,,,,,,
6702,Osceola,POINCIANA CHRISTIAN PREP SCHOOL NORTH IEP,KISSIMMEE,34758,Yes,Yes,Yes,KG-12,446,2025,tuition_word_no_amount,,,,,,,,,,,
6688,Osceola,POINCIANA CHRISTIAN PREPARATORY SCHOOL IEP,KISSIMMEE,34759,Yes,Yes,Yes,KG-12,483,2025,tuition_word_no_amount,,,,,,,,,,,
3110,Osceola,PRODIGY ACADEMY AT TAPESTRY,KISSIMMEE,34741,No,Yes,Yes,PK-01,37,2026,not_reached,,,,,,,,,,,
7520,Osceola,REBORN CHRISTIAN ACADEMY,KISSIMMEE,34746,Yes,Yes,Yes,,0,2026,not_attempted_no_enrollment,,,,,,,,,,,
9193,Osceola,REGENERATION CHRISTIAN ACADEMY,KISSIMMEE,34744,Yes,Yes,Yes,KG-06,22,2026,not_attempted_no_own_domain,,,,,,,,,,,
6364,Osceola,Revival Place School of the Arts Inc.,Kissimmee,34744,Yes,Yes,Yes,,0,2025,not_attempted_no_enrollment,,,,,,,,,,,
9796,Osceola,RISING STAR PREPARATORY ACADEMY,KISSIMMEE,34744,Yes,No,No,,0,2025,not_attempted_no_enrollment,,,,,,,,,,,
1129,Osceola,Sabal Palm Montessori Community,,,No,No,No,PK-12,22,2026,no_website,,,,,,,,,,,
7705,Osceola,SAI ACADEMY,ST. CLOUD,34769,No,Yes,Yes,04-12,15,2025,no_website,,,,,,,,,,,
5210,Osceola,SAI Academy of Orlando City,St. Cloud,34769,No,Yes,Yes,07-12,67,2025,tuition_word_no_amount,,,,,,,,,,,
6680,Osceola,SAINT CLOUD CHRISTIAN PREP SCHOOL IEP,ST. CLOUD,34769,Yes,Yes,Yes,KG-12,228,2025,tuition_word_no_amount,,,,,,,,,,,
1279,Osceola,SANTIAGO FRIENDS ACADEMY KISSIMMEE,ORLANDO,32817,No,Yes,Yes,KG-12,5,2025,not_reached,,,,,,,,,,,
8064,Osceola,School of Legacy by Prestige,kissimmee,34744,Yes,Yes,Yes,PK,14,2025,not_attempted_no_own_domain,,,,,,,,,,,
9611,Osceola,SHILOH ACCELERATED CHRISTIAN ACADEMY,KISSIMMEE,34758,Yes,Yes,Yes,KG-12,55,2025,not_attempted_no_own_domain,,,,,,,,,,,
8546,Osceola,SHINING STAR CHRISTIAN PREPARATORY ACADEMY,KISSIMMEE,34741,No,Yes,Yes,KG-05,30,2025,not_attempted_no_own_domain,,,,,,,,,,,
1630,Osceola,SOUTHLAND CHRISTIAN SCHOOL,KISSIMMEE,34744,Yes,Yes,Yes,PK-12,397,2025,unclear,,,,,,0,https://southlandcs.org/pages/tuition-fees,2026-10-08,live,scholarship information only,
6907,Osceola,ST. CLOUD CHRISTIAN ACADEMY,ST. CLOUD,34769,Yes,Yes,Yes,,0,2026,not_attempted_no_enrollment,,,,,,,,,,,
484,Osceola,ST. THOMAS AQUINAS SCHOOL,SAINT CLOUD,34769,Yes,Yes,Yes,PK-08,492,2026,found,2026-27,8900,9100,,,0,https://static1.squarespace.com/static/61268e321918685ae0dc17aa/t/69aed5eb6084d25f96132bab/1773065707930/26-27+TUITION+ONLY+English.pdf,2026-10-08,live,"K-5 8,900; 6-8 9,100; PK and half-day excluded",high
568,Osceola,STEAM MINDS ACADEMY CORP.,SAINT CLOUD,34772,No,Yes,Yes,03-12,23,2025,tuition_word_no_amount,,,,,,,,,,,
379,Osceola,STILL WE RISE EXCELLENCE ACADEMY,KISSIMMEE,34744,Yes,No,No,,0,2025,not_attempted_no_enrollment,,,,,,,,,,,
9587,Osceola,SUNRAY CHRISTIAN ACADEMY,KISSIMMEE,34744,Yes,Yes,Yes,02-05,7,2025,not_attempted_no_own_domain,,,,,,,,,,,
5813,Osceola,SUNSHINE STATE ELITE ACADEMY LLC,KISSIMMEE,34744,No,Yes,Yes,KG-12,201,2025,not_attempted_no_own_domain,,,,,,,,,,,
9391,Osceola,TEACHING TIME ACADEMY INC 2,KISSIMMEE,34743,Yes,Yes,Yes,PK-05,28,2025,not_attempted_no_own_domain,,,,,,,,,,,
7969,Osceola,THE VINE CHRISTIAN ACADEMY,KISSIMMEE,34744,Yes,Yes,Yes,PK-12,203,2025,not_attempted_no_own_domain,,,,,,,,,,,
6712,Osceola,TINY TOTS CHRISTIAN ACADEMY EAST,KISSIMMEE,34744,Yes,Yes,Yes,PK-KG,90,2025,not_attempted_no_own_domain,,,,,,,,,,,
1044,Osceola,TRINITY LUTHERAN SCHOOL,KISSIMMEE,34741,Yes,Yes,Yes,PK-12,247,2025,no_website,,,,,,,,,,,
4299,Osceola,TURTLE TOTS ACADEMY,KISSIMMEE,34746,No,Yes,Yes,PK,15,2025,not_attempted_no_own_domain,,,,,,,,,,,
4297,Osceola,TURTLE TOTS ACADEMY II,KISSIMMEE,34744,No,Yes,Yes,PK-01,23,2025,not_attempted_no_own_domain,,,,,,,,,,,
9533,Osceola,UNITY CHRISTIAN ACADEMY,KISSIMMEE,34744,No,Yes,Yes,KG-12,65,2025,blocked,,,,,,,,,,,
9712,Osceola,VIRTUAL INTERNATIONAL SCHOOL K12,KISSIMMEE,34744,No,No,No,,0,2025,not_attempted_no_enrollment,,,,,,,,,,,
4369,Palm Beach,ACADEMIC HIGH SCHOOL FOR THE ARTS,BOCA RATON,33434,No,No,No,09-12,500,2025,not_attempted_no_own_domain,,,,,,,,,,,
1494,Palm Beach,ACCEPTANCE ACADEMY COMMUNITY SCHOOL,BOCA RATON,33433,No,No,No,,0,2025,not_attempted_no_enrollment,,,,,,,,,,,
2659,Palm Beach,ACHIEVEMENT HEIGHTS ACADEMY,BOCA RATON,33432,No,No,No,01-11,14,2025,tuition_word_no_amount,,,,,,,,,,,
2917,Palm Beach,ADVENT LUTHERAN SCHOOL,BOCA RATON,33431,Yes,Yes,Yes,PK-08,336,2026,found,2026-27,,,,12900,0,https://adventschoolboca.org/wp-content/uploads/2025/12/8.-Schedule-of-Fees-26-27.pdf,2026-10-08,live,yearly tuition for grades K-8,high
4263,Palm Beach,ALL SAINTS CATHOLIC SCHOOL,JUPITER,33458,Yes,Yes,Yes,PK-08,463,2026,unclear,,,,,,0,https://www.allsaintsjupiter.org/apps/pages/index.jsp?uREC_ID=597954&type=d&termREC_ID=&pREC_ID=1154170&hideMenu=0,2026-10-08,live,scholarship information only,
4066,Palm Beach,AMERICAN HERITAGE SCHOOL OF BOCA/DELRAY,DELRAY BEACH,33484,No,Yes,Yes,PK-12,2022,2025,not_reached,,,,,,,,,,,
2513,Palm Beach,ARTHUR I MEYER JEWISH ACADEMY,PALM BEACH GARDENS,33418,Yes,Yes,Yes,PK-08,201,2026,found,2026-27,24550,28165,,,0,https://www.meyerprep.org/tuition-fees/,2026-10-08,live,"K and 1 20,900; 2-5 24,550; 6-8 28,165; junior kindergarten excluded",high
7148,Palm Beach,ARTS AND EDUCATION INTERNATIONAL,LAKE WORTH,33460,No,No,No,,0,2025,not_attempted_no_enrollment,,,,,,,,,,,
2279,Palm Beach,ATLANTIC CHRISTIAN ACADEMY OF THE PALM BEAC,WEST PALM BEACH,33415,Yes,Yes,Yes,PK-12,1184,2025,not_attempted_no_own_domain,,,,,,,,,,,
2985,Palm Beach,ATLANTIS ACADEMY,WEST PALM BEACH,33406,No,Yes,Yes,KG-12,171,2025,no_website,,,,,,,,,,,
985,Palm Beach,B-Ready Academy MicroSchool,,,No,No,No,PK-07,35,2026,not_reached,,,,,,,,,,,
7477,Palm Beach,BAIS YAAKOV OF BOCA RATON,BOCA RATON,33431,Yes,Yes,Yes,09-12,47,2025,found,2024-25,,,,19100,0,https://www.byboca.org/admissions,2026-10-08,live,tuition for the 2024-25 school year,high
4195,Palm Beach,BALDWIN PREP SCHOOL,NORTH PALM BEACH,33408,No,Yes,Yes,KG-12,79,2026,not_attempted_no_own_domain,,,,,,,,,,,
3920,Palm Beach,BELLE GLADE CHRISTIAN ACADEMY,BELLE GLADE,33430,Yes,Yes,Yes,PK-12,22,2025,not_attempted_no_own_domain,,,,,,,,,,,
6952,Palm Beach,Ben Gamla Palm Beach Campus,Boynton Beach,33472,No,No,No,,0,2025,not_attempted_no_enrollment,,,,,,,,,,,
1867,Palm Beach,BEREAN CHRISTIAN SCHOOL,WEST PALM BEACH,33411,Yes,Yes,Yes,PK-12,736,2026,no_website,,,,,,,,,,,
3857,Palm Beach,BETHEL JUNIOR ACADEMY,RIVIERA BEACH,33404,Yes,Yes,Yes,KG-08,188,2025,not_attempted_no_own_domain,,,,,,,,,,,
9335,Palm Beach,BOCA RATON ACHIEVEMENT CENTER,BOCA RATON,33431,No,No,No,KG-12,19,2026,not_attempted_no_own_domain,,,,,,,,,,,
3314,Palm Beach,BOCA RATON CHRISTIAN SCHOOL,BOCA RATON,33432,Yes,Yes,Yes,PK-12,876,2026,found,2026-27,15290,16830,19360,,0,https://www.bocachristian.org/admissions/tuition-fees-financial-assistance,2026-10-08,live,"two sets of rates; higher set assumed to be 2026-27 (K 14,190; 1-5 15,290; 6-8 16,830; 9-12 19,360); lower set 14,300/15,730/18,150",medium
3211,Palm Beach,BOCA RATON PREPARATORY SCHOOL,BOCA RATON,33428,No,Yes,Yes,PK-12,186,2025,no_website,,,,,,,,,,,
6298,Palm Beach,BOCA SCHOOL FOR AUTISM INC.,BOCA RATON,33431,No,Yes,Yes,KG-12,24,2025,found,2026-27,41900,43260,44100,,0,https://bocaschoolforautism.org/admissions/,2026-10-08,live,"K-2 41,900; 3-5 42,750 (tied, lower rate used); 6-8 43,260; 9-12 44,100; school for students with autism",high
3993,Palm Beach,BRIGHTNEST ACADEMY DELRAY,DELRAY BEACH,33445,No,Yes,Yes,PK,22,2025,tuition_word_no_amount,,,,,,,,,,,
915,Palm Beach,CARDINAL NEWMAN HIGH SCHOOL,WEST PALM BEACH,33409,Yes,Yes,Yes,09-12,749,2025,no_website,,,,,,,,,,,
7760,Palm Beach,CARVER CHRISTIAN ACADEMY,WEST PALM BEACH,33407,Yes,Yes,Yes,KG-06,120,2025,no_website,,,,,,,,,,,
9140,Palm Beach,CENTRAL BAPTIST ACADEMY,WEST PALM BEACH,33406,Yes,Yes,Yes,KG-10,72,2025,found,2026-27,12000,12500,13000,,0,https://centralbaptistacademy.co/admissions/tuition-fees/,2026-10-08,live,"K 11,500; 1-4 12,000; 5-8 12,500; 9-11 13,000",high
5941,Palm Beach,CHEDER CHABAD INC,BOYNTON BEACH,33472,Yes,Yes,Yes,PK-12,310,2025,found,,16950,16950,17450,,0,https://www.chederchabadfl.com/our-admissions,2026-10-08,live,"K-8 16,950; 9-12 17,450; nursery to pre-K excluded; dorm fee separate; year not stated",high
807,Palm Beach,CHILDRENS HOUSE MONTESSORI,BOCA RATON,33432,No,No,No,PK-KG,43,2025,not_attempted_no_own_domain,,,,,,,,,,,
1746,Palm Beach,CHILDRENS HOUSE MONTESSORI SCHOOL EAST BOCA,BOCA RATON,33432,No,No,No,PK-KG,30,2025,not_attempted_no_own_domain,,,,,,,,,,,
1085,Palm Beach,COASTAL MIDDLE AND HIGH SCHOOL INC.,LAKE PARK,33403,No,Yes,Yes,06-12,92,2025,not_reached,,,,,,,,,,,
5100,Palm Beach,COATES LEARNING CENTER INC.,WEST PALM BEACH,33409,No,Yes,Yes,02-11,11,2025,not_attempted_no_own_domain,,,,,,,,,,,
9638,Palm Beach,COCOPLUM NATURE SCHOOL,DELRAY BEACH,33444,No,Yes,Yes,KG-05,45,2025,unclear,,,,,,0,,2026-10-08,live,no dollar lines found,
8885,Palm Beach,CONNECTIONS HIGH SCHOOL  VOCATIONAL CENTER,WEST PALM BEACH,33409,No,Yes,Yes,09-12,32,2025,found,2025-26,,,,42500,0,https://www.connectedpb.com/enrollment-admin-high-school,2026-10-08,live,annual tuition at a vocational high school,high
995,Palm Beach,CONSCIOUS KIDS ASSOCIATION,LOXAHATCHEE,33470,No,No,No,KG-09,24,2025,not_attempted_no_own_domain,,,,,,,,,,,
3360,Palm Beach,CUEWA UNIVERSITY PREP,West Palm beach,33409,Yes,No,No,04-12,3,2025,not_reached,,,,,,,,,,,
2492,Palm Beach,DAUGHTER OF ZION JR ACADEMY,DELRAY BEACH,33444,Yes,Yes,Yes,KG-08,85,2025,not_reached,,,,,,,,,,,
2573,Palm Beach,DIVINE SAVIOR ACADEMY - DELRAY,DELRAY BEACH,33446,Yes,Yes,Yes,PK-08,299,2026,tuition_word_no_amount,,,,,,,,,,,
2264,Palm Beach,DONNA KLEIN JEWISH ACADEMY,BOCA RATON,33428,Yes,Yes,Yes,KG-12,770,2025,found,2026-27,30940,32835,35060,,0,https://www.dkja.net/admissions/tuition--fees,2026-10-08,live,"K-4 30,940; 5-8 32,835; 9-12 35,060",high
3646,Palm Beach,DOTT ACADEMY,Greenacres,33463,No,No,No,01-07,10,2025,not_attempted_no_own_domain,,,,,,,,,,,
6745,Palm Beach,"Dream Builders Preparatory Academy, Inc.",Riviera Beach,33404,Yes,No,No,,0,2025,not_attempted_no_enrollment,,,,,,,,,,,
9432,Palm Beach,DWIGHT GLOBAL ONLINE SCHOOL,NEW YORK. NY,10024,No,No,No,06-12,66,2025,no_website,,,,,,,,,,,
2457,Palm Beach,EDNA W. RUNNER EDUCATION CENTER,JUPITER,33458,No,Yes,Yes,,0,2025,not_attempted_no_enrollment,,,,,,,,,,,
2813,Palm Beach,EDUCATION PLACE,WELLINGTON,33414,No,Yes,Yes,01-12,45,2025,not_attempted_no_own_domain,,,,,,,,,,,
1216,Palm Beach,EMBRACE ABA ACADEMY INC,LAKE PARK,33403,No,Yes,Yes,KG-12,15,2025,not_reached,,,,,,,,,,,
8189,Palm Beach,EMERGING MINDS MONTESSORI ACADEMY INC,DELRAY BEACH,33446,No,Yes,Yes,PK-09,100,2025,no_website,,,,,,,,,,,
2924,Palm Beach,EPHESUS ADVENTIST ACADEMY,WEST PALM BEACH,33407,Yes,Yes,Yes,KG-08,56,2025,not_reached,,,,,,,,,,,
1106,Palm Beach,"Essential Healing of South Florida, Inc.",,,No,No,No,,0,2026,not_attempted_no_enrollment,,,,,,,,,,,
9754,Palm Beach,FAITH'S PLACE CENTER FOR ARTS EDUCATION,RIVIERA BEACH,33404,Yes,Yes,Yes,PK-12,27,2025,not_attempted_no_own_domain,,,,,,,,,,,
8248,Palm Beach,FLORENCE FULLER CDC INC. WEST,BOCA RATON,33498,No,Yes,Yes,KG-03,69,2025,not_reached,,,,,,,,,,,
3970,Palm Beach,FOREST TRAIL ACADEMY,WEST PALM BEACH,33411,No,No,No,KG-12,45,2025,found,,3069,3669,4269,,0,https://foresttrailacademy.com/community/student/tuition/,2026-10-08,live,"online school: full-time per grade level K-5 3,069; 6-8 3,669; 9-12 4,269; year not stated",medium
7796,Palm Beach,FRENCH AMERICAN SCHOOL OF BOCA RATON,BOCA RATON,33431,No,Yes,Yes,KG-06,161,2025,found,2026-27,14000,14500,,,0,https://faisbr.org/admissions/,2026-10-08,live,"elementary 14,000; middle school international track 14,500 (CNED track 14,900)",medium
8278,Palm Beach,FRENCH SCHOOL OF BOCA RATON LE PETIT PRINCE,BOCA RATON,33432,No,Yes,Yes,PK-04,112,2025,tuition_word_no_amount,,,,,,,,,,,
9491,Palm Beach,FUSION ACADEMY BOCA RATON,BOCA RATON,33431,No,Yes,Yes,06-12,77,2025,unclear,,,,,,0,https://www.fusionacademy.com/campuses/alexandria/tuition/,2026-10-08,live,per-class rates; same as school 1726,
7800,Palm Beach,FUSION ACADEMY PALM BEACH GARDENS,PALM BEACH GARDENS,33410,No,Yes,Yes,05-12,22,2025,unclear,,,,,,0,https://www.fusionacademy.com/campuses/alexandria/tuition/,2026-10-08,live,per-class rates,
8954,Palm Beach,FUTURE KIDS,LAKE WORTH,33463,No,Yes,Yes,PK-03,45,2025,no_website,,,,,,,,,,,
5810,Palm Beach,GAP CHRISTIAN ACADEMY,PAHOKEE,33476,Yes,Yes,Yes,KG-12,65,2025,not_attempted_no_own_domain,,,,,,,,,,,
4648,Palm Beach,GARDEN OF THE SAHABA ACADEMY,BOCA RATON,33431,Yes,Yes,Yes,PK-11,303,2025,unclear,,,,,,0,,2026-10-08,live,no dollar lines found,
8822,Palm Beach,GENUINE SCHOOL,BOCA RATÓN,33432,No,No,No,03-04,2,2026,no_website,,,,,,,,,,,
2204,Palm Beach,GEORGETTE'S ACADEMY,COCONUT CREEK,33073,No,No,No,,0,2026,not_attempted_no_enrollment,,,,,,,,,,,
1428,Palm Beach,GLADES DAY SCHOOL,BELLE GLADE,33430,No,Yes,Yes,PK-12,335,2025,unclear,,,,,,0,,2026-10-08,live,no dollar lines found,
4083,Palm Beach,GOLIATH ACADEMY,GREENACRES,33463,Yes,No,No,07-12,190,2025,unclear,,,,,,0,https://www.goliathacademyfl.com/adult-education-program,2026-10-08,live,adult education course tuition,
2977,Palm Beach,GOOD SHEPHERD EPISCOPAL SCHOOL LLC,TEQUESTA,33469,Yes,Yes,Yes,PK-05,124,2026,found,2026-27,19600,,,,0,https://www.goodshepschool.com/wp-content/uploads/2026/01/Tuition-2026-2027.pdf,2026-10-08,live,"K-2 19,600; 3-5 20,750 (tied, lower rate used); other grades not read; earlier childhood rates excluded",high
2484,Palm Beach,GRANDVIEW PREPARATORY SCHOOL,BOCA RATON,33431,No,Yes,Yes,PK-12,379,2025,found,2026-27,29350,30750,31500,,0,https://www.grandviewprep.net/admissions/affordability.cfm,2026-10-08,live,"K-5 29,350; middle 30,750; upper 31,500; early childhood and online programs excluded",high
6987,Palm Beach,Grandview Preparatory School,Boca Raton,33431,No,No,No,06-12,76,2026,found,2026-27,29350,30750,31500,,0,https://www.grandviewprep.net/admissions/affordability.cfm,2026-10-08,live,"K-5 29,350; middle 30,750; upper 31,500; same page as school 2484",high
2815,Palm Beach,GREENACRES CHRISTIAN ACADEMY,LAKE WORTH,33463,Yes,Yes,Yes,KG-12,170,2025,not_attempted_no_own_domain,,,,,,,,,,,
9688,Palm Beach,GUIDEPOST MONTESSORI AT PALM BEACH GARDENS,PALM BEACH GARDENS,33418,No,Yes,Yes,PK-KG,7,2025,unclear,,,,,,0,https://guidepostmontessori.com/admissions/,2026-10-08,live,referral credit only,
2597,Palm Beach,GULF STREAM SCHOOL,GULF STREAM,33483,No,Yes,Yes,PK-08,325,2025,found,2026-27,37200,39300,,,0,https://gulfstreamschool.org/admission/tuition-tuition-assistance/,2026-10-08,live,"K 33,000; 1-2 36,000; 3-5 37,200; 6-8 39,300; PK excluded",high
8665,Palm Beach,HADAR HIGH SCHOOL FOR GIRLS,BOCA RATON,33433,Yes,Yes,Yes,09-12,82,2025,found,,,,,23055,0,https://www.hadarhs.org/admissions,2026-10-08,live,tuition for the current year; year not stated,high
1932,Palm Beach,"HARID CONSERVATORY OF MUSIC, INC.",BOCA RATON,33431,No,No,No,09-12,35,2025,unclear,,,,,,0,https://harid.edu/fees/,2026-10-08,live,tuition fee listed as 0; boarding conservatory,
7669,Palm Beach,HIGH POINT ACADEMY,BOCA RATON,33428,No,Yes,Yes,PK-05,143,2025,not_attempted_no_own_domain,,,,,,,,,,,
9191,Palm Beach,HIGH REACH LEARNING CENTER DBA SMALL WORLD,PALM SPRINGS,33406,No,Yes,Yes,PK,20,2026,not_reached,,,,,,,,,,,
9684,Palm Beach,HOPE CENTER LEARNING ACADEMY LLC,WEST PALM BEACH,33415,No,No,No,,0,2025,not_attempted_no_enrollment,,,,,,,,,,,
4225,Palm Beach,JAVIER POLYTECHNIC SCHOOL,DELRAY BEACH,33445,No,No,No,,0,2025,not_attempted_no_enrollment,,,,,,,,,,,
6743,Palm Beach,JUPITER CHRISTIAN SCHOOL,JUPITER,33458,Yes,Yes,Yes,PK-01,203,2026,unclear,,,,,,0,https://www.jupiterchristian.org/admissions/tuition-financial-aid,2026-10-08,live,bank draft fee only,
3439,Palm Beach,JUPITER CHRISTIAN SCHOOL,JUPITER,33458,Yes,Yes,Yes,02-12,849,2026,unclear,,,,,,0,https://www.jupiterchristian.org/admissions/tuition-financial-aid,2026-10-08,live,bank draft fee only,
2983,Palm Beach,KATZ HILLEL DAY SCHOOL OF BOCA RATON,BOCA RATON,33428,Yes,Yes,Yes,PK-08,731,2026,unclear,,,,,,0,https://www.hilleldayschool.org/admissions/tuition/,2026-10-08,live,application fee only,
3213,Palm Beach,KATZ YESHIVA HIGH SCHOOL OF S. FLA,BOCA RATON,33428,Yes,Yes,Yes,09-12,499,2025,found,2026-27,,,,24390,0,https://www.yeshivahs.org/apps/pages/index.jsp?uREC_ID=364296&type=d&pREC_ID=819228,2026-10-08,live,high school tuition per student; building fund fee 650 separate,high
3309,Palm Beach,KENTWOOD PREPARATORY SCHOOL,LANTANA,33462,No,Yes,Yes,01-12,88,2025,no_website,,,,,,,,,,,
8786,Palm Beach,KINGSWOOD ACADEMY,GREENACRES,33467,No,Yes,Yes,KG-01,12,2025,unclear,,,,,,0,https://www.mykingswoodacademy.com/wp-content/uploads/2026/07/kingswood_enrollment-revised-2026.pdf,2026-10-08,live,only fees seen,
5034,Palm Beach,KNIGHT SCHOLARIS LLC,ST. PETERSBURG,33702,No,No,No,,0,2025,not_attempted_no_enrollment,,,,,,,,,,,
1705,Palm Beach,LAKE WORTH CHRISTIAN SCHOOL SOCIETY INC.,BOYNTON BEACH,33426,Yes,Yes,Yes,PK-12,672,2026,unclear,,,,,,0,,2026-10-08,live,no dollar lines found,
9714,Palm Beach,LE SOLEY HIGH SCHOOL,Palm Springs,33406,No,No,No,09-12,27,2026,unclear,,,,,,0,https://lesoleyhighschool.org/tuition/,2026-10-08,live,"payment of 580 for a high school with transcript, probably an online or umbrella programme",
9260,Palm Beach,LEARNING WONDERLAND PRESCHOOL,PALM SPRINGS,33406,No,Yes,Yes,PK-KG,39,2025,no_website,,,,,,,,,,,
5752,Palm Beach,Light House Academy Junior Minds In Motion,West Palm Beach,33417,Yes,No,No,,0,2025,not_attempted_no_enrollment,,,,,,,,,,,
8178,Palm Beach,LIGHTHOUSE ACADEMY PALM BEACH,LAKE WORTH,33461,No,Yes,Yes,KG-12,73,2025,no_website,,,,,,,,,,,
9566,Palm Beach,LITTLE CUB'Z LEARNING CENTER,BOYNTON BEACH,33435,Yes,Yes,Yes,PK-KG,21,2026,not_attempted_no_own_domain,,,,,,,,,,,
2609,Palm Beach,LLOYD PREPARATORY SCHOOL,BOCA RATON,33487,No,No,No,07-11,5,2025,found,2026-27,,9950,11800,,0,https://www.lloydprep.com/_files/ugd/f4ba6f_13a383e6749f401da61487779dcc8285.pdf,2026-10-08,live,"standard tier: 6-8 9,950; 9-12 11,800; higher remediation tiers excluded",high
2663,Palm Beach,M.O.T. ACADEMY,MIAMI,33183,No,Yes,Yes,KG-09,6,2025,tuition_word_no_amount,,,,,,,,,,,
1757,Palm Beach,METHODIST EARLY CHILDHOOD EDUCATION INC,BOCA RATON,33432,Yes,No,No,PK,131,2025,unclear,,,,,,0,https://www.meceboca.org/classes-rates,2026-10-08,live,preschool monthly rates,
9262,Palm Beach,MOUNTAINEER'S ACADEMY INC.,WEST PALM BEACH,33401,No,Yes,Yes,KG-10,8,2025,not_reached,,,,,,,,,,,
7376,Palm Beach,MOUNTAINEER'S SCHOOL OF AUTISM INC.,WEST PALM BEACH,33401,No,Yes,Yes,KG-12,35,2025,not_reached,,,,,,,,,,,
5770,Palm Beach,MY SCHOOLHOUSE LLC.,ROYAL PALM BEACH,33411,No,Yes,Yes,KG-09,42,2025,unclear,,,,,,0,https://www.mshlearning.com/faqs,2026-10-08,live,programmes and care fees only,
1608,Palm Beach,NEW GENERATION MONTESSORI BR,BOCA RATON,33498,No,No,No,PK,22,2025,tuition_word_no_amount,,,,,,,,,,,
9194,Palm Beach,NEW GENERATION MONTESSORI OF DELRAY BEACH,DELRAY BEACH,33444,No,No,No,PK,18,2025,tuition_word_no_amount,,,,,,,,,,,
4469,Palm Beach,NEW GENERATION MONTESSORI WPB,WEST PALM BEACH,33401,No,No,No,PK,32,2025,tuition_word_no_amount,,,,,,,,,,,
1143,Palm Beach,NEW HORIZONS CHRISTIAN ACADEMY,WEST PALM BEACH,33406,Yes,Yes,Yes,02-09,8,2025,not_attempted_no_own_domain,,,,,,,,,,,
8190,Palm Beach,Next Academy Preparatory School,West Palm Beach,33402,No,No,No,,0,2025,not_attempted_no_enrollment,,,,,,,,,,,
5920,Palm Beach,OAKSTONE ACADEMY PALM BEACH CORPORATION,WEST PALM BEACH,33415,No,Yes,Yes,KG-12,53,2026,tuition_word_no_amount,,,,,,,,,,,
5582,Palm Beach,OUR SACRED ACADEMY INC.,WEST PALM BEACH,33407,No,Yes,Yes,PK-12,41,2025,found,2026-27,,,,35000,0,https://www.oursacredacademy.org/apps/pages/index.jsp?uREC_ID=548607&type=d,2026-10-08,live,"amount is listed as tuition and fees combined; registration fee 1,090 separate",low
5959,Palm Beach,OXBRIDGE ACADEMY OF THE PALM BEACHES,WEST PALM BEACH,33409,No,Yes,Yes,06-12,618,2025,found,2026-27,,37900,45600,,0,https://www.oapb.org/admission/tuition-affordability,2026-10-08,live,"middle school 37,900; upper school 45,600; fees separate",high
7083,Palm Beach,PALM BEACH CHRISTIAN ACADEMY,WEST PALM BEACH,33401,Yes,Yes,Yes,PK-12,219,2025,unclear,,,,,,0,https://cdn.prod.website-files.com/6894d8a62deaa787d15d9b0f/6965010ef46658b3f5fb6115_NS%20%26%20G%20tuition%20rates%20(2).pdf,2026-10-08,live,only a K5 line with unclear columns; same page as school 1679,
1679,Palm Beach,PALM BEACH CHRISTIAN ACADEMY LAKE PARK,LAKE PARK,33403,Yes,Yes,Yes,PK-08,165,2025,unclear,,,,,,0,https://cdn.prod.website-files.com/6894d8a62deaa787d15d9b0f/6965010ef46658b3f5fb6115_NS%20%26%20G%20tuition%20rates%20(2).pdf,2026-10-08,live,only K5 line with unclear columns,
723,Palm Beach,"Palm Beach Christian Academy, Village",,,Yes,No,No,KG-07,31,2026,not_reached,,,,,,,,,,,
414,Palm Beach,PALM BEACH CHRISTIAN PREPARATORY SCHOOL INC,LAKE WORTH,33467,Yes,Yes,Yes,07-12,40,2025,not_reached,,,,,,,,,,,
1900,Palm Beach,PALM BEACH DAY ACADEMY INC.,PALM BEACH,33480,No,No,No,04-08,226,2025,found,2026-27,37300,42600,,,0,https://www.pbday.org/admission/tuition-and-fees,2026-10-08,live,"K 35,000; 1-3 37,300; 4-5 41,000; 6-8 42,600; pre-primary and primary excluded",high
1836,Palm Beach,PALM BEACH INTERNATIONAL ACADEMY SES,BOCA RATON,33431,No,Yes,Yes,06-11,9,2025,not_reached,,,,,,,,,,,
3306,Palm Beach,POETIC JUSTICE PRIVATE SCHOOL,WEST PALM BEACH,33415,No,No,No,PK-04,108,2025,blocked,,,,,,,,,,,
2552,Palm Beach,POPE JOHN PAUL II HIGH SCHOOL,BOCA RATON,33431,Yes,Yes,Yes,09-12,556,2026,found,2026-27,,,19725,,0,https://www.sjpii.net/admissions/tuition.cfm,2026-10-08,live,"non-parishioner rate for grades 9-11 (grade 12 20,000); Catholic rate 18,975; page also mentions 2025-26",medium
2677,Palm Beach,POTENTIA ACADEMY,GREENACRES,33463,No,Yes,Yes,05-12,43,2026,found,2026-27,,,,15000,0,https://www.potentiaacademy.org/,2026-10-08,live,"annual tuition; extra 1,000 for the CCREST program",high
7576,Palm Beach,PROCHILD LLC,LAKE WORTH,33460,Yes,No,No,,0,2025,not_attempted_no_enrollment,,,,,,,,,,,
587,Palm Beach,PROJECT INFINITY GROUP LLC,BOCA RATON,33486,No,Yes,Yes,02-12,18,2025,not_reached,,,,,,,,,,,
7975,Palm Beach,PROVIDENCE EDUCATION GROUP LLC,TEQUESTA,33469,No,Yes,Yes,KG-10,50,2025,unclear,,,,,,0,https://providenceschool.education/tuition-scholarships/,2026-10-08,live,tuition tiers without clear labels,
2912,Palm Beach,RJ HENDLEY CHRISTIAN COMMUNITY SCHOOL,RIVIERA BEACH,33404,Yes,Yes,Yes,PK-08,93,2025,not_attempted_no_own_domain,,,,,,,,,,,
1979,Palm Beach,ROSARIAN ACADEMY,WEST PALM BEACH,33401,Yes,Yes,Yes,PK-08,412,2025,unclear,,,,,,0,,2026-10-08,live,no dollar lines found,
1994,Palm Beach,SACRED HEART SCHOOL,LAKE WORTH,33460,Yes,Yes,Yes,PK-08,206,2026,no_website,,,,,,,,,,,
2047,Palm Beach,SAINT ANN CATHOLIC SCHOOL,WEST PALM BEACH,33401,Yes,Yes,Yes,PK-08,316,2025,not_reached,,,,,,,,,,,
2117,Palm Beach,SAINT JOAN OF ARC,BOCA RATON,33432,Yes,Yes,Yes,PK-08,498,2026,not_reached,,,,,,,,,,,
2929,Palm Beach,SAINT JUDE CATHOLIC SCHOOL,BOCA RATON,33433,Yes,Yes,Yes,PK-08,455,2026,found,,,,,9700,0,https://www.saintjudeschool.org/ourpages/auto/2021/7/23/75137754/Tuition%20and%20Fee%20Form%202026-2027.pdf?rnd=1771338277738,2026-10-08,live,"K-8 first child 9,700 or 9,800 in two columns; years 2026-27 and 2027-28 both appear, column order not clear; second child 8,900-9,000",low
2147,Palm Beach,SAINT JULIANA CATHOLIC SCHOOL,WEST PALM BEACH,33405,Yes,Yes,Yes,PK-08,418,2026,tuition_word_no_amount,,,,,,,,,,,
2162,Palm Beach,SAINT LUKE CATHOLIC,PALM SPRINGS,33461,Yes,Yes,Yes,PK-08,330,2026,unclear,,,,,,0,https://www.stlukepalmsprings.org/admissions,2026-10-08,live,discount information only,
2190,Palm Beach,SAINT PAUL LUTHERAN SCHOOL,BOCA RATON,33486,Yes,Yes,Yes,PK-08,381,2026,not_reached,,,,,,,,,,,
2236,Palm Beach,SAINT VINCENT FERRER,DELRAY BEACH,33483,Yes,Yes,Yes,PK-08,473,2025,unclear,,,,,,0,https://www.stvfschool.org/apps/pages/index.jsp?uREC_ID=519841&type=d,2026-10-08,live,application fee only,
8456,Palm Beach,SALT ACADEMY,BOCA RATON,33433,No,Yes,Yes,KG-11,50,2025,found,2026-27,26993,26993,,,0,https://www.saltacademy.org/tuition,2026-10-08,live,"K-8 26,992.90 rounded; high school 32,230 is for 2025-26 and not coded",high
2268,Palm Beach,SCORE ACADEMY ONLINE,WELLINGTON,33076,No,No,No,06-12,15,2026,unclear,,,,,,0,https://www.score-academy.com/blogs/using-a-529-plan-for-private-school-tuition-in-florida,2026-10-08,live,blog post about 529 plans,
4775,Palm Beach,SCORE AT THE TOP BOCA RATON,BOCA RATON,33487,No,Yes,Yes,03-12,60,2025,unclear,,,,,,0,https://www.scoreatthetop.com/blog/how-sat/act-scores-can-turn-2500-into-240000-of-free-tuition,2026-10-08,live,"blog post, not tuition",
5094,Palm Beach,SCORE AT THE TOP PALM BEACH LLC,PALM BEACH GARDENS,33410,No,Yes,Yes,03-12,61,2025,unclear,,,,,,0,https://www.scoreatthetop.com/blog/how-sat/act-scores-can-turn-2500-into-240000-of-free-tuition,2026-10-08,live,"blog post, not tuition",
5093,Palm Beach,SCORE AT THE TOP WELLINGTON LLC,WELLINGTON,33414,No,Yes,Yes,07-12,18,2026,unclear,,,,,,0,https://www.scoreatthetop.com/blog/how-sat/act-scores-can-turn-2500-into-240000-of-free-tuition,2026-10-08,live,"blog post, not tuition",
4777,Palm Beach,SOMERSET ACADEMY AT AVENIR,Palm Beach Gardens,33412,No,Yes,Yes,,0,2025,not_attempted_no_enrollment,,,,,,,,,,,
5106,Palm Beach,Somerset Virtual Academy at Canyons,Boynton Beach,33472,No,Yes,Yes,,0,2025,not_attempted_no_enrollment,,,,,,,,,,,
2870,Palm Beach,SPANISH RIVER CHRISTIAN,BOCA RATON,33431,Yes,Yes,Yes,PK-08,530,2026,not_reached,,,,,,,,,,,
2078,Palm Beach,ST. CLARE CATHOLIC SCHOOL,NORTH PALM BEACH,33408,Yes,Yes,Yes,PK-08,418,2026,found,2026-27,,,,11000,0,https://www.stclareschool.com/admissions/tuition-fees.cfm,2026-10-08,live,per child per year,high
3898,Palm Beach,ST. DAVID'S-IN-THE-PINES EPISCOPAL SCHOOL,WELLINGTON,33414,Yes,Yes,Yes,PK-02,96,2025,tuition_word_no_amount,,,,,,,,,,,
2858,Palm Beach,ST. MARK'S EPISCOPAL SCHOOL,PALM BEACH GARDENS,33410,Yes,Yes,Yes,PK-08,465,2025,not_reached,,,,,,,,,,,
3284,Palm Beach,SUNCOAST CHRISTIAN ACADEMY,LAKE WORTH,33463,Yes,Yes,Yes,PK-07,111,2026,tuition_word_no_amount,,,,,,,,,,,
5274,Palm Beach,Sunflower Christian Academy,West Palm Beach,33405,Yes,No,No,PK,16,2025,blocked,,,,,,,,,,,
3544,Palm Beach,THE BATT SCHOOL,JUNO BEACH,33408,No,Yes,Yes,PK-12,17,2025,tuition_word_no_amount,,,,,,,,,,,
2522,Palm Beach,THE BENJAMIN SCHOOL,NORTH PALM BEACH,33408,No,Yes,Yes,PK-08,756,2025,unclear,,,,,,0,https://www.thebenjaminschool.org/admission/tuition-and-financial-assistance/financial-assistance,2026-10-08,live,scholarship information only,
8617,Palm Beach,THE BENJAMIN UPPER SCHOOL,PALM BEACH GARDENS,33418,No,Yes,Yes,09-12,504,2025,unclear,,,,,,0,https://www.thebenjaminschool.org/admission/tuition-and-financial-assistance/financial-assistance,2026-10-08,live,scholarship information only,
5456,Palm Beach,THE BILGRAV SCHOOL,WEST PALM BEACH,33401,No,Yes,Yes,01-08,15,2025,found,2026-27,,,,40000,0,https://www.bilgravschool.org/tuiton/investment,2026-10-08,live,all students K-8,high
1468,Palm Beach,The Childrens's House of Wellington,,,No,No,No,PK,17,2026,not_attempted_no_own_domain,,,,,,,,,,,
9663,Palm Beach,THE CHOSEN ACADEMY,PALM BEACH GARDENS,33410,Yes,Yes,Yes,KG-05,59,2025,found,2026-27,,,,8975,0,https://www.tcaps.org/tuition,2026-10-08,live,tuition; sibling discount 100,high
2736,Palm Beach,THE DUO CENTER SCHOOL OF SOCIAL LEARNING,WEST PALM BEACH,33407,Yes,Yes,Yes,PK-08,50,2026,not_attempted_no_own_domain,,,,,,,,,,,
1897,Palm Beach,THE ELITE ACADEMY OF PERFORMING ARTS,DELRAY BEACH,33444,Yes,No,No,03-04,4,2026,not_attempted_no_own_domain,,,,,,,,,,,
8208,Palm Beach,THE FOUNDATIONS SCHOOL,WEST PALM BEACH,33407,No,Yes,Yes,KG-05,70,2025,tuition_word_no_amount,,,,,,,,,,,
8938,Palm Beach,THE GREENE SCHOOL,WEST PALM BCH,33401,No,Yes,Yes,PK-12,275,2026,unclear,,,,,,0,https://www.thegreeneschool.com/admissions/early-childhood,2026-10-08,live,"early childhood page with a range of 37,000 to 50,000",
9390,Palm Beach,THE HARVEY ACADEMY,JUPITER,33458,No,Yes,Yes,KG-12,89,2026,unclear,,,,,,0,https://www.theharveyacademy.com/tuition-fees,2026-10-08,live,scholarship information only,
1656,Palm Beach,THE KING'S ACADEMY,WEST PALM BEACH,33411,Yes,Yes,Yes,PK-12,1870,2026,found,2026-27,23800,,,,0,https://www.tka.net/admissions/tuition-financial-aid,2026-10-08,live,"K-1 22,800; 2-5 23,800; other grades not read",high
4463,Palm Beach,THE LEARNING FOUNDATION OF FLORIDA,ROYAL PALM BEACH,33411,No,Yes,Yes,07-12,13,2025,not_attempted_no_own_domain,,,,,,,,,,,
5146,Palm Beach,THE OPEN DOORWAY INC,WEST PALM BEACH,33415,No,Yes,Yes,01-12,32,2025,not_attempted_no_own_domain,,,,,,,,,,,
3322,Palm Beach,THE SHEPHERD'S SCHOOL,PAHOKEE,33476,Yes,Yes,Yes,PK-12,81,2025,tuition_word_no_amount,,,,,,,,,,,
1465,Palm Beach,THE SPORTS ACADEMY OF WELLINGTON LLC,WELLINGTON,33414,No,Yes,Yes,06-12,112,2025,not_attempted_no_own_domain,,,,,,,,,,,
485,Palm Beach,THE WEISS SCHOOL,PALM BEACH GARDENS,33410,No,Yes,Yes,PK-09,383,2026,found,2026-27,24440,25791,27500,,0,https://www.weissschool.org/admissions/affording,2026-10-08,live,"K 20,843; 1-2 22,546; 3-5 24,440; 6-8 25,791; 9th 27,500 (10-12 not shown); Pre-K excluded",high
7278,Palm Beach,TIME 2 WIN ACADEMY,WEST PALM BEACH,33419,No,Yes,Yes,KG-01,5,2025,not_attempted_no_own_domain,,,,,,,,,,,
4007,Palm Beach,TORAH ACADEMY OF BOCA RATON,BOCA RATON,33431,Yes,Yes,Yes,PK-08,769,2025,tuition_word_no_amount,,,,,,,,,,,
9685,Palm Beach,TORAH LEARNING CENTER,PARKLAND,33067,Yes,No,No,PK-KG,4,2025,not_attempted_no_own_domain,,,,,,,,,,,
8096,Palm Beach,TORAH TOTS ACADEMY INC.,BOCA RATON,33496,Yes,Yes,Yes,PK-06,121,2025,no_website,,,,,,,,,,,
8966,Palm Beach,TREE TOP ACADEMY,JUPITER,33458,No,Yes,Yes,,0,2026,not_attempted_no_enrollment,,,,,,,,,,,
2587,Palm Beach,TRIKELE US,BOCA RATON FL.,33498,No,No,No,,0,2025,not_attempted_no_enrollment,,,,,,,,,,,
2338,Palm Beach,TRINITY CHRISTIAN SCHOOL OF P.B GARDENS,PALM BEACH GARDENS,33410,Yes,Yes,Yes,PK-08,299,2026,unclear,,,,,,0,https://www.tcspbg.org/admissions/tuition-and-financial-aid.cfm,2026-10-08,live,scholarship information only,
2326,Palm Beach,TRINITY LUTHERAN SCHOOL,DELRAY BEACH,33444,Yes,Yes,Yes,PK-08,398,2025,tuition_word_no_amount,,,,,,,,,,,
4645,Palm Beach,TURTLE RIVER MONTESSORI SCHOOL,JUPITER,33458,No,Yes,Yes,PK-08,171,2026,unclear,,,,,,0,https://turtlerivermontessori.com/wp-content/uploads/2024/04/TRM-SY2425-East-Campus-Tuition-Fee-Schedule-2-Rev-2024-01-19.pdf,2026-10-08,live,2024-25 Montessori rates by programme,
1485,Palm Beach,TURTLE RIVER MONTESSORI SCHOOL EAST,JUPITER,33458,No,Yes,Yes,PK-KG,126,2025,unclear,,,,,,0,https://turtlerivermontessori.com/wp-content/uploads/2024/04/TRM-SY2425-East-Campus-Tuition-Fee-Schedule-2-Rev-2024-01-19.pdf,2026-10-08,live,2024-25 Montessori rates by program; not coded,
3852,Palm Beach,UNITY SCHOOL,DELRAY BEACH,33444,Yes,Yes,Yes,PK-08,435,2025,unclear,,,,,,0,https://unityschool.com/admissions-2/tuition-fees/,2026-10-08,live,three amounts without clear labels,
9827,Palm Beach,UPPER ECHELON ACADEMY,LOXAHATCHEE,,No,No,No,04-12,39,2025,not_reached,,,,,,,,,,,
6525,Palm Beach,WALDORF SCHOOL OF PALM BEACH,BOCA RATON,33431,No,Yes,Yes,PK-10,159,2025,found,2026-27,18425,19155,19155,,0,https://www.waldorfschoolpalmbeach.org/grades-tuition,2026-10-08,live,"grades 1-4 18,425; 5-8 and 9-11 19,155; 2025-26 rates also shown",high
7660,Palm Beach,WELLINGTON COLLEGIATE ACADEMY,WELLINGTON,33414,No,Yes,Yes,KG-09,105,2025,unclear,,,,,,0,https://www.gowca.org/editoruploads/files/Enrollment%20Referral%20Program.pdf,2026-10-08,live,referral credit only,
6198,Palm Beach,WELLINGTON PREPARATORY SCHOOL,LAKE WORTH,33467,No,Yes,Yes,KG-05,114,2025,no_website,,,,,,,,,,,
3690,Palm Beach,WEST PALM BEACH JUNIOR ACADEMY,WEST PALM BEACH,33415,Yes,Yes,Yes,PK-08,153,2025,network_site_only,,,,,,0,https://www.flcoe.org/,2026-10-08,live,"only the FLCOE network site was found: range 7,000-14,000 per year",
7533,Palm Beach,XCEED PREP BOCA,BOCA RATON,33431,No,Yes,Yes,06-12,19,2025,found,,,,,26500,0,https://www.xceedprep.org/tuition/,2026-10-08,live,tuition marked with an asterisk; year not stated; same page as school 5169,medium
7458,Palm Beach,YESHIVA TIFERES TORAH OF BOCA RATON,BOCA RATON,33433,Yes,Yes,Yes,09-12,82,2025,tuition_word_no_amount,,,,,,,,,,,
2307,Palm Beach,YESHIVAS LEV SIMCHA,BOCA RATON,33433,Yes,No,No,09-12,42,2025,not_reached,,,,,,,,,,,
9673,Palm Beach,ZEENETE CHRISTIAN PREPARATORY SCHOOL,LAKE WORTH BEACH,33460,Yes,No,No,,0,2025,not_attempted_no_enrollment,,,,,,,,,,,
8659,Palm Beach,ZUCKER JEWISH ACADEMY OF BOCA RATON LLC,Boca Raton,33433,Yes,Yes,Yes,PK-05,51,2025,unclear,,,,,,0,https://zjaboca.org/tuition/,2026-10-08,live,amounts without clear labels,
9632,Pasco,ABOVE REPROACH ACADEMY,HUDSON,34667,Yes,No,No,03-12,46,2025,unclear,,,,,,0,,2026-10-08,live,no dollar lines found,
1429,Pasco,ACADEMY AT THE LAKES,LAND O LAKES,34639,No,Yes,Yes,PK-12,577,2025,found,2026-27,22600,27900,32650,,0,https://academyatthelakes.org/admissions/tuition-fees/,2026-10-08,live,"layout inferred: early childhood 20,950; grades 1-4 22,600; 5-6 26,600; 7-8 27,900; 9-12 32,650",medium
1570,Pasco,ACADEMY OF GLOBAL EDUCATION SHKOLA,Clearwater,33756,No,No,No,,0,2025,not_attempted_no_enrollment,,,,,,,,,,,
1530,Pasco,ACADEMY ON THE HORIZON,NEW PORT RICHEY,34653,Yes,No,No,,0,2025,not_attempted_no_enrollment,,,,,,,,,,,
486,Pasco,ADVENTIST CHRISTIAN ACADEMY,NEW PORT RICHEY,34653,Yes,Yes,Yes,KG-12,58,2025,network_site_only,,,,,,0,https://www.flcoe.org/,2026-10-08,live,"only the FLCOE network site was found: range 7,000-14,000 per year",
5246,Pasco,All Kids Academy,Lutz,33559,No,Yes,Yes,KG,5,2026,not_reached,,,,,,,,,,,
7323,Pasco,AMERICAN COLLEGIATE ACADEMY LLC,ZEPHYRHILLS,33541,No,Yes,Yes,KG-12,83,2025,unclear,,,,,,0,,2026-10-08,live,no dollar lines found,
2703,Pasco,ANGELINE COUNTRY DAY SCHOOL,LAND O LAKES,34638,No,Yes,Yes,PK-05,84,2026,not_reached,,,,,,,,,,,
7933,Pasco,Balboa Sports Academy,,,No,No,No,,0,2025,not_attempted_no_enrollment,,,,,,,,,,,
7555,Pasco,BEACON CHRISTIAN ACADEMY,NEW PORT RICHEY,34654,Yes,Yes,Yes,KG-07,50,2025,no_website,,,,,,,,,,,
674,Pasco,BISHOP LARKIN CATHOLIC SCHOOL,PORT RICHEY,34668,Yes,Yes,Yes,PK-08,306,2025,tuition_word_no_amount,,,,,,,,,,,
4262,Pasco,BISHOP MCLAUGHLIN CATHOLIC HIGH SCHOOL,SPRING HILL,34610,Yes,Yes,Yes,09-12,429,2025,found,2026-27,,,,16250,0,https://bmchs.com/admissions/tuition-financial-information/,2026-10-08,live,"one rate for high school; international students 19,625",high
9701,Pasco,BLAZING STARS MONTESSORI SCHOOL,DADE CITY,33525,No,Yes,Yes,PK-04,27,2026,found,,,,,13500,0,https://www.blazingstarsmontessori.org/admissions,2026-10-08,live,"approximately 13,500 per year with need-based adjustments; page mentions 2026-27 and 2027-28",medium
3465,Pasco,CENTER ACADEMY-LUTZ,LUTZ,33549,No,Yes,Yes,05-12,94,2025,tuition_word_no_amount,,,,,,,,,,,
8804,Pasco,CES ACADEMY,ZEPHYRHILLS,33542,Yes,Yes,Yes,KG-07,104,2026,not_reached,,,,,,,,,,,
4945,Pasco,CES ACADEMY,ZEPHYRHILLS,33542,Yes,Yes,Yes,06-12,143,2026,not_reached,,,,,,,,,,,
7776,Pasco,CHRISTIAN CROSSINGS ACADEMY,ODESSA,33556,Yes,Yes,Yes,KG-12,167,2025,found,2026-27,11500,12000,12000,,0,https://www.christiancrossings.com/tuition/,2026-10-08,live,"tuition K-5 11,500; 6-12 12,000; a registration and curriculum fee of 1,000 is added to give 12,500 and 13,000",high
6971,Pasco,CHRISTIAN LIFE ACADEMY,BROOKSVILLE,34603,Yes,Yes,Yes,,0,2025,not_attempted_no_enrollment,,,,,,,,,,,
6152,Pasco,Collegiate Academy of Florida LLC,New Port Richey,34642,No,No,No,,0,2025,not_attempted_no_enrollment,,,,,,,,,,,
1195,Pasco,EAST PASCO ADVENTIST ACADEMY,DADE CITY,33525,Yes,Yes,Yes,PK-09,95,2025,network_site_only,,,,,,0,https://www.flcoe.org/,2026-10-08,live,"only the FLCOE network site was found: range 7,000-14,000 per year",
8761,Pasco,EDISON PRIVATE SCHOOL WC,PORT RICHEY,34668,No,Yes,Yes,PK-08,81,2025,not_attempted_no_own_domain,,,,,,,,,,,
2788,Pasco,EINSTEIN LEARNING SCHOOL,ZEPHYRHILLS,33541,No,Yes,Yes,PK-KG,21,2026,not_attempted_no_own_domain,,,,,,,,,,,
1159,Pasco,ELFERS CHRISTIAN SCHOOL,NEW PORT RICHEY,34652,Yes,Yes,Yes,KG-12,219,2026,found,,,,,8500,0,https://www.elferschristianschool.org/why-elfers-christian-school/tuition-and-fees/,2026-10-08,live,annual K-12 tuition; year not stated,high
7487,Pasco,ESTHER'S SCHOOL INC-HUDSON,HUDSON,34667,Yes,Yes,Yes,KG-12,79,2025,tuition_word_no_amount,,,,,,,,,,,
8709,Pasco,ESTHER'S SCHOOL NEW PORT RICHEY,NEW PORT RICHEY,34652,Yes,Yes,Yes,KG-12,92,2025,tuition_word_no_amount,,,,,,,,,,,
6232,Pasco,FAITH BAPTIST ACADEMY,WESLEY CHAPEL,33544,Yes,Yes,Yes,PK-08,146,2026,not_reached,,,,,,,,,,,
3128,Pasco,FIRST CHRISTIAN ACADEMY,NEW PORT RICHEY,34653,Yes,Yes,Yes,PK-08,433,2026,unclear,,,,,,0,https://firstchristianacademy.com/preschool/tuition/,2026-10-08,live,preschool monthly rates,
8623,Pasco,FLORIDA ACADEMY OF EXCELLENCE INC.,NEW PORT RICHEY,34656,No,No,No,,0,2025,not_attempted_no_enrollment,,,,,,,,,,,
5999,Pasco,GARDEN MONTESSORI SCHOOL,WESLEY CHAPEL,33545,No,Yes,Yes,PK-KG,64,2025,tuition_word_no_amount,,,,,,,,,,,
7094,Pasco,GENERATIONS CHRISTIAN ACADEMY,NEW PORT RICHEY,34655,Yes,Yes,Yes,PK-09,346,2025,tuition_word_no_amount,,,,,,,,,,,
2048,Pasco,GENESIS PREPARATORY SCHOOL OF FLORIDA,NEW PORT RICHEY,34655,No,Yes,Yes,PK-12,211,2025,unclear,,,,,,0,,2026-10-08,live,no dollar lines found,
8807,Pasco,GODDARD SCHOOL,WESLEY CHAPEL,33544,No,Yes,Yes,PK-KG,43,2025,tuition_word_no_amount,,,,,,,,,,,
1886,Pasco,GRACE CHRISTIAN SCHOOLS OF PASCO,HUDSON,34669,Yes,Yes,Yes,KG-12,149,2026,not_reached,,,,,,,,,,,
3334,Pasco,HERITAGE ACADEMY,ZEPHYRHILLS,33541,Yes,Yes,Yes,KG-08,152,2026,no_website,,,,,,,,,,,
9825,Pasco,HOPE FOR TOMORROW CAMPUS,HUDSON,34667,Yes,Yes,Yes,09-12,33,2025,tuition_word_no_amount,,,,,,,,,,,
4678,Pasco,HOPE RANCH LEARNING ACADEMY,HUDSON,34667,Yes,Yes,Yes,KG-11,84,2025,tuition_word_no_amount,,,,,,,,,,,
8276,Pasco,HOPE RANCH LEARNING ACADEMY-LIVING HOPE,HUDSON,34667,Yes,Yes,Yes,06-12,109,2025,tuition_word_no_amount,,,,,,,,,,,
7157,Pasco,KIDS' STUFF PRESCHOOL AND KINDERGARTEN,LUTZ,33549,No,Yes,Yes,PK-04,39,2025,not_attempted_no_own_domain,,,,,,,,,,,
1933,Pasco,LAND O' LAKES CHRISTIAN SCHOOL,LAND O' LAKES,34639,Yes,No,No,PK-12,546,2026,not_reached,,,,,,,,,,,
5638,Pasco,Lighthouse Community School,Wesley Chapel,33545,Yes,Yes,Yes,PK-03,126,2025,not_attempted_no_own_domain,,,,,,,,,,,
4958,Pasco,LITTLE PEOPLES CHRISTIAN DAYCARE/ ACADEMY,ZEPHYRHILLS,33542,Yes,Yes,Yes,03-10,12,2025,not_attempted_no_own_domain,,,,,,,,,,,
1346,Pasco,LOLA ACADEMY INC,NEW PORT RICHEY,34655,No,No,No,,0,2025,not_attempted_no_enrollment,,,,,,,,,,,
145,Pasco,LUMINARY ACADEMY,DADE CITY,33525,No,No,No,KG-09,19,2025,no_website,,,,,,,,,,,
4042,Pasco,MILLENNIUM ACADEMY,NEW PORT RICHEY,34654,No,Yes,Yes,KG-12,52,2025,not_attempted_no_own_domain,,,,,,,,,,,
9183,Pasco,MIRACLES SCHOOLS,NEW PORT RICHEY,34654,No,Yes,Yes,04-12,8,2025,not_attempted_no_own_domain,,,,,,,,,,,
6469,Pasco,NEST HOCKEY ACADEMY,WESLEY CHAPEL,33545,Yes,Yes,Yes,06-12,101,2026,found,2026-27,,,,29750,0,https://nesthockey.com/wp-content/uploads/2026/08/2026-2027-NHA-Schedule-of-Tuition-and-Fees.pdf,2026-10-08,live,"standard annual tuition at a hockey academy; goalie 14,875 and inaugural class 25,000 excluded",high
2163,Pasco,NEW BEGINNINGS BAPTIST ACADEMY,NEW PORT RICHEY,34652,Yes,Yes,Yes,KG-12,19,2026,not_attempted_no_own_domain,,,,,,,,,,,
9394,Pasco,NEW LEAPS ACADEMY II,WESLEY CHAPEL,33544,No,Yes,Yes,KG-12,21,2025,not_attempted_no_own_domain,,,,,,,,,,,
3933,Pasco,NORTH TAMPA,WESLEY CHAPEL,33543,No,No,No,,0,2025,not_attempted_no_enrollment,,,,,,,,,,,
3122,Pasco,PRODIGY ACADEMY AT EPPERSON,WESLEY CHAPEL,33545,No,Yes,Yes,PK-02,73,2026,not_reached,,,,,,,,,,,
4084,Pasco,PURPOSE PRIVATE CHRISTIAN ACADEMIES INC.,TAMPA,33646,Yes,No,No,,0,2025,not_attempted_no_enrollment,,,,,,,,,,,
4663,Pasco,RECONNECTIONS EDUCATION CENTER,ODESSA,33556,No,Yes,Yes,PK-12,31,2025,no_website,,,,,,,,,,,
2148,Pasco,SADDLEBROOK PREPARATORY SCHOOL,WESLEY CHAPEL,33543,No,No,No,04-12,40,2026,not_reached,,,,,,,,,,,
1233,Pasco,SAINT ANTHONY CATHOLIC SCHOOL,SAN ANTONIO,33576,Yes,Yes,Yes,PK-08,276,2025,found,2026-27,,,,9450,0,https://sacsfl.org/admissions/,2026-10-08,live,K-8; VPK excluded,high
2744,Pasco,SARAH BEE BILINGUAL ACADEMY,NEW PORT RICHEY,34652,No,Yes,Yes,KG,18,2025,not_reached,,,,,,,,,,,
5370,Pasco,"Shining Star Christian Schools, Inc.",Hudson,34667,Yes,No,No,,0,2025,not_attempted_no_enrollment,,,,,,,,,,,
5740,Pasco,"ST. Clement Orthodox Christian Academy, INC",NEW PORT RICHEY,34655,Yes,Yes,Yes,KG-08,74,2025,found,2024-25,13595,14995,14995,,0,https://www.stclementnpr.org/admissions/tuition-financial-aid.cfm,2026-10-08,live,"K 12,995; 1-3 13,595; 4-5 13,995; 6-8 14,995; high school 14,995; page labels the K rate 2024-25",high
7286,Pasco,THE ACADEMYOFSPECTRUMDIVERSITY FIRST STREET,ZEPHYRHILLS,33539,Yes,Yes,Yes,KG-12,58,2025,no_website,,,,,,,,,,,
6039,Pasco,The Bexley Montessori School,Land O Lakes,34638,No,Yes,Yes,PK-KG,16,2025,not_reached,,,,,,,,,,,
94,Pasco,The Mill Academy LLC,WESLEY CHAPEL,33545,No,No,No,01-12,14,2026,blocked,,,,,,,,,,,
1947,Pasco,THE RAINBOW TREE CHRISTIAN SCHOOL,NEW PORT RICHEY,34653,Yes,Yes,Yes,KG-08,81,2025,not_attempted_no_own_domain,,,,,,,,,,,
8379,Pasco,THE WESLEY CHAPEL MONTESSORI SCHOOL,WESLEY CHAPEL,33544,No,Yes,Yes,PK-KG,14,2025,not_attempted_no_own_domain,,,,,,,,,,,
7370,Pasco,THRIVE ACADEMY,ZEPHYRHILLS,33542,No,Yes,Yes,KG-06,26,2025,not_reached,,,,,,,,,,,
803,Pasco,TORCHBEARERS' CHRISTIAN ACADEMY,DADE CITY,33525,Yes,Yes,Yes,KG-12,81,2025,not_attempted_no_own_domain,,,,,,,,,,,
1648,Pasco,TRANSFORMATION THROUGH EDUCATION FOUNDATION,BROOKSVILLE,34601,No,Yes,Yes,,0,2025,not_attempted_no_enrollment,,,,,,,,,,,
6855,Pasco,TRINITY COLLEGIATE HIGH SCHOOL,Trinity,34655,Yes,No,No,,0,2025,not_attempted_no_enrollment,,,,,,,,,,,
2050,Pasco,TRINITY MONTESSORI SCHOOL,LUTZ,33558,No,Yes,Yes,PK-KG,42,2026,not_reached,,,,,,,,,,,
8409,Pasco,VICTORY HIGH SCHOOL,HOLIDAY,34692,No,Yes,Yes,09-12,16,2025,not_attempted_no_own_domain,,,,,,,,,,,
8193,Pasco,WEB OF WISDOM,HOLIDAY,34690,No,Yes,Yes,06-12,75,2025,not_attempted_no_own_domain,,,,,,,,,,,
6293,Pasco,"West Wing Academy, LLC",Dade City,33525,No,No,No,,0,2025,not_attempted_no_enrollment,,,,,,,,,,,
9456,Pasco,WORLD OF KNOWLEDGE,HOLIDAY,34690,No,Yes,Yes,KG-05,84,2025,not_reached,,,,,,,,,,,
4168,Pasco,ZEPHYRHILLS CHRISTIAN ACADEMY,ZEPHYRHILLS,33541,Yes,Yes,Yes,KG-12,393,2025,no_website,,,,,,,,,,,
3054,Pinellas,ACADEMY PREP CENTER OF ST. PETERSBURG,ST. PETERSBURG,33712,No,Yes,Yes,05-08,144,2026,not_reached,,,,,,,,,,,
5789,Pinellas,ACRES OF FUN CHILD CARE CENTER INC.,PINELLAS PARK,33781,No,Yes,Yes,01-05,18,2025,not_attempted_no_own_domain,,,,,,,,,,,
7753,Pinellas,ACTON ACADEMY PALM HARBOR,PALM HARBOR,34684,No,Yes,Yes,PK-11,91,2025,found,2026-27,,,,12000,0,https://www.actonacademyph.com/,2026-10-08,live,"tuition in monthly installments of 1,200; registration and supplies 200 separate",high
1658,Pinellas,ADMIRAL FARRAGUT ACADEMY,SAINT PETERSBURG,33710,No,Yes,Yes,KG-12,373,2025,unclear,,,,,,0,https://farragut.org/admissions/tuition-and-fees/,2026-10-08,live,no tuition amount seen,
4114,Pinellas,ALEGRIA MONTESSORI SCHOOL INC.,ST. PETERSBURG,33705,No,Yes,Yes,PK-KG,17,2025,found,2026-27,13400,16500,,,0,https://alegriamontessori.com/wp-content/uploads/2026/02/upper-campus-tuition-26-27.pdf,2026-10-08,live,"elementary 13,400; middle 16,500; extended-day programme 16,700 excluded",high
8316,Pinellas,ALEGRIA MONTESSORI SCHOOL INC.,ST. PETERSBURG,33712,No,Yes,Yes,01-08,35,2025,found,2026-27,13400,16500,,,0,https://alegriamontessori.com/wp-content/uploads/2026/02/upper-campus-tuition-26-27.pdf,2026-10-08,live,"elementary 13,400; middle 16,500; same page as school 4114",high
7513,Pinellas,ALFRED ADLER SCHOOL,ST PETERSBURG,33713,No,Yes,Yes,KG-08,45,2025,not_attempted_no_own_domain,,,,,,,,,,,
3109,Pinellas,"ALLENDALE ACADEMY PRIVATE SCHOOL, INC.",CLEARWATER,33762,No,No,No,KG-12,223,2025,not_reached,,,,,,,,,,,
9839,Pinellas,ALT ED ACADEMY,ST PETERSBURG,33702,No,No,No,,0,2025,not_attempted_no_enrollment,,,,,,,,,,,
1579,Pinellas,AMBLESIDE SCHOOL OF FAITH CHURCH,SEMINOLE,33772,Yes,Yes,Yes,,0,2025,not_attempted_no_enrollment,,,,,,,,,,,
9280,Pinellas,ARQAM'S ACADEMY,ST PETERSBURG,33705,Yes,Yes,Yes,PK-12,82,2025,tuition_word_no_amount,,,,,,,,,,,
2524,Pinellas,AUTISM INSPIRED ACADEMY,CLEARWATER,33764,No,Yes,Yes,KG-12,128,2025,found,,,,,24000,0,https://autisminspired.org/enrollment-tuition/,2026-10-08,live,tuition per year at a school for autism; page mentions 2024-25 and 2025-26 so the year is not clear,medium
2265,Pinellas,BAY PINES LUTHERAN SCHOOL,SEMINOLE,33772,Yes,Yes,Yes,PK-08,60,2025,no_website,,,,,,,,,,,
9552,Pinellas,BECAUSE YOU CAN LEARN,TREASURE ISLAND,33706,No,Yes,Yes,PK-02,9,2025,not_reached,,,,,,,,,,,
4229,Pinellas,BETHEL COMMUNITY CHRISTIAN SCHOOL,ST. PETERSBURG,33712,Yes,Yes,Yes,KG-11,53,2025,not_attempted_no_own_domain,,,,,,,,,,,
1474,Pinellas,BLESSED SACRAMENT CATHOLIC SCHOOL,SEMINOLE,33772,Yes,Yes,Yes,PK-08,326,2026,tuition_word_no_amount,,,,,,,,,,,
7912,Pinellas,BLI Community School Clearwater,Clearwater,33762,No,Yes,Yes,,0,2025,not_attempted_no_enrollment,,,,,,,,,,,
4533,Pinellas,BLI COMMUNITY SCHOOL TARPON SPRINGS.,Clearwater,33762,No,Yes,Yes,01-08,8,2025,unclear,,,,,,0,https://blilearning.org/,2026-10-08,live,part-time learning programme,
806,Pinellas,BLI LEARNING LABS,PINELLAS PARK,33781,No,Yes,Yes,KG-10,39,2025,unclear,,,,,,0,https://blilearning.org/,2026-10-08,live,part-time learning lab with quarterly fees,
4158,Pinellas,BLOSSOM MONTESSORI SCHOOL FOR THE DEAF,CLEARWATER,33760,No,Yes,Yes,PK-03,13,2025,unclear,,,,,,0,https://blossomschool.org/academics/tuition/,2026-10-08,live,"2023-24 monthly rates, number of payments not seen",
9128,Pinellas,BUTTERFLY VILLAGE KIDS COLLEGE,Saint Petersburg,33705,No,No,No,,0,2025,not_attempted_no_enrollment,,,,,,,,,,,
6062,Pinellas,C T K CHRISTIAN SCHOOL,LARGO,33774,Yes,Yes,Yes,PK-02,22,2025,not_reached,,,,,,,,,,,
3323,Pinellas,CALVARY CHRISTIAN HIGH SCHOOL,CLEARWATER,33759,Yes,Yes,Yes,09-12,905,2026,found,2026-27,,,,18500,0,https://www.cchs.us/admissions/tuition-information.cfm,2026-10-08,live,"high school tuition; 2027-28 is 19,750; fees separate",high
4897,Pinellas,CAMPUS OF THINGS USA,ORLANDO,32801,No,No,No,,0,2025,not_attempted_no_enrollment,,,,,,,,,,,
9136,Pinellas,CANGUROS,ST PETERSBURG,33712,No,Yes,Yes,PK-02,10,2025,tuition_word_no_amount,,,,,,,,,,,
1267,Pinellas,CANTERBURY SCHOOL OF FLORIDA INC.,SAINT PETERSBURG,33702,Yes,Yes,Yes,PK-12,455,2026,found,2026-27,20860,25580,26950,,0,https://www.canterburyflorida.org/admission/tuition,2026-10-08,live,"K-4 20,860; 5 23,855; 6-8 25,580; 9-12 26,950; PK excluded",high
2612,Pinellas,CENTER ACADEMY-PALM HARBOR,PALM HARBOR,34684,No,Yes,Yes,04-12,64,2025,tuition_word_no_amount,,,,,,,,,,,
1887,Pinellas,CENTER ACADEMY-PINELLAS PARK,PINELLAS PARK,33782,No,Yes,Yes,04-12,61,2025,tuition_word_no_amount,,,,,,,,,,,
7137,Pinellas,CENTER FOR ACADEMIC EXCELLENCE,ST PETERSBURG,33701,No,Yes,Yes,02-11,10,2025,not_reached,,,,,,,,,,,
3464,Pinellas,CES ACADEMY,SAINT PETERSBURG,33714,Yes,Yes,Yes,KG-12,111,2026,not_reached,,,,,,,,,,,
6534,Pinellas,CHRISTIAN WAY ACADEMY,TARPON SPRINGS,34688,Yes,Yes,Yes,PK-02,30,2025,not_attempted_no_own_domain,,,,,,,,,,,
4744,Pinellas,CLASSICAL CHRISTIAN SCHOOL FOR THE ARTS INC.,PINELLAS PARK,33780,Yes,Yes,Yes,KG-12,232,2025,not_attempted_no_own_domain,,,,,,,,,,,
2339,Pinellas,CLEARWATER ACADEMY INTERNATIONAL INC.,CLEARWATER,33755,No,Yes,Yes,PK-12,323,2025,found,2026-27,,,,15450,0,https://www.clearwateracademy.org/admission/2026-2027-tuition-and-fees/,2026-10-08,live,"annual tuition; international annual tuition 19,000",high
3326,Pinellas,CLEARWATER CENTRAL CATHOLIC HIGH SCHOOL,CLEARWATER,33760,Yes,Yes,Yes,09-12,578,2026,unclear,,,,,,0,https://www.ccchs.org/apps/pages/tuition,2026-10-08,live,only fees seen,
8458,Pinellas,COMMUNITY CHRISTIAN ACADEMY,PINELLAS PARK,33781,No,Yes,Yes,KG-12,150,2026,not_attempted_no_own_domain,,,,,,,,,,,
3822,Pinellas,COMMUNITY CHRISTIAN SCHOOL OF FIVE OAKS,SAINT PETERSBURG,33710,Yes,Yes,Yes,KG-12,26,2026,not_attempted_no_own_domain,,,,,,,,,,,
8605,Pinellas,COMMUNITY LEARNING CENTER ACADEMY,CLEARWATER,33755,No,Yes,Yes,KG-08,85,2026,not_reached,,,,,,,,,,,
4956,Pinellas,COUNTRY DAY SCHOOL,LARGO,33774,No,Yes,Yes,PK-08,264,2025,no_website,,,,,,,,,,,
4245,Pinellas,COUNTRYSIDE CHRISTIAN ACADEMY,CLEARWATER,33759,Yes,Yes,Yes,KG-08,319,2026,not_reached,,,,,,,,,,,
4166,Pinellas,COUNTRYSIDE CHRISTIAN CENTER-DUNEDIN CAMPUS,DUNEDIN,34698,Yes,Yes,Yes,PK-03,21,2026,not_reached,,,,,,,,,,,
7976,Pinellas,COVENANT ACADEMY,SEMINOLE,33777,Yes,Yes,Yes,KG-10,128,2025,not_attempted_no_own_domain,,,,,,,,,,,
2280,Pinellas,CREATIVE LEARNING CENTER,PINELLAS PARK,33781,No,Yes,Yes,KG-05,26,2026,not_attempted_no_own_domain,,,,,,,,,,,
5686,Pinellas,CREATIVE PLAY CHILDREN'S LEARNING CENTER,PINELLAS PARK,33781,No,Yes,Yes,PK-01,42,2025,not_reached,,,,,,,,,,,
2824,Pinellas,DELORES M SMITH ACADEMY INC.,ST PETERSBURG,33712,No,No,No,PK-03,17,2025,not_attempted_no_own_domain,,,,,,,,,,,
1758,Pinellas,DELPHI ACADEMY OF FLORIDA,CLEARWATER,33765,No,Yes,Yes,PK-12,279,2025,tuition_word_no_amount,,,,,,,,,,,
2327,Pinellas,DEPAUL SCHOOL FOR DYSLEXIA INC.,CLEARWATER,33759,No,Yes,Yes,05-08,51,2025,found,2026-27,,,,24900,0,https://www.thedepaulschool.org/school-admissions/tuition-assistance,2026-10-08,live,annual tuition at a school for dyslexia; fees separate,high
1706,Pinellas,DUNEDIN ACADEMY,DUNEDIN,34698,Yes,Yes,Yes,PK-12,105,2025,not_attempted_no_own_domain,,,,,,,,,,,
9582,Pinellas,ECKERD CONNECTS ACADEMY,CLEARWATER,33765,No,No,No,,0,2025,not_attempted_no_enrollment,,,,,,,,,,,
1378,Pinellas,EDGEWATER PREPARATORY ACADEMY,Pinellas Park,33781,Yes,Yes,Yes,KG-11,46,2025,not_attempted_no_own_domain,,,,,,,,,,,
3811,Pinellas,EDUCATION COACHING SERVICES,Clearwater,33760,No,Yes,Yes,KG-12,46,2026,not_reached,,,,,,,,,,,
2967,Pinellas,Empowered Preparatory School,CLEARWATER,33760,No,Yes,Yes,05-11,11,2025,tuition_word_no_amount,,,,,,,,,,,
4217,Pinellas,ESPIRITU SANTO CATHOLIC SCHOOL,SAFETY HARBOR,34695,Yes,Yes,Yes,PK-08,465,2025,no_website,,,,,,,,,,,
4752,Pinellas,ESTHER'S SCHOOL INC.-PINELLAS PARK,PINELLAS PARK,33781,Yes,Yes,Yes,KG-11,22,2025,tuition_word_no_amount,,,,,,,,,,,
9512,Pinellas,EVERY KID'S A GENIUS,CLEARWATER,33755,No,Yes,Yes,KG,1,2026,no_website,,,,,,,,,,,
3262,Pinellas,EXCELLERATED TEACHING ACADEMY,ST. PETERSBURG,33702,No,Yes,Yes,KG-12,29,2025,not_reached,,,,,,,,,,,
8802,Pinellas,FIREFLIES ACADEMY,OLDSMAR,34677,No,No,No,01-09,7,2026,found,,,,,28450,0,https://firefliesacademy.us/tuition-and-fees,2026-10-08,live,"annual tuition; extended school year 2,550 and materials fee separate; year not stated",high
1965,Pinellas,FIRST LUTHERAN SCHOOL,CLEARWATER,33756,Yes,Yes,Yes,PK-08,105,2026,not_reached,,,,,,,,,,,
5287,Pinellas,FIRST STUDENT ACADEMY,Clearwater,33756,No,No,No,,0,2025,not_attempted_no_enrollment,,,,,,,,,,,
9557,Pinellas,GEA INTERNATIONAL SCHOOL CORPORATION,ST PETERSBURG,33702,No,No,No,05-12,58,2025,not_attempted_no_own_domain,,,,,,,,,,,
7493,Pinellas,GENESIS CHRISTIAN ACADEMY,CLEARWATER,33763,Yes,Yes,Yes,KG-12,26,2025,not_reached,,,,,,,,,,,
650,Pinellas,GENESIS OF IDEAS INTERNATIONAL SCHOOL,ST. PETERSBURG,33702,No,No,No,12,3,2025,not_attempted_no_own_domain,,,,,,,,,,,
804,Pinellas,GRACE LUTHERAN SCHOOL,SAINT PETERSBURG,33703,Yes,Yes,Yes,PK-08,304,2026,not_reached,,,,,,,,,,,
2832,Pinellas,GUARDIAN ANGELS CATHOLIC SCHOOL,CLEARWATER,33763,Yes,Yes,Yes,KG-08,225,2026,found,2026-27,,,,10753,0,https://gacsfl.com/tuition-financial-assistance/,2026-10-08,live,"all other families; participating Catholic families 10,003",high
1299,Pinellas,GULFCOAST SEVENTH-DAY ADVENTIST SCHOOL,ST. PETERSBURG,33707,Yes,Yes,Yes,01-10,24,2025,network_site_only,,,,,,0,https://www.flcoe.org/,2026-10-08,live,"only the FLCOE network site was found: range 7,000-14,000 per year",
1708,Pinellas,GUSTAVE EIFFEL ACADEMY,ST PETERSBURG,33710,No,Yes,Yes,01-08,37,2025,unclear,,,,,,0,https://www.eiffel.academy/admissions/tuition-and-fees,2026-10-08,live,two unlabelled rate pairs,
2932,Pinellas,HANNAH INTERNATIONAL SCHOOL,ST PETERSBURG,33702,No,No,No,,0,2025,not_attempted_no_enrollment,,,,,,,,,,,
2716,Pinellas,HIGHER LEARNING CHRISTIAN ACADEMY INC,ST PETERSBURG,33707,Yes,Yes,Yes,PK-08,24,2025,not_attempted_no_own_domain,,,,,,,,,,,
1397,Pinellas,HOLY FAMILY,SAINT PETERSBURG,33702,Yes,Yes,Yes,KG-08,195,2026,found,2025-26,,,,9350,0,https://www.hfcsfalcons.org/2025-2026_REVISED_HFCS_Tuition_and_Fees_Only_4.pdf,2026-10-08,live,K-8 tuition rate per student; fees separate,high
5489,Pinellas,HOPE ONLINE SCHOOL,Dunedin,34698,Yes,No,No,02-12,7,2026,found,,,,,7000,0,https://www.hopeonlineschool.com/admissions,2026-10-08,live,"online school K-12 per year; dual enrollment 8,000; year not stated",high
5282,Pinellas,HUMANITY EDUCATION VENTURES,ST PETERSBURG,33702,No,No,No,07-10,4,2025,unclear,,,,,,0,,2026-10-08,live,no dollar lines found,
3790,Pinellas,HUNTINGTON LEARNING CENTER,PALM HARBOR,34684,No,Yes,Yes,04-12,16,2025,not_attempted_no_own_domain,,,,,,,,,,,
5328,Pinellas,Idella B. Jones Christian Academy,St. Petersburg,33712,Yes,No,No,,0,2025,not_attempted_no_enrollment,,,,,,,,,,,
9169,Pinellas,IGNITE ACADEMY,Tarpon Springs,34689,Yes,Yes,Yes,KG-08,110,2026,found,2026-27,11500,12000,,,0,https://igniteacademy.education/wp-content/uploads/2026/02/Tuition-and-Fees-26-27.pdf,2026-10-08,live,"K-4 11,500; 5-8 12,000",high
4150,Pinellas,INDIAN ROCKS CHRISTIAN SCHOOL,ST. PETERSBURG,33704,Yes,Yes,Yes,PK-KG,18,2026,not_reached,,,,,,,,,,,
2698,Pinellas,INDIAN ROCKS CHRISTIAN SCHOOL,LARGO,33774,Yes,Yes,Yes,PK-12,1201,2026,not_reached,,,,,,,,,,,
9130,Pinellas,INFINITE POTENTIAL LEARNING ACADEMY,ST. PETERSBURG,33712,No,Yes,Yes,PK-05,100,2025,tuition_word_no_amount,,,,,,,,,,,
5283,Pinellas,Infinity Prep - Clearwater,Clearwater,33765,No,Yes,Yes,,0,2025,not_attempted_no_enrollment,,,,,,,,,,,
8377,Pinellas,INVICTUS ACADEMY TAMPA BAY,PALM HARBOR,34685,No,Yes,Yes,04-12,13,2025,found,2026-27,44000,44000,38000,,0,https://invictusacademyfl.org/admissions/tuition-and-fees-2/,2026-10-08,live,"grades 4-8 44,000; 9-12 38,000; hybrid 4-5 29,000 excluded; school starts at grade 4",high
5683,Pinellas,IVA CHRISTIAN SCHOOL,LARGO,33779,Yes,Yes,Yes,KG-12,109,2026,not_attempted_no_own_domain,,,,,,,,,,,
3522,Pinellas,KAIROS ACADEMY,LARGO,33771,Yes,Yes,Yes,KG-12,120,2026,unclear,,,,,,0,https://www.kairosacademy.net/admissions,2026-10-08,live,two sets of rates on the page with no clear label,
2049,Pinellas,KESWICK CHRISTIAN SCHOOL,SAINT PETERSBURG,33708,Yes,Yes,Yes,PK-12,745,2025,found,2026-27,15275,16575,17500,,0,https://keswickchristian.org/admissions/tuition-details/,2026-10-08,live,"K 13,425; 1st 14,350; 2-5 15,275; 6th 15,775; 7-8 16,575; 9-10 17,500; 11-12 18,000; early childhood excluded",high
4460,Pinellas,KING QUEEN CHRISTIAN SCHOOL FOR ALL STUDENT,ST. PETERSBURG,33733,Yes,Yes,Yes,KG-12,53,2025,not_attempted_no_own_domain,,,,,,,,,,,
2577,Pinellas,KINGDOM CHANGERS LEARNING ACADEMY,GULFPORT,33707,Yes,No,No,,0,2026,not_attempted_no_enrollment,,,,,,,,,,,
1996,Pinellas,LAKESIDE CHRISTIAN SCHOOL,CLEARWATER,33765,Yes,Yes,Yes,KG-12,454,2025,found,2026-27,,,,14000,0,https://lakesidechristianschool.org/Tuition,2026-10-08,live,all students K-12; many families pay less after scholarships,high
8990,Pinellas,LEGACY ELITE CHRISTIAN PREPARATORY SCHOOL,LARGO,33773,Yes,Yes,Yes,01-11,11,2025,not_attempted_no_own_domain,,,,,,,,,,,
9881,Pinellas,LEGACY ONLINE SCHOOL,ST. PETERSBURG,33710,No,No,No,KG-12,166,2025,unclear,,,,,,0,https://legacyonlineschool.com/tuition-and-fees,2026-10-08,live,online school monthly prices,
2553,Pinellas,LIBERTY CHRISTIAN SCHOOL,ST. PETERSBURG,33702,Yes,Yes,Yes,PK-05,100,2025,not_reached,,,,,,,,,,,
3750,Pinellas,LUTHERAN CHURCH OF THE CROSS DAY SCHOOL,ST. PETERSBURG,33703,No,No,No,PK-08,498,2025,unclear,,,,,,0,https://www.lccdayschool.com/admissions/tuition.cfm,2026-10-08,live,only enrollment fees seen,
3949,Pinellas,MONTESSORI BY THE SEA,ST.PETE BEACH,33706,No,Yes,Yes,PK-06,101,2025,tuition_word_no_amount,,,,,,,,,,,
2025,Pinellas,MORNING STAR SCHOOL OF PINELLAS PARK,PINELLAS PARK,33781,Yes,Yes,Yes,KG-12,115,2025,found,2026-27,,,,16670,0,https://morningstarschool.org/tuition-fees/,2026-10-08,live,tuition per student,high
6138,Pinellas,MOUNT ZION CHRISTIAN ACADEMY,ST. PETERSBURG,33712,Yes,Yes,Yes,KG-06,80,2025,not_attempted_no_own_domain,,,,,,,,,,,
5768,Pinellas,MT. MORIAH CHRISTIAN FUNDAMENTAL ACADEMY,ST. PETERSBURG,33711,Yes,Yes,Yes,06-08,28,2025,not_attempted_no_own_domain,,,,,,,,,,,
6587,Pinellas,NEURORESTORATIVE ACADEMY AT CLEARWATER,CLEARWATER,33760,No,No,No,,0,2025,not_attempted_no_enrollment,,,,,,,,,,,
9406,Pinellas,NEW GENERATION MYANMAR,ST. PETERSBURG,33702,No,No,No,,0,2025,not_attempted_no_enrollment,,,,,,,,,,,
739,Pinellas,NEW SYSTEM SCHOOL INC. FLORIDA OFFICE,ST. PETERSBURG,33702,Yes,No,No,KG-12,25,2025,not_reached,,,,,,,,,,,
5318,Pinellas,NORTHBAY CHRISTIAN ACADEMY,CLEARWATER,33761,Yes,Yes,Yes,KG-08,96,2025,not_reached,,,,,,,,,,,
2193,Pinellas,NORTHSIDE CHRISTIAN SCHOOL,ST  PETERSBURG,33709,Yes,Yes,Yes,PK-12,902,2025,no_website,,,,,,,,,,,
6292,Pinellas,NovaPath Academy,Dunedin,34698,No,No,No,,0,2025,not_attempted_no_enrollment,,,,,,,,,,,
2503,Pinellas,OLDSMAR CHRISTIAN SCHOOL,OLDSMAR,34677,Yes,Yes,Yes,PK-12,134,2026,not_attempted_no_own_domain,,,,,,,,,,,
2379,Pinellas,OPEN DOOR SCHOOL,DUNEDIN,34698,No,No,No,KG-03,2,2025,not_attempted_no_own_domain,,,,,,,,,,,
1365,Pinellas,OUR LADY OF LOURDES CATHOLIC SCHOOL,DUNEDIN,34698,Yes,Yes,Yes,PK-08,238,2026,unclear,,,,,,0,https://www.myoll.com/tuition-assistance/,2026-10-08,live,scholarship information only,
3106,Pinellas,OUR SAVIOR LUTHERAN SCHOOL,ST. PETERSBURG,33707,Yes,Yes,Yes,PK-08,236,2026,not_reached,,,,,,,,,,,
5578,Pinellas,OVATIONS SCHOOL FOR THE ARTS,SAINT PETERSBURG,33713,No,No,No,10,1,2025,no_website,,,,,,,,,,,
2598,Pinellas,PALM HARBOR MONTESSORI ACADEMY,PALM HARBOR,34683,No,Yes,Yes,PK-08,131,2026,no_website,,,,,,,,,,,
4736,Pinellas,PAX ACADEMY,ST. PETERSBURG,33702,Yes,No,No,KG-12,68,2026,unclear,,,,,,0,https://paxacademy.org/,2026-10-08,live,tuition of 400 per year for a homeschool-style programme,
5343,Pinellas,Red Deer Global Academy,Tampa,33607,No,No,No,10-11,8,2026,tuition_word_no_amount,,,,,,,,,,,
2426,Pinellas,SACRED HEART CATHOLIC SCHOOL,PINELLAS PARK,33781,Yes,Yes,Yes,PK-08,229,2025,found,2026-27,,,,9995,0,https://www.shsaints.org/admissions/tuition.cfm,2026-10-08,live,K-8 per child; VPK excluded,high
2622,Pinellas,SAFETY HARBOR MONTESSORI ACADEMY,CLEARWATER,33761,No,Yes,Yes,PK-08,150,2025,tuition_word_no_amount,,,,,,,,,,,
9486,Pinellas,SAILFUTURE,ST PETERSBURG,33713,No,Yes,Yes,08-12,71,2025,tuition_word_no_amount,,,,,,,,,,,
2164,Pinellas,SAINT JUDE CATHEDRAL SCHOOL,SAINT PETERSBURG,33710,Yes,Yes,Yes,PK-08,462,2026,found,2026-27,,,,9450,0,https://www.cathedralschoolofstjude.org/tuition,2026-10-08,live,K-8; half-day and VPK excluded,high
1555,Pinellas,SAINT PATRICK SCHOOL,LARGO,33770,Yes,Yes,Yes,PK-08,192,2025,found,2026-27,,,,9995,0,https://www.stpatrickcatholic.org/admissions/scholarships.cfm,2026-10-08,live,PreK-8 annual tuition per child,high
1524,Pinellas,SAINT PAUL CATHOLIC SCHOOL,SAINT PETERSBURG,33704,Yes,Yes,Yes,PK-08,354,2026,tuition_word_no_amount,,,,,,,,,,,
1798,Pinellas,SAINT PAUL'S SCHOOL,CLEARWATER,33764,Yes,Yes,Yes,PK-08,388,2025,no_website,,,,,,,,,,,
2207,Pinellas,SAINT PETERSBURG CATHOLIC HIGH SCHOOL,SAINT PETERSBURG,33710,Yes,Yes,Yes,09-12,496,2025,unclear,,,,,,0,https://www.spchs.org/admissions/financial-assistance,2026-10-08,live,aid fees only,
1919,Pinellas,SAINT PETERSBURG CHRISTIAN SCHOOL,SAINT PETERSBURG,33702,Yes,Yes,Yes,KG-08,342,2026,unclear,,,,,,0,,2026-10-08,live,no dollar lines found,
4644,Pinellas,SAWYER SCHOLASTICS LLC,ST PETERSBURG,33702,No,No,No,09,1,2025,tuition_word_no_amount,,,,,,,,,,,
8879,Pinellas,SERVICE LEARNING SCHOOL,PALM HARBOR,34684,No,Yes,Yes,KG-12,29,2025,not_reached,,,,,,,,,,,
983,Pinellas,SHORECREST PREPARATORY SCHOOL,SAINT PETERSBURG,33703,No,No,No,PK-12,1004,2025,found,2026-27,29140,33340,35960,,0,https://www.shorecrest.org/admissions/tuition-and-financial-aid,2026-10-08,live,"K 28,030; 1-4 29,140; 5 31,710; 6-8 33,340; 9-12 35,960",high
746,Pinellas,SKYCREST CHRISTIAN SCHOOL,CLEARWATER,33765,Yes,Yes,Yes,PK-08,603,2025,found,2026-27,16534,17005,,,0,https://www.skycrestchristianschool.org/admissions/tuition-fees,2026-10-08,live,"K4-4 16,534; 5-8 17,005",high
4393,Pinellas,SOLID ROCK COMMUNITY SCHOOL,TARPON SPRINGS,34688,No,Yes,Yes,KG-12,151,2025,not_reached,,,,,,,,,,,
4170,Pinellas,SOUTHSIDE CHRISTIAN ACADEMY,ST. PETERSBURG,33711,No,Yes,Yes,KG-05,36,2026,not_attempted_no_own_domain,,,,,,,,,,,
3116,Pinellas,SPRING VALLEY SCHOOL,PALM HARBOR,34683,No,Yes,Yes,KG-12,40,2026,found,2026-27,7750,7100,7100,,0,https://springvalleyschool.com/wp-content/uploads/Re-Enrollment-Packet-2026-2027.pdf,2026-10-08,live,"K-3 7,750; 4-12 7,100; full-year enrollment",high
1742,Pinellas,St. Cecelia Catholic School,CLEARWATER,33756,Yes,Yes,Yes,PK-08,472,2026,found,2026-27,,,,10437,0,https://www.st-cecelia.org/admissions/tuition-information/,2026-10-08,live,"10,437 with 10-month plan; 13,411 appears for another category; page mixes half-day figures",medium
4696,Pinellas,ST. PETERSBURG PRIMARY SCHOOL,ST. PETERSBURG,33701,Yes,Yes,Yes,PK-04,117,2025,unclear,,,,,,0,https://stpeteprimary.org/wp-content/uploads/2026/06/26.27-Elementary-Tuition-Overview.pdf,2026-10-08,live,amounts without clear labels,
5137,Pinellas,ST. RAPHAEL CATHOLIC SCHOOL,ST. PETERSBURG,33704,Yes,Yes,Yes,PK-08,201,2025,not_reached,,,,,,,,,,,
5704,Pinellas,Summit Elevate Academy LLC,Clearwater,33761,No,No,No,,0,2025,not_attempted_no_enrollment,,,,,,,,,,,
4152,Pinellas,SUNCOAST WALDORF SCHOOL,PALM HARBOR,34683,No,Yes,Yes,PK-08,126,2026,tuition_word_no_amount,,,,,,,,,,,
3908,Pinellas,SUNFLOWER SCHOOL INC,ST. PETERSBURG,33747,No,Yes,Yes,KG-05,38,2026,found,2026-27,,,,12865,0,https://www.sunflowerprivateschool.com/new-page-5,2026-10-08,live,"monthly 1,236.50",high
2647,Pinellas,SWEET PEAS PRESCHOOL ELEMENTARY,CLEARWATER,33756,No,Yes,Yes,PK-02,28,2025,not_reached,,,,,,,,,,,
6378,Pinellas,TAMPA BAY INTERNATIONAL SCHOOL,CLEARWATER,33764,No,Yes,Yes,PK-08,48,2025,found,2026-27,16475,17525,,,0,https://www.tampabayintl.org/tuition-fees,2026-10-08,live,"K 15,180; 1-4 16,475; 5-8 17,525; preschool excluded; activity and technology fee separate",high
8695,Pinellas,THE DEPAUL SCHOOL,CLEARWATER,33759,No,Yes,Yes,KG-04,39,2025,found,2026-27,,,,24900,0,https://www.thedepaulschool.org/school-admissions/tuition-assistance,2026-10-08,live,annual tuition; same page as school 2327,high
1067,Pinellas,THE FRENCH AMERICAN SCHOOL OF TAMPA BAY,ST PETERSBURG,33702,No,Yes,Yes,PK-05,77,2026,found,2026-27,19987,,,,0,https://fastb.org/admissions/tuition/,2026-10-08,live,"K 18,113; elementary grades 1-6 19,987; part-week programs excluded",high
6140,Pinellas,THE MOVEMENT SCHOOL,LARGO,33774,No,Yes,Yes,05-12,11,2025,not_attempted_no_own_domain,,,,,,,,,,,
2800,Pinellas,THE STEPPING STONE DAYCARE LLC,CLEARWATER,33756,Yes,No,No,PK-07,19,2025,not_attempted_no_own_domain,,,,,,,,,,,
48,Pinellas,"Toucove Academy, LLC",,,No,No,No,,0,2026,not_attempted_no_enrollment,,,,,,,,,,,
1670,Pinellas,VALLENARI'S INTEGRATIVE LEARNING,Tallahassee,32301,No,No,No,PK-12,408,2025,not_attempted_no_own_domain,,,,,,,,,,,
9863,Pinellas,VICTORY HIGH SCHOOL,CLEARWATER,33758,No,Yes,Yes,09-12,16,2025,no_website,,,,,,,,,,,
3117,Pinellas,WALDEN SCHOOL,GULFPORT,33707,No,Yes,Yes,06-08,16,2025,not_attempted_no_own_domain,,,,,,,,,,,
4853,Pinellas,WASHBURN ACADEMY,CLEARWATER,33756,No,Yes,Yes,PK-12,161,2025,not_attempted_no_own_domain,,,,,,,,,,,
6104,Pinellas,WELLMONT ACADEMY,ST. PETERSBURG,33710,Yes,Yes,Yes,KG-12,76,2026,found,2027-28,,,,14700,0,https://www.wellmontacademy.com/admissions/tuition-and-fees-2027-2028/,2026-10-08,live,"K-12 five days, books included; three-day 14,200; page also mentions 2026-27",high
8428,Pinellas,WESTCOAST SCHOOL FOR HUMAN DEVELOPMENT,CLEARWATER,33755,Yes,Yes,Yes,KG-11,15,2025,not_attempted_no_own_domain,,,,,,,,,,,
2488,Pinellas,WESTERN CHRISTIAN ACADEMY,DUNEDIN,34698,Yes,No,No,PK-12,15,2025,unclear,,,,,,0,https://westernchristianacademy.com/wca-tuition/,2026-10-08,live,curriculum-based amounts by grade for home education,
3112,Pinellas,WESTLAKE CHRISTIAN SCHOOL,PALM HARBOR,34683,Yes,Yes,Yes,KG-08,579,2026,tuition_word_no_amount,,,,,,,,,,,
4265,Pinellas,WILDWOOD ACADEMY,CLEARWATER,33755,No,Yes,Yes,PK-04,30,2025,found,,,,,15000,0,https://www.wildwoodcw.com/tuition,2026-10-08,live,annual tuition and materials fee for all students; year not stated,high
614,Polk,A JOYFUL NOISE LEARNING ACADEMY,WINTER HAVEN,33881,Yes,Yes,Yes,PK-08,11,2025,not_attempted_no_own_domain,,,,,,,,,,,
7987,Polk,A'KELYNN'S ANGELS CHRISTIAN ACADEMY,WINTER HAVEN,33881,Yes,Yes,Yes,PK-12,165,2025,not_attempted_no_own_domain,,,,,,,,,,,
4317,Polk,ABA CHRISTIAN SCHOOL INC,Lake Wales,33859,Yes,Yes,Yes,PK-12,107,2025,not_attempted_no_own_domain,,,,,,,,,,,
5660,Polk,ABA Christian School Inc 2,Lake Wales Fl 33859,33859,Yes,Yes,Yes,,0,2025,not_attempted_no_enrollment,,,,,,,,,,,
4632,Polk,ABA HAINES CITY INC,HAINES CITY,33844,Yes,Yes,Yes,PK-12,254,2025,not_attempted_no_own_domain,,,,,,,,,,,
3959,Polk,ACADEMY PREP CENTER OF LAKELAND,LAKELAND,33805,No,Yes,Yes,05-08,126,2025,not_reached,,,,,,,,,,,
8514,Polk,ADVANCE PREP ACADEMY,AUBURNDALE,33823,No,Yes,Yes,KG-12,42,2025,unclear,,,,,,0,,2026-10-08,live,no dollar lines found,
4839,Polk,ADVANCE PREP ACADEMY - LOWER,AUBURNDALE,33823,No,Yes,Yes,,0,2025,not_attempted_no_enrollment,,,,,,,,,,,
8639,Polk,ALL HOPE CHRISTIAN ACADEMY,Auburndale,33823,Yes,Yes,Yes,KG-12,75,2025,not_attempted_no_own_domain,,,,,,,,,,,
1398,Polk,ALL SAINTS' ACADEMY,WINTER HAVEN,33880,Yes,Yes,Yes,PK-12,770,2026,unclear,,,,,,0,https://www.allsaintsacademy.com/,2026-10-08,live,no tuition amount,
9498,Polk,AMBASSADORS CHRISTIAN ACADEMY INC,Poinciana,34759,Yes,Yes,Yes,05-12,5,2025,not_attempted_no_own_domain,,,,,,,,,,,
7133,Polk,APPLEWOOD PRIVATE EDUCATION,LAKELAND,33801,No,No,No,KG-12,99,2026,not_reached,,,,,,,,,,,
6278,Polk,AVENGERS CHRISTIAN ACADEMY,LAKELAND,33809,Yes,Yes,Yes,01-12,39,2025,found,2026-27,9525,9770,9920,,0,https://avengerschristianacademy.com/admissions,2026-10-08,live,"K-5 9,525; 6-8 9,770; 9-12 9,920; fees separate",high
1120,Polk,BEACON OF LIGHT MINISTRIES INC,DUNDEE,33838,Yes,No,No,,0,2025,not_attempted_no_enrollment,,,,,,,,,,,
4942,Polk,BETHEL CHRISTIAN ACADEMY,EAGLE LAKE,33839,Yes,Yes,Yes,PK-09,55,2025,not_attempted_no_own_domain,,,,,,,,,,,
2999,Polk,BIBLEWAY CHRISTIAN ACADEMY,WINTER HAVEN,33881,Yes,Yes,Yes,KG-12,82,2025,not_attempted_no_own_domain,,,,,,,,,,,
2578,Polk,BRIGHT BRAINS SCHOOLS,WINTER HAVEN,33880,No,No,No,,0,2025,not_attempted_no_enrollment,,,,,,,,,,,
3834,Polk,BRIGHT IMAGINATIONS PREPARATORY SCHOOLS INC,LAKELAND,33813,No,Yes,Yes,,0,2025,not_attempted_no_enrollment,,,,,,,,,,,
7219,Polk,BRILLIANT MINDS CHRISTIAN ACADEMY OF TECH,MULBERRY,33860,Yes,Yes,Yes,PK-08,218,2025,not_attempted_no_own_domain,,,,,,,,,,,
2314,Polk,CALVARY BAPTIST CHURCH ACADEMY,LAKELAND,33810,Yes,No,No,KG-12,121,2025,not_reached,,,,,,,,,,,
5735,Polk,CANAAN ACADEMY,LAKE WALES,33898,Yes,Yes,Yes,KG-10,76,2026,not_attempted_no_own_domain,,,,,,,,,,,
4173,Polk,CANDLELIGHT CHRISTIAN ACADEMY,LAKE WALES,33853,Yes,Yes,Yes,KG-12,194,2025,not_reached,,,,,,,,,,,
1399,Polk,CENTRAL FLORIDA CHRISTIAN ACADEMY,HAINES CITY,32844,Yes,Yes,Yes,PK-12,90,2025,tuition_word_no_amount,,,,,,,,,,,
3674,Polk,CES ACADEMY,LAKELAND,33809,Yes,Yes,Yes,KG-12,224,2025,not_reached,,,,,,,,,,,
280,Polk,CES ACADEMY,LAKELAND,33813,Yes,Yes,Yes,KG-08,73,2026,not_reached,,,,,,,,,,,
4382,Polk,CES ACADEMY OF WINTER HAVEN,WINTER HAVEN,33884,Yes,Yes,Yes,KG-11,191,2026,not_reached,,,,,,,,,,,
4548,Polk,CHAMPIONS CHRISTIAN ACADEMY,DAVENPORT,33837,Yes,Yes,Yes,PK-12,486,2025,not_reached,,,,,,,,,,,
5697,Polk,Creative Minds Higher Learning Academy,Lakeland,33803,Yes,Yes,Yes,,0,2025,not_attempted_no_enrollment,,,,,,,,,,,
8298,Polk,DABAR SCHOOL OF LEARNING,FROSTPROOF,33843,Yes,Yes,Yes,02-10,5,2025,not_attempted_no_own_domain,,,,,,,,,,,
7699,Polk,DAVENPORT CHRISTIAN PREPARATORY SCHOOL IEP,Davenport,33837,Yes,Yes,Yes,KG-12,410,2025,tuition_word_no_amount,,,,,,,,,,,
2730,Polk,EMPOWERED CHRISTIAN ACADEMY,BARTOW,33830,Yes,Yes,Yes,KG-08,48,2025,not_attempted_no_own_domain,,,,,,,,,,,
9069,Polk,ESTHER'S SCHOOL INC - HAINES CITY,HAINES CITY,33844,Yes,Yes,Yes,KG-12,133,2025,tuition_word_no_amount,,,,,,,,,,,
1870,Polk,EXCEL CHRISTIAN ACADEMY,LAKELAND,33809,Yes,Yes,Yes,PK-12,357,2025,found,2026-27,10800,9350,9350,,0,https://www.excelspartans.org/tuition-fees,2026-10-08,live,"K-5 10,800; 6-12 9,350; PreK4 weekly rate excluded",high
9288,Polk,FAITH XTREME ACADEMY,WINTER HAVEN,33880,Yes,Yes,Yes,KG-03,10,2025,not_attempted_no_own_domain,,,,,,,,,,,
1375,Polk,FAMILIES OF FAITH CHRISTIAN ACADEMY INTERNATIONAL,LAKELAND,33807,No,No,No,01-12,193,2025,unclear,,,,,,0,https://www.fofcai.com/fees.html,2026-10-08,live,umbrella or virtual program fees,
1525,Polk,FIRST METHODIST SCHOOL INC.,BARTOW,33830,Yes,Yes,Yes,PK-08,198,2025,not_attempted_no_own_domain,,,,,,,,,,,
8861,Polk,GCTE CENTER INC,MULBERRY,33860,No,Yes,Yes,08-12,24,2025,no_website,,,,,,,,,,,
2223,Polk,GENEVA CLASSICAL ACADEMY INC.,LAKELAND,33803,Yes,Yes,Yes,,0,2026,not_attempted_no_enrollment,,,,,,,,,,,
7929,Polk,GLOBAL VIRTUAL ACADEMY,LAKELAND,33801,No,Yes,Yes,07-11,4,2025,unclear,,,,,,0,https://globalvirtualacademy.com/register/,2026-10-08,live,online pathway programmes,
676,Polk,GRACE LUTHERAN SCHOOL,WINTER HAVEN,33880,No,Yes,Yes,PK-08,465,2026,not_reached,,,,,,,,,,,
3696,Polk,GREATER ST. PAUL ACADEMY,LAKELAND,33805,Yes,Yes,Yes,PK-09,84,2025,not_attempted_no_own_domain,,,,,,,,,,,
9524,Polk,GTE ACADEMY,LAKELAND,33801,Yes,No,No,03-11,5,2025,not_attempted_no_own_domain,,,,,,,,,,,
5670,Polk,HEAD OF THE CLASS LEARNING CTR,LAKELAND,33805,No,Yes,Yes,PK-08,185,2025,not_attempted_no_own_domain,,,,,,,,,,,
1938,Polk,HILLTOP CHRISTIAN ACADEMY,WINTER HAVEN,33881,No,Yes,Yes,KG,3,2026,not_attempted_no_own_domain,,,,,,,,,,,
4252,Polk,HOPE CREATIVE SCHOOL,WINTER HAVEN,33884,Yes,No,No,PK-KG,49,2025,no_website,,,,,,,,,,,
622,Polk,Hope Innovation Preparatory Academy Inc,,,Yes,No,No,,0,2026,not_attempted_no_enrollment,,,,,,,,,,,
8923,Polk,HUSKY PREP ACADEMY INC,DAVENPORT,33897,No,No,No,KG-12,1550,2026,not_reached,,,,,,,,,,,
399,Polk,I AM DESTINY ACADEMY,LAKELAND,33807,Yes,No,No,03-12,8,2025,not_attempted_no_own_domain,,,,,,,,,,,
864,Polk,IMMANUEL LUTHERAN,WINTER HAVEN,33881,Yes,Yes,Yes,KG-09,24,2026,not_attempted_no_own_domain,,,,,,,,,,,
1896,Polk,IMS CHRISTIAN ACADEMY,CLERMONT,34714,Yes,No,No,,0,2025,not_attempted_no_enrollment,,,,,,,,,,,
8043,Polk,INSPIRATION ACADEMY OF LAKELAND INC.,LAKELAND,33805,Yes,Yes,Yes,KG-07,32,2025,not_attempted_no_own_domain,,,,,,,,,,,
8584,Polk,IT TAKES A VILLAGE EARLY LEARNING ACADEMY,WINTER HAVEN,33880,No,Yes,Yes,KG-03,10,2025,found,2026-27,9000,,,,0,https://img1.wsimg.com/blobby/go/809ba557-5f03-4e90-8a9a-1d17b0be0fee/VLA%20-%20Tuition%20%26%20Fee%20Schedule%20(2026-202-5e1ac99.pdf,2026-10-08,live,KG-5 tuition,high
8753,Polk,JORDAN CHRISTIAN PREPARATORY,AUBURNDALE,33823,Yes,Yes,Yes,KG-12,114,2025,not_attempted_no_own_domain,,,,,,,,,,,
8928,Polk,KEY TO BETTER LEARNING ACADEMY LLC,AUBURNDALE,33823,Yes,Yes,Yes,KG-12,16,2025,not_attempted_no_own_domain,,,,,,,,,,,
9774,Polk,KIDS ACADEMY LIGHTHOUSE INC.,HAINES CITY,33844,No,Yes,Yes,KG-12,70,2025,not_attempted_no_own_domain,,,,,,,,,,,
2943,Polk,KIDS ACADEMY LSE,HAINES CITY,88344,No,Yes,Yes,PK-04,43,2025,not_attempted_no_own_domain,,,,,,,,,,,
396,Polk,KINGDOM BUILDERS PREPARATORY ACADEMY,LAKELAND,33807,Yes,No,No,KG-12,25,2025,not_reached,,,,,,,,,,,
5085,Polk,KINGDOM HERITAGE PREPARATORY SCHOOL,POINCIANA,34759,Yes,No,No,06,2,2025,not_attempted_no_own_domain,,,,,,,,,,,
9513,Polk,KIPE ACADEMY,WINTER HAVEN,33884,No,No,No,01-05,2,2025,tuition_word_no_amount,,,,,,,,,,,
984,Polk,LAKELAND CHRISTIAN SCHOOL,LAKELAND,33803,Yes,Yes,Yes,PK-12,1167,2025,unclear,,,,,,0,https://www.lcsonline.org/admissions/tuition-fees/,2026-10-08,live,only discounts and 2022-23 text seen,
8205,Polk,LAKELAND INSTITUTE FOR LEARNING,LAKELAND,33813,No,Yes,Yes,01-12,87,2025,tuition_word_no_amount,,,,,,,,,,,
8937,Polk,LAKES CHURCH ACADEMY,LAKELAND,33801,Yes,Yes,Yes,PK-10,345,2025,tuition_word_no_amount,,,,,,,,,,,
1300,Polk,LANDMARK CHRISTIAN SCHOOL,HAINES CITY,33844,Yes,Yes,Yes,PK-12,249,2025,not_reached,,,,,,,,,,,
220,Polk,LEADERS IN PROGRESS KIDS ACADEMY,KISSIMMEE,34759,Yes,No,No,,0,2025,not_attempted_no_enrollment,,,,,,,,,,,
5079,Polk,LEARNING ENRICHMENT CHRISTIAN ACADEMY,LAKE WALES,33853,Yes,Yes,Yes,KG-12,48,2025,not_attempted_no_own_domain,,,,,,,,,,,
8291,Polk,LEGACY CHRISTIAN ACADEMY INC.,LAKE WALES,33853,Yes,Yes,Yes,PK-12,137,2025,unclear,,,,,,0,https://legacyfl.org/tuition-fees,2026-10-08,live,"two unlabelled tuition columns (12,000 and 15,000)",
1259,Polk,LEVELS ACADEMY,LAKELAND,33810,Yes,Yes,Yes,KG-04,7,2025,not_reached,,,,,,,,,,,
6429,Polk,Levels of Excellence Learning Academy,Winter Haven,33880,No,No,No,KG-05,20,2025,not_attempted_no_own_domain,,,,,,,,,,,
6865,Polk,LIFE SKILLS ACADEMY - CAMPUS 1,LAKE ALFRED,33850,No,Yes,Yes,KG-08,86,2025,found,,13000,12000,12000,,0,https://lifeskillsacademy.org/admissions/tuition-fees/,2026-10-08,live,"base tuition: PreK-5 13,000; 6-8 12,000; 9-10 12,000; 11-12 11,000 (9-12 tied, lower rate used); supplemental services excluded; year not stated",high
8756,Polk,LIFE SKILLS ACADEMY - CAMPUS 2,LAKE ALFRED,33850,No,Yes,Yes,09-12,44,2025,found,,13000,12000,12000,,0,https://lifeskillsacademy.org/admissions/tuition-fees/,2026-10-08,live,"base tuition: PreK-5 13,000; 6-8 12,000; 9-10 12,000; 11-12 11,000 (9-12 tied, lower rate used); same page as school 6865; year not stated",high
4233,Polk,LITTLE LUMINARIES LEARNING ACADEMY INC.,WINTER HAVEN,33884,No,No,No,,0,2025,not_attempted_no_enrollment,,,,,,,,,,,
8649,Polk,MARANATHA CHRISTIAN ACADEMY,LAKELAND,33810,Yes,Yes,Yes,PK-07,20,2025,not_attempted_no_own_domain,,,,,,,,,,,
9085,Polk,MILLENNIUM CHRISTIAN ACADEMY,HAINES CITY,33844,Yes,Yes,Yes,KG-09,203,2025,not_attempted_no_own_domain,,,,,,,,,,,
3524,Polk,MULBERRY CHRISTIAN ACADEMY,MULBERRY,33860,Yes,Yes,Yes,PK-12,140,2026,not_attempted_no_own_domain,,,,,,,,,,,
7588,Polk,NAMESAKE CHRISTIAN ACADEMY,LAKE WALES,33859,Yes,Yes,Yes,KG-10,48,2025,not_attempted_no_own_domain,,,,,,,,,,,
6256,Polk,NEW DIRECTION ACADEMY,HAINES CITY,33844,No,Yes,Yes,KG-12,80,2025,tuition_word_no_amount,,,,,,,,,,,
1799,Polk,OASIS CHRISTIAN ACADEMY,WINTER HAVEN,33880,Yes,Yes,Yes,PK-12,298,2026,unclear,,,,,,0,https://www.ocalions.org/editoruploads/files/Tuition%20%26%20Fees%202025-2026.pdf,2026-10-08,live,three unlabelled columns,
2406,Polk,OPEN HEAVEN CHRISTIAN ACADEMY INC,DAVENPORT,33837,Yes,No,No,,0,2025,not_attempted_no_enrollment,,,,,,,,,,,
2838,Polk,OUR ANGELS KIDS ACADEMY,DUNDEE,33838,No,Yes,Yes,PK,10,2025,not_attempted_no_own_domain,,,,,,,,,,,
7983,Polk,OVELL'S CHRISITIAN ACADEMY,WINTER HAVEN,33880,Yes,Yes,Yes,KG-03,4,2025,not_attempted_no_own_domain,,,,,,,,,,,
7683,Polk,Paragon Christian Academy,Winter Haven,33881,Yes,No,No,,0,2025,not_attempted_no_enrollment,,,,,,,,,,,
6738,Polk,PARK AVENUE PRIVATE SCHOOL,LAKE WALES,33853,No,Yes,Yes,KG-12,80,2025,found,2023-24,,,,15000,0,https://aetutors.com/,2026-10-08,live,K-12 for 2023-24,high
4595,Polk,PARKWAY CHRISTIAN ACADEMY,LAKELAND,33813,Yes,Yes,Yes,PK-12,403,2025,unclear,,,,,,0,https://www.pcalakeland.org/admissions,2026-10-08,live,only fees seen,
6213,Polk,PATHWAYS SCHOOL OF EXCELLENCE,LAKELAND,33801,Yes,Yes,Yes,06-12,71,2026,no_website,,,,,,,,,,,
8633,Polk,PEACE RIVER CHRISTIAN ACADEMY,BARTOW,33830,Yes,Yes,Yes,KG-08,16,2025,not_reached,,,,,,,,,,,
9719,Polk,PNEUMA CHRISTIAN SCHOOL,LAKELAND,33801,Yes,Yes,Yes,KG,9,2025,not_reached,,,,,,,,,,,
4811,Polk,POINCIANA CHRISTIAN PREPARATORY SCHOOL SIEP,KISSIMMEE,34759,Yes,Yes,Yes,KG-12,388,2025,tuition_word_no_amount,,,,,,,,,,,
8414,Polk,POLK CHRISTIAN PREPARATORY SCHOOL IEP,LAKELAND,33801,Yes,Yes,Yes,KG-12,321,2025,tuition_word_no_amount,,,,,,,,,,,
4750,Polk,PREPARING THE WAY ACADEMY,LAKELAND,33815,Yes,Yes,Yes,KG-05,9,2025,not_attempted_no_own_domain,,,,,,,,,,,
9410,Polk,PRINCIPLES OF FAITH ACADEMY LLC,LAKELAND,33805,Yes,Yes,Yes,KG-11,46,2025,found,2026-27,9825,9525,9525,,0,https://poffacademy.org/wp-content/uploads/2026/06/Principles_of_Faith_Academy_Comprehensive_Tuition_Schedule_2026_2027.pdf,2026-10-08,live,"K-5 9,825; 6-12 9,525; books, technology and testing included",high
2415,Polk,PROVIDENCE ACADEMY,LAKE WALES,33898,Yes,Yes,Yes,PK-07,242,2025,no_website,,,,,,,,,,,
3422,Polk,PUZZLES LOVE AUTISM FOUNDATION,LAKEWALES,33859,Yes,No,No,PK-06,26,2025,not_reached,,,,,,,,,,,
8918,Polk,QIV TECH ACADEMY,LAKE WALES,33853,Yes,Yes,Yes,PK-12,61,2025,not_attempted_no_own_domain,,,,,,,,,,,
2282,Polk,RESURRECTION CATHOLIC SCHOOL,LAKELAND,33813,Yes,Yes,Yes,PK-08,501,2025,found,2026-27,,,,10422,0,https://static1.squarespace.com/static/6523ee22f6776a2ff691ef67/t/6970f38185e614015b3d022e/1769010049628/Tuition+and+Fees+2026-2027+Final.pdf,2026-10-08,live,K-8; PreK3 excluded,high
1634,Polk,SAINT ANTHONY CATHOLIC SCHOOL,LAKELAND,33809,Yes,Yes,Yes,PK-08,224,2025,found,2026-27,,,,10045,0,https://www.saintacs.com/tuition,2026-10-08,live,"K-8 tuition and curriculum; curriculum, technology and security fees separate",high
488,Polk,SAINT JOSEPH CATHOLIC SCHOOL,WINTER HAVEN,33881,Yes,Yes,Yes,PK-08,461,2025,found,2025-26,,,,9688,0,https://static1.squarespace.com/static/6478e8146cfefc79f609bc5d/t/67781dcc761f3637297c8ac0/1735925197311/Tuition+and+Fees+2025-2026.pdf,2026-10-08,live,K-8 flat rate per student; fees separate,high
1332,Polk,SAINT PAUL LUTHERAN SCHOOL,LAKELAND,33813,Yes,Yes,Yes,PK-08,463,2025,not_reached,,,,,,,,,,,
1197,Polk,SANTA FE CATHOLIC HIGH SCHOOL,LAKELAND,33801,Yes,Yes,Yes,09-12,407,2025,unclear,,,,,,0,https://santafecatholic.org/admission/,2026-10-08,live,only payment-plan and aid fees seen,
9607,Polk,SECOND CHANCE LEARNING ACADEMY,LAKE ALFRED,33850,No,No,No,,0,2025,not_attempted_no_enrollment,,,,,,,,,,,
8876,Polk,SHALOM CHRISTIAN ACADEMY,DAVENPORT,33837,Yes,Yes,Yes,KG-11,205,2025,not_reached,,,,,,,,,,,
8228,Polk,SPARROW ACADEMY,LAKELAND,33809,Yes,Yes,Yes,KG-12,141,2025,found,2026-27,,,,11900,0,https://sparrowacademy.org/tuition/,2026-10-08,live,"K-12 annual; 10 payments of 1,190; Choice and level programmes 14,300-28,500 excluded",high
7556,Polk,SPEAK LIFE STEM CHRISTIAN ACADEMY,WINTER HAVEN,33881,Yes,Yes,Yes,PK-07,33,2025,not_attempted_no_own_domain,,,,,,,,,,,
6474,Polk,THE CHILDREN OF THE KING ENRICHMENT CTR.LLC,WINTER HAVEN,33881,Yes,Yes,Yes,KG-04,9,2025,not_attempted_no_own_domain,,,,,,,,,,,
7420,Polk,THE CHRISTIAN ACADEMY OF WINTER HAVEN INC.,WINTER HAVEN,33885,Yes,Yes,Yes,KG-12,155,2026,not_attempted_no_own_domain,,,,,,,,,,,
5039,Polk,THE CYGNET SCHOOL,Auburndale,33823,No,Yes,Yes,KG-12,129,2026,unclear,,,,,,0,,2026-10-08,live,no dollar lines found,
5505,Polk,THE ROBERTS ACADEMY,LAKELAND,33801,No,No,No,01-08,187,2025,unclear,,,,,,0,https://www.flsouthern.edu/admissions-and-aid/tuition-and-cost/index.html,2026-10-08,live,page read is a university's tuition page,
1366,Polk,THE VANGUARD SCHOOL,LAKE WALES,33859,No,Yes,Yes,06-12,45,2025,found,2026-27,,,,28330,0,https://www.vanguardschool.org/uploads/files/Admissions/tuition-fees-2026-27.pdf?v=1777045227824,2026-10-08,live,"commuter academic tuition at a school with residential programs; residential rates 53,580 and 60,577 excluded",high
7644,Polk,Together We Sprout,,,No,No,No,PK-05,9,2026,not_attempted_no_own_domain,,,,,,,,,,,
3330,Polk,TREASURES OF LIFE ACADEMY,WINTER HAVEN,33881,Yes,Yes,Yes,KG-11,13,2025,not_attempted_no_own_domain,,,,,,,,,,,
8945,Polk,VALOR CHRISTIAN LEADERSHIP ACADEMY,WINTER HAVEN,33884,Yes,Yes,Yes,03-11,22,2025,tuition_word_no_amount,,,,,,,,,,,
1609,Polk,VICTORY CHRISTIAN ACADEMY,LAKELAND,33804,Yes,Yes,Yes,KG-12,784,2025,not_reached,,,,,,,,,,,
1457,Polk,WALK BY FAITH CHRISTIAN SCHOOL,LAKE WALES,33859,Yes,Yes,Yes,KG-10,7,2025,not_attempted_no_own_domain,,,,,,,,,,,
3303,Polk,WINTER HAVEN ADVENTIST ACADEMY,WINTER HAVEN,33880,Yes,Yes,Yes,KG-12,64,2025,network_site_only,,,,,,0,https://www.flcoe.org/,2026-10-08,live,"only the FLCOE network site was found: range 7,000-14,000 per year",
1048,Polk,WINTER HAVEN CHRISTIAN SCHOOL,WINTER HAVEN,33881,Yes,Yes,Yes,PK-12,475,2025,found,2026-27,10000,10400,10700,,0,https://www.whcsonline.org/tuition-fees,2026-10-08,live,"K-5 10,000; 6-8 10,400; 9-12 10,700; preschool excluded",high
6338,Polk,WINTER HAVEN MONTESSORI,WINTER HAVEN,33880,No,Yes,Yes,PK-05,65,2025,not_attempted_no_own_domain,,,,,,,,,,,
1590,Polk,WONDERHERE ACADEMY,LAKELAND,33811,No,Yes,Yes,01-05,33,2025,not_reached,,,,,,,,,,,
1586,Polk,WORD OF LIFE CHRISTIAN SCHOOL,BARTOW,33830,Yes,Yes,Yes,KG-12,109,2026,not_reached,,,,,,,,,,,
4089,Polk,YARAH ACADEMY OF DAVENPORT,LOUGHMAN,33858,Yes,Yes,Yes,,0,2025,not_attempted_no_enrollment,,,,,,,,,,,
6235,Putnam,CRESCENT CITY CHRISTIAN ACADEMY,CRESCENT CITY,32112,Yes,Yes,Yes,KG-12,73,2025,not_reached,,,,,,,,,,,
1526,Putnam,DESERET ACADEMY,SATSUMA,32189,No,No,No,01-12,126,2025,not_attempted_no_own_domain,,,,,,,,,,,
3595,Putnam,FAITH CHRISTIAN ACADEMY,INTERLACHEN,32148,Yes,No,No,01-09,3,2025,not_attempted_no_own_domain,,,,,,,,,,,
7562,Putnam,FAITH OVER FEAR CHRISTIAN ACADEMY,Salt springs,32134,Yes,No,No,,0,2025,not_attempted_no_enrollment,,,,,,,,,,,
1902,Putnam,LITTLE SPROUTS LEARNING CENTER LLC,PALATKA,32177,No,Yes,Yes,PK-06,279,2025,tuition_word_no_amount,,,,,,,,,,,
678,Putnam,PENIEL BAPTIST ACADEMY,PALATKA,32177,Yes,Yes,Yes,PK-12,242,2026,found,2026-27,9500,9000,9000,,0,https://www.penielwarriors.org/uploads/6/5/0/4/65044725/2026-2027_fee_sheet_-_2026-03-30__1_.pdf,2026-10-08,live,"K-3 9,500; 4-12 9,000; book and supply fees separate",high
1238,Putnam,"PUTNAM BANNER PRIVATE SCHOOL SYSTEM, INC",PALATKA,32177,Yes,No,No,04-12,27,2025,not_attempted_no_own_domain,,,,,,,,,,,
4358,Putnam,SCHOOL OF THE HEIGHTS,PALATKA,32177,Yes,Yes,Yes,PK-06,138,2025,unclear,,,,,,0,https://schooloftheheights.org/wp-content/uploads/2024/04/Fee-Schedule-25-25-4-15-25.pdf,2026-10-08,live,monthly tuition mixed with totals of fees,
8024,Putnam,Silver Lake Academy for Health Sciences,Palatka,32177,No,No,No,,0,2026,not_attempted_no_enrollment,,,,,,,,,,,
8259,Putnam,ST. JOHNS CHRISTIAN SCHOOL,PALATKA,32177,Yes,Yes,Yes,KG-12,123,2025,not_reached,,,,,,,,,,,
136,Santa Rosa,BLUE RIBBON CHRISTIAN ACADEMY,MILTON,32571,Yes,Yes,Yes,KG-12,81,2026,blocked,,,,,,,,,,,
4904,Santa Rosa,COASTLINE CHRISTIAN ACADEMY,GULF BREEZE,32563,Yes,Yes,Yes,PK-08,253,2026,found,2026-27,,,,7300,0,https://www.coastlinechristian.com/tuition,2026-10-08,live,"K-7 first student; siblings 7,100 / 6,900 / 6,700; fees separate",high
5700,Santa Rosa,FAITH CHRISTIAN ACADEMY,JAY,32565,Yes,Yes,Yes,PK-11,128,2026,found,2026-27,,,,6750,0,https://fcawarriors.com/admissions/,2026-10-08,live,K5-12 per child including lunch; fees separate,high
2904,Santa Rosa,GATEWAY ACADEMY OF WALTON COUNTY,NAVARRE,32566,Yes,No,No,,0,2025,not_attempted_no_enrollment,,,,,,,,,,,
5382,Santa Rosa,GOOD SHEPHERD LUTHERAN,GULF BREEZE,32563,Yes,Yes,Yes,PK-05,74,2026,not_attempted_no_own_domain,,,,,,,,,,,
4278,Santa Rosa,GROW WITH US LEARNING ACADEMY VI,PACE,32571,No,Yes,Yes,KG,6,2026,no_website,,,,,,,,,,,
6207,Santa Rosa,GULF BREEZE MONTESSORI SCHOOL,GULF BREEZE,32563,No,Yes,Yes,PK-07,47,2025,not_attempted_no_own_domain,,,,,,,,,,,
5936,Santa Rosa,GULF POINTE LATIN SCHOOL CORPORATION,NAVARRE,32566,Yes,No,No,PK-12,341,2025,no_website,,,,,,,,,,,
5575,Santa Rosa,Kids Discovery International Academy at Milton,Milton,32583,No,Yes,Yes,,0,2025,not_attempted_no_enrollment,,,,,,,,,,,
7399,Santa Rosa,L.E.A.D. ACADEMY CLASSICAL SCHOOL INC.,PACE,32571,Yes,Yes,Yes,PK-12,361,2025,found,2026-27,,,,8000,0,https://www.leadacademylions.com/tuition-scholarships,2026-10-08,live,"K5-12; K4 7,200 including fees; 1,200 fees separate",high
1414,Santa Rosa,LIGHTHOUSE PRIVATE CHRISTIAN ACADEMY MILTON,GULF BREEZE,32563,Yes,Yes,Yes,,0,2025,not_attempted_no_enrollment,,,,,,,,,,,
1484,Santa Rosa,LIGHTHOUSE PRIVATE CHRISTIAN ACADEMY MILTON,MILTON,32570,Yes,Yes,Yes,KG-05,66,2025,found,2026-27,,,,9500,0,https://www.lighthousepca.com/enrollment/tuition-and-fees,2026-10-08,live,published full-time annual tuition; books 700 separate,high
8751,Santa Rosa,LIGHTHOUSE PRIVATE CHRISTIAN ACADEMY PREP,GULF BREEZE,32563,Yes,Yes,Yes,KG-12,169,2025,found,2026-27,,,,9500,0,https://www.lighthousepca.com/enrollment/tuition-and-fees,2026-10-08,live,published full-time annual tuition; same page as school 1484,high
4703,Santa Rosa,NAVARRE MONTESSORI ACADEMY,NAVARRE,32566,No,No,No,PK-05,28,2025,no_website,,,,,,,,,,,
688,Santa Rosa,SANTA ROSA CHRISTIAN SCHOOL,MILTON,32570,Yes,Yes,Yes,PK-12,519,2025,found,2026-27,7000,6700,6600,,0,https://www.santarosachristianschool.com/tuition-financial,2026-10-08,live,"K5-2nd 7,000; 3rd-8th 6,700; 9th-12th 6,600; K-5 tied, lower grade rate used; student fee 800 separate",high
2590,Santa Rosa,SOUNDSIDE MONTESSORI ACADEMY,GULF BREEZE,32563,No,No,No,PK-KG,7,2026,unclear,,,,,,0,,2026-10-08,live,no dollar lines found,
8976,Santa Rosa,SPARK LEARNING XXII,MILTON,32571,No,Yes,Yes,KG-08,52,2026,unclear,,,,,,0,https://primer.com/tuition,2026-10-08,live,programme of another operator; scholarship focus,
9677,Santa Rosa,STEADFAST ACADEMY,MILTON,32570,No,No,No,,0,2025,not_attempted_no_enrollment,,,,,,,,,,,
1165,Santa Rosa,WEST FLORIDA BAPTIST ACADEMY,MILTON,32583,Yes,Yes,Yes,PK-12,833,2026,not_reached,,,,,,,,,,,
7885,Santa Rosa,WOLFF ACADEMY INC,Navarre,32566,No,Yes,Yes,PK-08,9,2025,not_attempted_no_own_domain,,,,,,,,,,,
4749,Sarasota,AGAPE CHRISTIAN SCHOOL OF SARASOTA INC.,SARASOTA,34237,Yes,Yes,Yes,KG-12,50,2025,found,2026-27,,,,7800,0,https://www.agapesarasota.org/tuition/,2026-10-08,live,tuition per year; curriculum fee 300 separate,high
4133,Sarasota,ASCENSION LUTHERAN SCHOOL,SARASOTA,34232,Yes,Yes,Yes,PK-08,102,2025,not_reached,,,,,,,,,,,
5491,Sarasota,ASPIRING HEIGHTS ACADEMY,ENGLEWOOD,34295,No,No,No,KG-12,121,2025,unclear,,,,,,0,https://aspiringheightsacademy.com/flvs,2026-10-08,live,only FLVS per-segment fee seen,
2319,Sarasota,BEYOND THE SPECTRUM EDUCATION CENTER,SARASOTA,34240,No,Yes,Yes,PK-12,94,2025,tuition_word_no_amount,,,,,,,,,,,
4099,Sarasota,CALVARY CHAPEL SCHOOL INC.,SARASOTA,34235,Yes,Yes,Yes,KG-08,97,2026,tuition_word_no_amount,,,,,,,,,,,
513,Sarasota,CARDINAL MOONEY HIGH SCHOOL,SARASOTA,34232,Yes,Yes,Yes,09-12,770,2025,unclear,,,,,,0,https://www.cmhs-sarasota.org/academics/scholarships/,2026-10-08,live,scholarship information only,
3894,Sarasota,CENTRIC LEARNING ACADEMY,LAKEWOOD RANCH,34202,No,No,No,,0,2025,not_attempted_no_enrollment,,,,,,,,,,,
4483,Sarasota,CHESTERTON ACADEMY OF ST. PADRE PIO,SARASOTA,34240,Yes,Yes,Yes,09-11,11,2025,found,2026-27,,,,11900,0,https://www.chestertonsarasota.org/admissions/,2026-10-08,live,before Step Up scholarship dollars,high
1166,Sarasota,COMMUNITY DAY SCHOOL,SARASOTA,34233,Yes,Yes,Yes,PK-08,201,2025,tuition_word_no_amount,,,,,,,,,,,
6747,Sarasota,COMMUNITY HAVEN FOR ADULTS AND CHILDREN,SARASOTA,34235,No,Yes,Yes,KG-12,56,2026,not_reached,,,,,,,,,,,
610,Sarasota,CURIOUS AND KIND EDUCATION,SARASOTA,34234,No,No,No,,0,2025,not_attempted_no_enrollment,,,,,,,,,,,
5903,Sarasota,EASTER SEALS SWFL PRIMARY ACADEMY,SARASOTA,34237,No,Yes,Yes,KG-12,84,2025,not_reached,,,,,,,,,,,
5713,Sarasota,ENGLEWOOD CHRISTIAN SCHOOL,ENGLEWOOD,34223,Yes,Yes,Yes,KG-12,83,2026,not_attempted_no_own_domain,,,,,,,,,,,
813,Sarasota,EPIPHANY CATHEDRAL SCHOOL,VENICE,34285,Yes,Yes,Yes,PK-08,248,2025,unclear,,,,,,0,,2026-10-08,live,no dollar lines found,
3953,Sarasota,EUROPEAN ACADEMY OF EARLY EDUCATION,NOKOMIS,34275,No,Yes,Yes,PK-01,61,2026,not_attempted_no_own_domain,,,,,,,,,,,
9586,Sarasota,FIRST MONTESSORI,SARASOTA,34240,Yes,Yes,Yes,PK-05,53,2026,not_attempted_no_own_domain,,,,,,,,,,,
5780,Sarasota,FOUNDATIONS CHRISTIAN MONTESSORI ACADEMY,SARASOTA,34235,Yes,Yes,Yes,PK-12,117,2025,unclear,,,,,,0,,2026-10-08,live,no dollar lines found,
5479,Sarasota,GENERATION HARVEST INC.,Bradenton,34203,No,No,No,03-12,15,2025,not_reached,,,,,,,,,,,
929,Sarasota,INCARNATION SCHOOL,SARASOTA,34239,Yes,Yes,Yes,PK-08,200,2025,unclear,,,,,,0,https://www.incarnationschool.edu/tuition--financial-aid.html,2026-10-08,live,only the cost to educate per student seen,
1536,Sarasota,KINDERGARTEN PREP,NORTH PORT,34286,No,Yes,Yes,PK-02,57,2025,unclear,,,,,,0,https://kindergartenprepinc.com/,2026-10-08,live,no tuition amount,
2560,Sarasota,LIBERTY BAPTIST ACADEMY,SARASOTA,34232,Yes,Yes,Yes,KG-11,33,2025,not_reached,,,,,,,,,,,
9469,Sarasota,LIBERTY CHRISTIAN ACADEMY OF SARASOTA,SARASOTA,34231,Yes,Yes,Yes,KG-07,88,2025,found,,,,,10550,0,https://lcasarasota.com/tuition/,2026-10-08,live,"K-8 annual tuition; Pre-K 7,500 excluded; year not stated",high
9127,Sarasota,LITTLE RANCHERS LEARNING CENTER,SARASOTA,34240,Yes,Yes,Yes,PK-KG,63,2025,not_reached,,,,,,,,,,,
6817,Sarasota,M.I.N.D. School House,Sarasota,34231,No,No,No,,0,2026,not_attempted_no_enrollment,,,,,,,,,,,
3865,Sarasota,MANGROVE SCHOOL OF SARASOTA,SARASOTA,34243,No,Yes,Yes,PK-08,69,2026,not_attempted_no_own_domain,,,,,,,,,,,
1998,Sarasota,NEW GATE SCHOOL,SARASOTA,34233,No,Yes,Yes,PK-11,61,2026,found,2026-27,24100,26140,26140,,0,https://www.newgate.edu/wp-content/uploads/2026/03/2026-2027-Tuition-Schedule.pdf,2026-10-08,live,"grades 1-6 24,100; 7-10 26,140; 11-12 26,950 (9-12 tied, lower rate used); toddler to K 21,560 excluded",high
4674,Sarasota,NORTH PORT CHRISTIAN SCHOOL INC,Venice,34285,Yes,Yes,Yes,,0,2025,not_attempted_no_enrollment,,,,,,,,,,,
8464,Sarasota,NUR ACADEMY,SARASOTA,34234,Yes,Yes,Yes,PK-08,36,2025,no_website,,,,,,,,,,,
1436,Sarasota,OUT-OF-DOOR ACADEMY INC.,SARASOTA,34242,No,No,No,PK-12,883,2025,found,2026-27,27145,30950,33550,,0,https://www.oda.edu/admissions/tuition-affordability,2026-10-08,live,"K 24,645; 1-5 27,145; 6-8 30,950; 9-12 33,550; pre-K excluded",high
4973,Sarasota,PALM GROVE MENNONITE SCHOOL,SARASOTA,34232,Yes,Yes,Yes,KG-12,89,2025,not_attempted_no_own_domain,,,,,,,,,,,
2015,Sarasota,PEACEFUL PATHWAYS ACADEMY LLC,SARASOTA,34236,No,No,No,01,1,2025,not_attempted_no_own_domain,,,,,,,,,,,
1135,Sarasota,Phoenix Academy,Sarasota,34237,No,Yes,Yes,06-12,110,2025,not_attempted_no_own_domain,,,,,,,,,,,
2239,Sarasota,POTTER'S WHEEL ACADEMY,BRADENTON,34209,No,No,No,11-12,5,2025,not_attempted_no_own_domain,,,,,,,,,,,
5665,Sarasota,PRECIOUS JEWELS ACADEMY,SARASOTA,34230,Yes,No,No,,0,2025,not_attempted_no_enrollment,,,,,,,,,,,
1920,Sarasota,PREW ACADEMY OF SARASOTA INC.,SARASOTA,34233,No,Yes,Yes,06-12,54,2025,found,2026-27,,,,9850,0,https://www.prewacademyofsarasota.com/aboutus/tuition-schedule,2026-10-08,live,per year,high
2227,Sarasota,PRODIGY EARLY LEARNING AT WELLEN PARK,VENICE,34293,No,Yes,Yes,PK-KG,36,2025,not_reached,,,,,,,,,,,
3429,Sarasota,PROVIDENCE COMMUNITY SCHOOL,SARASOTA,34240,Yes,No,No,PK-12,40,2025,not_reached,,,,,,,,,,,
9064,Sarasota,ROOTS NATURE AND LEADERSHIP ACADEMY,SARASOTA,34231,No,Yes,Yes,PK-07,66,2025,found,2026-27,,,,14200,0,https://rootsacademysarasota.com/admissions/,2026-10-08,live,"total annual tuition; learning enrichment, facility and transport fees separate",high
1336,Sarasota,SAINT MARTHA,SARASOTA,34232,Yes,Yes,Yes,PK-08,446,2025,found,,,,,17000,0,https://www.stmarthaschool.net/admissions/tuition.cfm,2026-10-08,live,"non-Catholic returning rate for all grades; new non-Catholic 17,725; practicing Catholic rates lower; year not stated",medium
4335,Sarasota,SALTMEADOW SCHOOL,SARASOTA,34231,No,No,No,06-12,6,2025,no_website,,,,,,,,,,,
1242,Sarasota,SARASOTA CHRISTIAN SCHOOL,SARASOTA,34232,Yes,Yes,Yes,PK-12,780,2025,found,2026-27,12050,16080,17775,,0,https://sarasotachristian.org/admissions/tuition-fees/,2026-10-08,live,"K-2 12,050; 3-5 14,200 (K-5 tied, lower rate used); 6-8 16,080; 9-12 17,775; pre-K excluded",high
4355,Sarasota,SARASOTA JEWISH DAY SCHOOL,SARASOTA,34237,Yes,Yes,Yes,PK-KG,3,2025,not_attempted_no_own_domain,,,,,,,,,,,
1716,Sarasota,SEA OF STRENGTHS ACADEMY,SARASOTA,34240,No,Yes,Yes,01-10,25,2025,found,2026-27,,,,20950,0,https://sosaschool.com/tuition-and-financial-aid/,2026-10-08,live,annual tuition,high
3472,Sarasota,ST. MARY ACADEMY,SARASOTA,34232,Yes,Yes,Yes,01-08,78,2025,tuition_word_no_amount,,,,,,,,,,,
6333,Sarasota,STAR LAB,SARASOTA,34242,No,Yes,Yes,KG-03,20,2025,not_reached,,,,,,,,,,,
6148,Sarasota,Star Lab 2,Sarasota,34242,No,Yes,Yes,02-04,19,2026,not_reached,,,,,,,,,,,
7994,Sarasota,THE ACADEMIC RENEWAL KONNECTION,SARASOTA,34232,No,No,No,06-08,4,2025,not_attempted_no_own_domain,,,,,,,,,,,
7457,Sarasota,THE BRIDGE SARASOTA,BRADENTON,34209,No,No,No,05-12,8,2026,not_reached,,,,,,,,,,,
7238,Sarasota,THE CLASSICAL ACADEMY OF SARASOTA,SARASOTA,34241,No,Yes,Yes,PK-12,963,2026,no_website,,,,,,,,,,,
9591,Sarasota,TRINITY DREAMERS AND VISIONARIES,SARASOTA,34234,Yes,Yes,Yes,KG-12,8,2025,not_attempted_no_own_domain,,,,,,,,,,,
1589,Sarasota,VENICE CHRISTIAN SCHOOL,VENICE,34292,Yes,Yes,Yes,PK-12,415,2026,unclear,,,,,,0,https://www.venicechristianschool.org/tuition/,2026-10-08,live,no tuition amount,
5439,Sarasota,VICTORY BAPTIST ACADEMY,OSPREY,34229,Yes,Yes,Yes,KG-12,75,2025,not_attempted_no_own_domain,,,,,,,,,,,
4025,Sarasota,WESTCOAST SCHOOL FOR HUMAN DEVELOPMENT,SARASOTA,34236,Yes,Yes,Yes,,0,2025,not_attempted_no_enrollment,,,,,,,,,,,
3548,Seminole,ACC ACADEMY,LONGWOOD,32750,No,No,No,,0,2025,not_attempted_no_enrollment,,,,,,,,,,,
7337,Seminole,ADVANCE LEARNING ACADEMY,MAITLAND,32751,No,Yes,Yes,KG-12,86,2025,tuition_word_no_amount,,,,,,,,,,,
515,Seminole,ALL SOULS CATHOLIC SCHOOL,SANFORD,32771,Yes,Yes,Yes,PK-08,257,2025,unclear,,,,,,0,https://www.allsoulscatholicschool.org/mission/tuition-assistance,2026-10-08,live,scholarship information only,
5123,Seminole,ALPINE ACADEMY,OVIEDO,32765,No,No,No,KG-12,76,2025,unclear,,,,,,0,https://www.myalpine.org/admissions/,2026-10-08,live,only fees seen,
1437,Seminole,ALTAMONTE CHRISTIAN SCHOOL,ALTAMONTE SPRINGS,32701,Yes,Yes,Yes,06-12,194,2025,tuition_word_no_amount,,,,,,,,,,,
6356,Seminole,ALTAMONTE CHRISTIAN SCHOOL 2,ALTAMONTE SPRINGS,32701,Yes,Yes,Yes,PK-05,204,2025,tuition_word_no_amount,,,,,,,,,,,
1999,Seminole,ANNUNCIATION CATHOLIC ACADEMY,ALTAMONTE SPRINGS,32714,Yes,Yes,Yes,PK-08,618,2025,found,2026-27,,,,11910,0,https://www.annunciationacademy.org/tuition-tuition-assistance,2026-10-08,live,"two rates 9,735 and 11,910; the higher assumed to be the non-Catholic rate",medium
1727,Seminole,APOGEE STRONG ORLANDO,KISSIMMEE,34744,No,Yes,Yes,KG-07,24,2025,not_reached,,,,,,,,,,,
5832,Seminole,ARBOR SCHOOL OF CENTRAL FLORIDA,WINTER SPRINGS,32708,No,Yes,Yes,06-12,106,2025,found,2023-24,17000,16000,14000,,0,https://www.arborschoolflorida.com/get-started/tuition-and-fees,2026-10-08,live,"K-5 17,000; 6-8 16,000; 9-12 14,000 at a school for students with special needs; therapies and employment tracks excluded; same page as school 3599",high
8207,Seminole,ARBOR SCHOOL OF CENTRAL FLORIDA 2,WITNER SPRINGS,32708,No,Yes,Yes,KG-12,57,2025,found,2023-24,17000,16000,14000,,0,https://www.arborschoolflorida.com/get-started/tuition-and-fees,2026-10-08,live,"K-5 17,000; 6-8 16,000; 9-12 14,000 at a school for students with special needs; therapies and employment tracks excluded; same page as school 3599",high
3599,Seminole,ARBOR SCHOOL OF CENTRAL FLORIDA AT WEKIVA,WITNER SPRINGS,32708,No,Yes,Yes,KG-05,24,2025,found,2023-24,17000,16000,14000,,0,https://www.arborschoolflorida.com/get-started/tuition-and-fees,2026-10-08,live,"K-5 17,000; 6-8 16,000; 9-12 14,000 at a school serving students with special needs; therapies and employment tracks excluded; page shows 2023-24",high
2159,Seminole,BAINBRIDGE ACADEMY,OVIEDO,32762,No,Yes,Yes,02-12,33,2025,not_attempted_no_own_domain,,,,,,,,,,,
1304,Seminole,BEAR LAKE CHRISTIAN SCHOOL,APOPKA,32703,Yes,Yes,Yes,01-10,23,2025,not_attempted_no_own_domain,,,,,,,,,,,
7122,Seminole,BEAR LAKE MONTESSORI ACADEMY,ALTAMONTE SPRINGS,32714,No,Yes,Yes,PK-KG,14,2025,not_attempted_no_own_domain,,,,,,,,,,,
3605,Seminole,BRIDGE ACADEMY,ALTAMONTE SPRINGS,32714,No,No,No,KG-11,84,2026,unclear,,,,,,0,https://bridgeacademy.us/enroll,2026-10-08,live,stated rate of 429 per child per year; not coded,
3215,Seminole,BRIGHT CHANCE ACADEMY,MASCOTTE,34753,Yes,No,No,PK-06,12,2025,not_reached,,,,,,,,,,,
8281,Seminole,CENTRAL FLORIDA ACADEMY,SANFORD,32771,No,Yes,Yes,PK-12,66,2025,tuition_word_no_amount,,,,,,,,,,,
5708,Seminole,CENTRAL FLORIDA PREPARATORY ACADEMY,SANFORD,32773,No,Yes,Yes,PK-12,119,2025,tuition_word_no_amount,,,,,,,,,,,
4877,Seminole,Chabad of Altamonte Springs,Altamonte Springs,32714,Yes,No,No,PK,5,2026,no_website,,,,,,,,,,,
2474,Seminole,CHAMPION PREPARATORY ACADEMY,LONGWOOD,32779,Yes,Yes,Yes,PK-12,202,2025,unclear,,,,,,0,https://www.championprep.org/programs/day-school-education-programs/,2026-10-08,live,"many programs by schedule, not coded",
7327,Seminole,CHESTERTON ACADEMY OF ORLANDO,OVIEDO,32765,No,Yes,Yes,09-12,77,2025,found,2026-27,,,,12000,0,https://chestertonorlando.com/tuition/,2026-10-08,live,tuition at a high school; books and supplies 650 separate,high
2225,Seminole,CHRYSALIS SCHOOL INC.,ALTAMONTE SPRINGS,32714,No,Yes,Yes,KG-10,31,2025,not_reached,,,,,,,,,,,
2789,Seminole,CIRCLE CHRISTIAN SCHOOL,WINTER SPRINGS,32708,Yes,Yes,Yes,KG-12,903,2026,tuition_word_no_amount,,,,,,,,,,,
5270,Seminole,Circle Christian School Longwood,Longwood,32750,Yes,Yes,Yes,07-12,442,2026,tuition_word_no_amount,,,,,,,,,,,
5840,Seminole,CITY CHURCH ACADEMY,SANFORD,32771,Yes,Yes,Yes,PK-08,204,2025,not_reached,,,,,,,,,,,
6443,Seminole,Coqui Academy Elementary,Sanford,32771,No,No,No,,0,2025,not_attempted_no_enrollment,,,,,,,,,,,
1476,Seminole,CROSSLIFE CHRISTIAN ACADEMY,OVIEDO,32765,Yes,Yes,Yes,KG-03,103,2025,tuition_word_no_amount,,,,,,,,,,,
6833,Seminole,Discovery Island Learning Academy Inc.,Longwood,32750,No,No,No,,0,2025,not_attempted_no_enrollment,,,,,,,,,,,
5016,Seminole,Diverse Minds Academy,Longwood,32750,No,Yes,Yes,,0,2025,not_attempted_no_enrollment,,,,,,,,,,,
990,Seminole,DOUBLE R PRIVATE SCHOOL INC.,CHULUOTA,32766,No,Yes,Yes,PK-08,147,2025,not_attempted_no_own_domain,,,,,,,,,,,
7087,Seminole,EARLY CHILDHOOD CENTER,OVIEDO,32765,Yes,Yes,Yes,PK-02,215,2025,blocked,,,,,,,,,,,
814,Seminole,FOREST LAKE ACADEMY,APOPKA,32703,Yes,Yes,Yes,09-12,393,2025,no_website,,,,,,,,,,,
873,Seminole,FOREST LAKE EDUCATION CENTER,LONGWOOD,32779,Yes,Yes,Yes,PK-08,665,2025,found,2026-27,,,,13134,0,https://myflec.com/admissions/tuition-and-fees/,2026-10-08,live,"K-8 general tuition; constituent (church member) rate 10,736; Pre-K excluded",high
6354,Seminole,HEATHROW CHRISTIAN ACADEMY,LAKE MARY,32746,Yes,Yes,Yes,KG-01,25,2026,not_reached,,,,,,,,,,,
4845,Seminole,HIGH SCHOOL GATE,,,No,No,No,,0,2026,not_attempted_no_enrollment,,,,,,,,,,,
5663,Seminole,HIGHLANDS LATIN SCHOOL,GOTHA,34734,Yes,Yes,Yes,PK-08,120,2025,not_reached,,,,,,,,,,,
1303,Seminole,HOLY CROSS LUTHERAN ACADEMY,SANFORD,32771,Yes,Yes,Yes,PK-05,281,2025,found,2026-27,,12600,,,0,https://thehcla.org/wp-content/uploads/2026/02/2026-2027-VPK-12th-Tuition-Schedule.pdf,2026-10-08,live,"grades 6-8 12,600; grade 12 13,600; other grades not read",medium
8881,Seminole,HOLY CROSS LUTHERAN ACADEMY UPPER SCHOOL,SANFORD,32771,Yes,Yes,Yes,06-12,263,2025,found,2026-27,,12600,,,0,https://thehcla.org/wp-content/uploads/2026/02/2026-2027-VPK-12th-Tuition-Schedule.pdf,2026-10-08,live,"grades 6-8 12,600; grade 12 13,600; other grades not read; same page as school 1303",medium
8989,Seminole,INSPIRE LEARNING ACADEMY,orlando,32810,No,Yes,Yes,PK-12,86,2025,not_attempted_no_own_domain,,,,,,,,,,,
4882,Seminole,INTEGRITY LEARNING ACADEMY,ALTAMONTE SPRIN,32714,Yes,No,No,01-12,13,2025,network_site_only,,,,,,0,https://www.flcoe.org/,2026-10-08,live,"only the FLCOE network site was found: range 7,000-14,000 per year",
2504,Seminole,INTERNATIONAL COMMUNITY SCHOOL,WINTER PARK,32792,Yes,No,No,PK-12,367,2025,unclear,,,,,,0,https://icsfla.org/prospective-families/tuition-fees-schedule/,2026-10-08,live,amounts without clear labels,
1196,Seminole,KINGSBRIDGE SCHOLARS,OVIEDO,32765,No,No,No,02-09,4,2025,not_reached,,,,,,,,,,,
1466,Seminole,LAKE FORREST PREPARATORY SCHOOL,MAITLAND,32751,No,Yes,Yes,PK-08,207,2025,not_reached,,,,,,,,,,,
3668,Seminole,LAKE MARY PREPARATORY SCHOOL,LAKE MARY,32746,No,Yes,Yes,PK-12,604,2026,unclear,,,,,,0,https://www.lakemaryprep.com/admissions/tuition-fees,2026-10-08,live,several different annual amounts across years on the page,
1537,Seminole,LAKESHORE LEARNING LLC,WINTER GARDEN,34787,No,No,No,,0,2025,not_attempted_no_enrollment,,,,,,,,,,,
1055,Seminole,LIBERTY CHRISTIAN SCHOOL,SANFORD,32773,Yes,Yes,Yes,PK-12,184,2025,not_reached,,,,,,,,,,,
5744,Seminole,"Light Years Ahead Of Apopka, LLC",Apopka,32703-6075,No,Yes,Yes,PK,20,2025,not_attempted_no_own_domain,,,,,,,,,,,
5065,Seminole,LIGHTHOUSE BAPTIST ACADEMY,WINTER PARK,32792,Yes,Yes,Yes,05-12,6,2025,not_reached,,,,,,,,,,,
8359,Seminole,LIVE OAK MONTESSORI SCHOOL,SANFORD,32773,No,Yes,Yes,PK-07,27,2025,not_attempted_no_own_domain,,,,,,,,,,,
8589,Seminole,MASTER'S TRAINING ACADEMY INC.,ALTAMONTE SPRINGS,32714,Yes,Yes,Yes,04-12,5,2025,not_attempted_no_own_domain,,,,,,,,,,,
965,Seminole,MERCY HIGH WAY,LONGWOOD,32750,Yes,Yes,Yes,09-11,8,2025,not_reached,,,,,,,,,,,
4720,Seminole,MONARCH MONTESSORI OF LAKE MARY,LAKE MARY,32746,No,Yes,Yes,PK-06,68,2025,not_reached,,,,,,,,,,,
6682,Seminole,Ocean Coast Academy,Lake Mary,32746,No,No,No,,0,2025,not_attempted_no_enrollment,,,,,,,,,,,
1935,Seminole,ONE SCHOOL OF THE ARTS,LONGWOOD,32779,Yes,Yes,Yes,PK-12,543,2025,unclear,,,,,,0,https://www.oneschool.net/tuition-financial-aid,2026-10-08,live,scholarship information only,
7473,Seminole,ONE SCHOOL OF THE ARTS & SCIENCES - LAND OF HOPE,Longwood,32750,Yes,Yes,Yes,,0,2025,not_attempted_no_enrollment,,,,,,,,,,,
2178,Seminole,ORANGEWOOD CHRISTIAN SCHOOL K4-6,MAITLAND,32751,Yes,Yes,Yes,PK-06,574,2025,no_website,,,,,,,,,,,
7934,Seminole,OVIEDO MONTESSORI BILINGUAL ACADEMY,OVIEDO,32765,No,Yes,Yes,PK-KG,32,2025,not_reached,,,,,,,,,,,
1560,Seminole,PACE BRANTLEY PREPARATORY SCHOOL,LONGWOOD,32779,No,Yes,Yes,03-12,117,2026,found,,20840,21000,21260,,0,https://pacebrantley.org/,2026-10-08,live,"elementary 20,840; middle 21,000; high 21,260; year not stated",high
1904,Seminole,PRIMROSE SCHOOL OF OVIEDO,OVIEDO,32766,No,Yes,Yes,PK-KG,57,2025,unclear,,,,,,0,https://www.primroseschools.com/schools/oviedo/tuition,2026-10-08,live,weekly childcare rates,
2557,Seminole,PRIMROSE SCHOOL OF WINTER SPRINGS,WINTER SPRINGS,32708,No,Yes,Yes,PK-KG,46,2026,no_website,,,,,,,,,,,
7557,Seminole,PRODIGY ACADEMY ADVANCE LEARNING CENTER,SANFORD,32773,No,Yes,Yes,PK-09,42,2026,not_attempted_no_own_domain,,,,,,,,,,,
1977,Seminole,PROMISE KIDS ACADEMY,LONGWOOD,32750,Yes,Yes,Yes,PK,13,2025,not_reached,,,,,,,,,,,
6295,Seminole,REVIVAL FIRE CHRISTIAN ACADEMY,LONGWOOD,32750,Yes,Yes,Yes,KG-11,32,2025,tuition_word_no_amount,,,,,,,,,,,
1200,Seminole,RIVERWALK CHRISTIAN ACADEMY,SANFORD,32771,Yes,Yes,Yes,PK-09,74,2025,not_attempted_no_own_domain,,,,,,,,,,,
5845,Seminole,SAINT THOMAS MORE ACADEMY,SANFORD,32771,Yes,Yes,Yes,KG-12,91,2026,not_attempted_no_own_domain,,,,,,,,,,,
1733,Seminole,SANLANDO CHRISTIAN SCHOOL,LONGWOOD,32750,Yes,Yes,Yes,PK-03,63,2026,unclear,,,,,,0,https://sanlando.org/wp-content/uploads/2026/01/Tuition-Fees-with-Ext.-Care-2026-27.pdf,2026-10-08,live,"monthly and partial rates, not coded",
1566,Seminole,SCHOOL OF SOUND DOCTRINE,SANFORD,32771,Yes,No,No,PK-09,8,2025,not_attempted_no_own_domain,,,,,,,,,,,
690,Seminole,SEMINOLE INDEPENDENT PRIVATE SCHOOL,LONGWOOD,32750,No,No,No,KG-12,10,2025,not_attempted_no_own_domain,,,,,,,,,,,
9093,Seminole,SHINE ACADEMY,Sanford,32771,Yes,Yes,Yes,PK-04,43,2026,not_reached,,,,,,,,,,,
2165,Seminole,SMITH PREPARATORY ACADEMY,LONGWOOD,32752,Yes,Yes,Yes,PK-12,171,2025,found,2026-27,8940,11600,11600,,0,https://www.smithprep.com/editoruploads/files/2026-27%20Tuition%20Chart%20Combined.pdf,2026-10-08,live,"K 8,100; 1-6 8,940; 7-11 11,600; 12 8,500; third column taken as tuition; a second set of lower amounts appears (possibly part-time)",medium
6796,Seminole,SOCRATES PREPARATORY SCHOOL,CASSELBERRY,32707,No,Yes,Yes,02-12,47,2026,no_website,,,,,,,,,,,
5884,Seminole,Southern Coast Academy,Winter Garden,34787,Yes,No,No,,0,2025,not_attempted_no_enrollment,,,,,,,,,,,
5833,Seminole,Spectrum Bridge Academy,Longwood,32750-2604,No,No,No,,0,2025,not_attempted_no_enrollment,,,,,,,,,,,
1136,Seminole,ST. LUKE'S LUTHERAN SCHOOL,OVIEDO,32765,Yes,Yes,Yes,PK-08,882,2026,not_reached,,,,,,,,,,,
1167,Seminole,ST. MARY MAGDALEN CATHOLIC SCHOOL,ALTAMONTE SPRINGS,32701,Yes,Yes,Yes,PK-08,563,2025,unclear,,,,,,0,,2026-10-08,live,no dollar lines found,
1854,Seminole,ST. PETER'S PRESCHOOL KINDERGARTEN,LAKE MARY,32746,Yes,Yes,Yes,PK-KG,42,2026,not_reached,,,,,,,,,,,
5206,Seminole,STARCHILD ACADEMY LAKE MARY,LAKE MARY,32746,No,Yes,Yes,PK-05,189,2025,no_website,,,,,,,,,,,
1313,Seminole,THE ECCLESIAL SCHOOL AT NORTHLAND,LONGWOOD,32750,Yes,Yes,Yes,KG-07,146,2025,found,2025-26,,,,11950,0,https://www.esischools.org/apply,2026-10-08,live,total cost of tuition; families pay a need-based share starting at 250,medium
6323,Seminole,THE ECCLESIAL SCHOOL AT ST. ALBAN'S,OVIEDO,32765,Yes,Yes,Yes,KG-11,204,2025,found,2025-26,,,,11950,0,https://www.esischools.org/apply,2026-10-08,live,total cost of tuition; families pay a need-based share starting at 250; same page as school 1313,medium
140,Seminole,THE GENEVA SCHOOL INC.,CASSELBERRY,32707,Yes,Yes,Yes,PK-12,688,2026,found,2026-27,23850,24165,24165,,0,https://www.genevaschool.org/tuition,2026-10-08,live,"K 18,230; grades 1-4 23,850; 7-12 24,165; grades 5-6 not shown separately (a duplicate line suggests 23,850)",medium
3929,Seminole,THE GLEN ACADEMY,CASSELBERRY,32707,No,Yes,Yes,PK,21,2025,not_attempted_no_own_domain,,,,,,,,,,,
8668,Seminole,THE GODDARD SCHOOL-OVIEDO,OVIEDO,32765,No,Yes,Yes,PK-KG,54,2025,tuition_word_no_amount,,,,,,,,,,,
3493,Seminole,THE LYMAN SCHOOL,WINTER PARK,32792,No,Yes,Yes,KG-12,76,2025,not_attempted_no_own_domain,,,,,,,,,,,
1529,Seminole,THE MASTER'S ACADEMY,OVIEDO,32765,Yes,Yes,Yes,PK-12,1157,2025,unclear,,,,,,0,https://www.mastersacademy.org/admissions/tuition-financial-aid,2026-10-08,live,only discounts seen,
1700,Seminole,THE ROCK ACADEMY,SANFORD,32771,Yes,Yes,Yes,PK-12,196,2026,not_reached,,,,,,,,,,,
3995,Seminole,TOP KIDZ CHRISTIAN ACADEMY PRIVATE SCHOOL,SANFORD,32771,Yes,Yes,Yes,KG-06,32,2025,not_attempted_no_own_domain,,,,,,,,,,,
7758,Seminole,TRINITY SIMONE CHRISTIAN PREPARATORY ACAD.,SANFORD,32773,Yes,Yes,Yes,KG-10,60,2025,not_attempted_no_own_domain,,,,,,,,,,,
1967,Seminole,TUSKAWILLA LEARNING CENTER,OVIEDO,32765,No,Yes,Yes,PK-12,284,2025,unclear,,,,,,0,https://tuskmont.org/enroll/,2026-10-08,live,scholarship information only,
4816,Seminole,WALDEN COMMUNITY SCHOOL,WINTER PARK,32792,No,Yes,Yes,KG-12,59,2026,no_website,,,,,,,,,,,
6572,Seminole,WISE ACADEMY,SANFORD,32773,Yes,Yes,Yes,PK-09,155,2026,found,2026-27,10200,10900,,,0,https://wiseorlando.org/admissions/tuition/,2026-10-08,live,"K-5 10,200; middle school 10,900; part-week programmes excluded",high
9290,Seminole,YOUNG INNOVATORS ACADEMY,OVIEDO,32766,No,Yes,Yes,PK-01,65,2026,no_website,,,,,,,,,,,
4638,Seminole,ZYBERSPACE LEARNING ONLINE ACADEMY,ALTAMONTE SPRINGS,32714,No,No,No,06-07,2,2025,not_reached,,,,,,,,,,,
9799,St. Johns,ACTON ACADEMY PONTE VEDRA,PONTE VEDRA,32081,No,Yes,Yes,02-09,37,2025,not_reached,,,,,,,,,,,
8289,St. Johns,APEX CHRISTIAN ACADEMY,ST AUGUSTINE,32086,Yes,No,No,03-12,14,2025,not_reached,,,,,,,,,,,
4570,St. Johns,ARK CHRISTIAN ACADEMY,ST. AUGUSTINE,32080,Yes,Yes,Yes,01-10,16,2025,not_attempted_no_own_domain,,,,,,,,,,,
1780,St. Johns,BEACON OF HOPE CHRISTIAN SCHOOL,ST. AUGUSTINE,32086,Yes,Yes,Yes,KG-12,84,2025,found,2025-26,7150,7400,7400,,0,https://www.beaconeagles.net/copy-of-tuition-and-financial-aid,2026-10-08,live,"K5-5 7,150; 6-12 7,400; heading says 2025-26, page also mentions 2026-27",high
1340,St. Johns,BOLLES,PONTE VEDRA BEACH,32082,No,No,No,PK-05,255,2025,found,2026-27,,33620,34660,,0,https://www.bolles.org/admission/tuition-and-affordability,2026-10-08,live,"6-8 33,620; 9-12 34,660; lower school lines not labelled; same page as school 1065",medium
8579,St. Johns,BRIDGEHAVEN ACADEMY,JACKSONVILLE,32256,No,No,No,12,4,2025,not_attempted_no_own_domain,,,,,,,,,,,
749,St. Johns,CATHEDRAL PARISH SCHOOL,SAINT AUGUSTINE,32084,Yes,Yes,Yes,PK-08,403,2026,no_website,,,,,,,,,,,
889,St. Johns,CENTER ACADEMY - JULINGTON CREEK,ST. JOHNS,32259,No,Yes,Yes,04-12,109,2025,tuition_word_no_amount,,,,,,,,,,,
1302,St. Johns,CHRIST EPISCOPAL PRESCHOOL,PONTE VEDRA BEACH,32082,Yes,Yes,Yes,PK-KG,144,2026,no_website,,,,,,,,,,,
9083,St. Johns,COLLAGE DAY SCHOOL,PONTE VEDRA,32082,No,Yes,Yes,PK-05,163,2026,unclear,,,,,,0,https://www.collagedayschool.org/admissions/tuition-and-financial-aid,2026-10-08,live,monthly rates by age band,
5742,St. Johns,Immersion Montessori School,St. Augustine,32095,No,No,No,,0,2025,not_attempted_no_enrollment,,,,,,,,,,,
7704,St. Johns,ISLAND PREP,SAINT AUGUSTINE,32080,No,Yes,Yes,KG-08,167,2025,blocked,,,,,,,,,,,
9196,St. Johns,IVYBROOK ACADEMY,ST. JOHNS,32259,No,Yes,Yes,KG,33,2025,tuition_word_no_amount,,,,,,,,,,,
2506,St. Johns,IVYBROOK ACADEMY VALLEY RIDGE,PONTE VEDRA BEACH,32081,No,Yes,Yes,KG,19,2025,tuition_word_no_amount,,,,,,,,,,,
5878,St. Johns,KINOVU SCHOOL OF ST JOHNS,ST JOHNS,32259,No,No,No,PK,6,2025,not_reached,,,,,,,,,,,
6334,St. Johns,MATANZAS CHRISTIAN ACADEMY PRIV SCH SYS INC,ST  AUGUSTINE,32086,Yes,No,No,02-12,47,2025,not_attempted_no_own_domain,,,,,,,,,,,
1660,St. Johns,PALMER CATHOLIC ACADEMY,PONTE VEDRA BEACH,32082,Yes,Yes,Yes,PK-08,462,2026,tuition_word_no_amount,,,,,,,,,,,
9148,St. Johns,PRODIGY ELC AT TREATY OAKS,ST. AUGUSTINE,32086,No,Yes,Yes,PK,20,2026,not_reached,,,,,,,,,,,
8539,St. Johns,RIVER OAK ACADEMY,SAINT JOHNS,32259,No,Yes,Yes,KG-12,21,2025,unclear,,,,,,0,https://www.riveroakacademy.org/tuition,2026-10-08,live,"monthly rates, number of payments not seen",
1588,St. Johns,SAN JUAN DEL RIO CATHOLIC SCHOOL,ST. JOHNS,32259,Yes,Yes,Yes,PK-08,542,2026,no_website,,,,,,,,,,,
1163,St. Johns,ST. GERARD CAMPUS INC.,ST. AUGUSTINE,32084,Yes,Yes,Yes,09-12,11,2025,not_reached,,,,,,,,,,,
1210,St. Johns,St. John's Academy,St. Augustine,32086,Yes,No,No,06-12,71,2026,found,2026-27,,,,10000,0,https://stjohnsacademy.com/tuition-and-fees/,2026-10-08,live,"same 10,000 for K-6, 7-9 and 10-12",high
1610,St. Johns,ST. JOHN'S ACADEMY,St. Augustine,32086,Yes,Yes,Yes,KG-12,102,2026,found,2026-27,,,,10000,0,https://stjohnsacademy.com/tuition-and-fees/,2026-10-08,live,"same 10,000 for K-6, 7-9 and 10-12; same page as school 1210",high
679,St. Johns,ST. JOSEPH ACADEMY,SAINT AUGUSTINE,32084,Yes,Yes,Yes,09-12,348,2026,found,2026-27,,,,14000,0,https://www.sjaweb.org/admissions/tuitionandfees,2026-10-08,live,"non-Catholic rate; Catholic rate 12,500",high
1054,St. Johns,STAR BRIGHT ACADEMY,SAINT AUGUSTINE,32092,No,No,No,PK-01,3,2025,not_attempted_no_own_domain,,,,,,,,,,,
3627,St. Johns,THE CARTER LEADERSHIP ACADEMY INC,HASTINGS,,Yes,No,No,,0,2025,not_attempted_no_enrollment,,,,,,,,,,,
5152,St. Johns,The Goddard School,Nocatee,32081,No,Yes,Yes,PK,60,2025,not_reached,,,,,,,,,,,
474,St. Johns,THE MANDALA SCHOOL,PONTE VEDRA BCH,32082,No,Yes,Yes,KG-10,32,2025,not_reached,,,,,,,,,,,
9160,St. Johns,THE PIONEER SCHOOL,ST. AUGUSTINE,32086,No,Yes,Yes,06-08,60,2026,found,2026-27,,,,12000,0,https://staugustinepioneer.com/admissions/,2026-10-08,live,annual tuition; payments of the difference between tuition and the scholarship,high
1213,St. Johns,THREE APPLES SCHOOL,ST AUGUSTINE,32095,No,Yes,Yes,PK-03,27,2025,not_reached,,,,,,,,,,,
5162,St. Johns,TURNING POINT CHRISTIAN ACADEMY,SAINT AUGUSTINE,32092,Yes,Yes,Yes,PK-09,469,2025,not_reached,,,,,,,,,,,
8992,St. Johns,VERITAS CLASSICAL PRIVATE SCHOOL INC,ST. AUGUSTINE,32084,Yes,Yes,Yes,KG-03,126,2025,found,2026-27,12400,,,,0,https://veritasclassicalschool.org/tuition-fees/,2026-10-08,live,"grammar school K-5 12,400; grade 6 12,665; other middle grades not read; same page as school 4378",high
4378,St. Johns,VERITAS CLASSICAL SCHOOL LINCOLNVILLE,ST. AUGUSTINE,32084,Yes,Yes,Yes,KG-12,308,2025,found,2026-27,12400,,,,0,https://veritasclassicalschool.org/tuition-fees/,2026-10-08,live,"grammar school K-5 12,400; grade 6 12,665; other middle grades not read",high
4795,St. Johns,VICTORY PREPARATORY SCHOOL,ST. AUGUSTINE,32084,Yes,Yes,Yes,KG-12,176,2025,not_attempted_no_own_domain,,,,,,,,,,,
7778,St. Johns,WASHINGTON CLASSICAL CHRISTIAN SCHOOL,SAINT AUGUSTINE,32086,Yes,Yes,Yes,KG-12,129,2025,unclear,,,,,,0,,2026-10-08,live,no dollar lines found,
1245,St. Lucie,ANCHORED ACADEMY,FORT PIERCE,34946,Yes,Yes,Yes,01-11,23,2025,no_website,,,,,,,,,,,
6898,St. Lucie,Azyla's Love Inc,,,No,Yes,Yes,KG-05,11,2026,not_attempted_no_own_domain,,,,,,,,,,,
1050,St. Lucie,BETHANY SCHOOL,FT PIERCE,34982,Yes,Yes,Yes,01-12,37,2026,not_attempted_no_own_domain,,,,,,,,,,,
6258,St. Lucie,CALVARY CHRISTIAN ACADEMY,PORT ST LUCIE,34983,Yes,Yes,Yes,PK-12,605,2025,found,2026-27,13118,13660,13721,,0,https://www.ccapsl.com/admissions/tuitionandfees/,2026-10-08,live,"K-2 13,118; 3-6 13,300; 7-8 13,660; 9-12 13,721; preschool excluded",high
1169,St. Lucie,CHAMPIONS ACADEMY OF ST. LUCIE COUNTY,JUPITER,33478,No,No,No,KG,8,2026,unclear,,,,,,0,https://www.caofslc.org/,2026-10-08,live,only scholarship text seen,
6451,St. Lucie,CHRIST LUTHERAN SCHOOL,PORT ST. LUCIE,34983,Yes,Yes,Yes,KG-12,126,2025,no_website,,,,,,,,,,,
4271,St. Lucie,CIHL PREPARATORY ACADEMY LLC,Fort Pierce,34947,No,No,No,,0,2025,not_attempted_no_enrollment,,,,,,,,,,,
8586,St. Lucie,CREATIVE LEARNING LAB ACADEMY,FORT PIERCE,34947,No,No,No,,0,2025,not_attempted_no_enrollment,,,,,,,,,,,
5892,St. Lucie,DALTON LEARNING CENTER AND ACADEMY,PORT SAINT LUCIE,34953,No,Yes,Yes,PK-02,100,2025,not_attempted_no_own_domain,,,,,,,,,,,
5722,St. Lucie,DESTINED FOR GREATNESS CHRISTIAN ACADEMY,Fort Pierce,34946,Yes,Yes,Yes,KG-11,81,2025,not_attempted_no_own_domain,,,,,,,,,,,
5265,St. Lucie,Diamond Elite Academy LLC,,34987,No,No,No,06-10,55,2025,not_attempted_no_own_domain,,,,,,,,,,,
5195,St. Lucie,Discovery Point Academy,Port Saint Lucie,34983,No,Yes,Yes,,0,2025,not_attempted_no_enrollment,,,,,,,,,,,
1068,St. Lucie,EAGLES STREAM ACADEMY LLC,PORT ST LUCIE,34986,No,No,No,,0,2025,not_attempted_no_enrollment,,,,,,,,,,,
2589,St. Lucie,EXCELSIOR CHRISTIAN ACADEMY,PORT ST. LUCIE,34983,Yes,No,No,,0,2026,not_attempted_no_enrollment,,,,,,,,,,,
6330,St. Lucie,EXCEPTIONAL ACADEMY FOR DIFFERENTLY-ABLED L,PORT ST. LUCIE,34986,No,Yes,Yes,KG-08,56,2025,found,2026-27,,,,9500,0,https://www.exceptionalacademypsl.com/admissions,2026-10-08,live,"base tuition for all grades; total with fees 10,200",high
8829,St. Lucie,FOUNDATIONS ACADEMY OF PORT ST. LUCIE,PORT ST. LUCIE,34952,Yes,Yes,Yes,PK-02,122,2025,found,,10800,,,,0,https://www.foundationspsl.org/admissions-foundations-academy-port-st-lucie,2026-10-08,live,K-5 per year; infant to preschool weekly rates excluded; year not stated,high
7909,St. Lucie,GRACE CHRISTIAN ACADEMY,PORT SAINT LUCIE,34986,Yes,Yes,Yes,PK-10,129,2025,not_attempted_no_own_domain,,,,,,,,,,,
6353,St. Lucie,Grace Family Academy,Port St Lucie,34986,Yes,No,No,,0,2025,not_attempted_no_enrollment,,,,,,,,,,,
7763,St. Lucie,Heavenly Dove Academy,Port St Lucie,34986,Yes,No,No,,0,2025,not_attempted_no_enrollment,,,,,,,,,,,
8887,St. Lucie,HIGHER ACHIEVERS CHRISTIAN ACADEMY INC.,,,No,Yes,Yes,PK,14,2026,not_attempted_no_own_domain,,,,,,,,,,,
8261,St. Lucie,I AM ACADEMY,PORT SAINT LUCIE,34953,Yes,Yes,Yes,01-12,19,2026,not_attempted_no_own_domain,,,,,,,,,,,
7047,St. Lucie,IMPACT SCHOOL OF THE ARTS,FORT PIERCE,34950,Yes,Yes,Yes,KG-08,16,2025,not_attempted_no_own_domain,,,,,,,,,,,
6444,St. Lucie,IVY LEAGUE ACADEMY,PORT SAINT LUCIE,34953,No,Yes,Yes,KG-08,148,2025,not_reached,,,,,,,,,,,
5308,St. Lucie,Ivy League Academy,Port Saint Lucie,34984,No,Yes,Yes,,0,2026,not_attempted_no_enrollment,,,,,,,,,,,
808,St. Lucie,J E S MEMORIAL SDA SCHOOL,FORT PIERCE,34981,Yes,Yes,Yes,KG-08,53,2026,network_site_only,,,,,,0,https://www.flcoe.org/,2026-10-08,live,"only the FLCOE network site was found: range 7,000-14,000 per year",
869,St. Lucie,JOHN CARROLL HIGH SCHOOL,FORT PIERCE,34947,Yes,Yes,Yes,09-12,473,2025,tuition_word_no_amount,,,,,,,,,,,
3850,St. Lucie,LIBERTY BAPTIST ACADEMY,FT. PIERCE,34981,Yes,No,No,PK-12,239,2025,no_website,,,,,,,,,,,
5522,St. Lucie,LITTLE HANDS ACADEMY AND PRESCHOOL,PORT SAINT LUCIE,34953,Yes,Yes,Yes,PK-02,42,2025,tuition_word_no_amount,,,,,,,,,,,
5464,St. Lucie,LITTLE STEPS TO BRIGHT FUTURES,,34984,No,No,No,PK-KG,50,2025,not_attempted_no_own_domain,,,,,,,,,,,
8084,St. Lucie,LOVING CARE YOUNG ACHIEVERS CLUB,FORT PIERCE,34947,Yes,Yes,Yes,PK-12,89,2025,no_website,,,,,,,,,,,
4388,St. Lucie,MORNINGSIDE ACADEMY,PORT ST LUCIE,34952,Yes,Yes,Yes,06-12,257,2025,not_reached,,,,,,,,,,,
1335,St. Lucie,MORNINGSIDE ACADEMY,PORT ST. LUCIE,34952,Yes,Yes,Yes,PK-05,584,2025,not_reached,,,,,,,,,,,
5927,St. Lucie,New Elite Academy,Fort Pierce,34950,No,No,No,PK,10,2025,not_attempted_no_own_domain,,,,,,,,,,,
1637,St. Lucie,OLIVET PRIVATE SCHOOL INC.,PORT ST. LUCIE,34983,Yes,No,No,KG-12,94,2025,tuition_word_no_amount,,,,,,,,,,,
9384,St. Lucie,OPEN ARMS OF FORT PIERCE INC,FORT PIERCE,34950,Yes,Yes,Yes,KG-04,45,2025,not_reached,,,,,,,,,,,
927,St. Lucie,ORANGE AVENUE BAPTIST SCHOOL,FT. PIERCE,34945,Yes,Yes,Yes,01-12,26,2025,not_attempted_no_own_domain,,,,,,,,,,,
7967,St. Lucie,OUR LADY OF FATIMA EXCELLENCE ACADEMY,FORT PIERCE,34950,Yes,No,No,12,3,2025,not_attempted_no_own_domain,,,,,,,,,,,
6374,St. Lucie,Permission to Achieve Academy,Port Saint Lucie,34953,No,No,No,,0,2025,not_attempted_no_enrollment,,,,,,,,,,,
4115,St. Lucie,PORT SAINT LUCIE CHRISTIAN ACADEMY,ST. LUCIE,34953,No,Yes,Yes,02-08,95,2025,not_attempted_no_own_domain,,,,,,,,,,,
4719,St. Lucie,PURE ACADEMY FORT PIERCE,FORT PIERCE,34981,Yes,Yes,Yes,01-12,165,2025,not_reached,,,,,,,,,,,
7525,St. Lucie,RPS ACADEMIES,PORT ST. LUCIE,34952,No,Yes,Yes,06-12,100,2026,tuition_word_no_amount,,,,,,,,,,,
1164,St. Lucie,SAINT ANASTASIA CATHOLIC SCHOOL,FORT PIERCE,34947,Yes,Yes,Yes,PK-08,591,2025,no_website,,,,,,,,,,,
4034,St. Lucie,ST JAMES ACADEMY,FT. PIERCE,34982,No,No,No,09-12,800,2025,no_website,,,,,,,,,,,
2794,St. Lucie,ST. ANDREW CHRISTIAN ACADEMY,PSL,34983,Yes,No,No,PK,15,2025,not_reached,,,,,,,,,,,
1199,St. Lucie,ST. ANDREW'S EPISCOPAL ACADEMY,FORT PIERCE,34950,Yes,Yes,Yes,PK-12,408,2026,tuition_word_no_amount,,,,,,,,,,,
1240,St. Lucie,SUN GROVE MONTESSORI SCHOOL,FORT PIERCE,34982,No,Yes,Yes,PK-08,115,2025,unclear,,,,,,0,https://sungrovemontessori.org/tuition-overview/,2026-10-08,live,"age-based Montessori rates, not grade-based; not coded",
8360,St. Lucie,SUNLIGHT CHRISTIAN ACADEMY,PORT ST. LUCIE,34986,Yes,Yes,Yes,PK-06,523,2026,found,,,,,12415,0,https://sunca.org/admissions/tuition,2026-10-08,live,annual tuition for the school day; part-time and enrichment programmes excluded; year not stated; same page as school 4726,medium
4726,St. Lucie,SUNLIGHT CHRISTIAN ACADEMY UPPER SCHOOL,PSL,34986,Yes,Yes,Yes,07-11,138,2026,found,,,,,12415,0,https://sunca.org/admissions/tuition,2026-10-08,live,annual tuition for the school day at this school; part-time and enrichment programmes excluded; year not stated,medium
8466,St. Lucie,SUNRISE ACADEMY OF EXCELLENCE,FORT PIERCE,34982,Yes,Yes,Yes,PK-06,143,2025,no_website,,,,,,,,,,,
8054,St. Lucie,THE ACADEMY FL,SMYRNA,30080,No,Yes,Yes,KG-12,28,2026,found,2026-27,,,,16000,0,https://theacademyfl.org/tuition-related,2026-10-08,live,kindergarten through high school,high
6106,St. Lucie,THE CHILDREN'S GARDEN ACADEMY,PORT ST LUCIE,34953,No,Yes,Yes,PK-01,45,2026,not_attempted_no_own_domain,,,,,,,,,,,
892,St. Lucie,THE LEARNING TREE ACADEMY INC.,FORT PIERCE,34947,Yes,Yes,Yes,KG-01,5,2025,not_attempted_no_own_domain,,,,,,,,,,,
3896,St. Lucie,THE LINDSAY SCHOOL OF THE ARTS,FORT PIERCE,34948,No,Yes,Yes,06-12,29,2025,not_reached,,,,,,,,,,,
9059,St. Lucie,THE PURE ACADEMY,FORT PIERCE,34981,Yes,Yes,Yes,KG-04,214,2026,not_reached,,,,,,,,,,,
8402,St. Lucie,TREASURE COAST BAPTIST ACADEMY,FT. PIERCE,34945,Yes,Yes,Yes,PK-11,27,2026,not_reached,,,,,,,,,,,
5749,St. Lucie,WOODLANDS MONTESSORI SCHOOL NORTH,PORT ST. LUCIE,34983,No,Yes,Yes,PK-01,26,2026,not_attempted_no_own_domain,,,,,,,,,,,
8309,St. Lucie,YOUTHSERV ACADEMY INC,PORT SAINT LUCIE,34986,No,Yes,Yes,KG-12,9,2025,no_website,,,,,,,,,,,
8929,St. Lucie,ZOE LIVE CREATIVE ARTS ACADEMY INC,FORT PIERCE,34947,Yes,Yes,Yes,KG-05,27,2025,no_website,,,,,,,,,,,
7762,St. Lucie,ZOE LIVE CREATIVE ARTS ACADEMY-UPPER SCHOOL,FORT PIERCE,34947,Yes,Yes,Yes,06-10,18,2025,no_website,,,,,,,,,,,
4476,Sumter,ACADEMY OF INDEPENDENT MASTERY,BUSHNELL,33513,No,No,No,09-11,2,2025,not_reached,,,,,,,,,,,
2949,Sumter,BETTER LIFE ACADEMY - SUMTER,LEESBURG,34748,No,Yes,Yes,KG-12,108,2025,unclear,,,,,,0,https://www.betterlifeofcentralfl.com/wp-content/uploads/2024/07/Tuition-Fees-2024-2025.pdf,2026-10-08,live,2024-25 table with two unlabelled columns,
3515,Sumter,BRIGHT FUTURES EARLY LEARNING ACADEMY,WILDWOOD,34785,No,Yes,Yes,PK-KG,2,2025,not_attempted_no_own_domain,,,,,,,,,,,
5709,Sumter,Kaleidoscope Learning Center Corp,Oxford,34484,No,Yes,Yes,,0,2025,not_attempted_no_enrollment,,,,,,,,,,,
992,Suwannee,FREEDOM SCHOOL,LIVE OAK,32060,No,No,No,01-12,22,2026,no_website,,,,,,,,,,,
8689,Suwannee,FSYR DONALD RALPH COOKE SCHOOL,LIVE OAK,32064,No,Yes,Yes,06-12,36,2025,not_reached,,,,,,,,,,,
9157,Suwannee,HOLY CROSS CHRISTIAN ACADEMY INC.,LIVE OAK,32060,Yes,Yes,Yes,PK-12,212,2025,not_attempted_no_own_domain,,,,,,,,,,,
5605,Suwannee,LEARNING CENTER OF LIVE OAK INC.,LIVE OAK,32060,No,Yes,Yes,KG-11,20,2026,not_attempted_no_own_domain,,,,,,,,,,,
428,Suwannee,LONGWINGS ACADEMY INC.,MCALPIN,32062,No,Yes,Yes,PK-10,12,2025,not_attempted_no_own_domain,,,,,,,,,,,
696,Suwannee,MELODY CHRISTIAN ACADEMY,LIVE OAK,32064,Yes,Yes,Yes,PK-12,234,2025,no_website,,,,,,,,,,,
7755,Suwannee,SUWANNEE RIVER RIDGE TECHNICAL HIGH SCHOOL,LIVE OAK,32064,No,No,No,12,202,2025,not_reached,,,,,,,,,,,
755,Suwannee,TABERNACLE BAPTIST SCHOOLS,LIVE OAK,32064,Yes,Yes,Yes,KG-12,31,2026,not_attempted_no_own_domain,,,,,,,,,,,
1928,Suwannee,"Waypoint Christian Academy, Inc.",Live Oak,32064,Yes,No,No,,0,2026,not_attempted_no_enrollment,,,,,,,,,,,
934,Suwannee,WESTWOOD CHRISTIAN SCHOOL,LIVE OAK,32064,Yes,Yes,Yes,PK-12,232,2025,found,2026-27,8900,8300,8200,,0,https://wcsliveoak.com/admissions/tuition-and-scholarships,2026-10-08,live,"K-3 8,900; 4-8 8,300; 9-12 8,200; page also lists an additional tuition fee of 550 per student; year ambiguous (2026-27 and 2025-26 both appear)",medium
9765,Taylor,JERKINS LEADERSHIP ACADEMY,PERRY,32348,No,No,No,05-10,3,2025,not_attempted_no_own_domain,,,,,,,,,,,
9875,Taylor,MOUNT OLIVE CHRISTIAN ACADEMY,PERRY,32347,Yes,Yes,Yes,PK-11,25,2025,not_attempted_no_own_domain,,,,,,,,,,,
2757,Taylor,NEXT GENERATION,PERRY,32348,Yes,Yes,Yes,KG-12,53,2025,not_attempted_no_own_domain,,,,,,,,,,,
5684,Taylor,POINT OF GRACE CHRISTIAN,PERRY,32347,Yes,Yes,Yes,KG-12,334,2025,found,2024-25,8267,7621,7500,,0,https://www.pointofgracechristian.com/admissionsbc76c688,2026-10-08,live,"K-3 8,267; 4-8 7,621; 9-12 7,500; unique abilities tuition 7,300 excluded; page shows 2024-25",high
6924,Taylor,"Special Kids Academy, Inc.",PERRY,32347,Yes,Yes,Yes,PK-02,2,2025,not_attempted_no_own_domain,,,,,,,,,,,
4878,Union,LIGHT CHRISTIAN ACADEMY - UNION CAMPUS,LAKE BUTLER,32054,Yes,Yes,Yes,KG-10,26,2025,not_reached,,,,,,,,,,,
9785,Union,RAINBOW LEARNING ACADEMY,LAKE BUTLER,32054,Yes,Yes,Yes,KG-04,60,2025,not_attempted_no_own_domain,,,,,,,,,,,
6716,Volusia,360 PREP ACADEMY,NEW SMYRNA BEACH,32168,No,No,No,,0,2025,not_attempted_no_enrollment,,,,,,,,,,,
3555,Volusia,AAKC ACADEMY,ORANGE CITY,32763,No,Yes,Yes,PK-06,13,2025,no_website,,,,,,,,,,,
2288,Volusia,ABLE ACADEMICS-PORT ORANGE,PORT ORANGE,32125,No,Yes,Yes,KG-02,13,2025,tuition_word_no_amount,,,,,,,,,,,
9520,Volusia,ALPHA LEARNING ACADEMY,DELTONA,32738,Yes,Yes,Yes,KG-11,41,2025,no_website,,,,,,,,,,,
9551,Volusia,ATLANTIC BEACH ACADEMY,ORMOND BEACH,32174,No,No,No,11-12,2,2025,not_reached,,,,,,,,,,,
9420,Volusia,ATLAS ACADEMY,HOLLY HILL,32117,No,Yes,Yes,KG-12,35,2025,no_website,,,,,,,,,,,
6244,Volusia,BETHEL CHRISTIAN ACADEMY,NEW SMYRNA BEAC,32168,No,Yes,Yes,KG-10,14,2025,not_reached,,,,,,,,,,,
5976,Volusia,BLAKE CHRISTIAN ACADEMY,LAKE HELEN,32744,Yes,Yes,Yes,PK-08,144,2025,not_attempted_no_own_domain,,,,,,,,,,,
4296,Volusia,BLUE HORIZONS KNOWLEDGE ACADEMY,DAYTONA BEACH,32118,No,Yes,Yes,KG-04,11,2026,found,2026-27,,,,8000,0,https://www.bluehorizonsknowledgeacademy.com/copy-of-school-enrollment,2026-10-08,live,per year; page also mentions 2027-28,high
7617,Volusia,BLUE JAY Education Daytona LLC,DAYTONA BEACH,32118,No,Yes,Yes,KG-12,87,2025,found,,,,,13500,1,https://bluejayacademy.com/tuition-fees/,2026-10-08,live,"K-12 annual tuition range 13,500 to 15,500; lower figure recorded; year not stated",medium
8883,Volusia,BLUE JAY Education Deland LLC,DELAND,32724,No,Yes,Yes,KG-12,74,2026,found,,,,,13500,1,https://bluejayacademy.com/tuition-fees/,2026-10-08,live,"K-12 annual tuition range 13,500 to 15,500; lower figure recorded; year not stated",medium
2242,Volusia,CALVARY CHRISTIAN ACADEMY,ORMOND BEACH,32174,Yes,Yes,Yes,KG-12,387,2025,unclear,,,,,,0,,2026-10-08,live,no dollar lines found,
4817,Volusia,CASA MONTESSORI,DELAND,32720,No,Yes,Yes,PK-08,105,2026,not_attempted_no_own_domain,,,,,,,,,,,
1687,Volusia,CENTRAL CHRISTIAN ACADEMY,ORANGE CITY,32774,Yes,No,No,01-12,274,2025,not_reached,,,,,,,,,,,
7214,Volusia,CENTRAL FLORIDA ACADEMY,LAKE HELEN,32744,No,Yes,Yes,KG-12,61,2025,no_website,,,,,,,,,,,
2257,Volusia,CENTRAL FLORIDA PREPARATORY ACADEMY,LAKE HELEN,32744,No,Yes,Yes,PK-12,53,2025,tuition_word_no_amount,,,,,,,,,,,
4607,Volusia,CHABAD ESFORMES HEBREW ACADEMY,ORMOND BEACH,32174,Yes,Yes,Yes,PK-08,82,2025,no_website,,,,,,,,,,,
742,Volusia,CHAMPIONS ACADEMY,DAYTONA BEACH,32114,Yes,Yes,Yes,PK-KG,34,2026,not_reached,,,,,,,,,,,
926,Volusia,COVENANT CHRISTIAN PREPARATORY ACADEMY,SOUTH DAYTONA,32119,Yes,Yes,Yes,PK-12,91,2025,no_website,,,,,,,,,,,
9159,Volusia,CREATIVE PATHWAYS PREPARATORY ACADEMY INC.,EDGEWATER,32141,No,Yes,Yes,01-12,48,2025,not_attempted_no_own_domain,,,,,,,,,,,
9375,Volusia,DAYTONA BEACH CHRISTIAN ACADEMY,DAYTONA BEACH,32119,Yes,Yes,Yes,KG-12,344,2025,tuition_word_no_amount,,,,,,,,,,,
4257,Volusia,DELAND COLLEGE PREPARATORY ACADEMY,DELAND,32724,No,Yes,Yes,,0,2025,not_attempted_no_enrollment,,,,,,,,,,,
2416,Volusia,DELAND MONTESSORI SCHOOL,DELAND,32724,No,Yes,Yes,PK-06,115,2025,tuition_word_no_amount,,,,,,,,,,,
9362,Volusia,DELAND PREPARATORY ACADEMY,DELAND,32720,No,Yes,Yes,05-12,117,2025,found,2026-27,,7900,8300,,0,https://www.delandprep.org/academics,2026-10-08,live,"grades 5-8 7,900; 9-12 8,300; technology fee separate",high
1244,Volusia,DELTONA ADVENTIST SCHOOL,DELTONA,32738,Yes,Yes,Yes,PK-08,76,2025,network_site_only,,,,,,0,https://www.flcoe.org/,2026-10-08,live,"only the FLCOE network site was found: range 7,000-14,000 per year",
2364,Volusia,DELTONA CHRISTIAN ACADEMY,DELTONA,32725,Yes,No,No,KG-12,13,2025,not_attempted_no_own_domain,,,,,,,,,,,
4589,Volusia,DELTONA CHRISTIAN SCHOOL,DELTONA,32738,Yes,Yes,Yes,06-12,59,2025,found,2026-27,9023,9517,9929,,0,https://deltonachristianschool.org/admissions/financial-information,2026-10-08,live,"K5-5 9,023; 6-8 9,517; 9-12 9,929 (10 monthly payments); same page as school 1404",high
1404,Volusia,DELTONA CHRISTIAN SCHOOL,DELTONA,32725,Yes,Yes,Yes,PK-05,118,2025,found,2026-27,9023,9517,9929,,0,https://deltonachristianschool.org/admissions/financial-information,2026-10-08,live,"K5-5 9,023; 6-8 9,517; 9-12 9,929 (10 monthly payments); K3 excluded",high
1805,Volusia,DISCOVERY ACADEMY,EDGEWATER,32132,No,Yes,Yes,KG-08,129,2025,found,2025-26,,,,8500,0,https://www.discovery-academy.org/admissions/tuition-and-financial-aid,2026-10-08,live,tuition per year,high
8759,Volusia,DISCOVERY ACADEMY OF DELAND,DELAND,32720,Yes,Yes,Yes,KG-09,196,2025,tuition_word_no_amount,,,,,,,,,,,
7045,Volusia,DIVINE ACADEMY OF VOLUSIA COUNTY,ORANGE CITY,32763,Yes,Yes,Yes,KG-10,15,2025,not_attempted_no_own_domain,,,,,,,,,,,
5958,Volusia,DME ACADEMY,DAYTONA BEACH,32114,No,Yes,Yes,07-12,202,2025,not_reached,,,,,,,,,,,
6280,Volusia,"Dragonfly Learning Academy, CORP",HOLLY HILL,32117-1905,No,No,No,PK,21,2025,not_attempted_no_own_domain,,,,,,,,,,,
4119,Volusia,EMPOWERMENT ACADEMY,DAYTONA BEACH,32114,No,Yes,Yes,,0,2025,not_attempted_no_enrollment,,,,,,,,,,,
7618,Volusia,FAITH ACADEMY,DAYTONA BEACH,32114,Yes,Yes,Yes,KG-12,48,2026,not_attempted_no_own_domain,,,,,,,,,,,
523,Volusia,FATHER LOPEZ HIGH SCHOOL,DAYTONA  BEACH,32124,Yes,Yes,Yes,09-12,444,2026,tuition_word_no_amount,,,,,,,,,,,
699,Volusia,FIRST PRESBYTERIAN CHURCH DAY SCHOOL,DELAND,32720,Yes,Yes,Yes,PK-02,42,2025,no_website,,,,,,,,,,,
7388,Volusia,GATEWAY CHRISTIAN ACADEMY,ORANGE CITY,32763,Yes,Yes,Yes,PK-05,68,2025,tuition_word_no_amount,,,,,,,,,,,
5508,Volusia,GOOD SHEPHERD ACADEMY,DELTONA,32738,Yes,Yes,Yes,PK-08,239,2025,found,2024-25,,,,8600,0,https://gslcdeltona.com/academy/tuition-fees/,2026-10-08,live,"K-5 and 6-8 both 8,600; page shows 2024-25",high
2439,Volusia,HALIFAX ACADEMY,DAYTONA BEACH,32114,No,Yes,Yes,04-12,142,2025,not_attempted_no_own_domain,,,,,,,,,,,
4969,Volusia,Halifax Repertory Theatre,Ormond Beach,32174,No,No,No,,0,2025,not_attempted_no_enrollment,,,,,,,,,,,
360,Volusia,HIGH POINT ACADEMY,ORMOND BEACH,32174,No,Yes,Yes,,0,2025,not_attempted_no_enrollment,,,,,,,,,,,
6598,Volusia,IBUILD ACADEMY,DEBARY,32713,No,Yes,Yes,01-11,50,2025,not_reached,,,,,,,,,,,
5750,Volusia,IMAGINATION STATION TOO MONTESSORI,DAYTONA BEACH,32118,No,Yes,Yes,PK-KG,32,2025,not_attempted_no_own_domain,,,,,,,,,,,
1785,Volusia,INDIGO CHRISTIAN JR. ACADEMY,DAYTONA BEACH,32114,Yes,Yes,Yes,KG-08,74,2025,network_site_only,,,,,,0,https://www.flcoe.org/,2026-10-08,live,"only the FLCOE network site was found: range 7,000-14,000 per year",
7098,Volusia,KNIGHT'S CHRISTIAN ACADEMY,EDGEWATER,32132,Yes,Yes,Yes,KG-08,73,2026,found,,,,,8240,0,https://www.kcafl.org/tuition,2026-10-08,live,"paid monthly, semi-annually or annually; year not stated",medium
730,Volusia,LITTLE EXPLORERS MONTESSORI,EDGEWATER,32132,No,Yes,Yes,KG-03,7,2025,not_attempted_no_own_domain,,,,,,,,,,,
3259,Volusia,LIVING FAITH ACADEMY,DAYTONA BEACH,32117,Yes,Yes,Yes,KG-08,171,2025,not_attempted_no_own_domain,,,,,,,,,,,
1788,Volusia,MODERN MINDS LEARNING,ORMOND BEACH,32174,No,Yes,Yes,04-08,70,2025,found,2026-27,,,,7800,0,https://www.modernmindslearning.com/tuition,2026-10-08,live,per student; monthly 780,high
6078,Volusia,MONARCH ACADEMY,DAYTONA BEACH,32114,No,Yes,Yes,02-12,85,2025,not_reached,,,,,,,,,,,
8411,Volusia,MONTESSORI GLOBAL RESEARCH INSTITUTE,ORMOND BEACH,32174,No,Yes,Yes,PK-06,152,2025,tuition_word_no_amount,,,,,,,,,,,
2374,Volusia,MT. CALVARY ACADEMY,PORT ORANGE,32127,Yes,Yes,Yes,PK-08,105,2025,not_attempted_no_own_domain,,,,,,,,,,,
9831,Volusia,NORTH RIDGE ACADEMY LLC,DELTONA,32738,No,No,No,08,1,2025,not_reached,,,,,,,,,,,
9760,Volusia,ON TRACK SCHOOL,SOUTH DAYTONA,32119,No,No,No,01-12,86,2025,unclear,,,,,,0,https://www.ontrackschool.com/admissions/scholarships/,2026-10-08,live,scholarship information only,
816,Volusia,OUR LADY OF LOURDES CATHOLIC SCHOOL,DAYTONA BEACH FL,32118,Yes,Yes,Yes,PK-08,205,2025,unclear,,,,,,0,https://www.lourdesacademydaytona.org/admissions,2026-10-08,live,only an application fee seen,
4417,Volusia,PINNACLE CHRISTIAN ACADEMY,DAYTONA BEACH,32114,Yes,Yes,Yes,02-08,4,2025,not_attempted_no_own_domain,,,,,,,,,,,
8650,Volusia,PURPOSE ACADEMY OF FINE ARTS,SOUTH DAYTONA BEACH,32119,No,Yes,Yes,KG-12,57,2025,not_attempted_no_own_domain,,,,,,,,,,,
7766,Volusia,Radiant Minds Academy,Daytona Beach,32114,No,Yes,Yes,,0,2025,not_attempted_no_enrollment,,,,,,,,,,,
6122,Volusia,REIGN HOMESCHOOLING ACADEMY,ORMOND BEACH,32173,Yes,Yes,Yes,KG-12,78,2025,no_website,,,,,,,,,,,
9464,Volusia,RESIDING HOPE,ENTERPRISE,32725,No,Yes,Yes,PK-08,93,2025,not_reached,,,,,,,,,,,
3597,Volusia,RIVERBEND ACADEMY,ORMOND BEACH,32174,Yes,Yes,Yes,PK-12,307,2025,not_reached,,,,,,,,,,,
876,Volusia,SACRED HEART,NEW SMYRNA BEACH,32168,Yes,Yes,Yes,PK-08,267,2025,no_website,,,,,,,,,,,
936,Volusia,SAINT BARNABAS EPISCOPAL SCHOOL,DELAND,32720,Yes,Yes,Yes,PK-08,371,2025,found,,,,,12710,0,https://sbesyes.org/tuition-rates/,2026-10-08,live,"K-8 monthly tuition 1,271 on a 10-month plan, annual derived as x10; year not stated",medium
2759,Volusia,SAINT BRENDAN CATHOLIC SCHOOL,ORMOND BEACH,32176,Yes,Yes,Yes,PK-08,225,2025,tuition_word_no_amount,,,,,,,,,,,
1056,Volusia,SAINT PAUL CATHOLIC SCHOOL,DAYTONA BEACH,32114,Yes,Yes,Yes,PK-08,197,2025,tuition_word_no_amount,,,,,,,,,,,
1096,Volusia,SAINT PETERS CATHOLIC SCHOOL,DELAND,32720,Yes,Yes,Yes,PK-08,234,2025,found,2026-27,,,,9650,0,https://stpeter-deland.org/__static/jdj5jdewjfe5dfvmyjzhufruwxnja0jp/tuition_sheets_2026-2027_K-8(2).pdf,2026-10-08,live,K-8; fees separate,high
2969,Volusia,SCHOLA CLASSICAL ACADEMY,NEW SMYRNA BEACH,32168,No,No,No,11,1,2025,not_attempted_no_own_domain,,,,,,,,,,,
4098,Volusia,Shield Christian Academy,DELTONA,32738,Yes,No,No,KG-12,60,2025,not_reached,,,,,,,,,,,
7389,Volusia,SPACE COAST CHRISTIAN ACADEMY,NEW SMYRNA BEACH,32168,Yes,Yes,Yes,KG-12,21,2025,not_reached,,,,,,,,,,,
2116,Volusia,STEAM STATION,OAK HILL,32759,No,No,No,PK-03,21,2025,no_website,,,,,,,,,,,
1666,Volusia,STETSON BAPTIST CHRISTIAN SCHOOL,DELAND,32720,Yes,Yes,Yes,PK-08,247,2026,found,,,,,9850,0,https://www.sbcsed.org/tuition-fees,2026-10-08,live,yearly tuition for the main program; preschool day rates excluded; year ambiguous (2026-27 and 2027-28),medium
8684,Volusia,SUNRISE ACADEMY,ORANGE CITY,32763,No,Yes,Yes,PK-12,320,2026,found,2026-27,6950,7350,7550,,0,https://34403c0d-8b5a-4ea0-9eae-5c680a52b951.filesusr.com/ugd/9385ea_2dccd188c3074b8b8dcfcac236b6f705.pdf,2026-10-08,live,"K-5 6,950; 6-8 7,350; 9-12 7,550; PK excluded; fees separate",high
3774,Volusia,SUNRISE ACADEMY FOUNDATION INC,ORANGE CITY,32763,No,No,No,,0,2025,not_attempted_no_enrollment,,,,,,,,,,,
5624,Volusia,SUNSHINE STATE ACADEMY K-12,DELTONA,32738,No,No,No,KG-12,214,2025,not_attempted_no_own_domain,,,,,,,,,,,
7292,Volusia,T.O.P ACADEMY,DELAND,32720,Yes,Yes,Yes,KG-08,15,2025,not_attempted_no_own_domain,,,,,,,,,,,
5482,Volusia,TEMPLE BETH-EL SCHOOL,ORMOND BEACH,32174,No,Yes,Yes,PK-05,132,2025,not_reached,,,,,,,,,,,
2693,Volusia,THE CHASE ACADEMY,DAYTONA BEACH,32119,No,Yes,Yes,PK-12,73,2025,found,2026-27,12000,12000,12000,,0,https://www.tcaofvolusia.org/_files/ugd/f9317c_d2dbaf70a7e2434f9d8d35f0b1d83b6d.pdf,2026-10-08,live,"academic program rates; special programs 9,000-16,000 and pre-K excluded",high
3566,Volusia,THE CHILDREN'S HOUSE OF ORMOND BEACH,ORMOND BEACH,32174,No,Yes,Yes,PK-05,93,2026,not_attempted_no_own_domain,,,,,,,,,,,
5444,Volusia,TLC KIDS CARE,PORT ORANGE,32128,Yes,Yes,Yes,KG-01,30,2025,not_reached,,,,,,,,,,,
1563,Volusia,TRINITY CHRISTIAN ACADEMY,DELTONA,32725,Yes,Yes,Yes,PK-12,709,2025,not_reached,,,,,,,,,,,
6640,Volusia,UPWARD TREND ACADEMY,NEW SMYRNA BEACH,32168,No,Yes,Yes,KG-10,64,2025,not_reached,,,,,,,,,,,
1305,Volusia,WARNER CHRISTIAN ACADEMY,SOUTH DAYTONA,32119,Yes,Yes,Yes,PK-12,379,2025,unclear,,,,,,0,https://www.wcaeagles.org/admissions/scholarships.cfm,2026-10-08,live,scholarship information only,
1713,Volusia,WISE INDEPENDENT PRIVATE SCHOOL SYSTEM,DAYTONA BEACH,32127,No,No,No,02-11,10,2025,tuition_word_no_amount,,,,,,,,,,,
8856,Volusia,ZAMZAM KNOWLEDGE ACADEMY,PORT ORANGE,32127,Yes,Yes,Yes,PK-05,47,2025,found,2025-26,,,,8500,0,https://www.zamzamacademyfl.com/admissions/tuition-and-fees,2026-10-08,live,"8,500 a year without scholarship for the main schedule; page shows 2025-26",high
2652,Wakulla,SAVARY ACADEMY FOR VIRTUAL EDUCATION SAVE,CRAWFORDVILLE,32327,No,Yes,Yes,06-12,17,2025,not_reached,,,,,,,,,,,
4892,Wakulla,WAKULLA CHRISTIAN SCHOOL,CRAWFORDVILLE,32327,Yes,Yes,Yes,PK-12,205,2025,found,2026-27,9732,9864,9960,,0,https://img1.wsimg.com/blobby/go/4caa9cae-179e-4544-ac53-0bff958f40ff/tuition%20and%20fees%2026-27%20rev.%207-1-26.pdf,2026-10-08,live,"K-5 9,732; 6-8 9,864; 9-12 9,960 (full tuition before scholarship); preschool and VPK excluded",high
6312,Walton,30A LEARNING ACADEMY,SANTA ROSA BEACH,32459,No,Yes,Yes,,0,2025,not_attempted_no_enrollment,,,,,,,,,,,
1925,Walton,COMPASS ROSE ACADEMY INC,SANTA ROSA BEACH,32459,No,Yes,Yes,PK-07,64,2025,not_attempted_no_own_domain,,,,,,,,,,,
2582,Walton,DEFUNIAK SPRING MONTESSORI SCHOOL,DEFUNIAK SPRINGS,32435,No,Yes,Yes,KG,1,2025,not_attempted_no_own_domain,,,,,,,,,,,
607,Walton,FIRST CHRISTIAN ACADEMY,DEFUNIAK SPRINGS,32435,Yes,Yes,Yes,KG-05,66,2025,found,2026-27,,,,9800,0,https://www.fcadefuniak.com/admissions/tuition.cfm,2026-10-08,live,annual tuition; 100 discount for annual payment,high
4910,Walton,GATEWAY ACADEMY,MIRAMAR BEACH,32550,Yes,Yes,Yes,PK-08,365,2026,no_website,,,,,,,,,,,
4630,Walton,GROW WITH US LEARNING ACADEMY IX,Fort Walton Beach,32548,No,Yes,Yes,KG,6,2026,no_website,,,,,,,,,,,
6465,Walton,LES PETITS PREP SCHOOL,SANTA ROSA BEACH,32459,No,No,No,PK-KG,8,2025,not_attempted_no_own_domain,,,,,,,,,,,
2617,Walton,LIFEWORKS ACADEMY,DEFUNIAK SPRING,32433,Yes,No,No,,0,2025,not_attempted_no_enrollment,,,,,,,,,,,
1956,Walton,MISS SOUTHERN BELLE,DEFUNIAK SPRING,32435,No,No,No,KG-03,3,2026,not_attempted_no_own_domain,,,,,,,,,,,
6445,Walton,OHANA INSTITUTE,INLET BEACH,32461,No,Yes,Yes,KG-12,201,2025,found,2025-26,,,,21500,0,https://ohanainstitute.org/admissions/,2026-10-08,live,annual tuition; page mentions the June 2025 to May 2026 payment schedule,medium
9647,Walton,PLEASANT RIDGE CHRISTIAN ACADEMY,DEFUNIAK SPRING,32435,Yes,Yes,Yes,06-08,25,2025,unclear,,,,,,0,https://www.prcacademy.org/scholarships-tuition,2026-10-08,live,scholarship information only,
8476,Walton,SOUTH WALTON ACADEMY,SANTA ROSA BEACH,32459,No,Yes,Yes,PK-12,95,2025,not_attempted_no_own_domain,,,,,,,,,,,
4636,Walton,SOUTH WALTON MONTESSORI ACADEMY,SANTA ROSA BEACH,32459,No,Yes,Yes,PK-08,74,2025,not_attempted_no_own_domain,,,,,,,,,,,
290,Walton,THE NATURE SCHOOL,SANTA ROSA BEACH,32459,No,Yes,Yes,KG-05,55,2026,found,,,,,15250,0,https://www.natureschool.rocks/shop,2026-10-08,live,"two semester payments of 7,625; prepaying the year is 14,487.50 (5% off); monthly 1,525; year not stated",medium
8480,Walton,THE TREE HOUSE EPISCOPAL MONTESSORI SCHOOL,SANTA ROSA BEACH,32459,Yes,Yes,Yes,PK-KG,79,2025,found,2026-27,12750,,,,0,https://thetreehousectk.org/admissions/tuition/,2026-10-08,live,row for 5-year-olds 8:00-2:30; other levels not seen,medium
5279,Walton,WESTONWOOD RANCH,FREEPORT,32439,No,Yes,Yes,06-12,21,2025,not_attempted_no_own_domain,,,,,,,,,,,
5680,Washington,GRACE AND GLORY CHRISTIAN SCHOOL,CHIPLEY,32428,Yes,Yes,Yes,03-12,166,2025,not_attempted_no_own_domain,,,,,,,,,,,
9788,Washington,GRACE GLORY CHRISTIAN SCHOOL 2,CHIPLEY,32428,Yes,Yes,Yes,PK-02,88,2025,not_attempted_no_own_domain,,,,,,,,,,,
5718,Washington,HWY 77 MINISTRIES INC.,CHIPLEY,32428,Yes,Yes,Yes,05-10,2,2025,not_attempted_no_own_domain,,,,,,,,,,,
3546,Washington,TRI COUNTY CHRISTIAN SCHOOL,CHIPLEY,32428,Yes,Yes,Yes,KG,3,2025,not_attempted_no_own_domain,,,,,,,,,,,
4584,Washington,WASHINGTON COUNTY CHRISTIAN SCHOOL,CHIPLEY,32428,Yes,Yes,Yes,PK-12,207,2025,not_attempted_no_own_domain,,,,,,,,,,,
