school_code,school_name,tuition_status,website_found_by,website,tuition_source_url,source_type,tuition_year,coding_batch
2316,BHAKTIVEDANTA ACADEMY,found,email_domain,,https://www.bhaktischool.org/admissions/tuition-fees,live,2026-27,batch_008.txt
4716,BRADFORD GLOBAL EDUCATION,not_reached,email_domain,,,,,
4,BRENTWOOD SCHOOL,unclear,email_domain,,https://www.gobrentwoodschool.com/admissions,live,,batch_001.txt
3275,CORNERSTONE ACADEMY,not_reached,name_guess,https://cornerstoneacademy.school/,,,,
5305,FIRST CHRISTIAN ACADEMY,not_reached,email_domain,,,,,
1564,FLOWERS MONTESSORI SCHOOL,found,name_guess,https://www.flowersmontessori.com/,https://www.flowersmontessori.com/admission,live,2026-20,batch_021.txt
234,FRAZER SCHOOL,found,email_domain,,https://frazerschool.org/tuition-and-fees,live,2026-27,batch_001.txt
5968,GAINESVILLE CHRISTIAN PREPARATORY SCHOOL,tuition_word_no_amount,email_domain,,,,,
1924,GAINESVILLE COUNTRY DAY SCHOOL,not_reached,name_guess,https://www.gainesvilleacademy.net/,,,,
5584,Greenfield Preschool East,not_reached,email_domain,,,,,
2365,HIGH-CLASS EDUCATED ROLE MODELS ACADEMY,unclear,email_domain,,https://theeheracademy.org/,live,,batch_008.txt
1138,JORDAN GLEN SCHOOL INC.,found,email_domain,,https://www.jordanglen.org/tuition-fees/,live,2026-27,batch_003.txt
9271,LANIAKEA MONTESSORI SCHOOL,found,email_domain,,https://www.laniakeamontessori.com/tuition-fees/,live,2026-27,batch_019.txt
3655,LIVING SPRINGS ACADEMY,network_site_only,email_domain,,https://www.flcoe.org/,live,,batch_011.txt
1204,MILLHOPPER MONTESSORI SCHOOL,tuition_word_no_amount,email_domain,,,,,
7475,MORNING MEADOW,unclear,name_guess,https://morningmeadow.com/,https://morningmeadow.com/admissions/tuition-and-fees/,live,,batch_022.txt
1275,OAK HALL SCHOOL,found,email_domain,,https://www.oakhall.org/admissions/tuition-and-financial-assistance/,live,2026-27,batch_004.txt
3664,ONE ROOM ACADEMY,not_reached,email_domain,,,,,
5566,PASSAGE CHRISTIAN ACADEMY,tuition_word_no_amount,email_domain,,,,,
7970,PERSIMMON EARLY LEARNING ACADEMY LLC,found,email_domain,,https://www.persimmonela.com/tuition-fees,live,2026-27,batch_017.txt
4387,PERSIMMON ELEMENTARY,found,email_domain,,https://www.persimmonela.com/tuition-fees,live,2026-27,batch_012.txt
4458,SAINT FRANCIS CATHOLIC HIGH SCHOOL,not_reached,email_domain,,,,,
45,THE ROCK SCHOOL,unclear,email_domain,,https://therock.school/getting-started/tuition-financial-aid/,live,,batch_001.txt
2,TRILOGY SCHOOL OF LEARNING ALTERNATIVE,not_reached,email_domain,,,,,
8307,WESTSIDE CHRISTIAN SCHOOL INC.,not_reached,email_domain,,,,,
4237,WINDSOR CHRISTIAN ACADEMY,tuition_word_no_amount,email_domain,,,,,
5369,BACOT ACADEMY INC,unclear,name_guess,https://bacotacademy.org/,https://bacotacademy.org/admissions/,live,,batch_022.txt
9403,GATEWAY CHRISTIAN ACADEMY INC,found,name_guess,https://gatewaychristianacademy.org/,,live,2025-26,batch_025.txt
7604,GENESIS COMMUNITY SCHOOL,not_reached,email_domain,,,,,
5173,Hiland Park Christian Academy,not_reached,email_domain,,,,,
704,HOLY NATIVITY EPISCOPAL SCHOOL,found,email_domain,,https://www.hnes.us/admissions/tuition-and-affordability.cfm,live,2026-27,batch_002.txt
4713,KALEIDOSCOPE SCHOOL OF DISCOVERY,unclear,email_domain,,https://ksod.org/tuition-information,live,,batch_012.txt
1406,PANAMA CITY ADVANCED SCHOOL,found,email_domain,,https://pcasfl.org/tuition-and-fees-1,live,2026-27,batch_005.txt
5759,PANAMA CITY TRILINGUAL SCHOOL,tuition_word_no_amount,email_domain,,,,,
3,SAINT ANDREWS BAY STEM ACADEMY INC,blocked,email_domain,,,,,
6769,SQUARE PEGS LEARNING CENTER,not_reached,email_domain,,,,,
939,ST. JOHN CATHOLIC ACADEMY,not_reached,email_domain,,,,,
9431,THE NORTHWEST FLORIDA ACADEMY,found,email_domain,,https://www.nwfacademy.org/student-life,live,,batch_019.txt
4658,ALDERWOOD ACADEMY,not_reached,email_domain,,,,,
4320,NORTHSIDE CHRISTIAN ACADEMY,not_reached,email_domain,,,,,
8907,ABLE ACADEMICS,tuition_word_no_amount,email_domain,,,,,
2842,ACADEMIC COMMUNITY ENRICHMENT,found,email_domain,,https://ace321.org/tuition-and-fees/,live,2026-27,batch_009.txt
4471,ANCHOR ACADEMIC CENTER OF EXCELLENCE,not_reached,email_domain,,,,,
354,ASCENSION CATHOLIC SCHOOL,found,email_domain,,https://static1.squarespace.com/static/673f48458b7cdd31e1faf6af/t/69fccd7444f84742f9b6ed8c/1778175348832/Tuition+and+Fees+2026-2027.pdf,live,2026-27,batch_001.txt
6214,BANANA RIVER BAPTIST ACADEMY,found,name_guess,https://www.bananariverbaptistacademy.com/,https://www.bananariverbaptistacademy.com/services-4,live,,batch_022.txt
1694,BEACHSIDE MONTESSORI SCHOOL,unclear,email_domain,,https://ihmontessori.com/wp-content/uploads/2024/08/Private-Scholarship-Flyer-2024-25-EN-Digital.pdf,live,,batch_006.txt
6840,BEHAVIOR EDUCATION CENTER,no_website,name_guess,https://behavioreducationcenter.org/,,,,
1533,BETHANY CHRISTIAN SCHOOL,found,email_domain,,https://bcsmelbourne.com/wp-content/uploads/2026/03/Final-MC-Fee-Schedule-2026-27.pdf,live,2026-27,batch_005.txt
9109,BREAD OF LIFE CHRISTIAN ACADEMY CORP.,not_reached,email_domain,,,,,
6064,BREVARD ACADEMY INC.,found,email_domain,,https://brevard.academy/tuition/,live,,batch_015.txt
3377,BREVARD CHRISTIAN EARLY INTERVENTION CENTER,not_reached,email_domain,,,,,
3415,BREVARD PRIVATE ACADEMY,tuition_word_no_amount,name_guess,https://brevardprivateacademy.com/,,,,
6978,BRIGHT HORIZONS ACADEMY,tuition_word_no_amount,email_domain,,,,,
4295,CALVARY CHAPEL ACADEMY,found,email_domain,,https://www.calvarycca.com/admissions/tuition-and-fees,live,2026-27,batch_012.txt
7508,COASTAL COMMUNITY SCHOOL,found,email_domain,,https://www.coastalcommunityschool.com/admissions/tuition-fees.cfm,live,2026-27,batch_017.txt
1765,COCOA ADVENTIST CHRISTIAN SCHOOL,unclear,name_guess,https://cocoaadventist.org/,https://cocoaadventist.org/,live,,batch_021.txt
3708,CREATIVE LEARNING,not_reached,email_domain,,,,,
28,DEVEREUX SCHOOL OF VIERA,not_reached,email_domain,,,,,
8396,EASTWIND CHRISTIAN ACADEMY,found,name_guess,https://eastwindchristianacademy.com/,https://eastwindchristianacademy.com/fees-tuition/,live,2025-26,batch_022.txt
7560,EDUCATORS INC PRIVATE CHRISTIAN SCHOOL,unclear,email_domain,,https://www.educatorsinc.org/k-12th-virtual-homeschool-fees,live,,batch_017.txt
4767,EINSTEIN MONTESSORI ACADEMY,not_reached,name_guess,https://emaschool.org/,,,,
573,FAITH FELLOWSHIP ACADEMY,not_reached,email_domain,,,,,
880,FLORIDA PREPARATORY ACADEMY - MELBOURNE,unclear,email_domain,,https://www.flprep.com/admissions/tuition-and-fees.cfm,live,,batch_003.txt
8538,GREAT LEAPS ACADEMY,unclear,email_domain,,https://greatleapsacademy.org/enrollment/,live,,batch_018.txt
942,HOLY NAME OF JESUS CATHOLIC SCHOOL,not_reached,email_domain,,,,,
997,HOLY TRINITY EPISCOPAL ACADEMY,found,web_search,https://www.htacademy.org/,https://www.htacademy.org/admission/tuition-and-affordability/tuition-rates,live,2026-27,batch_029.txt
8715,IRC CHRISTIAN ACADEMY,not_reached,email_domain,,,,,
788,KINGDOM TECH ACADEMY,found,email_domain,,https://kingdomtechacademy.com/admissions/,live,,batch_002.txt
7570,LAKE FERN MONTESSORI ACADEMY,not_reached,name_guess,https://lakefernmontessoriacademy.com/,,,,
5876,LEARNING ACHIEVEMENT ACADEMY,tuition_word_no_amount,email_domain,,,,,
9534,LEARNING FORWARD EDUCATION,unclear,email_domain,,https://www.lfecenter.com/admissions/tuition-financial-aid,live,,batch_020.txt
6866,LIFE CHANGERS CHRISTIAN ACADEMY,not_reached,email_domain,,,,,
4977,LOVE CENTER CHRISTIAN ACADEMY,not_reached,name_guess,https://lovecenterchristianacademy.net/,,,,
706,MELBOURNE CENTRAL CATHOLIC HIGH SCHOOL,found,email_domain,,https://www.melbournecc.org/admissions/affording-mcc,live,2026-27,batch_002.txt
36,MERRITT ISLAND CHRISTIAN SCHOOL,found,email_domain,,https://micscougars.com/wp-content/uploads/2026/01/Schedule-of-Tuition-and-Fees-2026-2027-New-Students-Website.pdf,live,2026-27,batch_001.txt
4618,NATURE'S SCHOOLHOUSE OF BREVARD LLC,tuition_word_no_amount,email_domain,,,,,
4585,NEW HOPE LUTHERAN ACADEMY,found,email_domain,,https://www.schoolmelbourne.com/admissions,live,2026-27,batch_012.txt
4686,NEW LIFE ACADEMY,not_reached,email_domain,,,,,
598,NO LIMITS ACADEMY INC.,not_reached,email_domain,,,,,
1172,OUR LADY OF LOURDES,found,email_domain,,https://static1.squarespace.com/static/5fb841b18837586f7ab48471/t/6a97428a15edb90992dd1723/1788297866467/Tuition+and+Fee+Schedule+2026-2027.pdf,live,2026-27,batch_003.txt
1206,OUR SAVIOUR'S SCHOOL,found,email_domain,,https://osc-fl.client.factsmgt.com/oa/client_files/osc-fl/uploads_enroll/26-27/26-27-Tuition-OSCS.pdf,live,2026-27,batch_004.txt
5158,PALM BAY SDA SCHOOL AND EARLY CHILDHOOD CEN,not_reached,email_domain,,,,,
7164,PALOMA ACADEMY,unclear,email_domain,,https://palomaacademy.org/admissions,live,,batch_016.txt
4593,PARK AVENUE CHRISTIAN ACADEMY,found,email_domain,,https://www.pacafl.org/page/Tuition-Fees/130755/Index.html,live,2026-27,batch_012.txt
8046,PUZZLE BOX ACADEMY,unclear,email_domain,,https://www.puzzleboxacademy.com/tuition-rates/,live,,batch_017.txt
4890,PUZZLE BOX ACADEMY 2,not_reached,email_domain,,,,,
8173,PUZZLE BOX ACADEMY 3,unclear,email_domain,,https://www.puzzleboxacademy.com/tuition-rates/,live,,batch_017.txt
1642,ROCKLEDGE CHRISTIAN SCHOOL,found,email_domain,,https://rcswarriors.org/admissions/tuition-and-fees/,live,,batch_006.txt
645,Roots and Reins Academy,blocked,email_domain,,,,,
1246,SAINT JOSEPH CATHOLIC SCHOOL,not_reached,email_domain,,,,,
1277,SAINT MARK'S EPISCOPAL ACADEMY,found,email_domain,,,live,2026-27,batch_023.txt
1307,SAINT MARYS CATHOLIC SCHOOL,unclear,email_domain,,,live,,batch_004.txt
7902,SAINT PAUL'S CLASSICAL SCHOOL,not_reached,email_domain,,,,,
1342,SAINT TERESA CATHOLIC SCHOOL,found,email_domain,,https://www.stteresa-titusville.org/tuition-scholarship,live,2026-27,batch_004.txt
4563,SATC COMMUNICATION CULTIVATION ACADEMY INC,not_reached,email_domain,,,,,
7989,SPACE COAST DISCOVERY,unclear,email_domain,,https://spacecoastdiscovery.org/wp-content/uploads/2026/06/Space-Coast-Discovery-Tuition-2026-2027.pdf,live,,batch_017.txt
2566,SUNTREE UNITED METHODIST WEEKDAY SCHOOL,not_reached,email_domain,,,,,
2270,TEMPLE CHRISTIAN SCHOOL,tuition_word_no_amount,email_domain,,,,,
2863,THE GODDARD SCHOOL OF VIERA,tuition_word_no_amount,email_domain,,,,,
2438,THE KINGDOM ACADEMY,not_reached,email_domain,,,,,
8302,THE PILLAR OF HOPE ACADEMY,unclear,email_domain,,,live,,batch_018.txt
8771,THE VERDI ECOSCHOOL,unclear,email_domain,,https://www.verdiecoschool.org/pricing-plans/monthlygift,live,,batch_028.txt
7884,TITUSVILLE CHRISTIAN PREPARATORY SCHOOL,tuition_word_no_amount,email_domain,,,,,
1376,TRINITY LUTHERAN SCHOOL,unclear,email_domain,,https://www.trinity-rockledge.org/financial-aid,live,,batch_005.txt
5147,Viera Country Day School,not_reached,email_domain,,,,,
9612,VITA PREPARATORY ACADEMY,tuition_word_no_amount,email_domain,,,,,
8967,VOYAGER ACADEMY INC.,blocked,email_domain,,,,,
2606,WADE CHRISTIAN ACADEMY,not_reached,email_domain,,,,,
5691,WAVECREST ACADEMY,not_reached,name_guess,https://www.wavecrestacademy.org/,,,,
4106,A E F - LOWER SCHOOL,tuition_word_no_amount,email_domain,,,,,
5447,A E F HIGH SCHOOL,tuition_word_no_amount,email_domain,,,,,
7247,A E F- WESTHAM,tuition_word_no_amount,email_domain,,,,,
1832,ABC WORKSHOP PRESCHOOL INC,not_reached,email_domain,,,,,
2255,ABUNDANT LIFE CHRISTIAN ACADEMY,tuition_word_no_amount,email_domain,,,,,
2312,ACTON ACADEMY FORT LAUDERDALE,found,email_domain,,https://www.actonacademyfl.com/school-calendar-fees-ethics-handbook,live,2026-27,batch_023.txt
3414,ALAZHAR SCHOOL,not_reached,email_domain,,,,,
6946,ALL SAINTS CATHOLIC SCHOOL,found,name_guess_ext,https://allsaintscatholicschool.net/,https://allsaintscatholicschool.net/tuition-elementary-middle/,live,2026-27,batch_030.txt
9549,AMAZING ACHIEVERS ACADEMY LLC.,no_website,name_guess,https://amazingachieversacademy.com/,,,,
1060,AMERICAN HERITAGE SCHOOL OF PLANTATION,tuition_word_no_amount,email_domain,,,,,
5567,AMERICAN HIGH SCHOOL,tuition_word_no_amount,email_domain,,,,,
9393,AMERICAN K12 SCHOOL,tuition_word_no_amount,email_domain,,,,,
5893,American School of Excellence,tuition_word_no_amount,email_domain,,,,,
4972,ANN STORCK CENTER,not_reached,email_domain,,,,,
1207,ANNUNCIATION SCHOOL,unclear,email_domain,,,live,,batch_004.txt
2333,APPLE TREE MONTESSORI SCHOOL INC.,not_reached,email_domain,,,,,
1767,ARCHBISHOP EDWARD A. MCCARTHY HIGH SCHOOL,found,email_domain,,https://www.mccarthyhigh.org/admissions/,live,,batch_006.txt
1367,AUKELA UNIQUE AND DISTINGUISHED SCHOLARS,tuition_word_no_amount,email_domain,,,,,
7890,BALDWIN ACADEMY PREPARATORY SCHOOL II,not_reached,email_domain,,,,,
1377,BEACON HILL SCHOOL INC,unclear,email_domain,,https://beaconhillmiami.com/wp-content/uploads/2026/08/Admission-Application_v5.pdf,live,,batch_005.txt
138,BEN PORAT YOSEF YITCHOK INC,unclear,name_guess,https://www.bpyyfl.org/,https://www.bpyyfl.org/apps/pages/?type=d&uREC_ID=545049&pREC_ID=1047175,live,,batch_021.txt
263,BETHANY CHRISTIAN SCHOOL,unclear,email_domain,,https://bcsftl.org/tuition,live,,batch_001.txt
2377,BRIGHTSEED ACADEMY OF LEARNING,tuition_word_no_amount,email_domain,,,,,
6470,BROWARD CHILDREN'S CENTER INC,not_reached,email_domain,,,,,
6471,BROWARD CHILDREN'S CENTER INC.,not_reached,email_domain,,,,,
5102,BROWARD CHRISTIAN ACADEMY,unclear,email_domain,,,live,,batch_013.txt
2664,BROWARD JUNIOR ACADEMY,found,email_domain,,https://www.bjaeagles.org/private-school-tuition,live,,batch_009.txt
5902,C.G. SMITH ACADEMY - EAST,not_reached,email_domain,,,,,
3283,CALVARY CHRISTIAN ACADEMY,unclear,email_domain,,https://fortlauderdale.ccaeagles.org/admissions/tuition-fees,live,,batch_028.txt
4769,CALVARY CHRISTIAN ACADEMY HOLLYWOOD,unclear,email_domain,,https://fortlauderdale.ccaeagles.org/admissions/tuition-fees,live,,batch_028.txt
4804,CAMBRIDGE INTERNATIONAL ACADEMY,tuition_word_no_amount,email_domain,,,,,
167,CARDINAL GIBBONS HIGH SCHOOL,found,email_domain,,https://www.cghsfl.org/admissions/tuition-financial-aid,live,2026-27,batch_001.txt
4344,CENTER ACADEMY-CORAL SPRINGS,tuition_word_no_amount,email_domain,,,,,
1278,CHAMINADE-MADONNA COLLEGE PREPARATORY,found,email_domain,,https://www.cmlions.org/admissions/tuition-and-financial-aid,live,2026-27,batch_004.txt
1690,CHRIST CHURCH SCHOOL,found,email_domain,,https://ccsfl.org/admissions/tuition-fees,live,,batch_006.txt
7935,CHRISTIAN LIFE ACADEMY,found,email_domain,,https://static1.squarespace.com/static/5c8bd87fca525b0b0d9a6df1/t/6a46ba2a6a938e3aba56698c/1783020074868/CLA+2026-2027+TUITION+%26+FEES.pdf,live,2026-27,batch_023.txt
9427,CLEVER OAKS ACADEMY,found,email_domain,,,live,,batch_027.txt
9740,COLLEGE ACADEMY AT SOUTH FLORIDA BIBLE COLLEGE,unclear,email_domain,,https://sfbc.edu/tuition/,live,,batch_020.txt
8283,COLOSSAL ACADEMY,not_reached,email_domain,,,,,
9184,COMPASS OUTREACH AND EDUCATION CENTER,not_reached,email_domain,,,,,
3228,CONTINENTAL ACADEMY,unclear,name_guess,https://continentalacademy.com/,https://continentalacademy.com/apply-now/,live,,batch_021.txt
5068,CORAL SPRINGS MONTESSORI SCHOOL,not_reached,email_domain,,,,,
613,CORAL SPRINGS PRESCHOOL,not_reached,name_guess,https://www.coralspringspreschool.org/,,,,
7355,Daisy's Academy,not_reached,email_domain,,,,,
2125,DAVID POSNACK JEWISH DAY SCHOOL,not_reached,email_domain,,,,,
8272,DAVIE CHRISTIAN SCHOOL,unclear,name_guess,https://davieacademy.com/,https://davieacademy.com/tuition-fees/,live,,batch_022.txt
7350,DELMAR ARTS ACADEMY,tuition_word_no_amount,email_domain,,,,,
3093,DELMAR ARTS ACADEMY AT THE Y,tuition_word_no_amount,email_domain,,,,,
7344,DICKENS SANOMI ACADEMY,found,email_domain,,https://www.dickenssanomiacademy.org/admissions/tuition---fees.cfm,live,2024-25,batch_016.txt
4782,DIVINE ACADEMY INTERNATIONAL INC.,not_reached,email_domain,,,,,
3168,DOWNTOWN CHRISTIAN ACADEMY,found,email_domain,,https://www.downtownchristianacademy.com/tutition,live,,batch_010.txt
8985,ECOKIDS BILINGUAL PRESCHOOLS,not_reached,name_guess,https://www.ecokidsbilingualpreschools.com/,,,,
5348,Elev8 School #2,tuition_word_no_amount,email_domain,,,,,
9111,Elev8 School #7,not_reached,email_domain,,,,,
565,Empowered Preparatory School,tuition_word_no_amount,email_domain,,,,,
2625,EXCELSIOR INTERNATIONAL ACADEMY,not_reached,email_domain,,,,,
170,FAITH BAPTIST ACADEMY,not_reached,email_domain,,,,,
8908,FIDELIS ACADEMY,found,email_domain,,https://fidelislearning.com/tuition-fee/,live,2025-26,batch_019.txt
7663,FIG TREE MONTESSORI,found,email_domain,,https://www.figtreemontessori.org/admissions-tuition/tuition-information/,live,2026-27,batch_017.txt
6557,FIRST BAPTIST ACADEMY,found,email_domain,,https://www.myfbalions.com/tuition-financial-assistance,live,2026-27,batch_025.txt
6117,FIRST PRESBYTERIAN LEARNING CENTER,not_reached,email_domain,,,,,
9479,FIRST STEPS INTERNATIONAL ACADEMY,not_reached,email_domain,,,,,
3342,FIRST UNITED METHODIST CHURCH SCHOOL,not_reached,email_domain,,,,,
9277,FLEX LEARNING ACADEMY,found,name_guess,https://flexlearningacademy.com/,https://flexlearningacademy.com/admissions/,live,2025-26,batch_022.txt
1329,FORTIS ACADEMY,found,email_domain,,https://fidelislearning.com/tuition-fee/,live,2025-26,batch_004.txt
8475,FOUNDATION MONTESSORI LLC,not_reached,email_domain,,,,,
1806,FT. LAUDERDALE PREPARATORY SCHOOL,not_reached,email_domain,,,,,
297,FUNDAMENTAL LIFE SKILLS CENTER,not_reached,email_domain,,,,,
1726,FUSION ACADEMY PEMBROKE PINES,unclear,email_domain,,https://www.fusionacademy.com/campuses/alexandria/tuition/,live,,batch_006.txt
3866,GLADES CHRISTIAN ACADEMY,found,email_domain,,https://static1.squarespace.com/static/5ef54ea61250a85af34203a7/t/6a96f52f6127082d0f3da713/1788278063498/Rates+2026-+August+Update+%281%29.pdf,live,2026-27,batch_025.txt
8023,GRACE PLACE SCHOOL,found,email_domain,,https://static1.squarespace.com/static/67ad0a9974a99453eba7e3ce/t/68221b6e0a58687560fa2280/1747065710498/Grace+Place+School_Fee+Schedule.pdf,live,2023-24,batch_017.txt
7425,GREEN CHILDREN'S HOUSE MONTESSORI SCHOOL,not_reached,email_domain,,,,,
5657,GTG Ft.Lauderdale/Lauderhill Learning Center,not_reached,email_domain,,,,,
9489,GUIDEPOST MONTESSORI AT HOLLYWOOD BEACH,unclear,email_domain,,https://guidepostmontessori.com/admissions/,live,,batch_019.txt
6335,HALLANDALE HOUSE OF LEARNING,not_reached,email_domain,,,,,
4345,HARVARD ACADEMY,not_reached,email_domain,,,,,
5232,HARVARD INTERNATIONAL ACADEMY,tuition_word_no_amount,email_domain,,,,,
1534,HEBREW ACADEMY COMMUNITY SCHOOL,found,email_domain,,https://hebrewacademy.org/wp-content/uploads/2026/04/Tution-Schedule-26-27.pdf,live,2026-27,batch_005.txt
6998,HI TECH KIDZ KOLLEGE,found,email_domain,,https://mybrightonacademy.com/wp-content/uploads/2023/09/school-tuition.pdf,live,2023-24,batch_016.txt
9387,HIGH SCHOOL OF AMERICA LLC,tuition_word_no_amount,email_domain,,,,,
2155,HIGHLANDS CHRISTIAN ACADEMY,found,email_domain,,https://www.highlandschristian.org/faqs,live,2026-27,batch_025.txt
3196,HOCHBERG PREPARATORY SCHOOL,not_reached,email_domain,,,,,
2849,IMK POMPANO LLC,not_reached,email_domain,,,,,
9386,INTERNATIONAL MONTESSORI KIDS CENTER,not_reached,email_domain,,,,,
2852,INTERNATIONAL MONTESSORI SCHOOL,unclear,name_guess_ext,https://www.internationalmontessorischool.net/,,live,,batch_030.txt
619,ITUTOREXPRESS VIRTUAL ACADEMY,tuition_word_no_amount,email_domain,,,,,
8155,JACKLYN ACADEMY,tuition_word_no_amount,name_guess,https://www.jacklynacademy.com/,,,,
8150,JEWISH CULTURE HIGH SCHOOL,tuition_word_no_amount,email_domain,,,,,
7106,K12 PREPARATORY ACADEMY,found,email_domain,,https://k12prepacademy.com/tuition-financing,live,,batch_016.txt
7999,KLA SCHOOL OF PEMBROKE PINES,tuition_word_no_amount,email_domain,,,,,
7700,KNOW IT ALL PREPARATORY SCHOOL,not_reached,email_domain,,,,,
4874,La Creare Schools,not_reached,email_domain,,,,,
5666,Landow Jewish Academy,tuition_word_no_amount,name_guess,https://ljaonline.com/,,,,
8713,LEARNING LAND MONTESSORI,not_reached,email_domain,,,,,
7345,LEARNING SCOPE ACADEMY,blocked,email_domain,,,,,
5163,LIGHTHOUSE CHRISTIAN SCHOOL,found,email_domain,,https://lcsmariners.com/wp-content/uploads/2026/01/20252026-Tuition-Fee-Schedule.pdf,live,2026-27,batch_013.txt
1940,LIL. TREAZURES ACADEMY INC,no_website,name_guess_ext,https://liltreazuresacademy.com/,,,,
5799,LITTLE BEE'S ACADEMY,not_reached,name_guess,https://littlebeesacademy.org/,,,,
9667,LITTLE FLOWER MONTESSORI SCHOOL,tuition_word_no_amount,name_guess,https://www.littleflowermontessori.org/,,,,
2405,LITTLE FLOWER SCHOOL,found,email_domain,,https://littleflowerhollywood.org/school/tuition/,live,2026-27,batch_008.txt
2853,LIVING WATER CHRISTIAN ACADEMY,not_reached,email_domain,,,,,
2546,LYCEE FRANCO-AMERICAN,tuition_word_no_amount,email_domain,,,,,
2653,M.O.T. ACADEMY,tuition_word_no_amount,email_domain,,,,,
8439,MADELAINE HALMOS ACADEMY,not_reached,email_domain,,,,,
9518,MARGATE CHRISTIAN ACADEMY,tuition_word_no_amount,email_domain,,,,,
5743,MATI TALENT INSTITUTE PRIVATE SCHOOL,unclear,email_domain,,https://www.matitalentinstitute.org/tuition/,live,,batch_014.txt
7234,MIMI'S LEARNING CENTER,tuition_word_no_amount,name_guess,https://www.mimislearningcenter.com/,,,,
9490,MIZRAHI TORAH ACADEMY,found,email_domain,,https://mtacademy.org/tuition-information/,live,2026-27,batch_019.txt
150,N S U UNIVERSITY SCHOOL,tuition_word_no_amount,email_domain,,,,,
8337,NEW GENERATION CHRISTIAN ACADEMY,tuition_word_no_amount,email_domain,,,,,
8271,NEW GENERATION MONTESSORI CHILDRENS ACADEMY,tuition_word_no_amount,email_domain,,,,,
1116,NEW GENERATION MONTESSORI FLL,tuition_word_no_amount,email_domain,,,,,
4822,NEW HOPE SDA SCHOOL AND LEARNING CENTER INC,unclear,name_guess,https://newhopesdalearningcenter.org/,https://newhopesdalearningcenter.org/enrollment,live,,batch_022.txt
4482,NORTH BROWARD CHRISTIAN SCHOOL,tuition_word_no_amount,name_guess,https://northbrowardcharter.charterschoolsusa.com/offline,,,,
195,OUR LADY QUEEN OF MARTYRS,found,email_domain,,https://www.olqmfl.com/apps/pages/index.jsp?uREC_ID=488439&type=d&termREC_ID=&pREC_ID=942960&hideMenu=0,live,,batch_023.txt
6336,PAIDEIA CLASSICAL ACADEMY INC.,found,email_domain,,https://www.paideiaclassical.org/wp-content/uploads/2026/03/PCA-Tuition-2026-2027.pdf,live,2026-27,batch_015.txt
454,PALM BEACH PREP,not_reached,name_guess,https://palmbeachprep.org/,,,,
8198,PARKLAND INTERNATIONAL MUSIC  ARTS SCHOOL,not_reached,email_domain,,,,,
5354,PARKRIDGE CHRISTIAN ACADEMY,found,email_domain,,https://9874b542-97a6-4698-b38c-3012a932f62e.filesusr.com/ugd/86dcca_9fab6213665645c0b028c1aad18474ef.pdf,live,2026-27,batch_013.txt
2644,PARKWAY CHRISTIAN SCHOOL,found,email_domain,,https://www.pcs-fl.net/tuition-and-fees,live,2026-27,batch_009.txt
7745,PATHWAY SCHOOLS,found,email_domain,,https://www.pathwayschools.com/tuition,live,,batch_017.txt
9398,PERMISSION TO SUCCEED EDUCATION CENTER,found,email_domain,,https://permissiontosucceedacademy.com/tuition-and-requirements,live,,batch_019.txt
7619,PHYL'S ACADEMY PREPARATORY SCHOOL,tuition_word_no_amount,email_domain,,,,,
6159,PHYL'S ACADEMY PRESCHOOL OF MIRAMAR,tuition_word_no_amount,email_domain,,,,,
2629,PINE CREST SCHOOL,unclear,email_domain,,https://www.pinecrest.edu/admissions/tuition-fees-and-aid/enrollment-resources-and-faq,live,,batch_009.txt
5693,PINE ISLAND MONTESSORI,not_reached,name_guess,https://pineislandmontessori.com/,,,,
6279,PINEY GROVE ACADEMY,tuition_word_no_amount,name_guess,https://www.pineygroveacademy.org/,,,,
8444,PK-12 VIRTUAL ACADEMY INC.,unclear,name_guess,https://pkg-12.com/,https://pkg-12.com/dual-enrollment/,live,,batch_022.txt
1140,POTENTIAL CHRISTIAN ACADEMY,not_reached,email_domain,,,,,
6399,PRIMROSE SCHOOL OF MIRAMAR,not_reached,email_domain,,,,,
9328,PURPOSE ACADEMY,tuition_word_no_amount,email_domain,,,,,
7040,R.E.D.D. LEARNING ACADEMY,not_reached,email_domain,,,,,
6154,RHEMA WORD CHRISTIAN SCHOOL,not_reached,email_domain,,,,,
2686,SAINT AMBROSE,found,name_guess_ext,https://www.stambrosecs.org/,https://www.stambrosecs.org/uploads/1/3/7/7/137739114/2026-2027__k-8_tuition_and_fees.pdf,live,2026-27,batch_030.txt
124,SAINT BARTHOLOMEW SCHOOL,not_reached,email_domain,,,,,
4092,SAINT BONAVENTURE CATHOLIC SCHOOL,not_reached,email_domain,,,,,
304,SAINT DAVID CATHOLIC SCHOOL,not_reached,email_domain,,,,,
130,SAINT HELEN CATHOLIC SCHOOL,found,email_domain,,https://www.sainthelen.net/admission/tuition-registration,live,2025-26,batch_001.txt
169,SAINT JEROME CATHOLIC SCHOOL,tuition_word_no_amount,email_domain,,,,,
316,SAINT MARK CATHOLIC SCHOOL,tuition_word_no_amount,email_domain,,,,,
2497,SAINT MARKS EPISCOPAL SCHOOL,unclear,email_domain,,https://www.saintmarks.com/tuition,live,,batch_008.txt
135,SAINT THOMAS AQUINAS HIGH SCHOOL,found,email_domain,,https://www.aquinas-sta.org/admissions/tuition-financial-aid,live,,batch_001.txt
3505,SALAH TAWFIK ELEMENTARY MIDDLE SCHOOL,unclear,email_domain,,,live,,batch_011.txt
137,SAWGRASS ADVENTIST SCHOOL,network_site_only,email_domain,,https://www.flcoe.org/,live,,batch_001.txt
855,SCORE AT THE TOP CORAL SPRINGS LLC,unclear,email_domain,,https://www.scoreatthetop.com/blog/how-sat/act-scores-can-turn-2500-into-240000-of-free-tuition,live,,batch_003.txt
4613,SHA'AREI BINA TORAH ACADEMY FOR GIRLS,tuition_word_no_amount,email_domain,,,,,
2593,SHEPHERD OF THE COAST,not_reached,email_domain,,,,,
3059,SHERIDAN HILLS CHRISTIAN SCHOOL,unclear,email_domain,,https://b3a0d3e8-ecdf-4c94-85d3-c3709a6418e3.filesusr.com/ugd/c220cb_4cbb36760dd1447b84868a060a2a74aa.pdf,live,,batch_010.txt
5769,SHORASHIM ACADEMY,found,email_domain,,https://shorashimacademy.org/tuition/,live,2026-27,batch_014.txt
6753,Small World Montessori,not_reached,email_domain,,,,,
5252,SMART HORIZONS CAREER ONLINE HIGH SCHOOL,not_reached,email_domain,,,,,
5918,SOMERSET VIRTUAL ACADEMY,not_reached,email_domain,,,,,
7949,SOUTH FLORIDA FASHION ACADEMY,tuition_word_no_amount,email_domain,,,,,
9891,SPARK LEARNING XV,unclear,email_domain,,https://primer.com/tuition,live,,batch_020.txt
4883,ST. GREGORY,not_reached,email_domain,,,,,
2948,ST. PHILIP ORTHODOX CHRISTIAN SCHOOL,not_reached,email_domain,,,,,
6433,Steps to Success of Hollywood,not_reached,email_domain,,,,,
7915,STEPSS ACADEMY INC,tuition_word_no_amount,email_domain,,,,,
2678,SUMMIT-QUESTA MONTESSORI SCHOOL,unclear,email_domain,,https://www.summitquesta.com/admissions/tuition-fees,live,,batch_009.txt
2176,SUNSET SUDBURY SCHOOL,found,email_domain,,https://sunsetsudbury.org/tuition-and-payment/,live,2025-26,batch_007.txt
8799,SUNSHINE STATE ACADEMY,not_reached,email_domain,,,,,
7446,SUPER SCHOOL,unclear,email_domain,,https://superschool.org/tuition-and-fees/,live,,batch_016.txt
6545,SWEET AND SMART MONTESSORI SCHOOL,unclear,email_domain,,,live,,batch_015.txt
164,TANGLEWOOD ACADEMY,not_reached,email_domain,,,,,
3938,TEMPLE BETH EMET DAY SCHOOL,unclear,email_domain,,https://www.templebethemet.org/learning/elementary-school/tuition-contacts,live,,batch_011.txt
5517,THE CAMBRIDGE ACADEMY,unclear,email_domain,,https://www.thecambridgeacademy.com/tuition,live,,batch_014.txt
2599,THE NORTH BROWARD PREPARATORY SCHOOLS,unclear,email_domain,,https://www.nordangliaeducation.com/nbps-florida/boarding/boarding-fees,live,,batch_009.txt
6542,THE NURTURY,found,email_domain,,,live,2025-26,batch_023.txt
3069,THE RANDAZZO SCHOOL,not_reached,email_domain,,,,,
596,TRINITAS ACADEMY,not_reached,email_domain,,,,,
5268,TRINITY CHRISTIAN SCHOOL A MINISTRY OF COA,found,email_domain,,https://trinitychristian.school/tuition-fees/,live,2026-27,batch_013.txt
8638,WEST PARK HIGH ADULT EDUCATION CENTER,not_reached,email_domain,,,,,
5366,WEST PARK PREPARATORY SCHOOL,not_reached,email_domain,,,,,
368,WESTON CHRISTIAN ACADEMY,tuition_word_no_amount,email_domain,,,,,
8066,WONDERWORLD MONTESSORI ACADEMY,tuition_word_no_amount,email_domain,,,,,
7109,XCEED PREP ANYWHERE,found,email_domain,,https://www.xceedprep.org/tuition/,live,,batch_016.txt
6037,XCEED PREP FORT LAUDERDALE,found,email_domain,,https://www.xceedprep.org/tuition/,live,,batch_015.txt
8903,XCEED PREPARATORY ACADEMY CORAL SPRINGS,found,email_domain,,https://www.xceedprep.org/tuition/,live,,batch_019.txt
5169,XCEED PREPARATORY ACADEMY-WESTON,found,email_domain,,https://www.xceedprep.org/tuition/,live,,batch_013.txt
4536,YOUNG KIDZ ACADEMY,not_reached,email_domain,,,,,
95,ZIMMERMAN SCHOOL HOUSE DBA LION STAR ACADEM,not_reached,email_domain,,,,,
5127,Zucker Academy,unclear,email_domain,,https://zuckeracademy.org/hollywood/tuition/,live,,batch_013.txt
3529,CHARLOTTE PREPARATORY SCHOOL,found,email_domain,,,live,2026-27,batch_027.txt
708,FAMILY CHRISTIAN ACADEMY,found,email_domain,,,live,2026-27,batch_027.txt
3542,GENESIS CHRISTIAN SCHOOL,unclear,email_domain,,https://www.genesiseagles.com/copy-of-about,live,,batch_011.txt
1187,JOYFUL NOISE OF PILGRIM SCHOOL,not_reached,email_domain,,,,,
9698,OASIS CHRISTIAN ACADEMY,not_reached,email_domain,,,,,
8553,REDEEMER LUTHERAN SCHOOL,not_reached,email_domain,,,,,
6100,Spark Learning XXV,unclear,email_domain,,https://primer.com/tuition,live,,batch_015.txt
5454,ST. CHARLES SCHOOL,found,email_domain,,,live,2026-27,batch_027.txt
8345,GRACE CHRISTIAN SCHOOL,not_reached,email_domain,,,,,
419,SAINT JOHN PAUL II CATHOLIC SCHOOL,found,email_domain,,https://sjp2.us/tuition/,live,2025-26,batch_025.txt
883,SEVEN RIVERS CHRISTIAN SCHOOL,not_reached,email_domain,,,,,
6297,The Hive: Inspiring a Love of Learning,found,email_domain,,https://thehivelearning.org/,live,2026-27,batch_015.txt
1209,WEST COAST CHRISTIAN SCHOOL,not_reached,name_guess_ext,https://westcoastchristianschool.com/,,,,
1250,BEREAN CHRISTIAN ACADEMY,not_reached,email_domain,,,,,
7594,BROACH SCHOOL-FREE 2 BE ME,not_reached,email_domain,,,,,
4248,CALVARY CHRISTIAN ACADEMY,not_reached,email_domain,,,,,
1345,CITIZENS' HIGH SCHOOL,unclear,email_domain,,https://citizenshighschool.com/admissions/tuition/,live,,batch_004.txt
7516,DIFFERENTIATED LEARNING CENTER,found,email_domain,,https://www.dlcprivateschool.com/copy-of-tuition-applying,live,2026-27,batch_017.txt
824,GRACE EPISCOPAL DAY SCHOOL,found,email_domain,,https://geds.net/wp-content/uploads/2025/12/2026-2027-Tuition-and-Fees.pdf,live,2026-27,batch_003.txt
2998,LATAM GLOBAL SCHOOL,not_reached,email_domain,,,,,
278,LIGHTHOUSE CHRISTIAN SCHOOL MIDDLEBURG,found,email_domain,,https://www.lighthousechristianschool.net/,live,2026-27,batch_001.txt
4048,LIGHTHOUSE CHRISTIAN SCHOOL ORANGE PARK,found,email_domain,,https://www.lighthousechristianschool.net/,live,2026-27,batch_011.txt
1567,PINEWOOD CHRISTIAN ACADEMY,found,email_domain,,https://www.pcaknights.org/admissions,live,2026-27,batch_025.txt
3910,SEAMARK RANCH INC.,not_reached,email_domain,,,,,
3484,SEVEN BRIDGES SCHOOL,not_reached,email_domain,,,,,
5616,SPRINGS ACADEMY INC.,found,email_domain,,https://springsacademy.org/images/2026-2027_Financial-Information-1.pdf,live,2026-27,batch_023.txt
769,ST. JOHNS COUNTRY DAY SCHOOL,found,email_domain,,https://www.sjcds.net/admissions/tuition-affordability/,live,2026-27,batch_002.txt
3460,THE BROACH SCHOOL OF ORANGE PARK,unclear,email_domain,,https://broachschool.com/tuition/,live,,batch_010.txt
4896,ABLE ACADEMY,tuition_word_no_amount,email_domain,,,,,
5269,AVE MARIA CATHOLIC ACADEMY,found,email_domain,,https://avemariacatholicacademy.org/admissions/,live,2026-27,batch_013.txt
5844,CHEERFUL HEART ACADEMY,unclear,name_guess,https://www.cheerfulheartacademy.com/sysfiles/member/?memberid=0000,https://www.cheerfulheartacademy.com/2960/signup,live,,batch_022.txt
4627,EDUCATION WORLD WIDE LLC,tuition_word_no_amount,email_domain,,,,,
8952,EDUCATIONAL PATHWAYS ACADEMY,unclear,email_domain,,https://www.educationalpathwaysacademy.com/tuition-and-fees,live,,batch_019.txt
6734,ES AMERICAN SCHOOL,not_reached,email_domain,,,,,
767,FELLOWSHIP ACADEMY,not_reached,email_domain,,,,,
1212,FIRST BAPTIST ACADEMY,found,email_domain,,https://fbalions.org/tuition-fees/,live,2026-27,batch_004.txt
3337,GRACE COMMUNITY SCHOOL OF GOLDEN GATE INC.,unclear,email_domain,,https://www.gracecommunityschools.com/,live,,batch_010.txt
1489,MONTESSORI ACADEMY OF NAPLES,found,email_domain,,,live,2026-27,batch_027.txt
4086,NAPLES ADVENTIST CHRISTIAN SCHOOL,network_site_only,email_domain,,https://www.flcoe.org/,live,,batch_011.txt
424,NAPLES CHRISTIAN ACADEMY,found,email_domain,,,live,2026-27,batch_025.txt
1618,ROYAL PALM ACADEMY,found,email_domain,,https://www.royalpalmacademy.org/admissions/tuition-financial-aid,live,2026-27,batch_006.txt
770,SAINT ANN SCHOOL,tuition_word_no_amount,email_domain,,,,,
1005,SAINT JOHN NEUMANN CATHOLIC HIGH SCHOOL INC.,found,email_domain,,https://sjnceltics.org/tuition-financial-aid/,live,2026-27,batch_003.txt
885,SEACREST COUNTRY DAY SCHOOL,found,email_domain,,https://www.seacrest.org/admissions/tuition,live,2026-27,batch_003.txt
9601,SSKIDS ACADEMY LLC,unclear,email_domain,,https://sskidsacademy.com/tuition,live,,batch_020.txt
3725,THE VILLAGE SCHOOL OF NAPLES INC.,tuition_word_no_amount,email_domain,,,,,
2110,VANDERBILT PRESBYTERIAN CHURCH,not_reached,email_domain,,,,,
9418,BEHAVIORAL LEARNING ACADEMY,not_reached,email_domain,,,,,
6289,CAMBRIDGE PREP ACADEMY INC.,unclear,email_domain,,https://www.cambridgeprepacademy.org/about/tuition.cfm,live,,batch_028.txt
8912,CARTER CHRISTIAN ACADEMY,not_reached,email_domain,,,,,
4825,COVENANT COMMUNITY SCHOOL,not_reached,email_domain,,,,,
425,EPIPHANY CATHOLIC SCHOOL,found,email_domain,,https://ecslc.org/scholarship-tuition/,live,,batch_001.txt
8431,HART 2 HART CHRISTIAN ACADEMY,not_reached,email_domain,,,,,
1258,KINGDOM CULTURE ACADEMY,found,name_guess,https://www.kingdomcultureacademy.com/,https://www.kingdomcultureacademy.com/_files/ugd/05107e_451e415bd3584f43a1738596d2f927ea.pdf,live,2026-27,batch_021.txt
773,LAKE CITY CHRISTIAN ACADEMY,not_reached,name_guess,https://www.lakecityschool.org/,,,,
4398,NEW GENERATION CHRISTIAN MINISTRIES,not_reached,email_domain,,,,,
7684,NORTH FLORIDA ARTS AND SCIENCES ACADEMY,found,email_domain,,https://noflasa.com/wp-content/uploads/2026-2027-Tuition-Fee-Schedule.pdf,live,2026-27,batch_017.txt
4337,THE PRESLEY LEARNING CENTER,not_reached,email_domain,,,,,
6983,A PERFECT PLACE 4 KIDZ,not_reached,email_domain,,,,,
5108,A.K.T.I.V. LEARNING ACADEMY,not_reached,email_domain,,,,,
7696,ABF LEARNING CENTER,not_reached,email_domain,,,,,
6989,ACADEMICA INTERNATIONAL STUDIES,tuition_word_no_amount,email_domain,,,,,
8702,ACADEMY PLUS,not_reached,email_domain,,,,,
5972,ACE ACADEMY CENTRAL,not_reached,email_domain,,,,,
5970,ACE ACADEMY NORTH,not_reached,email_domain,,,,,
5762,ACE ACADEMY SCHOOL,not_reached,email_domain,,,,,
5990,ACE ACADEMY SOUTH,not_reached,email_domain,,,,,
9461,ACE ACADEMY SOUTH 2,not_reached,email_domain,,,,,
9834,ACIL INTERNATIONAL HIGH SCHOOL LLC,not_reached,email_domain,,,,,
6065,ACTON ACADEMY MIAMI SOUTH,unclear,name_guess,https://actonmiamisouth.com/,,live,,batch_022.txt
5634,ADVANCE ACHIEVERS ACADEMY,found,email_domain,,https://www.myaaaschool.net/tuition-and-fees.html,live,2025-26,batch_014.txt
6807,AGUAMARINA ELEMENTARY,unclear,email_domain,,https://www.aguamarinaschools.com/admissions-preschool,live,,batch_016.txt
4649,AIU HIGH SCHOOL,unclear,email_domain,,https://www.aiuhs.org/onlineapplication.asp,live,,batch_012.txt
1483,ALEXANDER MONTESSORI SCHOOL,unclear,email_domain,,https://www.alexandermontessori.com/admissions/tuition-and-fees,live,,batch_005.txt
448,"ALEXANDER SCHOOL, INC.",unclear,email_domain,,https://www.alexandermontessori.com/admissions/tuition-and-fees,live,,batch_001.txt
447,"ALEXANDER SCHOOL, INC.",unclear,email_domain,,https://www.alexandermontessori.com/admissions/tuition-and-fees,live,,batch_001.txt
1914,"ALEXANDER SCHOOL, INC. 1ST CAMPUS",unclear,email_domain,,https://www.alexandermontessori.com/admissions/tuition-and-fees,live,,batch_007.txt
608,ALLISON ACADEMY,found,email_domain,,https://www.allisonacademy.com/admission/tuition-fees/,live,2026-27,batch_002.txt
8587,ALTA CAREER ACADEMY,found,email_domain,,https://altacareeracademy.org/tuition-fees/,live,,batch_018.txt
3225,AMERICAN ACADEMY OF PINECREST,unclear,email_domain,,,live,,batch_010.txt
4283,AMERICAN HIGH SCHOOL ACADEMY INC.,found,email_domain,,https://americanhighschoolacademy.com/tuition-fees-scholarships-financing-options/,live,2026-27,batch_012.txt
1663,AMERICAN HIGH SCHOOL ACADEMY NORTH CAMPUS,found,email_domain,,https://americanhighschoolacademy.com/tuition-fees-scholarships-financing-options/,live,2026-27,batch_006.txt
2230,AMERICAN WORLDWIDE ACADEMY,unclear,email_domain,,https://myawa.org/index.php/tuition-fees/,live,,batch_008.txt
3163,ARCHBISHOP COLEMAN F. CARROLL HIGH,unclear,email_domain,,https://www.colemancarroll.org/tuition-fees,live,,batch_010.txt
6355,ASBURY CHRISTIAN SCHOOL,found,name_guess,https://asburychristian.school/,,live,2026-27,batch_025.txt
265,AVENTURA LEARNING CENTER,not_reached,name_guess,https://www.aventuralearningcenter.com/,,,,
7130,B.WRIGHT LEADERSHIP ACADEMY,unclear,email_domain,,https://bwrightla.com/admission/,live,,batch_016.txt
7501,BE UNIQUE ACADEMY PREP INC.,tuition_word_no_amount,email_domain,,,,,
2064,BEACON HILL CENTER INC.,unclear,name_guess,https://beaconhillmiami.com/,https://beaconhillmiami.com/wp-content/uploads/2026/08/Admission-Application_v5.pdf,live,,batch_021.txt
2900,BETH JACOB HIGH SCHOOL INC.,not_reached,email_domain,,,,,
3915,BETHEL ELEMENTARY SCHOOL OF SEVENTH-DAY ADV,not_reached,email_domain,,,,,
3645,BH ACADEMY LLC,not_reached,email_domain,,,,,
2786,BILTMORE SCHOOL,unclear,email_domain,,https://www.biltmoreschool.com/admissions.php,live,,batch_009.txt
2169,BLESSED TRINITY CATHOLIC SCHOOL,not_reached,email_domain,,,,,
159,BRIGHT BRIDGE PREPARATORY,not_reached,email_domain,,,,,
9605,BRILLIANCE ACADEMY,unclear,email_domain,,,live,,batch_020.txt
7127,Brilliance Academy II,unclear,email_domain,,,live,,batch_016.txt
2699,BRITO MIAMI PRIVATE SCHOOL,not_reached,email_domain,,,,,
445,CALUSA PREPARATORY SCHOOL,not_reached,name_guess,https://www.calusaschool.org/,,,,
993,CALVARY CHRISTIAN ACADEMY NORTH MIAMI,unclear,email_domain,,https://fortlauderdale.ccaeagles.org/admissions/tuition-fees,live,,batch_028.txt
6748,CARE Elementary Little Haiti,found,email_domain,,https://careelementary.org/admission-and-enrollment/,live,,batch_015.txt
7666,CARE ELEMENTARY SCHOOL,found,email_domain,,https://careelementary.org/admission-and-enrollment/,live,,batch_017.txt
7482,CAREER PREP ACADEMY OF SOUTH FLORIDA  106,found,email_domain,,https://www.careerprepworkforce.org/tuition-fees,live,2025-26,batch_016.txt
8763,CAREER PREP ACADEMY OF SOUTH FLORIDASOUTH,found,email_domain,,https://www.careerprepworkforce.org/tuition-fees,live,2025-26,batch_018.txt
9397,CATTOIRA MONTESSORI SCHOOL,unclear,email_domain,,https://www.cattoiramontessori.com/tuition-fees,live,,batch_019.txt
8098,CENTNER ACADEMY - ELEMENTARY SCHOOL,unclear,email_domain,,,live,,batch_017.txt
7686,CENTNER ACADEMY - MIDDLE AND HIGH SCHOOLS,unclear,email_domain,,,live,,batch_017.txt
5685,CENTNER ACADEMY - PRESCHOOL,unclear,email_domain,,,live,,batch_014.txt
8577,CENTRAL MIAMI CHRISTIAN ACADEMY,found,email_domain,,https://centralmiamichristian.org/tuition-and-financial-aid/,live,2025-26,batch_018.txt
225,CHILDREN'S CREATIVE LRNG CTR @ FIU,tuition_word_no_amount,email_domain,,,,,
6485,CHRIST CHILDREN ACADEMY,not_reached,name_guess,https://christchildrenacademy.com/,,,,
5448,CHRIST FELLOWSHIP ACADEMY,found,email_domain,,https://cfacademy.org/wp-content/uploads/2025/03/Tuition-Fees-25-26.pdf,live,2025-26,batch_013.txt
1284,CHRISTOPHER COLUMBUS HIGH SCHOOL,found,email_domain,,https://www.columbushs.com/admission/tuition,live,2026-27,batch_004.txt
4821,CINDERELLA SCHOOL,not_reached,email_domain,,,,,
8672,COCONUT GROVE MONTESSORI SCHOOL,not_reached,email_domain,,,,,
328,COLONIAL CHRISTIAN SCHOOL,not_reached,email_domain,,,,,
2320,CONCHITA ESPINOSA ACADEMY,found,email_domain,,https://www.conchitaespinosa.com/wp-content/uploads/2026/03/2026-27_Tuition_and_Fees.pdf,live,2026-27,batch_008.txt
6823,Cool Academy,not_reached,email_domain,,,,,
7650,Coral Gables Congregational Church Early Childhood Center,not_reached,email_domain,,,,,
3204,CORAL PARK CHRISTIAN ACADEMY,tuition_word_no_amount,email_domain,,,,,
458,COUNTRYSIDE EARLY LEARNING CENTER,unclear,email_domain,,https://countrysidelearningcenter.com/tuition/,live,,batch_001.txt
2297,COURAGEOUS MINDS LEARNING CENTER,found,email_domain,,https://courageousmindslc.org/tuition-and-fees,live,,batch_008.txt
6719,CREATIVA ACADEMY,found,email_domain,,https://creativaacademy.com/tuition-financial-aid/,live,2026-27,batch_015.txt
5909,CRISTO REY MIAMI HIGH SCHOOL,unclear,email_domain,,https://www.cristoreymiami.org/admissions/financial-aid,live,,batch_014.txt
6250,CRYSTAL ACADEMY PRIMARY SCHOOL CAPS INTERN,blocked,email_domain,,,,,
8030,CURIOUS MINDS LEARNING CENTER,not_reached,name_guess,https://curiousmindslearningcenter.com/,,,,
2984,CUTLER RIDGE CHRISTIAN ACADEMY,found,email_domain,,https://static1.squarespace.com/static/5d6d5fa182e9bf0001b61d41/t/6875b451752ef0735fefa38a/1752544339428/20205-2026+Tution+Fee+WEBSITE.pdf,live,2025-26,batch_010.txt
2383,DADE CHRISTIAN SCHOOL,not_reached,email_domain,,,,,
5507,DADE PREP ACADEMY INC.,found,email_domain,,https://dadeprep.com/hub/tuition-and-fees,live,2026-27,batch_014.txt
6139,DAWERE INTERNATIONAL HIGH SCHOOL,not_reached,email_domain,,,,,
6939,DISCOVER MONTESSORI ACADEMY-PSN,tuition_word_no_amount,email_domain,,,,,
7382,DISCOVER MONTESSORI CHILDREN'S HOUSE INC.,tuition_word_no_amount,email_domain,,,,,
6718,DISCOVERY MONTESSORI ACADEMY CORP.,found,name_guess,https://discoverymontessoriacademy.net/,https://discoverymontessoriacademy.net/admissions/,live,2026-27,batch_022.txt
4537,DIVINE SAVIOR LUTHERAN ACADEMY,not_reached,email_domain,,,,,
6874,EARLY STEP LEARNING ACADEMY,not_reached,email_domain,,,,,
4936,EBENEZER INTERNATIONAL CHRISTIAN ACADEMY,tuition_word_no_amount,email_domain,,,,,
3198,EDISON PRIVATE SCHOOL,not_reached,name_guess_ext,https://edisonprivateschool.com/,,,,
9519,ELEV8 SCHOOL #1,tuition_word_no_amount,email_domain,,,,,
5687,ELEV8 SCHOOL #3,tuition_word_no_amount,email_domain,,,,,
9095,ELEV8 SCHOOL #8,not_reached,email_domain,,,,,
8909,EMPOWERING YOUTH INC.,not_reached,email_domain,,,,,
2429,EPIPHANY SCHOOL,found,email_domain,,https://www.ecsmiami.org/tuition-fees,live,2026-27,batch_008.txt
6884,EUREKA EDUCATIONAL ACADEMY INC.,not_reached,email_domain,,,,,
9454,EXCELSIOR PREP ACADEMY OF KENDALL,not_reached,email_domain,,,,,
5166,FAITH FELLOWSHIP SCHOOL,unclear,email_domain,,https://faithfellowshipschool.org/scholarships/,live,,batch_013.txt
2440,FAITH LUTHERAN SCHOOL,not_reached,email_domain,,,,,
3965,FANTASTIC LAND LEARNING CENTER,not_reached,name_guess,https://fantasticlandlearningcenter.com/,,,,
8727,FIRST LAUNCH PREPARATORY,not_reached,email_domain,,,,,
6684,FIRST UNITED METHODIST CHRISTIAN SCHOOL,found,email_domain,,,live,2026-27,batch_025.txt
5399,FISHER ISLAND DAY SCHOOL,not_reached,email_domain,,,,,
2482,FLORIDA CHRISTIAN SCHOOL,found,name_guess,https://www.floridachristian.org/,https://www.floridachristian.org/admissions/tuition-financial-aid/2026-27-tuition-fees,live,2026-27,batch_021.txt
4567,FREE QUEST,not_reached,email_domain,,,,,
8636,FULFORD CHRISTIAN ACADEMY,not_reached,email_domain,,,,,
9323,FUSION ACADEMY MIAMI,unclear,email_domain,,https://www.fusionacademy.com/campuses/alexandria/tuition/,live,,batch_019.txt
9452,GABLES PRESCHOOL INC,tuition_word_no_amount,email_domain,,,,,
464,GLADEVIEW CHRISTIAN SCHOOL,not_reached,email_domain,,,,,
7057,GOD'S KIDS,not_reached,email_domain,,,,,
8454,GOLDEN HORIZON ACADEMY OF CUTLER BAY INC.,unclear,email_domain,,https://www.goldenhorizonacademy.com/tuition/,live,,batch_018.txt
685,GOOD SHEPHERD CATHOLIC SCHOOL,found,email_domain,,,live,2026-27,batch_024.txt
2934,GORDON DAY SCHOOL OF BETH DAVID CONG.,not_reached,email_domain,,,,,
7375,GREAT HEIGHTS ACADEMY INC.,found,name_guess,https://www.greatheightsacademy.com/,https://www.greatheightsacademy.com/_files/ugd/18399f_493ae321ffa7477c8da28b6868f1e40d.pdf,live,2024-25,batch_022.txt
2547,GREATER MIAMI ACADEMY,tuition_word_no_amount,email_domain,,,,,
8137,GREATER MIAMI SERVICE CORPS,not_reached,email_domain,,,,,
3907,GTG LEARNING CENTER,not_reached,email_domain,,,,,
640,GULLIVER PREPARATORY SCHOOL INC.,found,email_domain,,https://www.gulliverprep.org/admissions/tuition/,live,2026-27,batch_002.txt
2896,HIGHPOINT ACADEMY INC.,found,email_domain,,https://www.highpointacademy.com/tuition--fees.html,live,2026-27,batch_009.txt
2600,HOLY FAMILY CATHOLIC SCHOOL,not_reached,email_domain,,,,,
468,HOREB CHRISTIAN SCHOOL,not_reached,name_guess_ext,https://horebchristianschool.com/,,,,
5714,IEXCEL PREPARATORY ACADEMY,found,email_domain,,https://excelkidsacademy.com/tuition-%26-sponsorship-op,live,2026-27,batch_014.txt
5294,ilnido Montessori Preschool Killian Campus,tuition_word_no_amount,email_domain,,,,,
229,IMMACULATA-LA SALLE HIGH SCHOOL,tuition_word_no_amount,email_domain,,,,,
2630,IMMACULATE CONCEPTION CATHOLIC SCHOOL,found,email_domain,,https://www.icsmiami.org/CatholicSchool.php?pg=Tuition+and+Fees,live,2026-27,batch_009.txt
6102,INTERAMERICAN LEARNING CENTER,not_reached,email_domain,,,,,
8421,INTERNATIONAL CHILDREN'S ACADEMY,not_reached,email_domain,,,,,
6785,ISLAMIC SCHOOL OF MIAMI,tuition_word_no_amount,email_domain,,,,,
5667,JEREMIAH ACADEMY,tuition_word_no_amount,name_guess,https://jeremiahacademy.com/,,,,
7136,JEWISH LEADERSHIP ACADEMY INC.,found,email_domain,,https://jlamiami.org/tuition/,live,2026-27,batch_016.txt
606,JUST KIDS CENTERS INC,not_reached,name_guess,https://www.justkidscenters.org/,,,,
5519,KENDALL CHRISTIAN,found,email_domain,,https://www.kendallchristian.com/tuition,live,2026-27,batch_023.txt
3310,KESHER L.D.,not_reached,email_domain,,,,,
4723,KEYSTONE NATIONAL HIGH SCHOOL,not_reached,email_domain,,,,,
8515,KHAILA MONTESSORI ACADEMY,not_reached,name_guess,https://khailaacademy.com/,,,,
5598,KID'S HAVEN ACADEMY,found,email_domain,,https://kidshavenacademy.com/tuition-%26-fees-miami,live,2026-27,batch_014.txt
2197,KIDS BE KIDS PRESCHOOLS KENDALL,not_reached,email_domain,,,,,
8484,KIDS BE KIDS PRESCHOOLS MILLER,not_reached,email_domain,,,,,
6917,KIDS CORNER LLC,not_reached,email_domain,,,,,
5469,KIDS FOR KIDS ACADEMY,not_reached,email_domain,,,,,
5904,Kids Planet Preschool INC,not_reached,email_domain,,,,,
6697,KIDS SMALL WORLD LEARNING CENTER LLC,not_reached,email_domain,,,,,
3942,KIDWORKS USA INC.,not_reached,email_domain,,,,,
2618,KILLIAN OAKS ACADEMY,found,email_domain,,https://killianoaksacademy.com/wp-content/uploads/2026/04/Killian-Oaks-Academy-Tuition-and-Fees-Schedule-5-7-2026-2027.pdf,live,2026-27,batch_009.txt
2990,KING'S CHRISTIAN SCHOOL,found,email_domain,,https://www.kcsmiami.com/school-applicants,live,2026-27,batch_010.txt
3916,KLA ACADEMY,unclear,email_domain,,https://www.klaacademy.org/admissions/tuition,live,,batch_011.txt
1273,KLA SCHOOLS OF NORTH MIAMI BEACH,tuition_word_no_amount,email_domain,,,,,
5470,KLURMAN/LUBAVITCH,unclear,email_domain,,,live,,batch_013.txt
7306,LA PIAZZA ACADEMY,unclear,email_domain,,,live,,batch_016.txt
2130,LA PRIMA CASA MONTESSORI,tuition_word_no_amount,email_domain,,,,,
455,LA SALLE EDUCATIONAL CENTER,not_reached,email_domain,,,,,
4981,LA SCUOLA,not_reached,email_domain,,,,,
440,LANAAR,found,email_domain,,https://lanaarschool.org/admissions/,live,2026-27,batch_001.txt
2993,LEHRMAN COMMUNITY DAY SCHOOL,unclear,email_domain,,https://www.lehrmanschool.org/admissions/tuition.cfm,live,,batch_010.txt
6342,LIFTED ACADEMY,tuition_word_no_amount,email_domain,,,,,
7957,LIGHTWORK EDUCATION AND WELLNESS CENTER,not_reached,email_domain,,,,,
8868,LOYOLA ELEMENTARY,tuition_word_no_amount,email_domain,,,,,
256,LUBAVITCH EDUCATIONAL CENTER INC.,unclear,email_domain,,,live,,batch_001.txt
1327,MAGIC FLUTE MONTESSORI,not_reached,name_guess,https://magicflutemontessori.com/,,,,
5118,MAGIC KIDS LEARNING CENTER AND ELEMENTARY,not_reached,email_domain,,,,,
2687,MARIAN CENTER SCHOOL AND SERVICES,tuition_word_no_amount,email_domain,,,,,
4365,MASTERS PREPARATORY SCHOOL- EAST HIALEAH,found,email_domain,,https://masterspreparatory.com/k9/tuition-and-fees/,live,2020-21,batch_012.txt
6440,MATER VIRTUAL ACADEMY,not_reached,email_domain,,,,,
264,MCGLANNAN SCHOOL,found,name_guess,https://www.mcglannanschool.com/,https://www.mcglannanschool.com/admissions,live,2021-22,batch_021.txt
116,MESIVTA OF GREATER MIAMI,not_reached,email_domain,,,,,
8213,MEYGA LEARNING CENTER,tuition_word_no_amount,name_guess,https://www.meyga.org/,,,,
2690,MIAMI CHRISTIAN,unclear,email_domain,,https://miamichristian.org/tuition-fees/,live,,batch_009.txt
2695,MIAMI COUNTRY DAY SCHOOL,found,email_domain,,https://www.miamicountryday.org/enrollment/tuition-fees/,live,2026-27,batch_009.txt
539,MIAMI LEARNING EXPERIENCE,tuition_word_no_amount,email_domain,,,,,
7692,MIAMI LIGHTHOUSE ACADEMY,not_reached,email_domain,,,,,
3286,MIAMI SHORES PRESBYTERIAN CHURCH SCHOOL,blocked,email_domain,,,,,
6835,MIAMI SPRINGS MONTESSORI SCHOOL CORP,unclear,name_guess,https://miamisprings.school/,https://miamisprings.school/wp-content/uploads/2024/09/Tuition-Fees-MSAS-2024-2025.pdf,live,,batch_022.txt
887,MIAMI SPRINGS SEVENTH-DAY ADVENTIST,network_site_only,email_domain,,https://www.flcoe.org/,live,,batch_003.txt
2879,MIAMI UNION ACADEMY,unclear,email_domain,,,live,,batch_009.txt
5795,MIAMI VIRTUAL SCHOOL,tuition_word_no_amount,email_domain,,,,,
2954,MICHAEL-ANN RUSSELL JCC,tuition_word_no_amount,email_domain,,,,,
7926,MLC PREPARATORY ACADEMY,not_reached,email_domain,,,,,
2713,MONSIGNOR EDWARD PACE HIGH SCHOOL,unclear,email_domain,,https://www.pacehs.com/admissions/tuition-and-fees,live,,batch_009.txt
9542,MONTESSORI CHILDREN'S HOUSE OF MIAMI LAKES,unclear,email_domain,,,live,,batch_020.txt
7168,Montessori School of Miami Gardens,not_reached,email_domain,,,,,
2672,MONTESSORI SCHOOL OF MIAMI SHORES,tuition_word_no_amount,email_domain,,,,,
5342,MOT ACADEMY,tuition_word_no_amount,email_domain,,,,,
3869,MOTHER OF CHRIST CATHOLIC SCHOOL,not_reached,email_domain,,,,,
4440,MOTHER OF OUR REDEEMER CATHOLIC SCHOOL,tuition_word_no_amount,email_domain,,,,,
6576,MUSS FAMILY MONTESSORI SCHOOL,tuition_word_no_amount,email_domain,,,,,
6285,MY FIRST STEP LEARNING,not_reached,name_guess,https://sites.google.com/mfslschool.com/mfslschool,,,,
8865,MYWAY LEARNING,unclear,name_guess,https://mywaylearning.org/,,live,,batch_022.txt
554,NORTH DADE REGIONAL ACADEMY,not_reached,name_guess,https://www.northdaderegionalacademy.org/,,,,
2754,NORTH HIALEAH CHRISTIAN SCHOOL,unclear,name_guess,https://nhcseagles.org/,https://nhcseagles.org/scholarships/,live,,batch_021.txt
9299,NORTH MIAMI BEACH ACADEMY,unclear,email_domain,,https://northmiamibeachacademy.com/admissions/financial-assistance/,live,,batch_019.txt
7668,OMEGA PRIVATE ACADEMY-DORAL,not_reached,email_domain,,,,,
2567,OUR INTERNATIONAL ACADEMY AT CORAL GABLES,tuition_word_no_amount,email_domain,,,,,
6118,OUR LADY OF CHARITY SCHOOL INC,not_reached,email_domain,,,,,
2770,OUR LADY OF LOURDES ACADEMY,found,name_guess,https://olla.org/,https://olla.org/about/tuition/,live,2026-27,batch_021.txt
4672,OUR LADY OF LOURDES CATHOLIC SCHOOL,unclear,email_domain,,https://www.ololjaguars.org/CatholicSchool.php?pg=2025+2026+-+Tuition+and+Fees,live,,batch_012.txt
2769,OUR LADY OF THE HOLY ROSARY-ST RICHARD CATH,not_reached,email_domain,,,,,
1970,OUR LADY OF THE LAKES CATHOLIC SCHOOL,not_reached,email_domain,,,,,
5969,OUR PRIDE ACADEMY INC.,blocked,email_domain,,,,,
4724,PALMETTO BAY ACADEMY,tuition_word_no_amount,email_domain,,,,,
3729,PENTAB ACADEMY,tuition_word_no_amount,name_guess_ext,https://www.pentabacademy.org/,,,,
329,PERRINE SDA SCHOOL,not_reached,email_domain,,,,,
5580,PNEUMA CHRISTIAN ACADEMY,found,email_domain,,https://pneumachristian.org/tuition-charges/,live,2026-27,batch_014.txt
3434,PRECIOUS KIDS ACADEMY II,blocked,email_domain,,,,,
9652,PRIMER V,unclear,email_domain,,https://primer.com/tuition,live,,batch_020.txt
714,RABBI ALEXANDER S. GROSS HEBREW ACADEMY,found,email_domain,,https://www.hebrewacademymiami.org/tuition-scholarships/,live,2026-27,batch_002.txt
2796,RANSOM EVERGLADES SCHOOL,found,email_domain,,https://www.ransomeverglades.org/admission/affording-re,live,,batch_009.txt
388,REDLAND CHRISTIAN ACADEMY INC.,unclear,email_domain,,https://www.redlandchristianacademy.org/admission.html,live,,batch_028.txt
1190,REEF PREP,not_reached,email_domain,,,,,
2310,RISE VOCATIONAL PREPARATORY,not_reached,email_domain,,,,,
5721,RIVIERA PREPARATORY SCHOOL,found,email_domain,,https://www.rivieraschools.com/admissions/tuition-fees,live,,batch_014.txt
2802,RIVIERA SCHOOLS,found,email_domain,,https://www.rivieraschools.com/admissions/tuition-fees,live,,batch_009.txt
5946,ROYAL HOLLOW ACADEMY,not_reached,email_domain,,,,,
655,ROYAL KIDS ACADEMY,tuition_word_no_amount,email_domain,,,,,
7180,S.T.A.R.S. AUTISM SCHOOL,not_reached,email_domain,,,,,
3214,SAINT AGATHA SCHOOL,not_reached,email_domain,,,,,
2806,SAINT BRENDAN ELEMENTARY SCHOOL,not_reached,email_domain,,,,,
2808,SAINT BRENDAN HIGH SCHOOL,found,name_guess,https://www.stbrendanhigh.org/,https://www.stbrendanhigh.org/admissions/tuition-and-fees,live,2026-27,batch_021.txt
7288,SAINT CARLO ACUTIS VIRTUAL ACADEMY,tuition_word_no_amount,email_domain,,,,,
2822,SAINT JAMES CATHOLIC SCHOOL,found,email_domain,,https://www.stjamesmiami.net/admissions/tuition---fees.cfm,live,2026-27,batch_009.txt
3095,SAINT JOHN THE APOSTLE SCHOOL,tuition_word_no_amount,email_domain,,,,,
3075,SAINT KEVIN CATHOLIC SCHOOL,tuition_word_no_amount,email_domain,,,,,
2836,SAINT LAWRENCE SCHOOL,found,email_domain,,https://www.stlaw.org/admissions,live,2026-27,batch_009.txt
3230,SAINT LOUIS COVENANT SCHOOL,not_reached,email_domain,,,,,
2844,SAINT MARYS CATHEDRAL,unclear,email_domain,,https://stmarycathedralschool.org/admissions/after-school-program/,live,,batch_009.txt
2846,SAINT MICHAEL THE ARCHANGEL,unclear,email_domain,,https://www.stmacs.org/scholarships-1/,live,,batch_009.txt
2855,SAINT PATRICK SCHOOL,not_reached,email_domain,,,,,
3271,SAINT PHIL CAPITAL LLC,unclear,email_domain,,,live,,batch_010.txt
174,SAINT ROSE OF LIMA,found,email_domain,,https://www.srlschool.com/images/Tuition%20and%20Fees%202026-27.pdf,live,2026-27,batch_001.txt
2864,SAINT THERESA CATHOLIC SCHOOL,found,email_domain,,https://stscg.org/tuition/,live,2026-27,batch_009.txt
178,SAINT THOMAS EPISCOPAL PARISH SCHOOL,unclear,email_domain,,https://www.stepsmia.org/admission/tuition-assistance,live,,batch_001.txt
179,SAINT TIMOTHY CATHOLIC SCHOOL,found,email_domain,,https://www.sttimothymiami.org/CatholicSchool.php?pg=Tuition,live,2026-27,batch_001.txt
2866,SAINTS PETER PAUL SCHOOL,unclear,email_domain,,,live,,batch_009.txt
5542,SCHECK HILLEL COMMUNITY SCHOOL INC.,found,email_domain,,https://www.ehillel.org/tuition,live,2026-27,batch_014.txt
4952,SCORE ACADEMY MIAMI,unclear,email_domain,,https://www.score-academy.com/blogs/using-a-529-plan-for-private-school-tuition-in-florida,live,,batch_013.txt
3166,SHANTI KIDS PRESCHOOL,tuition_word_no_amount,email_domain,,,,,
8342,SHAPING ACADEMY,unclear,email_domain,,,live,,batch_018.txt
3073,SNOW WHITE THE SEVEN DWARFS SCHOOL,tuition_word_no_amount,email_domain,,,,,
848,SOLFL,not_reached,email_domain,,,,,
9883,SPARK LEARNING XII,unclear,email_domain,,https://primer.com/tuition,live,,batch_020.txt
9884,SPARK LEARNING XIII,unclear,email_domain,,https://primer.com/tuition,live,,batch_020.txt
9885,SPARK LEARNING XIV,unclear,email_domain,,https://primer.com/tuition,live,,batch_020.txt
4109,SPARK LEARNING XX,unclear,email_domain,,https://primer.com/tuition,live,,batch_011.txt
9068,SPARK LEARNING XXIV,unclear,email_domain,,https://primer.com/tuition,live,,batch_019.txt
9752,SPRINGVIEW ACADEMY INC,not_reached,email_domain,,,,,
7542,SPROUTING TO SUCCESS INC.,not_reached,name_guess,https://sproutingtosuccess.com/,,,,
2884,ST. JOHN NEUMANN CATHOLIC SCHOOL,unclear,email_domain,,https://www.sjncs.org/admissions,live,,batch_009.txt
7200,ST. THOMAS THE APOSTLE,not_reached,email_domain,,,,,
6704,STARS GLOBAL PREPARATORY,unclear,email_domain,,,live,,batch_015.txt
3049,SUNFLOWERS ACADEMY,found,email_domain,,https://sunflowersacademyprep.com/enroll/,live,2025-26,batch_010.txt
299,SUNSET MONTESSORI,not_reached,email_domain,,,,,
1093,SUNSHINE CHILDCARE PRESCHOOL CENTER,not_reached,email_domain,,,,,
7543,TAMIAMI ACADEMY,found,email_domain,,https://tamiamiacademy.com/tuition/,live,,batch_017.txt
8898,Tamim Miami Academy INC.,not_reached,email_domain,,,,,
8993,TANGERINE LEARNING CENTER,not_reached,email_domain,,,,,
340,TEMPLE SINAI OF NORTH DADE,not_reached,email_domain,,,,,
7636,THE ACADEMY OF KNOWLEDGE PREPARATORY SCHOOL,tuition_word_no_amount,email_domain,,,,,
843,THE CARRIE BRAZER CENTER FOR AUTISM INC.,tuition_word_no_amount,email_domain,,,,,
7877,THE COUNTRY FAMILY,not_reached,email_domain,,,,,
326,THE CUSHMAN SCHOOL,found,email_domain,,https://cushmanschool.org/admissions/tuition-and-fees/,live,2026-27,batch_001.txt
8393,THE DIVINE SAVIOR SCHOOL,not_reached,email_domain,,,,,
3626,THE FRENCH AMERICAN SCHOOL OF MIAMI,not_reached,email_domain,,,,,
7659,THE FRENCH AMERICAN SCHOOL OF MIAMI,not_reached,email_domain,,,,,
526,THE GROWING PLACE,not_reached,email_domain,,,,,
8389,THE INNOVATIVE SCHOOL OF TEMPLE BETH SHOLOM,found,email_domain,,https://innovativeschool.org/tuition/,live,2026-27,batch_018.txt
6565,THE LIGHT PREPARATORY ACADEMY,not_reached,email_domain,,,,,
9306,THE MIAMI SUDBURY SCHOOL,tuition_word_no_amount,email_domain,,,,,
6415,THE MONTESSORI ACADEMY AT ST . JOHN'S,tuition_word_no_amount,email_domain,,,,,
7360,THE SHUL'S CHILD ENRICHMENT CENTER,tuition_word_no_amount,email_domain,,,,,
4118,THE TAUBER ACADEMY,not_reached,email_domain,,,,,
2922,THE VON WEDEL MONTESSORI SCHOOL,not_reached,email_domain,,,,,
4993,THINKING CHILD CHRISTIAN ACADEMY SCHOOL,tuition_word_no_amount,name_guess,https://www.thinkingchildacademy.org/,,,,
7910,TINY STEPS PRESCHOOL,unclear,name_guess,https://tinystepspreschool.com/,https://tinystepspreschool.com/enrollment/,live,,batch_022.txt
4586,TOUGH CHOICES FOUNDATION INC,not_reached,name_guess,https://www.toughchoicesfoundation.org/,,,,
8079,TPT INTERNATIONAL SCHOOL,found,email_domain,,https://tptischool.com/en/programs/,live,2026-27,batch_017.txt
313,TRINITY BY FAITH ACADEMY,found,email_domain,,,live,,batch_001.txt
275,TRUE NORTH CLASSICAL PREPARATORY,tuition_word_no_amount,email_domain,,,,,
5980,TVC ACADEMY,unclear,email_domain,,https://thevictoryschool.org/admissions/,live,,batch_015.txt
2939,UNIQUE EXPLORERS ACADEMY,unclear,name_guess,https://www.uniqueexplorersacademy.com/,https://www.uniqueexplorersacademy.com/tuition,live,,batch_021.txt
8303,URGENT ACADEMY,found,email_domain,,https://www.urgentacademy.com/tuition,live,2026-27,batch_018.txt
4943,VILLAGE MONTESSORI KILLIAN CAMPUS,unclear,email_domain,,https://www.montessorischoolmiami.com/tuition-information-killian,live,,batch_013.txt
457,VILLAGE MONTESSORI SCHOOL CORP,unclear,email_domain,,https://www.montessorischoolmiami.com/tuition-information-killian,live,,batch_001.txt
6405,WATCH ME GROW LEARNING CENTER III,not_reached,email_domain,,,,,
5786,WATCH ME GROW LEARNING CENTER INC.,not_reached,name_guess,https://watchmegrowlearningcenter.org/,,,,
3848,WEST DADE ACADEMY,found,name_guess,https://www.westdadeacademy.org/,https://www.westdadeacademy.org/tuition-fees/,live,2025-26,batch_021.txt
2925,WESTMINSTER CHRISTIAN SCHOOL,found,email_domain,,https://www.wcsmiami.org/admission/tuition-and-fees,live,2026-27,batch_010.txt
3057,WESTWOOD CHRISTIAN SCHOOL,found,email_domain,,https://westwoodchristian.org/admissions,live,2026-27,batch_010.txt
347,WILLIAM A. KIRLEW JR. ACADEMY,network_site_only,email_domain,,https://www.flcoe.org/,live,,batch_001.txt
6439,WORLD OF KIDS ACADEMY,tuition_word_no_amount,email_domain,,,,,
8902,XCEED PREP MIAMI-DADELAND,found,email_domain,,https://www.xceedprep.org/tuition/,live,,batch_019.txt
9756,YAM HATALMUD OF FLORIDA,not_reached,email_domain,,,,,
6482,YESHIVA ELEMENTARY,tuition_word_no_amount,name_guess,https://yeshivaelementary.com/,,,,
3519,YESHIVA ELEMENTARY,tuition_word_no_amount,name_guess,https://yeshivaelementary.com/,,,,
5860,YESHIVA OF MIAMI INC.,found,email_domain,,https://www.yeshivaofmiami.net/,live,,batch_014.txt
5272,YOTZER OHR INC.,not_reached,email_domain,,,,,
1912,YOUNG PRODIGIES LEARNING CENTER,not_reached,name_guess,https://www.youngprodigies.com/,,,,
76,ZONI AMERICAN HIGH SCHOOL,not_reached,email_domain,,,,,
9192,ARCADIA CHRISTIAN ACADEMY,not_reached,email_domain,,,,,
8383,FAITH PREPARATORY SCHOOL,tuition_word_no_amount,email_domain,,,,,
7282,CHARACTER COMMUNITY SERVICES,not_reached,name_guess,https://characterservices.com/,,,,
4272,AJYAL ACADEMY,found,email_domain,,https://ajyal.academy/tuition-affordability,live,2026-27,batch_012.txt
3145,AL-FURQAN ACADEMY,found,email_domain,,https://www.alfurqanacademy.org/tuition--fees.html,live,2025-26,batch_010.txt
29,AL-FURQAN ACADEMY CAMPUS 2,found,email_domain,,https://www.alfurqanacademy.org/tuition--fees.html,live,2025-26,batch_001.txt
196,ARK ACADEMY,found,email_domain,,https://arkacademy.education/enrollment,live,2026-27,batch_001.txt
1623,ASPIRE TO INSPIRE AGENCY LLC,unclear,name_guess,https://aspiretoinspireagency.com/,https://aspiretoinspireagency.com/wp-content/uploads/2026/01/2025-2026-Updated-ATI-Fees.pdf,live,,batch_021.txt
3426,ATRIUM SCHOOL,not_reached,email_domain,,,,,
948,BEACHES CHAPEL SCHOOL,not_reached,email_domain,,,,,
1007,BISHOP KENNY HIGH SCHOOL,found,email_domain,,https://www.bishopkenny.org/admissions/tuitionandfinancial,live,2027-28,batch_003.txt
3327,BLESSED TRINITY CATHOLIC,found,email_domain,,https://3e7b597a-6b33-4189-8246-06076f21ba28.filesusr.com/ugd/3f6847_26b4a99aff9f4d1fb16aa42e735fd279.pdf,live,2026-27,batch_010.txt
1065,BOLLES SCHOOL,found,email_domain,,https://www.bolles.org/admission/tuition-and-affordability,live,2026-27,batch_003.txt
4758,BROACH SCHOOL - SOUTHSIDE,unclear,email_domain,,https://broachschool.com/tuition/,live,,batch_013.txt
1107,BROACH SCHOOL - WESTSIDE,unclear,email_domain,,https://broachschool.com/tuition/,live,,batch_003.txt
176,BROOKE HOUSE ACADEMY JAX,found,email_domain,,https://brookehouseacademy.com/tuition-financial-aid,live,2023-24,batch_028.txt
2495,CAREER PREP ACADEMY OF BEACHSIDE,found,email_domain,,https://www.careerprepworkforce.org/tuition-fees,live,2025-26,batch_008.txt
8269,CAREER PREP ACADEMY OF NORTHSIDE,found,email_domain,,https://www.careerprepworkforce.org/tuition-fees,live,2025-26,batch_018.txt
3687,CENTER ACADEMY - ST. JOHNS BLUFF,tuition_word_no_amount,email_domain,,,,,
6056,CES ACADEMY,not_reached,email_domain,,,,,
1285,CHRIST THE KING CATHOLIC,unclear,email_domain,,https://ctkschooljax.com/tuition-and-scholarship-opportunities/,live,,batch_004.txt
2498,CHRIST'S CHURCH ACADEMY,tuition_word_no_amount,email_domain,,,,,
5745,ChriSTEM HERITAGE LEARNING CENTER INC,not_reached,email_domain,,,,,
1314,CHRISTIAN HERITAGE ACADEMY,tuition_word_no_amount,email_domain,,,,,
3155,CLARKE SCHOOLS FOR HEARING AND SPEECH/JACKS,not_reached,email_domain,,,,,
3847,CORNERSTONE CHRISTIAN SCHOOL,found,email_domain,,https://www.csjax.org/(L_4)_-_Tuition_Fee_Schedule_(K5-12th)_(2026-2027)_(01_27_26)_3.pdf,live,2026-27,batch_023.txt
6795,DAYSPRING CHRISTIAN ACADEMY PRESCHOOL,not_reached,email_domain,,,,,
3948,DEPAUL SCHOOL OF NE FL INC. - GUDAL CAMPUS,unclear,email_domain,,https://www.depaulschool.com/admissions/,live,,batch_011.txt
2765,EAGLE'S VIEW ACADEMY,unclear,email_domain,,https://evajax.com/tuition-fees/,live,,batch_009.txt
6996,EAST POINTE CHRISTIAN ACADEMY,not_reached,email_domain,,,,,
2992,ELEVATION COMMUNITY SCHOOL,found,name_guess_ext,https://elevationcs.org/,https://elevationcs.org/tuition/,live,,batch_030.txt
1620,EPISCOPAL SCHOOL OF JACKSONVILLE,found,email_domain,,https://esj.org/tuition-financial-aid/munnerlyn-tuition-2026-2027/,live,2026-27,batch_006.txt
1972,EPISCOPAL SCHOOL OF JACKSONVILLE BEACHES,unclear,email_domain,,https://esj.org/tuition-financial-aid/munnerlyn-tuition-2026-2027/,live,,batch_007.txt
1927,EPISCOPAL SCHOOL OF JACKSONVILLE ST. MARK'S,unclear,email_domain,,https://esj.org/tuition-financial-aid/munnerlyn-tuition-2026-2027/,live,,batch_007.txt
9869,EXCEPTIONAL LEARNING AND ARTS ACADEMY,unclear,email_domain,,,live,,batch_020.txt
3893,FAITH ACADEMY,not_reached,email_domain,,,,,
9496,FAITH FIRST PRESCHOOL,unclear,email_domain,,https://www.faithfirstpreschool.com/tuition-rates,live,,batch_019.txt
4784,FATHER'S HARBOR ACADEMY,found,email_domain,,https://fhajax.org/tuition,live,2026-27,batch_013.txt
1214,FIRST COAST CHRISTIAN SCHOOL,unclear,email_domain,,https://www.fccsjax.org/apply,live,,batch_004.txt
2344,FOUNDATION ACADEMY,unclear,email_domain,,https://www.foundationacademy.com/admissions,live,,batch_008.txt
4184,GRACE CHRISTIAN ACADEMY,not_reached,email_domain,,,,,
5258,GREAT STRIDES REHABILITATION,tuition_word_no_amount,email_domain,,,,,
1749,GREENWOOD SCHOOL,found,email_domain,,https://greenwoodjax.org/admissions/,live,2025-26,batch_006.txt
9478,GROWING TOGETHER BEHAVIORAL CENTER,not_reached,email_domain,,,,,
2219,GUIDEPOST MONTESSORI AT BAYMEADOWS,unclear,email_domain,,https://guidepostmontessori.com/admissions/,live,,batch_008.txt
3332,HARVEST COMMUNITY SCHOOL,found,email_domain,,https://www.hcsjax.org/admissions/,live,,batch_010.txt
1178,Hope Christian School at Cedar Hills,tuition_word_no_amount,email_domain,,,,,
7723,HOPE HAVEN ASSOCIATION INC.,not_reached,email_domain,,,,,
3553,HOPEWELL CHRISTIAN ACADEMY,not_reached,email_domain,,,,,
6566,ICON PREPARATORY SCHOOL JACKSONVILLE,tuition_word_no_amount,email_domain,,,,,
5217,Immanuel Academy of Excellence,not_reached,email_domain,,,,,
7799,IMPACT CHRISTIAN ACADEMY,found,email_domain,,https://icajax.com/tuition/,live,2026-27,batch_017.txt
3160,JACKSONVILLE CHRISTIAN ACADEMY,not_reached,email_domain,,,,,
4137,JACKSONVILLE COUNTRY DAY SCHOOL,unclear,email_domain,,https://www.jcds.com/admissions/tuition-and-affordability,live,,batch_011.txt
4814,JACKSONVILLE SCHOOL FOR AUTISM,tuition_word_no_amount,email_domain,,,,,
2780,JERICHO SCHOOL FOR CHILDREN WITH AUTISM INC.,not_reached,email_domain,,,,,
4023,JOSHUA CHRISTIAN ACADEMY,found,email_domain,,https://www.jcacademy.org/education-tuition-fees-grade-school-upper-school,live,,batch_011.txt
2199,LIFEPOINT ACADEMY OF SEVENTH-DAY ADVENTISTS,network_site_only,email_domain,,https://www.flcoe.org/,live,,batch_007.txt
3256,LIGHTHOUSE CHRISTIAN SCHOOL DINSMORE,found,email_domain,,https://www.lighthousechristianschool.net/,live,2026-27,batch_010.txt
4840,LIGHTHOUSE CHRISTIAN SCHOOL WESTSIDE,found,email_domain,,https://www.lighthousechristianschool.net/,live,2026-27,batch_013.txt
4459,LIGHTHOUSE CHRISTIAN SCHOOL-ARLINGTON,found,email_domain,,https://www.lighthousechristianschool.net/,live,2026-27,batch_012.txt
4457,LIGHTHOUSE CHRISTIAN SCHOOL-MANDARIN,found,email_domain,,https://www.lighthousechristianschool.net/,live,2026-27,batch_012.txt
4095,LIGHTHOUSE CHRISTIAN SCHOOL-NORTHSIDE,found,email_domain,,https://www.lighthousechristianschool.net/,live,2026-27,batch_011.txt
5185,LITTLE STAR CENTER,not_reached,email_domain,,,,,
7204,MAI LEADERSHIP ACADEMY INC.,not_reached,name_guess,https://www.maileadershipacademy.com/,,,,
5473,MAINSPRING ACADEMY,found,email_domain,,https://www.mainspringacademy.org/prospective-students/tuition-fees/,live,,batch_013.txt
2109,MARTIN J. GOTTLIEB DAY SCHOOL,tuition_word_no_amount,email_domain,,,,,
5985,MICHELE BLOCK GAN YELADIM PRESCHOOL AND KIN,not_reached,email_domain,,,,,
8722,MITCHELL LEARNING ACADEMY,not_reached,email_domain,,,,,
2395,MONTESSORI TIDES,unclear,email_domain,,https://www.montessoritides.com/enrollment/tuition-and-fees/,live,,batch_008.txt
1769,MORNING STAR SCHOOL,tuition_word_no_amount,email_domain,,,,,
2974,NEW BERLIN ROAD CHRISTIAN ACADEMY,not_reached,email_domain,,,,,
4946,NORTH FLA EDUCATIONAL INSTITUTE,tuition_word_no_amount,email_domain,,,,,
1253,NORTH FLORIDA SCHOOL OF SPECIAL EDUCATION,found,email_domain,,https://northfloridaschool.org/parents/tuition/,live,2025-26,batch_004.txt
4894,OLD PLANK CHRISTIAN ACADEMY,not_reached,email_domain,,,,,
9576,PARKS' PLACE DAYCARE  LEARNING CENTER LLC,tuition_word_no_amount,email_domain,,,,,
4139,PARSONS CHRISTIAN ACADEMY,found,email_domain,,https://www.pclions.org/admissions,live,2026-27,batch_012.txt
3217,POLARIS GLOBAL ACADEMY,not_reached,email_domain,,,,,
3130,PROVIDENCE SCHOOL,found,email_domain,,https://www.prov.org/admissions/continuous-enrollment/,live,2026-27,batch_025.txt
6690,REACH ACADEMY,found,email_domain,,https://www.reachacademyjax.com/tuition,live,2025-26,batch_015.txt
1859,RIVERSIDE PRESBYTERIAN DAY SCHOOL,found,email_domain,,https://www.rpds.com/admissions/tuition-fees,live,2026-27,batch_007.txt
6492,ROAD TO SUCCESS ACADEMY,not_reached,email_domain,,,,,
2931,SACRED HEART,not_reached,email_domain,,,,,
1905,SAINT JOSEPH SCHOOL,found,email_domain,,https://stjosephcs.org/financial/,live,2026-27,batch_007.txt
1939,SAINT MATTHEWS CATHOLIC SCHOOL,tuition_word_no_amount,email_domain,,,,,
2065,SAN JOSE CATHOLIC GRADE SCHOOL,found,email_domain,,https://sanjosecatholicschool.com/wp-content/uploads/2025/10/26-27-Tuition-and-Fees.pdf,live,2026-27,batch_007.txt
2088,SAN JOSE EPISCOPAL DAY SCHOOL,unclear,email_domain,,https://www.sjeds.org/admission/tuition-and-affordability,live,,batch_007.txt
6420,Scholars Academy,tuition_word_no_amount,email_domain,,,,,
1146,SEACOAST CHRISTIAN ACADEMY,found,email_domain,,https://scajax.org/tuition/,live,2026-27,batch_003.txt
3766,SOUTHVILLE PRESCHOOL,not_reached,name_guess,https://www.southvillepreschool.com/,,,,
6856,SUNSHINE SCHOOL OF INDIVIDUALIZED LEARNING,unclear,name_guess,https://sunshineindividualizedlearning.com/,https://sunshineindividualizedlearning.com/enrollment-options/,live,,batch_028.txt
5339,TEMPLE CHRISTIAN ACADEMY INC.,tuition_word_no_amount,email_domain,,,,,
5216,THE ARC JACKSONVILLE,not_reached,email_domain,,,,,
5367,THE ARC JACKSONVILLE ACADEMY 2 - OCT,not_reached,email_domain,,,,,
1088,THE ARC JACKSONVILLE ACADEMY WEST,not_reached,email_domain,,,,,
1459,THE COVENANT SCHOOL OF JACKSONVILLE INC,found,email_domain,,https://wearecovenant.org/tuition,live,2026-27,batch_005.txt
3236,THE DISCOVERY SCHOOL,found,email_domain,,https://www.thediscoveryschool.org/admissions/tuition-fees,live,2026-27,batch_010.txt
2776,THE POTTER'S HOUSE CHRISTIAN ACADEMY,tuition_word_no_amount,email_domain,,,,,
4647,THE POTTER'S HOUSE CHRISTIAN ACADEMY ELEM,tuition_word_no_amount,email_domain,,,,,
6462,THE SCIENCE AND MATH INSTITUTE,not_reached,email_domain,,,,,
9682,THE WAY CHRISTIAN ACADEMY,not_reached,email_domain,,,,,
4380,TORAH ACADEMY OF JACKSONVILLE,found,email_domain,,https://torah-academy.com/wp-content/uploads/2026/04/2026-27-Tuition-and-Fee-Rate-Table-1.pdf,live,2026-27,batch_012.txt
2334,TRINITY CHRISTIAN ACADEMY,found,email_domain,,https://tcajax.org/affordability/,live,2026-27,batch_008.txt
2156,UNIVERSITY CHRISTIAN SCHOOL,found,email_domain,,https://www.ucsjax.com/tuitions-fees,live,,batch_007.txt
7188,Victorious Preparatory Academy,tuition_word_no_amount,name_guess,https://www.victoriouspreparatoryacademy.com/,,,,
2170,VICTORY CHRISTIAN ACADEMY,not_reached,email_domain,,,,,
2927,WEST MEADOWS BAPTIST ACADEMY,not_reached,email_domain,,,,,
1973,ALETHEIA CHRISTIAN ACADEMY,found,email_domain,,https://www.acalions.org/admissions/admissionsfaq,live,,batch_007.txt
4035,BE ACADEMY LLC,tuition_word_no_amount,email_domain,,,,,
2726,BLESSED STAR MONTESSORI CHRISTIAN SCHOOL,found,name_guess,https://blessedstar.com/,https://blessedstar.com/services-and-fees/,live,2025-26,batch_021.txt
3598,CARDEN CHRISTIAN ACADEMY,found,name_guess,https://cardenchristianacademy.com/,https://cardenchristianacademy.com/pdf/2026-2027%20Tuition%20Sheet.pdf,live,2026-27,batch_021.txt
8,CHESTERTON ACADEMY OF THE FLORIDA MARTYRS,found,email_domain,,https://www.chestertonpensacola.org/apply-and-enroll,live,2026-27,batch_025.txt
1413,CHRISTIAN INSTITUTE OF ARTS AND SCIENCES,unclear,email_domain,,https://www.christianinstitute.com/tuition,live,,batch_005.txt
3072,CREATIVE LEARNING ACADEMY OF PENSACOLA,unclear,email_domain,,https://www.creativelearningacademy.org/admissions/tuition-fees,live,,batch_010.txt
6836,D T PREPARATORY ACADEMY INC,found,email_domain,,,live,2025-26,batch_027.txt
6994,DIXON SCHOOL OF ARTS AND SCIENCES,found,email_domain,,https://dixonschoolota.org/tuition-fees/,live,2026-27,batch_016.txt
3719,EAST HILL ACADEMY INC.,not_reached,name_guess,https://easthillacademy.org/,,,,
717,EAST HILL CHRISTIAN SCHOOL,unclear,name_guess,https://easthillacademy.org/,,live,,batch_021.txt
5757,EAST HILL CHRISTIAN SCHOOL,no_website,name_guess,https://easthillacademy.org/,,,,
777,EPISCOPAL DAY SCHOOL CHRIST CHURCH,found,email_domain,,https://www.edscc.org/admissions/tuition-fees.cfm,live,2026-27,batch_002.txt
5568,HILLCREST PRIVATE ACADEMY,unclear,email_domain,,https://hc-pa.com/faq/how-much-money-will-this-cost-me/,live,,batch_014.txt
3723,JUBILEE CHRISTIAN ACADEMY,found,email_domain,,https://assets.cdn.filesafe.space/Lw6I2xWqWJkEC5Q6dJmU/media/6a554338180dde3f86d31000.pdf,live,2026-27,batch_011.txt
6427,LIGHTHOUSE PRIVATE CHRISTIAN ACADEMY PREP,found,email_domain,,https://www.lighthousepca.com/enrollment/tuition-and-fees,live,2026-27,batch_015.txt
1964,LOVE NATION CHILD DEVELOPMENT CENTER,not_reached,email_domain,,,,,
4922,MARCUS POINTE CHRISTIAN SCHOOL,not_reached,email_domain,,,,,
3956,MONTESSORI SCHOOL OF PENSACOLA,unclear,email_domain,,,live,,batch_011.txt
3374,PENSACOLA ADVENTIST ACADEMY,unclear,name_guess,https://paak-12.org/,https://paak-12.org/current-academic-year/tuition/,live,,batch_021.txt
1108,PENSACOLA CATHOLIC HIGH SCHOOL,unclear,email_domain,,https://pensacolachs.org/tuition/,live,,batch_003.txt
1147,PENSACOLA CHRISTIAN ACADEMY,unclear,name_guess,https://www.pensacolachristianacademy.com/,,live,,batch_021.txt
1598,PENSACOLA PRIVATE SCHOOL OF LIBERAL ARTS,unclear,email_domain,,https://pensacolasola.org/admissions,live,,batch_005.txt
3855,PENTECOSTAL TEMPLE PREPARATORY ACADEMY,not_reached,email_domain,,,,,
6453,PHOENIX LEARNING ACADEMY INC.,found,email_domain,,,live,2026-27,batch_027.txt
895,POTENTIAL CHRISTIAN ACADEMY PENSACOLA,not_reached,email_domain,,,,,
1215,REDEEMER LUTHERAN ELEM/MIDDLE SCHOOL,unclear,email_domain,,https://www.redeemerschoolpensacola.org/tuition-financial-aid,live,,batch_004.txt
1647,S.L. JONES CHRISTIAN ACADEMY,found,email_domain,,https://sljcainc.com/admissions/tuition-and-fees/,live,,batch_006.txt
1254,SACRED HEART CATHEDRAL SCHOOL,found,email_domain,,https://www.shcs.ptdiocese.org/tuition,live,2027-28,batch_004.txt
1384,SAINT PAUL CATHOLIC,not_reached,email_domain,,,,,
3459,THE MONTESSORI SCHOOL OF PENSACOLA,unclear,email_domain,,,live,,batch_010.txt
1448,TRINITAS CHRISTIAN SCHOOL,found,email_domain,,https://www.trinitaschristian.org/admissions/tuition-and-fees/,live,2026-27,batch_005.txt
6192,UMBRELLA LEARNING ACADEMY,tuition_word_no_amount,email_domain,,,,,
6410,Warrington Prep Academy,tuition_word_no_amount,email_domain,,,,,
1280,ATLAS ACADEMY,not_reached,email_domain,,,,,
5504,CHRIST THE KING LUTHERAN SCHOOL,found,email_domain,,https://www.ctkpalmcoast.com/ctk-academy--13/pages/admissions--15,live,2025-26,batch_025.txt
5293,COASTAL EDUCATION CENTER,found,name_guess,https://www.coastaleducationcenter.com/,https://www.coastaleducationcenter.com/general-5,live,2023-24,batch_022.txt
5569,FIRST BAPTIST CHRISTIAN ACADEMY,tuition_word_no_amount,email_domain,,,,,
6686,FREEDOMSCHOOLERS ACADEMY,not_reached,email_domain,,,,,
9370,OCEAN LEARNING CENTER LLC,unclear,email_domain,,https://oceanlearningcenter.info/,live,,batch_019.txt
832,ST. ELIZABETH ANN SETON CATHOLIC SCHOOL,found,email_domain,,https://cdn.diocesanweb.org/crossroads/seaspc/wp-content/uploads/2026/08/SEAS-Tuition-and-Financial-Policy-for-2026-2027-3.pdf,live,2026-27,batch_003.txt
5072,SUNCOAST COMMUNITY SCHOOL,found,email_domain,,https://www.suncoastcommunityschool.com/wp-content/uploads/2026/06/2026-2027-Tuition-Fees-3.pdf,live,2026-27,batch_013.txt
9842,TALEGA PREPARATORY ACADEMY,unclear,email_domain,,https://www.talegaprep.com/,live,,batch_020.txt
7952,ED CORPS HIGH SCHOOL,found,email_domain,,https://franklinspromisecoalition.wildapricot.org/ED-Corps-High-School/,live,,batch_017.txt
8704,FRANKLIN ACADEMY INC.,not_reached,name_guess_ext,https://www.franklinacademyschool.com/,,,,
9308,NORTH FLORIDA EDUCATION SERVICES,not_reached,email_domain,,,,,
779,ROBERT F MUNROE DAY SCHOOL,found,email_domain,,https://rfmunroe.org/tuitionscholarship/,live,2026-27,batch_002.txt
5672,ESTHER'S SCHOOL BELL,tuition_word_no_amount,email_domain,,,,,
5585,FIRST PLACE ACADEMY,not_reached,email_domain,,,,,
433,FAITH CHRISTIAN SCHOOL,tuition_word_no_amount,email_domain,,,,,
5122,THE OAKS PRIVATE SCHOOL,tuition_word_no_amount,email_domain,,,,,
5911,ALANE ACADEMY,no_website,name_guess,https://www.alaneacademy.com/,,,,
435,LAKESIDE NEUROLOGIC,not_reached,email_domain,,,,,
2960,HARVEST ACADEMY CHRISTIAN SCHOOL,not_reached,email_domain,,,,,
589,LIONS CHRISTIAN ACADEMY,not_reached,name_guess,https://lionschristianacademy.com/,,,,
3088,CONKLIN INTERNATIONAL ACADEMY,not_reached,email_domain,,,,,
8239,ESTHER'S SCHOOL INC - SPRING HILL,tuition_word_no_amount,email_domain,,,,,
369,GRACE LEADERSHIP ACADEMY,found,email_domain,,https://graceleadershipacademy.org/admissions,live,2026-27,batch_001.txt
894,HERNANDO CHRISTIAN ACADEMY,unclear,email_domain,,,live,,batch_003.txt
5437,LIFE PREPARATORY SCHOOL,not_reached,email_domain,,,,,
780,METHODIST SCHOOL CENTER,tuition_word_no_amount,email_domain,,,,,
964,NOTRE DAME CATHOLIC SCHOOL,tuition_word_no_amount,email_domain,,,,,
4540,QUEEN OF ALL SAINTS ACADEMY,unclear,email_domain,,https://www.qasonline.org/tuition-rates,live,,batch_012.txt
4074,ROOTS ACADEMY OF BROOKSVILLE,not_reached,email_domain,,,,,
1180,SPRING HILL CHRISTIAN ACADEMY,tuition_word_no_amount,email_domain,,,,,
1370,SPRING HILL CHRISTIAN ACADEMY WEST,tuition_word_no_amount,email_domain,,,,,
1255,WEST HERNANDO CHRISTIAN SCHOOL,tuition_word_no_amount,email_domain,,,,,
834,WIDER HORIZONS SCHOOL,not_reached,email_domain,,,,,
1350,HEARTLAND CHRISTIAN SCHOOL,not_reached,name_guess_ext,https://www.heartlandchristianacademy.org/,,,,
6115,INDEPENDENT BAPTIST ACADEMY,found,name_guess,https://independentbaptistacademy.com/,https://independentbaptistacademy.com/tuition-scholarships/,live,2026-27,batch_022.txt
836,LAKEVIEW CHRISTIAN SCHOOL,found,email_domain,,https://www.lakeviewchristianschool.org/tuition.html,live,2026-27,batch_025.txt
1433,ST. CATHERINE CATHOLIC SCHOOL,unclear,email_domain,,https://www.stcatheschool.org/admissions,live,,batch_005.txt
5463,ST. CATHERINE CATHOLIC SCHOOL 2,unclear,email_domain,,https://www.stcatheschool.org/admissions,live,,batch_013.txt
9840,THE ACADEMY AT THE PARC,unclear,email_domain,,,live,,batch_028.txt
438,WALKER MEMORIAL ACADEMY,found,email_domain,,https://www.wmaeagles.org/_files/ugd/e4a60a_0e17c70c97e6411db1147b2f91467561.pdf,live,2026-27,batch_001.txt
724,ACADEMY OF THE HOLY NAMES,unclear,email_domain,,https://www.holynamestpa.org/admissions/tuition,live,,batch_002.txt
4256,ACADEMY PREP CENTER OF TAMPA INC.,not_reached,email_domain,,,,,
9423,ACHIEVERS DAY SCHOOL INC,not_reached,email_domain,,,,,
5340,Amazing Explorers Academy,not_reached,email_domain,,,,,
4409,AMERICAN YOUTH ACADEMY INC.,tuition_word_no_amount,email_domain,,,,,
494,APOLLO ACADEMY,found,email_domain,,https://www.theapolloacademy.com/,live,,batch_002.txt
2534,BAYSHORE CHRISTIAN SCHOOL,found,email_domain,,https://www.bayshorechristianschool.org/admissions/,live,,batch_009.txt
3654,BEACH PARK SCHOOL,unclear,email_domain,,https://beachparkschool.org/admission-tuition/,live,,batch_028.txt
2764,BELL SHOALS ACADEMY,not_reached,email_domain,,,,,
1030,BRANDON ACADEMY LLC,tuition_word_no_amount,email_domain,,,,,
9628,BRANDON CLASSICAL CHRISTIAN SCHOOL,not_reached,email_domain,,,,,
8106,BRILLIANT MICROSCHOOLS,unclear,email_domain,,,live,,batch_017.txt
7246,CAMBRIDGE CHRISTIAN SCHOOL,found,email_domain,,https://www.ccslancers.com/wp-content/uploads/2026/01/2026-2027-Continuous-Enrollment-Guide.pdf,live,2026-27,batch_023.txt
1879,CENTER ACADEMY-RIVERVIEW,tuition_word_no_amount,email_domain,,,,,
4088,CENTRAL BAPTIST CHRISTIAN SCHOOL,unclear,email_domain,,https://www.cbcslions.com/admissions,live,,batch_011.txt
3462,CES ACADEMY,not_reached,email_domain,,,,,
3919,CHRIST THE KING CATHOLIC SCHOOL,found,email_domain,,https://www.cks-school.org/admissions/tuition-financial-aid,live,2026-27,batch_011.txt
1719,COMMUNITY MONTESSORI SCHOOL,tuition_word_no_amount,email_domain,,,,,
1695,CORBETT PREPARATORY SCHOOL OF IDS,found,email_domain,,https://www.corbettprep.com/admissions/tuition-and-forms,live,2026-27,batch_006.txt
7738,CORNERSTONE FOUNDATION ACADEMY,tuition_word_no_amount,name_guess,https://cornerstonefoundationacademy.org/,,,,
5155,COUNTRY DAY MONTESSORI SCHOOL-BLOOMINGDALE,tuition_word_no_amount,email_domain,,,,,
8321,CRISTO REY TAMPA,found,email_domain,,https://www.cristoreytampa.org/admissions/tuition,live,2027-28,batch_018.txt
7275,CUTTINGEDGE LEARNING ACADEMY INC.,not_reached,name_guess,https://www.cuttingedgelearningacademy.org/,,,,
4577,DOCTORS OF ACADEMICS LEARNING ACADEMY,tuition_word_no_amount,email_domain,,,,,
9146,EARLY STEPS MONTESSORI ACADEMY,not_reached,email_domain,,,,,
7522,EASTERSEALS SCHOOL FOR LIMITLESS LEARNING,not_reached,email_domain,,,,,
4799,EDUCATED MINDS PRIMARY SCHOOL,not_reached,email_domain,,,,,
2676,EVANS CHRISTIAN ACADEMY,tuition_word_no_amount,email_domain,,,,,
8964,EVOLVE SCHOOL OF LEARNING,not_reached,email_domain,,,,,
9859,EXTRAORDINARY STUDENT EDUCATION INC.,not_reached,email_domain,,,,,
6302,FAITH CHRISTIAN ACADEMY,found,email_domain,,https://www.fcafalcons.org/editoruploads/files/FCA%202026-2027%20Students%20Tuition%20and%20Fees.docx.pdf,live,2026-27,batch_015.txt
2619,FAITH OUTREACH ACADEMY,unclear,name_guess,https://www.faithoutreachacademy.org/,https://www.faithoutreachacademy.org/tuition-financial-aid,live,,batch_021.txt
4117,FAMILY OF CHRIST CHRISTIAN SCHOOL,not_reached,email_domain,,,,,
4104,FIRST BAPTIST BRANDON CHRISTIAN ACADEMY,not_reached,email_domain,,,,,
8080,FIRST DISCOVERIES ACADEMY,not_reached,email_domain,,,,,
1256,FLORIDA COLLEGE,unclear,email_domain,,https://floridacollege.edu/admissions/financial-aid/costs-and-fees/,live,,batch_004.txt
4254,FOCUS DAY SCHOOL INC.,unclear,email_domain,,https://focusdayschool.org/admissions/tuition/,live,,batch_012.txt
1778,FORTRESS CHRISTIAN SCHOOL,unclear,email_domain,,https://floridacollege.edu/admissions/financial-aid/costs-and-fees/,live,,batch_006.txt
4947,FOUNDATION CHRISTIAN ACADEMY,tuition_word_no_amount,name_guess,https://www.foundationchristianacademy.org/,,,,
1352,GRACE CHRISTIAN SCHOOL,found,email_domain,,https://gracechristianschool.com/admissions/tuition-fees/,live,2026-27,batch_004.txt
7415,GRANT PARK CHRISTIAN ACADEMY,unclear,name_guess,https://grantparkchristianacademy.com/,https://grantparkchristianacademy.com/financial-assistance/,live,,batch_022.txt
6877,HARMON PREP SCHOOL,found,email_domain,,https://www.harmonprep.org/tuition-fees,live,,batch_016.txt
8214,HIFZ ACADEMY,unclear,email_domain,,https://www.hifzacademy.org/admissions/tuition.cfm,live,,batch_018.txt
1449,HILLEL SCHOOL OF TAMPA INC.,unclear,email_domain,,https://www.hillelacademytampa.com/tuition,live,,batch_005.txt
2323,HILLSBOROUGH BAPTIST SCHOOL,found,name_guess,https://www.hillsboroughbaptist.com/,https://2de6e8f6-5dac-4299-aca8-099d0190f6c1.filesusr.com/ugd/fe9205_eb35b4d042e4426aafb0c3285232053d.pdf,live,2026-27,batch_021.txt
6802,HILLSDALE CHRISTIAN ACADEMY,tuition_word_no_amount,email_domain,,,,,
1475,HOLY TRINITY LUTHERAN,found,email_domain,,https://holytrinitylutheranschool.org/prospective-families/tuition-fees/,live,,batch_005.txt
9865,HOPE CHRISTIAN SCHOOL,unclear,email_domain,,https://hopechildrenshome.org/admissionsfaq/,live,,batch_020.txt
9311,ICON PREPARATORY SCHOOL,tuition_word_no_amount,email_domain,,,,,
2817,IMMANUEL LUTHERAN SCHOOL,tuition_word_no_amount,email_domain,,,,,
7379,IMPACT ACADEMY SCHOOL,not_reached,email_domain,,,,,
8647,IMPACT ACADEMY SOUTH LLC,not_reached,email_domain,,,,,
6283,INTERACTIVE EDUCATION ACADEMY,tuition_word_no_amount,name_guess,https://www.interactiveeducationacademy.org/,,,,
7199,IVY GLOBAL SCHOOL,found,email_domain,,https://ivyglobalschool.org/en/admission/tuition/,live,,batch_016.txt
3940,IVYBROOK ACADEMY TAMPA PALMS,tuition_word_no_amount,email_domain,,,,,
1599,JESUIT HIGH SCHOOL,found,email_domain,,https://www.jesuittampa.org/admissions/tuition-information,live,2026-27,batch_005.txt
6950,KEYSTONE PREP HIGH SCHOOL,found,email_domain,,https://www.keystoneprep.org/tuition.html,live,,batch_016.txt
2965,KING'S KIDS CHRISTIAN ACADEMY,tuition_word_no_amount,email_domain,,,,,
4411,KINOVU SCHOOL OF LITHIA,not_reached,email_domain,,,,,
2837,LAKE MAGDALENE CHRISTIAN SCHOOL,not_reached,email_domain,,,,,
4313,LEGACY CHRISTIAN ACADEMY,not_reached,email_domain,,,,,
9634,LIFE INTERNATIONAL ACADEMY,found,email_domain,,https://www.lifeia.org/tuition,live,2026-27,batch_020.txt
6757,LIVING LEGACY ACADEMY INC.,not_reached,email_domain,,,,,
4006,LIVINGSTONE ACADEMY - SEFFNER,found,email_domain,,https://www.livingstoneschools.org/parent-resources/tuition/,live,,batch_011.txt
6957,LIVINGSTONE ACADEMY AUTISM CENTER,found,email_domain,,https://www.livingstoneschools.org/parent-resources/tuition/,live,,batch_016.txt
9295,LIVINGSTONE ACADEMY EXCEPTIONAL CENTER,found,email_domain,,https://www.livingstoneschools.org/parent-resources/tuition/,live,,batch_019.txt
1730,LUTZ LEARNING CENTER,tuition_word_no_amount,email_domain,,,,,
1829,LUTZ MONTESSORI SCHOOL,not_reached,email_domain,,,,,
2645,M.O.T. ACADEMY,tuition_word_no_amount,email_domain,,,,,
4059,MONTESSORI ACADEMY OF TAMPA BAY,not_reached,email_domain,,,,,
2970,MONTESSORI CHILDREN'S HOUSE OF HYDE PARK,tuition_word_no_amount,email_domain,,,,,
3510,MONTESSORI PREPARATORY SCHOOL,not_reached,email_domain,,,,,
1792,MORNING STAR CATHOLIC SCHOOL,tuition_word_no_amount,email_domain,,,,,
1809,MOTHER TERESA OF CALCUTTA CATHOLIC SCHOOL,found,email_domain,,https://mtctampa.org/admissions/tuition/,live,2026-27,batch_006.txt
2773,MT. CALVARY S.D.A. JR. ACADEMY,not_reached,email_domain,,,,,
1842,NATIVITY CATHOLIC SCHOOL,found,email_domain,,https://www.nativitycatholicschool.org/admissions/tuition-and-finance.cfm,live,2026-27,batch_006.txt
8766,NLT ACADEMY INC.,found,email_domain,,https://www.nltacademy.com/tuition,live,,batch_018.txt
4182,NORTHDALE CHRISTIAN ACADEMY,not_reached,email_domain,,,,,
5165,ODESSA CHRISTIAN SCHOOL,found,email_domain,,https://www.odessachristianschool.org/tuition-and-fees/,live,2026-27,batch_013.txt
4539,Peninsular Prep,found,name_guess,https://www.peninsularprep.com/,https://www.peninsularprep.com/tuition-fees,live,2026-27,batch_022.txt
5075,Pi Learning Academy,found,email_domain,,https://www.pilearningacademy.org/home-school-enrichment.html,live,2026-27,batch_013.txt
1094,PREMIER ACADEMY TEMPLE TERRACE LLC,tuition_word_no_amount,email_domain,,,,,
6953,PREPARATORY ACADEMY INC.,found,email_domain,,https://www.preparatoryacademyinc.org/tuition-and-fees.html,live,,batch_016.txt
2976,PRODIGY ACADEMY AT CREEKSIDE,not_reached,email_domain,,,,,
2248,PRODIGY EARLY LEARNING AT WINTHROP,not_reached,email_domain,,,,,
5074,PROGRESS VILLAGE ACADEMY,not_reached,email_domain,,,,,
2636,PROVIDENCE CHRISTIAN SCHOOL,not_reached,email_domain,,,,,
1218,RESURRECTION CHRISTIAN SCHOOL,not_reached,name_guess,https://www.resurrectionchristian.com/,,,,
2016,SAINT JOHNS EPISCOPAL PARISH DAY SCHOOL,found,email_domain,,https://www.stjohnseagles.org/admissions/tuition-fees,live,2026-27,batch_007.txt
2070,SAINT LAWRENCE CATHOLIC SCHOOL,not_reached,email_domain,,,,,
2089,SAINT MARYS EPISCOPAL DAY SCHOOL,found,email_domain,,https://www.smeds.org/admission/tuition-and-financial-aid,live,2026-27,batch_007.txt
7932,SCHOLARS CHRISTIAN ACADEMY,found,name_guess,https://scholarschristianacademy.org/,https://scholarschristianacademy.org/wp-content/uploads/2026/05/2026-2027-Enrollment-Tuition-and-Fees.pdf,live,2026-27,batch_022.txt
2840,SEFFNER CHRISTIAN ACADEMY,tuition_word_no_amount,email_domain,,,,,
5835,SOUTH BAY ACADEMY,not_reached,email_domain,,,,,
4683,SOUTHSHORE MONTESSORI II,unclear,email_domain,,https://www.wearemontessori.com/tuition-rates,live,,batch_012.txt
8651,SPARK LEARNING XXIII,unclear,email_domain,,https://primer.com/tuition,live,,batch_018.txt
2563,ST ANDREWS ACADEMY,not_reached,email_domain,,,,,
5435,St. John's Episcopal Parish Day School,found,email_domain,,https://www.stjohnseagles.org/admissions/tuition-fees,live,2026-27,batch_013.txt
5383,St. John's Episcopal Parish Day School,found,email_domain,,https://www.stjohnseagles.org/admissions/tuition-fees,live,2026-27,batch_013.txt
9861,ST. THOMAS AQUINAS ACADEMY,not_reached,email_domain,,,,,
8777,TAMPA BAY ACADEMY,tuition_word_no_amount,name_guess,https://tampabayacademy.org/,,,,
1043,Tampa Bay Christian Academy,unclear,email_domain,,https://www.tbcarams.org/admissions/tuition-fees.cfm,live,,batch_003.txt
7104,TAMPA BAY CHRISTIAN ACADEMY OF FLORIDA INC,unclear,email_domain,,https://www.tbcarams.org/admissions/tuition-fees.cfm,live,,batch_016.txt
2200,TAMPA CATHOLIC HIGH SCHOOL INC.,found,email_domain,,https://www.tampacatholic.org/apps/pages/index.jsp?uREC_ID=3863569&type=d&pREC_ID=2476738,live,2026-27,batch_008.txt
3836,TAMPA CHRISTIAN COMMUNITY SCHOOL,found,name_guess_ext,https://www.tampacatholic.org/,https://www.tampacatholic.org/apps/pages/index.jsp?uREC_ID=3863569&type=d&pREC_ID=2476738,live,2026-27,batch_030.txt
6958,TAMPA DAY SCHOOL,found,email_domain,,https://www.tampadayschool.com/tuition/,live,2026-27,batch_016.txt
7150,TAMPA PINNACLE ACADEMY LLC,unclear,name_guess,https://tampapinnacleacademy.com/,https://tampapinnacleacademy.com/admissions,live,,batch_022.txt
2246,TAMPA PREPARATORY SCHOOL,found,email_domain,,https://tampaprep.org/admissions/fees-and-tuition/,live,2026-27,batch_008.txt
8844,TAMPA TORAH ACADEMY,blocked,email_domain,,,,,
7203,THE ACADEMY AT TRUE SANCTUARY OF PRAISE,tuition_word_no_amount,email_domain,,,,,
966,THE BRANDON MONTESSORI SCHOOL,unclear,email_domain,,https://www.wearemontessori.com/tuition-rates,live,,batch_003.txt
7142,THE GODDARD SCHOOL FOR EARLY CHILDHOOD DEV,tuition_word_no_amount,email_domain,,,,,
9307,THE GODDARD SCHOOL OF SOUTH TAMPA,tuition_word_no_amount,email_domain,,,,,
1306,THE PAIDEIA SCHOOL OF TAMPA BAY,found,email_domain,,https://paideiatampa.org/academics/admissions,live,2026-27,batch_004.txt
3084,THE RIVERVIEW MONTESSORI SCHOOL AT RIVERCRE,unclear,email_domain,,https://www.wearemontessori.com/tuition-rates,live,,batch_010.txt
2335,UNIVERSAL ACADEMY OF FLORIDA,unclear,email_domain,,https://www.uaftampa.org/admissions/admissions-process,live,,batch_008.txt
4576,VISIONARY ACADEMY,not_reached,email_domain,,,,,
1574,WEST GATE CHRISTIAN SCHOOL,not_reached,email_domain,,,,,
6764,WESTMINSTER ACADEMY,not_reached,email_domain,,,,,
1149,WINDSOR LEARNING ACADEMY,unclear,name_guess,https://www.windsorlearningacademy.com/,https://www.windsorlearningacademy.com/tuition-fees-and-financial-aid,live,,batch_021.txt
624,Heartland Academy-Florida,not_reached,email_domain,,,,,
7474,Amarikhotanale,not_reached,email_domain,,,,,
2254,CHESTERTON ACADEMY OF VERO BEACH,found,email_domain,,https://chestertonvero.org/admissions/,live,2024-25,batch_008.txt
8263,CHRIST CHURCH ACADEMY,unclear,email_domain,,,live,,batch_018.txt
1289,GLENDALE CHRISTIAN SCHOOL,found,name_guess_ext,https://www.glendalechristianschool.com/,https://www.glendalechristianschool.com/tuition-and-fees/,live,2026-27,batch_030.txt
3545,GLENDALE CHRISTIAN SCHOOL WEST,found,email_domain,,https://www.glendalechristianschool.com/tuition-and-fees/,live,2026-27,batch_011.txt
5957,Heartwood Academy,found,name_guess,https://www.heartwoodacademy.net/,https://www.heartwoodacademy.net/general-4,live,2026-27,batch_022.txt
4838,MASTER'S ACADEMY OF VERO BEACH,tuition_word_no_amount,email_domain,,,,,
1098,MVG ELITE ACADEMY INC.,not_reached,email_domain,,,,,
725,SAINT EDWARD'S SCHOOL,found,email_domain,,https://www.steds.org/admission/tuition-and-fees,live,2026-27,batch_002.txt
4604,THE WILLOW SCHOOL,not_reached,email_domain,,,,,
6596,TRINITY EPISCOPAL SCHOOL,found,email_domain,,https://trinityvero.org/wp-content/uploads/2026/08/Schedule-of-Tuition-Fees-2026-2027-Academic-Year-2.pdf,live,2026-27,batch_015.txt
9755,VERO CLASSICAL SCHOOL,found,email_domain,,https://www.veroclassicalschool.org/copy-of-express-interest-parents,live,2026-27,batch_020.txt
786,DAYSPRING CHRISTIAN ACADEMY,found,email_domain,,https://dayspringca.com/fee-schedule-2026-2027,live,2026-27,batch_023.txt
8266,FLEXI ACADEMY,tuition_word_no_amount,name_guess,https://flexiacademy.com/,,,,
443,VICTORY CHRISTIAN ACADEMY,not_reached,email_domain,,,,,
446,AUCILLA CHRISTIAN ACADEMY INC.,found,email_domain,,https://www.aucilla.org/tuition/,live,2026-27,batch_001.txt
8549,FRANKLIN ACADEMY INC.,not_reached,name_guess_ext,https://www.franklinacademyschool.com/,,,,
4185,LIGHTHOUSE CHRISTIAN ACADEMY,unclear,email_domain,,,live,,batch_012.txt
7401,APPLIED BEHAVIOR EDU AND LIFESKILLS ACADEMY,not_reached,email_domain,,,,,
8899,ASTATULA CHRISTIAN SCHOOL,not_reached,name_guess,https://astatulachristian.com/,,,,
8172,BETTER LIFE ACADEMY,unclear,email_domain,,https://www.betterlifeofcentralfl.com/wp-content/uploads/2024/07/Tuition-Fees-2024-2025.pdf,live,,batch_017.txt
9500,CHOSEN GENERATION CHRISTIAN ACADEMY 2,unclear,email_domain,,https://chosengenca.com/2024/05/17/tuition-fees/,live,,batch_019.txt
899,COVENANT LIGHT PRIVATE,not_reached,email_domain,,,,,
7470,CREATE CONSERVATORY,not_reached,email_domain,,,,,
5451,DREAMPLEX THERAPEUTIC SCHOOL,not_reached,email_domain,,,,,
727,FAITH LUTHERAN SCHOOL,not_reached,email_domain,,,,,
4338,FAMILY CHRISTIAN CENTER SCHOOL - CLERMONT,not_reached,email_domain,,,,,
1500,FIRST ACADEMY-LEESBURG,found,email_domain,,https://www.faleesburg.com/_files/ugd/288100_9e73a8284534466c9334b1b6c969bafd.pdf,live,2026-27,batch_005.txt
5338,First Presbyterian Preschool,not_reached,email_domain,,,,,
3787,GATEWAY CHRISTIAN SCHOOL,network_site_only,email_domain,,https://www.flcoe.org/,live,,batch_011.txt
8109,GREATER HORIZONS ACADEMY OF EXCELLENCE,tuition_word_no_amount,email_domain,,,,,
6209,HERITAGE CHRISTIAN ACADEMY,not_reached,email_domain,,,,,
787,HOLY TRINITY EPISCOPAL SCHOOL,found,email_domain,,https://www.htepiscopalschool.org/htes-tuition,live,2026-27,batch_002.txt
8000,HOPE ACADEMY INCORPORATED,tuition_word_no_amount,email_domain,,,,,
6889,INTEGRITY CHRISTIAN ACADEMY,tuition_word_no_amount,email_domain,,,,,
6687,Lake Geneva Primary School,tuition_word_no_amount,email_domain,,,,,
968,LAKE MONTESSORI SCHOOL,not_reached,name_guess,https://www.lakemontessori.org/,,,,
9720,LEESBURG CHRISTIAN ACADEMY,not_reached,email_domain,,,,,
8420,LEESBURG CHRISTIAN PREPARATORY SCHOOL IEP,tuition_word_no_amount,email_domain,,,,,
7280,MEANINGFUL MILESTONE ACADEMY INC,found,email_domain,,https://www.meaningfulmilestonesacademy.org/academics,live,,batch_016.txt
1034,MONTVERDE ACADEMY,found,email_domain,,https://www.montverde.org/admission/tuition-and-fees,live,2026-27,batch_003.txt
629,MOUNT DORA CHRISTIAN ACADEMY,found,email_domain,,https://www.mdcacademy.org/admission/tuition,live,2026-27,batch_002.txt
1810,Mount Dora Montessori LLC,unclear,name_guess,https://www.mountdoramontessori.com/,https://www.mountdoramontessori.com/tuition-and-fees,live,,batch_021.txt
5179,Palms Day School - Clermont Campus,not_reached,email_domain,,,,,
9753,RAFIKI CLASSICAL ACADEMY,found,name_guess,https://www.rafikiclassicalacademy.org/,https://www.rafikiclassicalacademy.org/tuition-and-fees,live,2026-27,batch_022.txt
1219,REAL LIFE CHRISTIAN ACADEMY,not_reached,email_domain,,,,,
1257,SAINT PAUL'S CATHOLIC SCHOOL,found,email_domain,,https://stpaulschoolleesburg.org/tuition/,live,2026-27,batch_004.txt
3562,SUNSHINE SCHOOLHOUSE,tuition_word_no_amount,email_domain,,,,,
8606,THE DREAM ACADEMY INC,not_reached,email_domain,,,,,
8949,THE KEY TO LEARNING,unclear,email_domain,,,live,,batch_019.txt
269,THE POTTER'S ACADEMY,not_reached,email_domain,,,,,
9254,VIBES LEARNING ACADEMY,not_reached,email_domain,,,,,
5858,VILLAGE VIEW CHRISTIAN ACADEMY,tuition_word_no_amount,email_domain,,,,,
8477,WESLEY CHRISTIAN ACADEMY,unclear,name_guess,https://www.wesleychristianacademy.org/,https://www.wesleychristianacademy.org/tuitionandfees,live,,batch_022.txt
1657,3 OAKS ACADEMY,found,email_domain,,https://www.3oaksacademy.com/estero/tuition,live,2026-27,batch_006.txt
9783,ACTON ACADEMY ALVA,not_reached,email_domain,,,,,
5886,ACTON ACADEMY ESTERO,not_reached,email_domain,,,,,
6641,BANNWORTH ACADEMY OF CLASSICAL EDUCATION,unclear,email_domain,,https://www.bannworthacademy.com/,live,,batch_015.txt
630,BISHOP VEROT CATHOLIC HIGH SCHOOL,found,email_domain,,https://www.bvhs.org/admissions/tuition-and-fees,live,2026-27,batch_002.txt
3119,BLUE HORIZON SCHOOL ACADEMY,not_reached,email_domain,,,,,
4805,Brown Academy,tuition_word_no_amount,email_domain,,,,,
728,CANTERBURY SCHOOL,found,email_domain,,https://www.canterburyfortmyers.org/admission/tuition-financialaid,live,,batch_002.txt
2145,CAPE ACADEMY,tuition_word_no_amount,email_domain,,,,,
9702,CENTER ACADEMY CAPE CORAL,tuition_word_no_amount,email_domain,,,,,
7300,CHRISTIAN LIFE ACADEMY OF LEE COUNTY INC.,tuition_word_no_amount,email_domain,,,,,
4614,CLASSICAL CHRISTIAN ACADEMY INC.,unclear,email_domain,,https://www.discovercca.org/tuition/,live,,batch_012.txt
2368,CRESTWELL SCHOOL,found,email_domain,,https://crestwellschool.org/admission/faq,live,2026-27,batch_008.txt
2952,CROSSROADS BAPTIST ACADEMY,not_reached,email_domain,,,,,
6320,CROWN OF LIFE CHRISTIAN ACADEMY,found,email_domain,,https://crownlifeacademy.com/admissions/rates/,live,2026-27,batch_023.txt
6174,DE LASALLE ACADEMY OF FORT MYERS,found,email_domain,,https://www.delasallefm.org/121858_2,live,2026-27,batch_015.txt
7390,DISCOVERY DAY ACADEMY,not_reached,email_domain,,,,,
9648,EDUCATIONAL PATHWAYS ACADEMY II,unclear,email_domain,,https://www.educationalpathwaysacademy.com/tuition-and-fees,live,,batch_020.txt
6695,Emerge Specialized Education Center,not_reached,email_domain,,,,,
7163,Empowered Preparatory School,tuition_word_no_amount,email_domain,,,,,
905,EVANGELICAL CHRISTIAN,tuition_word_no_amount,email_domain,,,,,
270,EVANGELICAL CHRISTIAN SCHOOL,tuition_word_no_amount,email_domain,,,,,
1603,FORT MYERS CHRISTIAN SCHOOL,found,email_domain,,https://fortmyerschristianschool.com/wp-content/uploads/Tuition-Information-26-27.pdf,live,2026-27,batch_023.txt
6689,Goddard School of Estero,tuition_word_no_amount,email_domain,,,,,
4085,GOOD SHEPHERD LUTHERAN SCHOOL,not_reached,email_domain,,,,,
1577,GOSPEL BAPTIST CHRISTIAN SCHOOL,tuition_word_no_amount,name_guess_ext,https://gospelbaptistchristianschool.com/,,,,
7495,GRACE CLASSICAL ACADEMY,found,email_domain,,https://wearegca.com/tuition-fees/,live,2026-27,batch_016.txt
1844,GRACE COMMUNITY SCHOOL,unclear,email_domain,,https://www.gracecommunityschools.com/,live,,batch_006.txt
4494,GRACE COMMUNITY SCHOOL OF FORT MYERS INC.,unclear,email_domain,,https://www.gracecommunityschools.com/,live,,batch_012.txt
7572,GRACE COMMUNITY SCHOOL OF LEHIGH,unclear,email_domain,,https://www.gracecommunityschools.com/,live,,batch_017.txt
6895,GRACE COMMUNITY SCHOOL OF NORTH FORT MYERS,unclear,email_domain,,https://www.gracecommunityschools.com/,live,,batch_016.txt
6165,GRACE COMMUNITY SCHOOL OF SKYLINE,unclear,email_domain,,https://www.gracecommunityschools.com/,live,,batch_015.txt
3608,HIBERNIAN PRIVATE SCHOOL,found,email_domain,,https://www.hibernianprivateschool.com/admissions,live,2026-27,batch_011.txt
7698,LEE AUTISM ACADEMY,not_reached,email_domain,,,,,
9541,LEHIGH ACRES CHRISTIAN SCHOOL,not_reached,name_guess_ext,https://www.lehighacreschristianschool.com/,,,,
2324,LIVING WORD CHRISTIAN SCHOOL,not_reached,name_guess,https://livingwordschool.org/,,,,
7757,MILLENNIUM CHRISTIAN ACADEMY,not_reached,name_guess,https://www.millenniumchristianacademy.org/,,,,
5128,MONTESSORI SCHOOL OF FT. MYERS,tuition_word_no_amount,email_domain,,,,,
4286,PALMS DAY SCHOOL,not_reached,email_domain,,,,,
1517,QUALITY LIFE ACADEMY,not_reached,email_domain,,,,,
1578,RIGHT STEPS ACADEMY,unclear,email_domain,,https://rightstepsacademy.com/tuition-fees/,live,,batch_005.txt
4407,SMART START EXCEPTIONAL STUDENT EDUCATION,not_reached,email_domain,,,,,
1882,SONSHINE CHRISTIAN ACADEMY,found,email_domain,,https://sonshinewarriors.org/financial-information-chirho,live,2026-27,batch_007.txt
2397,SOUTHWEST FLORIDA CHRISTIAN ACADEMY,found,email_domain,,https://www.sfcakings.org/admissions/tuition-fees/,live,2026-27,batch_023.txt
1794,ST. ANDREW CATHOLIC SCHOOL,found,email_domain,,https://static1.squarespace.com/static/5fdb7414ed7e7c40dfe79589/t/6970f553ba91255a6b2a72c0/1769010515068/2026-27+Tuition+Fee.pdf,live,2026-27,batch_006.txt
1158,VINE ACADEMY,found,email_domain,,https://vineacademy.org/wp-content/uploads/2026/01/26-27_Tuition-and-Fee-Schedules.pages.pdf,live,2026-27,batch_003.txt
4851,WILOSTAR3D ACADEMY,found,email_domain,,https://wilostar3d.com/admissions-center/tuition/,live,2027-28,batch_013.txt
525,ACADEME,tuition_word_no_amount,name_guess,https://ACADEMESCHOOL.COM/,,,,
9708,AVANT SCHOOL OF EXCELLENCE - TALLAHASSEE,tuition_word_no_amount,email_domain,,,,,
2174,BETHEL CHRISTIAN ACADEMY,unclear,email_domain,,,live,,batch_007.txt
1076,BETTON HILLS PREPARATORY SCHOOL,tuition_word_no_amount,email_domain,,,,,
5480,BROWNSVILLE PREPARATORY INSTITUTE,not_reached,email_domain,,,,,
8891,CAPITAL PREPARATORY,not_reached,email_domain,,,,,
4625,CHRIST CLASSICAL ACADEMY,found,email_domain,,https://christclassical.com/admissions/tuition-and-fees/,live,2026-27,batch_012.txt
4773,COMMON GROUND SCHOOL,not_reached,email_domain,,,,,
1420,COMMUNITY CHRISTIAN SCHOOL,found,email_domain,,https://static1.squarespace.com/static/67e7171be81fa1248dae11ab/t/6965152691e8355551cdfedf/1768232230045/CCS_26_27_Tuition_Programs_Fees.pdf,live,2026-27,batch_005.txt
6308,COMMUNITY LEADERSHIP ACADEMY,found,email_domain,,https://clatallahassee.org/admission/tuition-fees/,live,,batch_015.txt
3288,CORNERSTONE LEARNING COMMUNITY,found,email_domain,,https://cornerstonelc.com/admissions/,live,2026-27,batch_010.txt
7387,Epiphany Lutheran Classical School,not_reached,email_domain,,,,,
1828,FAITH PRESBYTERIAN CHURCH PRESCHOOL,not_reached,email_domain,,,,,
2260,FRANKLIN ACADEMY INC.,not_reached,name_guess_ext,https://www.franklinacademyschool.com/,,,,
8581,GIANT CAMPUS ACADEMY,not_reached,email_domain,,,,,
789,HOLY COMFORTER EPISCOPAL SCHOOL INC.,found,email_domain,,https://www.hces.org/admissions/tuition-and-fees,live,2026-27,batch_024.txt
5449,IMPACT ACADEMY,found,email_domain,,https://impacttlh.org/academy/tuition-information-payment/,live,,batch_013.txt
8714,KINGDOM LIFE PREPARATORY ACADEMY,not_reached,email_domain,,,,,
6166,KINGDOM LIFE PREPARATORY ACADEMY II,not_reached,email_domain,,,,,
1944,MAGNOLIA SCHOOL,found,email_domain,,https://themagnolia.school/admissions/tuition,live,2026-27,batch_007.txt
5477,NFC ACADEMY,unclear,email_domain,,https://nfcacademy.com/admissions/program-costs/,live,,batch_013.txt
1036,NORTH FLORIDA CHRISTIAN SCHOOL,not_reached,email_domain,,,,,
8728,OXFORD LEARNING ACADEMY LLC,not_reached,email_domain,,,,,
744,ROSE ACADEMY LLC,tuition_word_no_amount,name_guess,https://www.roseacademy.org/,,,,
1514,SCOTTSDALE ACADEMY AT SOUTHWOOD,unclear,email_domain,,https://scottsdaleacademy.com/admissions-overview/tuition-fees/,live,,batch_005.txt
7503,TALLAHASSEE ADVENTIST CHRISTIAN ACADEMY,network_site_only,email_domain,,https://www.flcoe.org/,live,,batch_016.txt
7629,TLAP SPORTS ACADEMY,not_reached,email_domain,,,,,
1153,TRINITY CATHOLIC SCHOOL,found,email_domain,,https://www.trinityknights.org/admissions/tuition-and-financial-assistance,live,2026-27,batch_003.txt
8097,V.O.W N.O.W ACADEMY,found,email_domain,,https://vownowacademy.org/tuition-and-fees/,live,,batch_017.txt
3500,CREEKSIDE CHRISTIAN SCHOOL,not_reached,name_guess_ext,https://creeksidechristianschool.com/,,,,
5792,WILLISTON CENTRAL CHRISTIAN ACADEMY,found,email_domain,,https://www.willistoncca.org/editoruploads/files/26-27%20Tuition%20Info%20Sheet.pdf,live,2026-27,batch_014.txt
790,WILLISTON CHRISTIAN ACADEMY,unclear,name_guess,https://www.williston.com/,https://www.williston.com/admission/tuition-and-financial-aid/,live,,batch_021.txt
9441,GOLD STAR PRIVATE ACADEMY,tuition_word_no_amount,email_domain,,,,,
5524,AMERICAN ROYAL HIGH SCHOOL,unclear,email_domain,,https://americanroyalhighschool.com/tuition-and-financing/,live,,batch_014.txt
4596,BETTER LEARNING,not_reached,email_domain,,,,,
636,BRADENTON CHRISTIAN SCHOOL,unclear,email_domain,,https://www.bcspanthers.org/admissions/tuition-affordability,live,,batch_002.txt
1294,CENTER MONTESSORI SCHOOL,not_reached,email_domain,,,,,
3659,CES ACADEMY,not_reached,email_domain,,,,,
732,COMMUNITY CHRISTIAN SCHOOL,not_reached,email_domain,,,,,
8290,EDUCATIONAL HARBOR,unclear,email_domain,,https://www.educationalharbor.com/admissions,live,,batch_018.txt
2637,ESTHER'S SCHOOL PALMETTO,tuition_word_no_amount,email_domain,,,,,
2018,FAMILY LIFE COMMUNITY SCHOOL INC.,found,name_guess,https://www.familylifecommunity.net/,https://www.familylifecommunity.net/tuition--education-options.html,live,2023-24,batch_021.txt
3576,HORIZON EDUCATIONAL SYSTEMS,not_reached,email_domain,,,,,
6925,INSPIRATION ACADEMY,unclear,email_domain,,https://inspirationacademy.com/financial-aid/,live,,batch_016.txt
4174,LAKEWOOD RANCH CHRISTIAN SCHOOL,found,email_domain,,https://lwrchristian.org/admissions/,live,2026-27,batch_012.txt
6416,Manatee Academy,tuition_word_no_amount,email_domain,,,,,
1982,MANATEE LEARNING ACADEMY,found,name_guess,https://www.manateelearningacademy.com/,https://www.manateelearningacademy.com/,live,2026-27,batch_021.txt
7378,NEXT GENERATION ACADEMICS INC,not_reached,name_guess,https://www.nextgenerationacademics.org/,,,,
5944,RISEN SAVIOR ACADEMY-LWR,found,email_domain,,https://rsavioracademy.com/Scholarships/,live,2026-27,batch_014.txt
8154,SPARK ALC INC.,tuition_word_no_amount,email_domain,,,,,
4167,SUNSHINE ACADEMY,tuition_word_no_amount,email_domain,,,,,
7715,The Academy of Preprofessional Ballet &  The International Diplomatic Preparatory School,not_reached,email_domain,,,,,
187,VISIONS PREPARATORY ACADEMY OF NORTH RIVER,tuition_word_no_amount,email_domain,,,,,
1422,WEST COAST CHRISTIAN ACADEMY,network_site_only,email_domain,,https://www.flcoe.org/,live,,batch_005.txt
7657,WOODLAND EARLY CHILDHOOD CENTER,not_reached,email_domain,,,,,
3878,AMBLESIDE MAGNOLIA,found,email_domain,,https://amblesidemagnolia.com/tuition/,live,2026-27,batch_011.txt
4786,AMBLESIDE OCALA,found,email_domain,,https://amblesideocala.com/tuition/,live,2027-28,batch_013.txt
6113,BACK TO BASICS LEARNING ACADEMY LLC,not_reached,email_domain,,,,,
467,BLESSED TRINITY,found,email_domain,,https://static1.squarespace.com/static/60e5b536de78065b58cfad8f/t/695fc3692c76f370e5048a4a/1767883625649/2026+2027+tent+Tuition+and+Fee+schedule+-+Copy.pdf,live,2026-27,batch_001.txt
628,CAPSTONE ACADEMY AND PRESCHOOL,found,email_domain,,https://capstoneocala.com/admissions/tuitionandfees/,live,2026-27,batch_002.txt
5236,CROSSROADS ACADEMY,found,email_domain,,https://crossroadsocala.com/,live,,batch_013.txt
1604,DUNNELLON CHRISTIAN ACADEMY,found,email_domain,,https://www.dcaeagles.com/admissions/tuition,live,2026-27,batch_006.txt
7708,Epic Montessori,not_reached,email_domain,,,,,
8592,FAITH HOLISTIC ACADEMY,not_reached,email_domain,,,,,
1592,FLORIDA LIGHTHOUSE ACADEMY,not_reached,email_domain,,,,,
1795,GENERATION ACADEMY OF OCALA,found,email_domain,,https://facs.ocalafirst.org/school-tuition-and-fees/,live,2026-27,batch_006.txt
794,GRACE CHRISTIAN SCHOOL OF OCALA FL INC.,not_reached,email_domain,,,,,
3744,GRACEWAY ACADEMY,not_reached,email_domain,,,,,
8501,Lakeside Christian Academy of Silver Springs Fl,found,email_domain,,https://ockbridge.church/admissions,live,2026-27,batch_023.txt
1038,LIBERTY CHRISTIAN PREPARATORY ACADEMY,unclear,email_domain,,https://libertychristianocala.com/tuition/,live,,batch_003.txt
8872,LIFESPAN ACADEMY LLC,found,email_domain,,https://lifespan-academy.com/tuition-and-fees-2025-2026/,live,2026-27,batch_019.txt
6522,OCALA ADVENTIST ACADEMY,network_site_only,email_domain,,https://www.flcoe.org/,live,,batch_015.txt
973,OCALA CHRISTIAN ACADEMY,tuition_word_no_amount,email_domain,,,,,
1155,REDEEMER CHRISTIAN SCHOOL,unclear,email_domain,,https://www.redeemerlions.com/wp-content/uploads/2026/01/Updated-26-27-Tuition-Fee-Schedule.pdf,live,,batch_003.txt
1118,SHILOH S.D.A. CHURCH SCHOOL,not_reached,email_domain,,,,,
3432,SOULS HARBOR CHRISTIAN ACADEMY,found,email_domain,,https://shcaonline.com/wp-content/uploads/2026/06/2026-27-Tuition-Fee-Schedule.pdf,live,2026-27,batch_010.txt
8630,SPARK LEARNING XXI,unclear,email_domain,,https://primer.com/tuition,live,,batch_018.txt
1295,ST. JOHN LUTHERAN CHURCH AND SCHOOL OF OCAL,found,email_domain,,https://stjohnocala.org/wp-content/uploads/2026/02/tuition-fees-26-27.pdf,live,2026-27,batch_004.txt
9182,ST. PAUL'S CHRISTIAN SCHOOL,not_reached,email_domain,,,,,
1479,THE CORNERSTONE SCHOOL,tuition_word_no_amount,email_domain,,,,,
9143,THE KINGS ACADEMY AT VILLAGE VIEW CHURCH,not_reached,email_domain,,,,,
4820,THE READING CLINIC SCHOOL INC.,not_reached,email_domain,,,,,
6489,VICTORY ACADEMY OCALA,tuition_word_no_amount,name_guess,https://victoryacademyocala.com/,,,,
2487,ABA LEARNING ACADEMY LLC,not_reached,email_domain,,,,,
4989,AMERICAN INTERNATIONAL SCHOOL,tuition_word_no_amount,email_domain,,,,,
5806,BANNER LAKE ACADEMY,tuition_word_no_amount,email_domain,,,,,
469,BRIDGES MONTESSORI SCHOOL,tuition_word_no_amount,email_domain,,,,,
9598,CATHOLIC VIRTUAL,not_reached,email_domain,,,,,
1357,COMMUNITY CHRISTIAN ACADEMY,unclear,email_domain,,https://www.ccacougars.net/tuition-fees,live,,batch_004.txt
638,FIRST BAPTIST CHRISTIAN SCHOOL,found,email_domain,,https://www.fbcs-stuart.org/,live,2026-27,batch_025.txt
3463,FLORIDA UNSCHOOLERS,tuition_word_no_amount,email_domain,,,,,
735,HOBE SOUND CHRISTIAN ACADEMY,tuition_word_no_amount,email_domain,,,,,
1225,HOPE RURAL SCHOOL INC.,found,email_domain,,https://www.hoperuralschool.org/policies/tuition-fees-2026-2027,live,2026-27,batch_004.txt
8072,"Palm Beach Christian Academy, North Stuart",unclear,email_domain,,https://cdn.prod.website-files.com/6894d8a62deaa787d15d9b0f/6965010ef46658b3f5fb6115_NS%20%26%20G%20tuition%20rates%20(2).pdf,live,,batch_017.txt
1079,SAINT JOSEPH CATHOLIC SCHOOL,blocked,email_domain,,,,,
9550,THE OAKS CLASSICAL CHRISTIAN ACADEMY INC.,found,email_domain,,,live,2026-27,batch_027.txt
1039,THE PINE SCHOOL,tuition_word_no_amount,email_domain,,,,,
8075,COASTAL GLADES MICROSCHOOL,found,email_domain,,https://coastalgladesmicroschool.com/enrollment,live,2025-26,batch_017.txt
8254,MONTESSORI CHILDREN'S SCHOOL OF KEY WEST,tuition_word_no_amount,email_domain,,,,,
736,MONTESSORI SCHOOL OF KEY WEST,tuition_word_no_amount,email_domain,,,,,
3665,THE ACADEMY AT OCEAN REEF,found,email_domain,,,live,2026-27,batch_027.txt
975,THE BASILICA SCHOOL OF SAINT MARY,found,email_domain,,https://basilicaschoolkeywest.com/prospective-parents/tuition-scholarships/,live,2026-27,batch_003.txt
1040,AMELIA ISLAND MONTESSORI SCHOOL,tuition_word_no_amount,email_domain,,,,,
8971,FAITH CHRISTIAN ACADEMY OF NE FL INC,tuition_word_no_amount,email_domain,,,,,
1227,FAITH CHRISTIAN ACADEMY OF NE FL. INC.,tuition_word_no_amount,email_domain,,,,,
5725,FERNANDINA BEACH CHRISTIAN ACADEMY,blocked,email_domain,,,,,
7119,First Coast Montessori,not_reached,email_domain,,,,,
5226,LIGHTHOUSE CHRISTIAN SCHOOL CALLAHAN,found,email_domain,,https://www.lighthousechristianschool.net/,live,2026-27,batch_013.txt
8882,LINDISFARNE HALL,found,name_guess,https://www.lindisfarnehall.com/,https://www.lindisfarnehall.com/admissions/,live,2026-27,batch_026.txt
996,RAIN LILY MONTESSORI SCHOOL,tuition_word_no_amount,email_domain,,,,,
737,SONSHINE CHRISTIAN ACADEMY,unclear,email_domain,,https://sonshinechristian.com/admissions/,live,,batch_002.txt
1082,ST. MICHAEL'S ACADEMY,found,email_domain,,https://www.smacad.org/admissions/tuition-fees.cfm,live,2026-27,batch_003.txt
1189,THE OGBURN SCHOOL INC SE ATLANTIC ACADEMY,not_reached,email_domain,,,,,
648,CALVARY CHRISTIAN ACADEMY,not_reached,email_domain,,,,,
1515,CINCO CHRISTIAN SCHOOL,found,email_domain,,https://cincoschool.org/wp-content/uploads/2026/02/2026-2027-Fees.pdf,live,2026-27,batch_005.txt
5948,Crosspoint Academy North Crestview,not_reached,email_domain,,,,,
2555,EMERALD COAST AUTISM CENTER,not_reached,email_domain,,,,,
1127,EMERALD COAST CHRISTIAN SCHOOL,not_reached,email_domain,,,,,
9442,FAITH COAST ACADEMY,tuition_word_no_amount,email_domain,,,,,
9051,FIRST UNITED METHODIST SCHOOL,not_reached,email_domain,,,,,
2306,"FLORIDA COASTAL PREP SCHOOL, INC.",unclear,email_domain,,https://floridacoastalprep.com/basketball-prep-school-cost/,live,,batch_008.txt
3190,HOLY FAMILY CATHOLIC ACADEMY,tuition_word_no_amount,email_domain,,,,,
850,MONTESSORI LEARNING CENTER OF FT. WALTON,found,email_domain,,https://www.montessorifwb.com/admissions,live,,batch_023.txt
9407,ROCKY BAYOU CHRISTIAN SCHOOL - THE KEEP,unclear,email_domain,,https://rbcs.org/admission/scholarships-tuition-assistance/,live,,batch_019.txt
8765,ROCKY BAYOU CHRISTIAN SCHOOL CRESTVIEW,unclear,email_domain,,https://rbcs.org/admission/scholarships-tuition-assistance/,live,,batch_018.txt
738,ROCKY BAYOU CHRISTIAN SCHOOL NFCEA,unclear,email_domain,,https://rbcs.org/admission/scholarships-tuition-assistance/,live,,batch_002.txt
798,SAINT MARY SCHOOL,found,email_domain,,https://www.saintmaryschool.net/wp-content/uploads/2026/01/Tuition-Fee-Schedule-2026-2027.pdf,live,2026-27,batch_002.txt
7605,ST. PAUL CHRISTIAN SCHOOL,not_reached,email_domain,,,,,
9855,VILLAGE CHRISTIAN ACADEMY,not_reached,email_domain,,,,,
647,OKEECHOBEE ADVENTIST CHRISTIAN SCHOOL,network_site_only,email_domain,,https://www.flcoe.org/,live,,batch_002.txt
8618,ALL SAINTS SCHOOL,not_reached,email_domain,,,,,
5625,AMERICAN SCHOOL OF LEADERSHIP,unclear,email_domain,,https://www.americanhigh.us/tuition-fees/,live,,batch_014.txt
8315,APOPKA CHRISTIAN ACADEMY- WEST CAMPUS,unclear,email_domain,,,live,,batch_018.txt
2880,BERYL WISDOM ADVENTIST SCHOOL,network_site_only,email_domain,,https://www.flcoe.org/,live,,batch_009.txt
9049,BEST MEMORIES ACADEMY,not_reached,name_guess,https://bestmemoriesacademy.com/,,,,
8065,BETHANY CHRISTIAN ACADEMY INC,unclear,email_domain,,https://www.bca-edu.org/tuition,live,,batch_017.txt
799,BISHOP MOORE CATHOLIC HIGH SCHOOL,found,email_domain,,https://www.bishopmoore.org/admissions/tuition.cfm,live,2026-27,batch_002.txt
4186,BRIDGE TO INDEPENDENCE INC.,tuition_word_no_amount,name_guess,https://btischool.com/,,,,
5300,Bright Abilities Academy INC.,no_website,name_guess,https://brightabilitiesacademy.com/,,,,
7673,BRIGHTER JOURNEYS ACADEMY LLC,not_reached,email_domain,,,,,
9538,BROOKE HOUSE ACADEMY,found,email_domain,,https://brookehouseacademy.com/tuition-financial-aid,live,2023-24,batch_028.txt
2490,BRUSH ARBOR CHRISTIAN SCHOOL,not_reached,email_domain,,,,,
5587,CAMEN ACADEMY FOR THE PERFORMING ARTS,unclear,email_domain,,https://www.camenacademy.com/wp-content/themes/camenacademyez700/pdf/CAPA-2026-2027-Fee-Schedule.pdf,live,,batch_014.txt
8615,CENTER ACADEMY - WATERFORD LAKES,tuition_word_no_amount,email_domain,,,,,
6750,CENTER ACADEMY HUNTERS CREEK,tuition_word_no_amount,email_domain,,,,,
1712,CENTER ACADEMY-MAITLAND,tuition_word_no_amount,email_domain,,,,,
5736,CENTRAL CHRISTIAN ACADEMY,unclear,email_domain,,https://cca.education/tuition-fees/,live,,batch_014.txt
2412,CENTRAL FLORIDA CHRISTIAN ACADEMY,found,email_domain,,https://cfcaeagles.org/tuition-rates/,live,,batch_008.txt
2369,CENTRAL FLORIDA PREPARATORY SCHOOL,found,email_domain,,https://www.cfprep.org/admission/tuition,live,2026-27,batch_008.txt
3179,CIRCLE CHRISTIAN SCHOOL WINTER GARDEN,tuition_word_no_amount,email_domain,,,,,
3509,CONDUCTIVE ED CTR OF ORLANDO INC.,not_reached,email_domain,,,,,
8537,CONTINUUM,found,email_domain,,https://continuummontessori.com/wp-content/uploads/2026-2027-Tuition-Schedule.pdf,live,2026-27,batch_018.txt
8718,CONWAY CHRISTIAN ACADEMY,tuition_word_no_amount,email_domain,,,,,
7607,CORE PREP,not_reached,email_domain,,,,,
1890,COVENANT JOURNEY ACADEMY,unclear,email_domain,,,live,,batch_007.txt
1177,CREATIVE LEARNERS ACADEMY LLC,tuition_word_no_amount,email_domain,,,,,
1455,CRENSHAW ACADEMY,found,email_domain,,https://thecrenshawacademy.com/admissions/tuition-and-fees,live,2026-27,batch_025.txt
1922,CRENSHAW SCHOOL,tuition_word_no_amount,email_domain,,,,,
7279,CRISTO REY ORLANDO HIGH SCHOOL,unclear,email_domain,,https://www.cristoreyorlando.org/become-a-student/tuition-and-financial-aid,live,,batch_016.txt
2140,CROSSTOWN 119,not_reached,email_domain,,,,,
7710,CVV PRESCHOOL AND ACADEMY,tuition_word_no_amount,email_domain,,,,,
6959,DEEPER ROOT ACADEMY,tuition_word_no_amount,email_domain,,,,,
8939,DREAMLIGHT HIGH SCHOOL,unclear,name_guess_ext,https://dreamlighthighschool.com/,https://dreamlighthighschool.com/,live,,batch_030.txt
1756,EASTLAND CHRISTIAN SCHOOL,not_reached,email_domain,,,,,
2856,EL BETHEL CHRISTIAN ACADEMY,unclear,email_domain,,https://www.ebcaonline.org/school-fees.html,live,,batch_009.txt
6940,ELISHA AMERICAN ARTISTIC PREPARATORY ACADEM,unclear,email_domain,,,live,,batch_016.txt
4445,ELITE PREPARATORY ACADEMY,not_reached,email_domain,,,,,
2399,FAITH CHRISTIAN ACADEMY,found,email_domain,,https://fcalions.org/explore/tuition/,live,2026-27,batch_008.txt
625,FAMILY CHRISTIAN ACADEMY ORLANDO,found,email_domain,,https://www.fcaorlando.com/copy-of-admissions,live,,batch_002.txt
9649,FATAJ TRANSITION LEARNING ACADEMY INC,tuition_word_no_amount,email_domain,,,,,
6730,FIORELLA PREPARATORY SCHOOL,not_reached,email_domain,,,,,
1639,FOREST CITY ADVENTIST SCHOOL,network_site_only,email_domain,,https://www.flcoe.org/,live,,batch_006.txt
2818,FOUNDATION ACADEMY,unclear,email_domain,,https://www.foundationacademy.net/admissions/international-information/,live,,batch_009.txt
5595,FOUNDATION ACADEMY,unclear,email_domain,,https://www.foundationacademy.net/admissions/international-information/,live,,batch_014.txt
4697,FOUNDATION ACADEMY LAKESIDE,unclear,email_domain,,https://www.foundationacademy.net/admissions/international-information/,live,,batch_012.txt
7449,GLAD TIDINGS ACADEMY,not_reached,name_guess,https://www.gladtidingsacademy.com/,,,,
1228,GOOD SHEPHERD CATHOLIC SCHOOL,found,email_domain,,https://www.goodshepherd.org/tuition-scholarships,live,,batch_025.txt
3453,GRACE CHRISTIAN ACADEMY,found,email_domain,,https://gcapatriots.com/admissions,live,2026-27,batch_010.txt
3954,GROWING TOGETHER ACADEMY INC.,found,name_guess,https://growingtogetheracademy.com/,https://growingtogetheracademy.com/tuition,live,2026-27,batch_021.txt
2189,HAMPDEN DUBOSE ACADEMY,unclear,email_domain,,https://www.hampdenduboseacademy.com/facts-online-tuition-payment,live,,batch_007.txt
6079,Highlands Preparatory Academy Florida,unclear,email_domain,,,live,,batch_015.txt
2550,HOLY FAMILY CATHOLIC SCHOOL,tuition_word_no_amount,email_domain,,,,,
3990,HOPE BRIDGE ACADEMY,not_reached,email_domain,,,,,
3578,HORACE GRACE CHRISTIAN ACADEMY,blocked,email_domain,,,,,
6097,I CAN DO IT ACADEMY,not_reached,email_domain,,,,,
4414,I3 ACADEMICS,not_reached,name_guess,https://www.i3academics.com/,,,,
9546,ILINGO ACADEMY,tuition_word_no_amount,email_domain,,,,,
1678,JEWISH ACADEMY OF ORLANDO,tuition_word_no_amount,email_domain,,,,,
2792,KIDS R KIDS LANDSTAR,tuition_word_no_amount,email_domain,,,,,
3735,KIDS R KIDS WATERFORD,tuition_word_no_amount,email_domain,,,,,
3986,KIDZ COLLEGE PRIMARY SCHOOL,found,email_domain,,,live,2026-27,batch_025.txt
1297,KING OF KINGS LUTHERAN,unclear,email_domain,,https://www.visitkok.com/tuition-and-fees,live,,batch_004.txt
3615,KINGSWAY CHRISTIAN ACADEMY,unclear,email_domain,,,live,,batch_011.txt
2859,LAKE ROSE CHRISTIAN ACADEMY,tuition_word_no_amount,email_domain,,,,,
7380,LIGHT CHRISTIAN ACADEMY - SOUTH CAMPUS,tuition_word_no_amount,email_domain,,,,,
5652,LIGHTHOUSE HIGH SCHOOL,unclear,email_domain,,https://www.lighthousehigh.com/admissions/admission-application/,live,,batch_014.txt
7332,LITTLE STEPS ACADEMY,tuition_word_no_amount,name_guess,https://www.littlestepsacademy.org/,,,,
3770,LIVING WORD ACADEMY,not_reached,email_domain,,,,,
8890,LODESTONE ACADEMY,not_reached,email_domain,,,,,
7395,LORDS KINGDOM ACADEMY INC.,not_reached,email_domain,,,,,
3767,LS ACADEMY,tuition_word_no_amount,email_domain,,,,,
7294,MAITLAND COMMUNITY PRESCHOOL,not_reached,email_domain,,,,,
978,MAITLAND MONTESSORI SCHOOL,not_reached,email_domain,,,,,
8105,MASTER TREE ACADEMY,tuition_word_no_amount,email_domain,,,,,
4986,MERIDIAN CHRISTIAN ACADEMY,not_reached,email_domain,,,,,
5630,MONARCH LEARNING ACADEMY,found,email_domain,,https://www.monarchlearningacademy.com/enrollment/tuition-fees.cfm,live,2026-27,batch_014.txt
3700,MONTESSORI BILINGUAL ACADEMY,not_reached,email_domain,,,,,
5087,MONTESSORI SCHOOL OF EAST ORLANDO,unclear,email_domain,,,live,,batch_013.txt
4916,MONTESSORI WAY SCHOOL,unclear,name_guess_ext,https://montessoriwayschool.com/,https://montessoriwayschool.com/wp-content/uploads/2025/01/Tuition-Schedule-2024-2025.pdf,live,,batch_030.txt
2807,MONTESSORI WORLD SCHOOL,tuition_word_no_amount,name_guess_ext,https://montessoriworldschool.com/,,,,
1654,MORNING STAR CATHOLIC SCHOOL,found,email_domain,,https://www.morningstarorlando.org/enroll,live,2026-27,batch_023.txt
3972,MUSLIM ACADEMY OF GREATER ORLANDO,found,email_domain,,https://img1.wsimg.com/blobby/go/ab609dd2-fa34-4b72-8ece-f78dd8fbd50f/General%20Tuition%20%26%20Fee%20Schedule%202026_2027.pdf,live,2026-27,batch_011.txt
6442,NEW DIRECTIONS COMMUNITY SCHOOL OF ORLANDO,not_reached,email_domain,,,,,
8698,NEW WORLD DREAM ACADEMY,not_reached,email_domain,,,,,
2707,ORLANDO CHRISTIAN PREP,found,email_domain,,https://www.orlandochristianprep.org/admissions/tuition-fees-financial-assistance-and-scholarship,live,2026-27,batch_009.txt
8474,ORLANDO GIRLS JEWISH HIGH SCHOOL,not_reached,email_domain,,,,,
1296,ORLANDO JUNIOR ACADEMY,tuition_word_no_amount,email_domain,,,,,
5647,ORLANDO TORAH ACADEMY,found,email_domain,,https://www.orlandotorah.com/admissions,live,,batch_014.txt
7169,PARK MAITLAND SCHOOL,unclear,email_domain,,,live,,batch_016.txt
2898,PARK MAITLAND SOUTH,unclear,name_guess,https://www.parkmaitland.com/elementary/fl/orlando/winter-park/,,live,,batch_021.txt
7110,PARK SCHOOL,found,email_domain,,https://www.parkschoolfl.org/enrollment/tuition,live,2026-27,batch_016.txt
7927,PATHWAYS FOR LIFE ACADEMY,unclear,email_domain,,,live,,batch_017.txt
3559,PEACEFORCE CHRISTIAN ACADEMY,found,email_domain,,https://www.peaceforceca.org/admissions/tuition--fees.html,live,2026-27,batch_011.txt
5495,POTTER'S HOUSE ACADEMY,tuition_word_no_amount,email_domain,,,,,
6319,PREMIER ACADEMY OF GOTHA LLC,not_reached,email_domain,,,,,
9309,PRISMA LEARNING INC.,unclear,email_domain,,https://www.joinprisma.com/tuition,live,,batch_019.txt
5950,PROVIDENCE CHRISTIAN PREPARATORY SCHOOL,tuition_word_no_amount,name_guess,https://www.pcpschool.org/,,,,
3946,QUEST KIDS,not_reached,email_domain,,,,,
3889,RADIANT LIFE ACADEMY,not_reached,email_domain,,,,,
2325,REGENCY CHRISTIAN ACADEMY,unclear,name_guess,https://www.rcaschool.com/,https://www.rcaschool.com/VPK_Tuition_2.pdf,live,,batch_021.txt
9626,RIVERSIDE PREPARATORY ACADEMY,found,email_domain,,https://aetutors.com/,live,2023-24,batch_020.txt
1549,SAINT ANDREW CATHOLIC SCHOOL,found,email_domain,,https://static1.squarespace.com/static/5ede4ccddc6f0d67e7010d59/t/69b2f83b9f887d5f0f59f667/1773336635796/tuition+%2811%29.pdf,live,2026-27,batch_026.txt
740,SAINT JOHN VIANNEY SCHOOL,tuition_word_no_amount,email_domain,,,,,
2278,SAINT MARGARET MARY,found,email_domain,,https://www.smmknight.org/wp-content/uploads/2026/01/Tuition-and-Fees-2026-2027.pdf,live,2026-27,batch_008.txt
6862,SANTIAGO FRIENDS ACADEMY,not_reached,email_domain,,,,,
2715,ST. CLEMENT ACADEMY MAITLAND INC.,found,name_guess,https://www.stclementorlando.org/,https://www.stclementorlando.org/re-enrolled-students-2026-2027/,live,2026-27,batch_021.txt
2604,ST. JAMES CATHEDRAL SCHOOL,found,email_domain,,https://stjcs.com/wp-content/uploads/2026/01/2026-2027-Tuition-Rates.pdf,live,2026-27,batch_025.txt
7752,STARCHILDHC LLC,tuition_word_no_amount,email_domain,,,,,
2520,STORYBOOK SCHOOL CONWAY LLC,tuition_word_no_amount,email_domain,,,,,
2336,STREAMLINE LEARNING,not_reached,email_domain,,,,,
6547,TANGERINE SCHOOLHOUSE,tuition_word_no_amount,email_domain,,,,,
2778,THE ACADEMY OF CENTRAL FLORIDA,not_reached,email_domain,,,,,
7172,THE CHILDHOOD DEVELOPMENT CENTER BY ATTAIN,not_reached,email_domain,,,,,
190,THE CHRIST SCHOOL,found,email_domain,,https://www.thechristschool.org/admission/tuition-fees,live,2026-27,batch_001.txt
3409,THE CONRAD ACADEMY,found,email_domain,,https://www.conradacademy.org/tuition-fees-2023-2024/,live,2026-27,batch_010.txt
1962,THE FIRST ACADEMY,unclear,email_domain,,https://thefirstacademy.org/admissions/tuition-fees/,live,,batch_007.txt
3120,THE FIRST HOPE OF THE FIRST ACADEMY,unclear,email_domain,,https://thefirstacademy.org/admissions/tuition-fees/,live,,batch_010.txt
8153,The Goddard School Horizon West,tuition_word_no_amount,email_domain,,,,,
7794,THE GODDARD SCHOOL WINTER GARDEN,tuition_word_no_amount,email_domain,,,,,
7139,THE KING'S ACADEMY,not_reached,email_domain,,,,,
7518,THE PARAMOUNT SCHOOL/ISA,not_reached,email_domain,,,,,
7077,THOMAS LEADERSHIP ACADEMY,unclear,email_domain,,,live,,batch_016.txt
2886,TRACE ACADEMY,found,email_domain,,https://traceacademy.org/admissions,live,2027-28,batch_009.txt
4429,TREASURE OF KNOWLEDGE CHRISTIAN ACADEMY,not_reached,email_domain,,,,,
3543,TRI-L CHRISTIAN ACADEMY INC.,not_reached,name_guess,https://trilacademy.com/,,,,
1629,TRINITY CHRISTIAN SCHOOL,not_reached,email_domain,,,,,
1426,TRINITY PREPARATORY SCHOOL,unclear,email_domain,,https://www.trinityprep.org/admissions/international,live,,batch_005.txt
5408,VARYVODA CHRISTIAN,not_reached,name_guess,https://www.varyvodaacademy.com/,,,,
5784,VICTORY ACADEMY,found,email_domain,,https://victoryacademyschool.org/admissions/,live,2026-27,batch_014.txt
3753,VICTORY CHRISTIAN ACADEMY,found,email_domain,,https://vcaorlando.com/wp-content/uploads/2023/06/23-24-Tuition-Fee-Schedule.pdf,live,2023-24,batch_011.txt
2445,WEST OAKS ACADEMY,tuition_word_no_amount,email_domain,,,,,
2133,WINDERMERE PREPARATORY SCHOOL,found,email_domain,,https://www.nordangliaeducation.com/wps-florida/admissions/tuition-fees,live,,batch_007.txt
7622,WINTER GARDEN CHRISTIAN ACADEMY,found,email_domain,,https://www.wgcacademy.org/tuition,live,,batch_017.txt
8819,WORLD CHANGERS CHRISTIAN ACADEMY,tuition_word_no_amount,name_guess,https://www.worldchangerschristianacademy.com/,,,,
555,XL ACADEMY,tuition_word_no_amount,name_guess,https://www.xlsocceracademy.com/,,,,
6822,XL ACADEMY LLC,tuition_word_no_amount,email_domain,,,,,
4856,ADVENTURE WORLD KIDS,not_reached,email_domain,,,,,
1113,BIGSTAR ACADEMY LLC,tuition_word_no_amount,name_guess,https://bigstar.academy/,,,,
8670,BILINGUAL CHRISTIAN ACADEMY TECHNOLOGY,not_reached,email_domain,,,,,
6363,BUILDING BRAINS ACADEMY,unclear,email_domain,,https://buildingbrainsacademy.com/school-info/stepup-scholarships/,live,,batch_015.txt
6553,CENTRAL POINTE CHRISTIAN ACADEMY,not_reached,name_guess,https://centralpointeacademy.com/,,,,
8503,CENTRAL POINTE CHRISTIAN HIGH SCHOOL,not_reached,name_guess,https://centralpointeacademy.com/,,,,
1119,CENTRAL POINTE CHRISTIAN MIDDLE SCHOOL,not_reached,name_guess,https://centralpointeacademy.com/,,,,
5373,CHOSEN GENERATION CHRISTIAN ACADEMY,unclear,email_domain,,https://chosengenca.com/2024/05/17/tuition-fees/,live,,batch_013.txt
800,CITY OF LIFE CHRISTIAN ACADEMY,found,email_domain,,https://www.colca.education/tuition,live,2026-27,batch_002.txt
3717,CLEAR VIEW ACADEMY,found,email_domain,,https://www.cvaschools.com/pricing-plans/list,live,2024-25,batch_011.txt
7138,CREATION VILLAGE WORLD SCHOOL,found,email_domain,,https://www.creationvillage.com/tuition-fees,live,2026-27,batch_016.txt
3817,CREATIVE WORLD SCHOOL OF ST. CLOUD,not_reached,email_domain,,,,,
6313,DANIELS-BLAKE CAREER PATHWAYS ACADEMY,not_reached,email_domain,,,,,
2665,EDUKIDS ACADEMY,tuition_word_no_amount,email_domain,,,,,
7552,ESTHER'S SCHOOL INC. - KISSIMMEE,tuition_word_no_amount,email_domain,,,,,
5703,FOREIGN LANGUAGE IMMERSION PREPARATORY ACAD,not_reached,email_domain,,,,,
2272,FREEDOMLAND CHRISTIAN ACADEMY,not_reached,email_domain,,,,,
9422,GRACEVIEW ACADEMY OF ST. CLOUD,tuition_word_no_amount,email_domain,,,,,
1458,HERITAGE CHRISTIAN SCHOOL,not_reached,email_domain,,,,,
1583,HOLY REDEEMER CATHOLIC SCHOOL,found,email_domain,,,live,2026-27,batch_027.txt
5993,IBELIEVE CHRISTIAN ACADEMY,tuition_word_no_amount,email_domain,,,,,
2899,IBELIEVE CHRISTIAN ACADEMY SOUTH,tuition_word_no_amount,email_domain,,,,,
7773,Imagineers Academy,unclear,email_domain,,,live,,batch_017.txt
6092,INTEGRITY TABERNACLE CHRISTIAN ACADEMY,found,email_domain,,,live,2025-26,batch_027.txt
2892,JOHNSON ACADEMY,not_reached,email_domain,,,,,
7277,KCBS ADVANCE ACADEMY,tuition_word_no_amount,email_domain,,,,,
7248,KINGDOM KIDS CHRISTIAN ACADEMY,unclear,name_guess_ext,https://www.kingdomkidsca.com/,https://www.kingdomkidsca.com/tuition-fees,live,,batch_030.txt
1396,KIOMY'S ELITE ACADEMY LLC,tuition_word_no_amount,name_guess,https://www.kiomyseliteacademy.com/,,,,
8425,KISSIMMEE CHRISTIAN ACADEMY,unclear,name_guess,https://kissimmeechristianacademy.org/,https://kissimmeechristianacademy.org/tuition,live,,batch_022.txt
1348,LADYBIRD ACADEMY OF ST. CLOUD,not_reached,email_domain,,,,,
1229,LIFE ASSEMBLY OF GOD LIFE ACADEMY,not_reached,email_domain,,,,,
7433,LITTLE STARS FAMILY LEARNING ACADEMY,not_reached,email_domain,,,,,
6808,LIVING WATER CHRISTIAN SCHOOL,tuition_word_no_amount,email_domain,,,,,
5952,MONTESSORI ACADEMY OF CELEBRATION,found,email_domain,,https://www.montessoriacademycelebration.com/admissions.php,live,2026-27,batch_015.txt
8982,MT. SINAI ARTS PREPARATORY ACADEMY,tuition_word_no_amount,email_domain,,,,,
7472,NEW DIRECTION ACADEMY,tuition_word_no_amount,email_domain,,,,,
4240,NEW JERUSALEM ACADEMY,tuition_word_no_amount,email_domain,,,,,
1550,NORTH KISSIMMEE CHRISTIAN SCHOOL,not_reached,name_guess_ext,https://www.northkissimmeechristianschool.org/,,,,
6816,OAN CHRISTIAN ACADEMY,not_reached,email_domain,,,,,
670,OSCEOLA ADVENTIST CHRISTIAN SCHOOL,network_site_only,email_domain,,https://www.flcoe.org/,live,,batch_002.txt
8746,OSCEOLA CHRISTIAN PREPARATORY SCHOOL IEP,tuition_word_no_amount,email_domain,,,,,
1445,PCG ACADEMY INC.,unclear,email_domain,,https://www.pcgacademy.com/admissions,live,,batch_005.txt
2627,PEACE BY PIECE ACADEMY,not_reached,email_domain,,,,,
3393,PEACE LUTHERAN SCHOOL,not_reached,email_domain,,,,,
6702,POINCIANA CHRISTIAN PREP SCHOOL NORTH IEP,tuition_word_no_amount,email_domain,,,,,
6688,POINCIANA CHRISTIAN PREPARATORY SCHOOL IEP,tuition_word_no_amount,email_domain,,,,,
3110,PRODIGY ACADEMY AT TAPESTRY,not_reached,email_domain,,,,,
7705,SAI ACADEMY,tuition_word_no_amount,name_guess,https://saiacademy.com/,,,,
5210,SAI Academy of Orlando City,tuition_word_no_amount,email_domain,,,,,
6680,SAINT CLOUD CHRISTIAN PREP SCHOOL IEP,tuition_word_no_amount,email_domain,,,,,
1279,SANTIAGO FRIENDS ACADEMY KISSIMMEE,not_reached,email_domain,,,,,
1630,SOUTHLAND CHRISTIAN SCHOOL,unclear,email_domain,,https://southlandcs.org/pages/tuition-fees,live,,batch_006.txt
484,ST. THOMAS AQUINAS SCHOOL,found,email_domain,,https://static1.squarespace.com/static/61268e321918685ae0dc17aa/t/69aed5eb6084d25f96132bab/1773065707930/26-27+TUITION+ONLY+English.pdf,live,2026-27,batch_001.txt
568,STEAM MINDS ACADEMY CORP.,tuition_word_no_amount,email_domain,,,,,
4299,TURTLE TOTS ACADEMY,no_website,name_guess,https://turtletotsacademy.com/,,,,
9533,UNITY CHRISTIAN ACADEMY,blocked,email_domain,,,,,
2659,ACHIEVEMENT HEIGHTS ACADEMY,tuition_word_no_amount,email_domain,,,,,
2917,ADVENT LUTHERAN SCHOOL,found,email_domain,,https://adventschoolboca.org/wp-content/uploads/2025/12/8.-Schedule-of-Fees-26-27.pdf,live,2026-27,batch_010.txt
4263,ALL SAINTS CATHOLIC SCHOOL,unclear,email_domain,,https://www.allsaintsjupiter.org/apps/pages/index.jsp?uREC_ID=597954&type=d&termREC_ID=&pREC_ID=1154170&hideMenu=0,live,,batch_012.txt
4066,AMERICAN HERITAGE SCHOOL OF BOCA/DELRAY,tuition_word_no_amount,email_domain,,,,,
2513,ARTHUR I MEYER JEWISH ACADEMY,found,email_domain,,https://www.meyerprep.org/tuition-fees/,live,2026-27,batch_008.txt
2279,ATLANTIC CHRISTIAN ACADEMY OF THE PALM BEAC,tuition_word_no_amount,web_search,https://www.atlanticca.com/,,,,
985,B-Ready Academy MicroSchool,not_reached,email_domain,,,,,
7477,BAIS YAAKOV OF BOCA RATON,found,email_domain,,https://www.byboca.org/admissions,live,2024-25,batch_016.txt
1867,BEREAN CHRISTIAN SCHOOL,tuition_word_no_amount,web_search,https://www.bereanchristianschool.org/,,,,
9335,BOCA RATON ACHIEVEMENT CENTER,found,name_guess,https://bocaratonachievement.org/,https://bocaratonachievement.org/admissions/,live,2025-26,batch_022.txt
3314,BOCA RATON CHRISTIAN SCHOOL,found,email_domain,,https://www.bocachristian.org/admissions/tuition-fees-financial-assistance,live,2026-27,batch_010.txt
6298,BOCA SCHOOL FOR AUTISM INC.,found,email_domain,,https://bocaschoolforautism.org/admissions/,live,2026-27,batch_015.txt
3993,BRIGHTNEST ACADEMY DELRAY,tuition_word_no_amount,email_domain,,,,,
9140,CENTRAL BAPTIST ACADEMY,found,email_domain,,https://centralbaptistacademy.co/admissions/tuition-fees/,live,2026-27,batch_019.txt
5941,CHEDER CHABAD INC,found,email_domain,,https://www.chederchabadfl.com/our-admissions,live,,batch_014.txt
1085,COASTAL MIDDLE AND HIGH SCHOOL INC.,not_reached,email_domain,,,,,
9638,COCOPLUM NATURE SCHOOL,unclear,email_domain,,,live,,batch_020.txt
8885,CONNECTIONS HIGH SCHOOL  VOCATIONAL CENTER,found,email_domain,,https://www.connectedpb.com/enrollment-admin-high-school,live,2025-26,batch_019.txt
995,CONSCIOUS KIDS ASSOCIATION,unclear,name_guess,https://consciouskidsassociation.com/,https://consciouskidsassociation.com/hopes-hugs-scholarship,live,,batch_021.txt
3360,CUEWA UNIVERSITY PREP,not_reached,email_domain,,,,,
2492,DAUGHTER OF ZION JR ACADEMY,not_reached,email_domain,,,,,
2573,DIVINE SAVIOR ACADEMY - DELRAY,tuition_word_no_amount,email_domain,,,,,
2264,DONNA KLEIN JEWISH ACADEMY,found,email_domain,,https://www.dkja.net/admissions/tuition--fees,live,2026-27,batch_008.txt
3646,DOTT ACADEMY,unclear,name_guess,https://dottacademy.com/,https://dottacademy.com/program/,live,,batch_021.txt
1216,EMBRACE ABA ACADEMY INC,not_reached,email_domain,,,,,
2924,EPHESUS ADVENTIST ACADEMY,not_reached,email_domain,,,,,
8248,FLORENCE FULLER CDC INC. WEST,not_reached,email_domain,,,,,
3970,FOREST TRAIL ACADEMY,found,email_domain,,https://foresttrailacademy.com/community/student/tuition/,live,,batch_011.txt
7796,FRENCH AMERICAN SCHOOL OF BOCA RATON,found,email_domain,,https://faisbr.org/admissions/,live,2026-27,batch_017.txt
8278,FRENCH SCHOOL OF BOCA RATON LE PETIT PRINCE,tuition_word_no_amount,email_domain,,,,,
9491,FUSION ACADEMY BOCA RATON,unclear,email_domain,,https://www.fusionacademy.com/campuses/alexandria/tuition/,live,,batch_019.txt
7800,FUSION ACADEMY PALM BEACH GARDENS,unclear,email_domain,,https://www.fusionacademy.com/campuses/alexandria/tuition/,live,,batch_017.txt
8954,FUTURE KIDS,tuition_word_no_amount,name_guess,https://futurekidsacademy.com/,,,,
5810,GAP CHRISTIAN ACADEMY,not_reached,name_guess,https://www.gapchristianacademy.org/,,,,
4648,GARDEN OF THE SAHABA ACADEMY,unclear,email_domain,,,live,,batch_012.txt
1428,GLADES DAY SCHOOL,found,email_domain,,,live,2026-27,batch_023.txt
4083,GOLIATH ACADEMY,unclear,email_domain,,https://www.goliathacademyfl.com/adult-education-program,live,,batch_011.txt
2977,GOOD SHEPHERD EPISCOPAL SCHOOL LLC,found,email_domain,,https://www.goodshepschool.com/wp-content/uploads/2026/01/Tuition-2026-2027.pdf,live,2026-27,batch_010.txt
2484,GRANDVIEW PREPARATORY SCHOOL,found,email_domain,,https://www.grandviewprep.net/admissions/affordability.cfm,live,2026-27,batch_008.txt
6987,Grandview Preparatory School,found,email_domain,,https://www.grandviewprep.net/admissions/affordability.cfm,live,2026-27,batch_016.txt
9688,GUIDEPOST MONTESSORI AT PALM BEACH GARDENS,unclear,email_domain,,https://guidepostmontessori.com/admissions/,live,,batch_020.txt
2597,GULF STREAM SCHOOL,found,email_domain,,https://gulfstreamschool.org/admission/tuition-tuition-assistance/,live,2026-27,batch_009.txt
8665,HADAR HIGH SCHOOL FOR GIRLS,found,email_domain,,https://www.hadarhs.org/admissions,live,,batch_018.txt
1932,"HARID CONSERVATORY OF MUSIC, INC.",unclear,email_domain,,https://harid.edu/fees/,live,,batch_007.txt
9191,HIGH REACH LEARNING CENTER DBA SMALL WORLD,not_reached,email_domain,,,,,
6743,JUPITER CHRISTIAN SCHOOL,unclear,email_domain,,https://www.jupiterchristian.org/admissions/tuition-financial-aid,live,,batch_015.txt
3439,JUPITER CHRISTIAN SCHOOL,unclear,email_domain,,https://www.jupiterchristian.org/admissions/tuition-financial-aid,live,,batch_010.txt
2983,KATZ HILLEL DAY SCHOOL OF BOCA RATON,unclear,email_domain,,https://www.hilleldayschool.org/admissions/tuition/,live,,batch_010.txt
3213,KATZ YESHIVA HIGH SCHOOL OF S. FLA,found,email_domain,,https://www.yeshivahs.org/apps/pages/index.jsp?uREC_ID=364296&type=d&pREC_ID=819228,live,2026-27,batch_010.txt
8786,KINGSWOOD ACADEMY,unclear,email_domain,,https://www.mykingswoodacademy.com/wp-content/uploads/2026/07/kingswood_enrollment-revised-2026.pdf,live,,batch_018.txt
1705,LAKE WORTH CHRISTIAN SCHOOL SOCIETY INC.,unclear,email_domain,,,live,,batch_006.txt
9714,LE SOLEY HIGH SCHOOL,unclear,email_domain,,https://lesoleyhighschool.org/tuition/,live,,batch_020.txt
9260,LEARNING WONDERLAND PRESCHOOL,blocked,name_guess,https://www.learningwonderlandpreschool.com/,,,,
9566,LITTLE CUB'Z LEARNING CENTER,tuition_word_no_amount,name_guess,https://littlecubzlearningcenter.com/,,,,
2609,LLOYD PREPARATORY SCHOOL,found,email_domain,,https://www.lloydprep.com/_files/ugd/f4ba6f_13a383e6749f401da61487779dcc8285.pdf,live,2026-27,batch_009.txt
2663,M.O.T. ACADEMY,tuition_word_no_amount,email_domain,,,,,
1757,METHODIST EARLY CHILDHOOD EDUCATION INC,unclear,email_domain,,https://www.meceboca.org/classes-rates,live,,batch_006.txt
9262,MOUNTAINEER'S ACADEMY INC.,not_reached,email_domain,,,,,
7376,MOUNTAINEER'S SCHOOL OF AUTISM INC.,not_reached,email_domain,,,,,
5770,MY SCHOOLHOUSE LLC.,unclear,email_domain,,https://www.mshlearning.com/faqs,live,,batch_014.txt
1608,NEW GENERATION MONTESSORI BR,tuition_word_no_amount,email_domain,,,,,
9194,NEW GENERATION MONTESSORI OF DELRAY BEACH,tuition_word_no_amount,email_domain,,,,,
4469,NEW GENERATION MONTESSORI WPB,tuition_word_no_amount,email_domain,,,,,
5920,OAKSTONE ACADEMY PALM BEACH CORPORATION,tuition_word_no_amount,email_domain,,,,,
5582,OUR SACRED ACADEMY INC.,found,email_domain,,https://www.oursacredacademy.org/apps/pages/index.jsp?uREC_ID=548607&type=d,live,2026-27,batch_014.txt
5959,OXBRIDGE ACADEMY OF THE PALM BEACHES,found,email_domain,,https://www.oapb.org/admission/tuition-affordability,live,2026-27,batch_015.txt
7083,PALM BEACH CHRISTIAN ACADEMY,unclear,email_domain,,https://cdn.prod.website-files.com/6894d8a62deaa787d15d9b0f/6965010ef46658b3f5fb6115_NS%20%26%20G%20tuition%20rates%20(2).pdf,live,,batch_016.txt
1679,PALM BEACH CHRISTIAN ACADEMY LAKE PARK,unclear,email_domain,,https://cdn.prod.website-files.com/6894d8a62deaa787d15d9b0f/6965010ef46658b3f5fb6115_NS%20%26%20G%20tuition%20rates%20(2).pdf,live,,batch_006.txt
723,"Palm Beach Christian Academy, Village",not_reached,email_domain,,,,,
414,PALM BEACH CHRISTIAN PREPARATORY SCHOOL INC,not_reached,email_domain,,,,,
1900,PALM BEACH DAY ACADEMY INC.,found,email_domain,,https://www.pbday.org/admission/tuition-and-fees,live,2026-27,batch_007.txt
1836,PALM BEACH INTERNATIONAL ACADEMY SES,not_reached,email_domain,,,,,
3306,POETIC JUSTICE PRIVATE SCHOOL,blocked,email_domain,,,,,
2552,POPE JOHN PAUL II HIGH SCHOOL,found,email_domain,,https://www.sjpii.net/admissions/tuition.cfm,live,2026-27,batch_009.txt
2677,POTENTIA ACADEMY,found,email_domain,,https://www.potentiaacademy.org/,live,2026-27,batch_009.txt
587,PROJECT INFINITY GROUP LLC,not_reached,email_domain,,,,,
7975,PROVIDENCE EDUCATION GROUP LLC,found,email_domain,,https://providenceschool.education/tuition-scholarships/,live,2026,batch_023.txt
2912,RJ HENDLEY CHRISTIAN COMMUNITY SCHOOL,not_reached,name_guess_ext,https://www.rjhendleyccs.org/,,,,
1979,ROSARIAN ACADEMY,unclear,email_domain,,,live,,batch_007.txt
2047,SAINT ANN CATHOLIC SCHOOL,not_reached,email_domain,,,,,
2117,SAINT JOAN OF ARC,not_reached,email_domain,,,,,
2929,SAINT JUDE CATHOLIC SCHOOL,found,email_domain,,https://www.saintjudeschool.org/ourpages/auto/2021/7/23/75137754/Tuition%20and%20Fee%20Form%202026-2027.pdf?rnd=1771338277738,live,,batch_010.txt
2147,SAINT JULIANA CATHOLIC SCHOOL,tuition_word_no_amount,email_domain,,,,,
2162,SAINT LUKE CATHOLIC,found,email_domain,,https://www.stlukepalmsprings.org/admissions,live,2026-27,batch_025.txt
2190,SAINT PAUL LUTHERAN SCHOOL,not_reached,email_domain,,,,,
2236,SAINT VINCENT FERRER,unclear,email_domain,,https://www.stvfschool.org/apps/pages/index.jsp?uREC_ID=519841&type=d,live,,batch_008.txt
8456,SALT ACADEMY,found,email_domain,,https://www.saltacademy.org/tuition,live,2026-27,batch_018.txt
2268,SCORE ACADEMY ONLINE,unclear,email_domain,,https://www.score-academy.com/blogs/using-a-529-plan-for-private-school-tuition-in-florida,live,,batch_008.txt
4775,SCORE AT THE TOP BOCA RATON,unclear,email_domain,,https://www.scoreatthetop.com/blog/how-sat/act-scores-can-turn-2500-into-240000-of-free-tuition,live,,batch_013.txt
5094,SCORE AT THE TOP PALM BEACH LLC,unclear,email_domain,,https://www.scoreatthetop.com/blog/how-sat/act-scores-can-turn-2500-into-240000-of-free-tuition,live,,batch_013.txt
5093,SCORE AT THE TOP WELLINGTON LLC,unclear,email_domain,,https://www.scoreatthetop.com/blog/how-sat/act-scores-can-turn-2500-into-240000-of-free-tuition,live,,batch_013.txt
2870,SPANISH RIVER CHRISTIAN,not_reached,email_domain,,,,,
2078,ST. CLARE CATHOLIC SCHOOL,found,email_domain,,https://www.stclareschool.com/admissions/tuition-fees.cfm,live,2026-27,batch_007.txt
3898,ST. DAVID'S-IN-THE-PINES EPISCOPAL SCHOOL,tuition_word_no_amount,email_domain,,,,,
2858,ST. MARK'S EPISCOPAL SCHOOL,tuition_word_no_amount,email_domain,,,,,
3284,SUNCOAST CHRISTIAN ACADEMY,tuition_word_no_amount,email_domain,,,,,
5274,Sunflower Christian Academy,blocked,email_domain,,,,,
3544,THE BATT SCHOOL,tuition_word_no_amount,email_domain,,,,,
2522,THE BENJAMIN SCHOOL,unclear,email_domain,,https://www.thebenjaminschool.org/admission/tuition-and-financial-assistance/financial-assistance,live,,batch_009.txt
8617,THE BENJAMIN UPPER SCHOOL,unclear,email_domain,,https://www.thebenjaminschool.org/admission/tuition-and-financial-assistance/financial-assistance,live,,batch_018.txt
5456,THE BILGRAV SCHOOL,found,email_domain,,https://www.bilgravschool.org/tuiton/investment,live,2026-27,batch_013.txt
9663,THE CHOSEN ACADEMY,found,email_domain,,https://www.tcaps.org/tuition,live,2026-27,batch_020.txt
8208,THE FOUNDATIONS SCHOOL,tuition_word_no_amount,email_domain,,,,,
8938,THE GREENE SCHOOL,unclear,email_domain,,https://www.thegreeneschool.com/admissions/early-childhood,live,,batch_019.txt
9390,THE HARVEY ACADEMY,unclear,email_domain,,https://www.theharveyacademy.com/tuition-fees,live,,batch_019.txt
1656,THE KING'S ACADEMY,found,email_domain,,https://www.tka.net/admissions/tuition-financial-aid,live,2026-27,batch_006.txt
3322,THE SHEPHERD'S SCHOOL,tuition_word_no_amount,email_domain,,,,,
485,THE WEISS SCHOOL,found,email_domain,,https://www.weissschool.org/admissions/affording,live,2026-27,batch_001.txt
4007,TORAH ACADEMY OF BOCA RATON,tuition_word_no_amount,email_domain,,,,,
2338,TRINITY CHRISTIAN SCHOOL OF P.B GARDENS,found,email_domain,,https://www.tcspbg.org/admissions/tuition-and-financial-aid.cfm,live,2026-27,batch_025.txt
2326,TRINITY LUTHERAN SCHOOL,tuition_word_no_amount,email_domain,,,,,
4645,TURTLE RIVER MONTESSORI SCHOOL,unclear,email_domain,,https://turtlerivermontessori.com/wp-content/uploads/2024/04/TRM-SY2425-East-Campus-Tuition-Fee-Schedule-2-Rev-2024-01-19.pdf,live,,batch_012.txt
1485,TURTLE RIVER MONTESSORI SCHOOL EAST,unclear,email_domain,,https://turtlerivermontessori.com/wp-content/uploads/2024/04/TRM-SY2425-East-Campus-Tuition-Fee-Schedule-2-Rev-2024-01-19.pdf,live,,batch_005.txt
3852,UNITY SCHOOL,unclear,email_domain,,https://unityschool.com/admissions-2/tuition-fees/,live,,batch_011.txt
9827,UPPER ECHELON ACADEMY,not_reached,email_domain,,,,,
6525,WALDORF SCHOOL OF PALM BEACH,found,email_domain,,https://www.waldorfschoolpalmbeach.org/grades-tuition,live,2026-27,batch_015.txt
7660,WELLINGTON COLLEGIATE ACADEMY,unclear,email_domain,,https://www.gowca.org/editoruploads/files/Enrollment%20Referral%20Program.pdf,live,,batch_017.txt
3690,WEST PALM BEACH JUNIOR ACADEMY,network_site_only,email_domain,,https://www.flcoe.org/,live,,batch_011.txt
7533,XCEED PREP BOCA,found,email_domain,,https://www.xceedprep.org/tuition/,live,,batch_017.txt
7458,YESHIVA TIFERES TORAH OF BOCA RATON,tuition_word_no_amount,email_domain,,,,,
2307,YESHIVAS LEV SIMCHA,not_reached,email_domain,,,,,
8659,ZUCKER JEWISH ACADEMY OF BOCA RATON LLC,unclear,email_domain,,https://zjaboca.org/tuition/,live,,batch_018.txt
9632,ABOVE REPROACH ACADEMY,unclear,email_domain,,,live,,batch_020.txt
1429,ACADEMY AT THE LAKES,found,email_domain,,https://academyatthelakes.org/admissions/tuition-fees/,live,2026-27,batch_005.txt
486,ADVENTIST CHRISTIAN ACADEMY,network_site_only,email_domain,,https://www.flcoe.org/,live,,batch_001.txt
5246,All Kids Academy,not_reached,email_domain,,,,,
7323,AMERICAN COLLEGIATE ACADEMY LLC,unclear,email_domain,,,live,,batch_016.txt
2703,ANGELINE COUNTRY DAY SCHOOL,not_reached,email_domain,,,,,
674,BISHOP LARKIN CATHOLIC SCHOOL,tuition_word_no_amount,email_domain,,,,,
4262,BISHOP MCLAUGHLIN CATHOLIC HIGH SCHOOL,found,email_domain,,https://bmchs.com/admissions/tuition-financial-information/,live,2026-27,batch_012.txt
9701,BLAZING STARS MONTESSORI SCHOOL,found,email_domain,,https://www.blazingstarsmontessori.org/admissions,live,,batch_020.txt
3465,CENTER ACADEMY-LUTZ,tuition_word_no_amount,email_domain,,,,,
8804,CES ACADEMY,not_reached,email_domain,,,,,
4945,CES ACADEMY,not_reached,email_domain,,,,,
7776,CHRISTIAN CROSSINGS ACADEMY,found,email_domain,,https://www.christiancrossings.com/tuition/,live,2026-27,batch_017.txt
1195,EAST PASCO ADVENTIST ACADEMY,network_site_only,email_domain,,https://www.flcoe.org/,live,,batch_004.txt
1159,ELFERS CHRISTIAN SCHOOL,found,email_domain,,https://www.elferschristianschool.org/why-elfers-christian-school/tuition-and-fees/,live,,batch_003.txt
7487,ESTHER'S SCHOOL INC-HUDSON,tuition_word_no_amount,email_domain,,,,,
8709,ESTHER'S SCHOOL NEW PORT RICHEY,tuition_word_no_amount,email_domain,,,,,
6232,FAITH BAPTIST ACADEMY,not_reached,email_domain,,,,,
3128,FIRST CHRISTIAN ACADEMY,unclear,email_domain,,https://firstchristianacademy.com/preschool/tuition/,live,,batch_010.txt
5999,GARDEN MONTESSORI SCHOOL,tuition_word_no_amount,email_domain,,,,,
7094,GENERATIONS CHRISTIAN ACADEMY,tuition_word_no_amount,email_domain,,,,,
2048,GENESIS PREPARATORY SCHOOL OF FLORIDA,unclear,email_domain,,,live,,batch_007.txt
8807,GODDARD SCHOOL,tuition_word_no_amount,email_domain,,,,,
1886,GRACE CHRISTIAN SCHOOLS OF PASCO,not_reached,email_domain,,,,,
3334,HERITAGE ACADEMY,tuition_word_no_amount,name_guess_ext,https://www.heritageacademyschool.org/,,,,
9825,HOPE FOR TOMORROW CAMPUS,tuition_word_no_amount,email_domain,,,,,
4678,HOPE RANCH LEARNING ACADEMY,tuition_word_no_amount,email_domain,,,,,
8276,HOPE RANCH LEARNING ACADEMY-LIVING HOPE,tuition_word_no_amount,email_domain,,,,,
1933,LAND O' LAKES CHRISTIAN SCHOOL,not_reached,email_domain,,,,,
5638,Lighthouse Community School,not_reached,name_guess_ext,https://www.lighthousewesleychapel.com/,,,,
6469,NEST HOCKEY ACADEMY,found,email_domain,,https://nesthockey.com/wp-content/uploads/2026/08/2026-2027-NHA-Schedule-of-Tuition-and-Fees.pdf,live,2026-27,batch_015.txt
3122,PRODIGY ACADEMY AT EPPERSON,not_reached,email_domain,,,,,
4663,RECONNECTIONS EDUCATION CENTER,found,name_guess,https://www.reconnectionseducationcenter.org/,https://www.reconnectionseducationcenter.org/helpful-information,live,,batch_022.txt
2148,SADDLEBROOK PREPARATORY SCHOOL,not_reached,email_domain,,,,,
1233,SAINT ANTHONY CATHOLIC SCHOOL,found,email_domain,,https://sacsfl.org/admissions/,live,2026-27,batch_004.txt
2744,SARAH BEE BILINGUAL ACADEMY,not_reached,email_domain,,,,,
5740,"ST. Clement Orthodox Christian Academy, INC",found,email_domain,,https://www.stclementnpr.org/admissions/tuition-financial-aid.cfm,live,2024-25,batch_014.txt
6039,The Bexley Montessori School,not_reached,email_domain,,,,,
94,The Mill Academy LLC,blocked,email_domain,,,,,
8379,THE WESLEY CHAPEL MONTESSORI SCHOOL,no_website,name_guess,https://wesleychapelacademy.com/,,,,
7370,THRIVE ACADEMY,not_reached,email_domain,,,,,
2050,TRINITY MONTESSORI SCHOOL,not_reached,email_domain,,,,,
9456,WORLD OF KNOWLEDGE,not_reached,email_domain,,,,,
3054,ACADEMY PREP CENTER OF ST. PETERSBURG,not_reached,email_domain,,,,,
7753,ACTON ACADEMY PALM HARBOR,found,email_domain,,https://www.actonacademyph.com/,live,2026-27,batch_017.txt
1658,ADMIRAL FARRAGUT ACADEMY,unclear,email_domain,,https://farragut.org/admissions/tuition-and-fees/,live,,batch_006.txt
4114,ALEGRIA MONTESSORI SCHOOL INC.,found,email_domain,,https://alegriamontessori.com/wp-content/uploads/2026/02/upper-campus-tuition-26-27.pdf,live,2026-27,batch_011.txt
8316,ALEGRIA MONTESSORI SCHOOL INC.,found,email_domain,,https://alegriamontessori.com/wp-content/uploads/2026/02/upper-campus-tuition-26-27.pdf,live,2026-27,batch_018.txt
7513,ALFRED ADLER SCHOOL,found,name_guess,https://alfredadlerschool.org/,https://alfredadlerschool.org/fees-and-financial-assistance/,live,2026-27,batch_022.txt
3109,"ALLENDALE ACADEMY PRIVATE SCHOOL, INC.",not_reached,email_domain,,,,,
9280,ARQAM'S ACADEMY,tuition_word_no_amount,email_domain,,,,,
2524,AUTISM INSPIRED ACADEMY,found,email_domain,,https://autisminspired.org/enrollment-tuition/,live,,batch_009.txt
2265,BAY PINES LUTHERAN SCHOOL,found,name_guess_ext,https://www.baypineslutheranschool.org/,https://www.baypineslutheranschool.org/k-8-enrollment/,live,2026-27,batch_030.txt
9552,BECAUSE YOU CAN LEARN,not_reached,email_domain,,,,,
1474,BLESSED SACRAMENT CATHOLIC SCHOOL,tuition_word_no_amount,email_domain,,,,,
4533,BLI COMMUNITY SCHOOL TARPON SPRINGS.,unclear,email_domain,,https://blilearning.org/,live,,batch_012.txt
806,BLI LEARNING LABS,unclear,email_domain,,https://blilearning.org/,live,,batch_002.txt
4158,BLOSSOM MONTESSORI SCHOOL FOR THE DEAF,found,email_domain,,https://blossomschool.org/academics/tuition/,live,2023-24,batch_023.txt
6062,C T K CHRISTIAN SCHOOL,not_reached,email_domain,,,,,
3323,CALVARY CHRISTIAN HIGH SCHOOL,found,email_domain,,https://www.cchs.us/admissions/tuition-information.cfm,live,2026-27,batch_010.txt
9136,CANGUROS,tuition_word_no_amount,email_domain,,,,,
1267,CANTERBURY SCHOOL OF FLORIDA INC.,found,email_domain,,https://www.canterburyflorida.org/admission/tuition,live,2026-27,batch_004.txt
2612,CENTER ACADEMY-PALM HARBOR,tuition_word_no_amount,email_domain,,,,,
1887,CENTER ACADEMY-PINELLAS PARK,tuition_word_no_amount,email_domain,,,,,
7137,CENTER FOR ACADEMIC EXCELLENCE,not_reached,email_domain,,,,,
3464,CES ACADEMY,not_reached,email_domain,,,,,
6534,CHRISTIAN WAY ACADEMY,not_reached,name_guess,https://www.christianwayacademy.com/,,,,
2339,CLEARWATER ACADEMY INTERNATIONAL INC.,found,email_domain,,https://www.clearwateracademy.org/admission/2026-2027-tuition-and-fees/,live,2026-27,batch_008.txt
3326,CLEARWATER CENTRAL CATHOLIC HIGH SCHOOL,unclear,email_domain,,https://www.ccchs.org/apps/pages/tuition,live,,batch_010.txt
8605,COMMUNITY LEARNING CENTER ACADEMY,tuition_word_no_amount,email_domain,,,,,
4245,COUNTRYSIDE CHRISTIAN ACADEMY,not_reached,email_domain,,,,,
4166,COUNTRYSIDE CHRISTIAN CENTER-DUNEDIN CAMPUS,not_reached,email_domain,,,,,
5686,CREATIVE PLAY CHILDREN'S LEARNING CENTER,not_reached,email_domain,,,,,
1758,DELPHI ACADEMY OF FLORIDA,tuition_word_no_amount,email_domain,,,,,
2327,DEPAUL SCHOOL FOR DYSLEXIA INC.,found,email_domain,,https://www.thedepaulschool.org/school-admissions/tuition-assistance,live,2026-27,batch_008.txt
1706,DUNEDIN ACADEMY,not_reached,name_guess,https://www.dunedinschool.org/,,,,
3811,EDUCATION COACHING SERVICES,not_reached,email_domain,,,,,
2967,Empowered Preparatory School,tuition_word_no_amount,email_domain,,,,,
4217,ESPIRITU SANTO CATHOLIC SCHOOL,unclear,name_guess,https://www.espirituschool.org/,,live,,batch_021.txt
4752,ESTHER'S SCHOOL INC.-PINELLAS PARK,tuition_word_no_amount,email_domain,,,,,
3262,EXCELLERATED TEACHING ACADEMY,not_reached,email_domain,,,,,
8802,FIREFLIES ACADEMY,found,email_domain,,https://firefliesacademy.us/tuition-and-fees,live,,batch_019.txt
1965,FIRST LUTHERAN SCHOOL,unclear,email_domain,,https://flcclearwater.org/school/enrollment/apply-now,live,,batch_028.txt
7493,GENESIS CHRISTIAN ACADEMY,not_reached,email_domain,,,,,
804,GRACE LUTHERAN SCHOOL,not_reached,email_domain,,,,,
2832,GUARDIAN ANGELS CATHOLIC SCHOOL,found,email_domain,,https://gacsfl.com/tuition-financial-assistance/,live,2026-27,batch_009.txt
1299,GULFCOAST SEVENTH-DAY ADVENTIST SCHOOL,network_site_only,email_domain,,https://www.flcoe.org/,live,,batch_004.txt
1708,GUSTAVE EIFFEL ACADEMY,unclear,email_domain,,https://www.eiffel.academy/admissions/tuition-and-fees,live,,batch_006.txt
1397,HOLY FAMILY,found,email_domain,,https://www.hfcsfalcons.org/2025-2026_REVISED_HFCS_Tuition_and_Fees_Only_4.pdf,live,2025-26,batch_005.txt
5489,HOPE ONLINE SCHOOL,found,email_domain,,https://www.hopeonlineschool.com/admissions,live,,batch_014.txt
5282,HUMANITY EDUCATION VENTURES,unclear,email_domain,,,live,,batch_013.txt
9169,IGNITE ACADEMY,found,email_domain,,https://igniteacademy.education/wp-content/uploads/2026/02/Tuition-and-Fees-26-27.pdf,live,2026-27,batch_019.txt
4150,INDIAN ROCKS CHRISTIAN SCHOOL,not_reached,email_domain,,,,,
2698,INDIAN ROCKS CHRISTIAN SCHOOL,not_reached,email_domain,,,,,
9130,INFINITE POTENTIAL LEARNING ACADEMY,tuition_word_no_amount,email_domain,,,,,
8377,INVICTUS ACADEMY TAMPA BAY,found,email_domain,,https://invictusacademyfl.org/admissions/tuition-and-fees-2/,live,2026-27,batch_018.txt
3522,KAIROS ACADEMY,unclear,email_domain,,https://www.kairosacademy.net/admissions,live,,batch_011.txt
2049,KESWICK CHRISTIAN SCHOOL,found,email_domain,,https://keswickchristian.org/admissions/tuition-details/,live,2026-27,batch_007.txt
1996,LAKESIDE CHRISTIAN SCHOOL,found,email_domain,,https://lakesidechristianschool.org/Tuition,live,2026-27,batch_007.txt
9881,LEGACY ONLINE SCHOOL,unclear,email_domain,,https://legacyonlineschool.com/tuition-and-fees,live,,batch_020.txt
2553,LIBERTY CHRISTIAN SCHOOL,not_reached,email_domain,,,,,
3750,LUTHERAN CHURCH OF THE CROSS DAY SCHOOL,unclear,email_domain,,https://www.lccdayschool.com/admissions/tuition.cfm,live,,batch_011.txt
3949,MONTESSORI BY THE SEA,found,email_domain,,,live,2026-27,batch_027.txt
2025,MORNING STAR SCHOOL OF PINELLAS PARK,found,email_domain,,https://morningstarschool.org/tuition-fees/,live,2026-27,batch_007.txt
739,NEW SYSTEM SCHOOL INC. FLORIDA OFFICE,not_reached,email_domain,,,,,
5318,NORTHBAY CHRISTIAN ACADEMY,not_reached,email_domain,,,,,
1365,OUR LADY OF LOURDES CATHOLIC SCHOOL,unclear,email_domain,,https://www.myoll.com/tuition-assistance/,live,,batch_004.txt
3106,OUR SAVIOR LUTHERAN SCHOOL,not_reached,email_domain,,,,,
4736,PAX ACADEMY,unclear,email_domain,,https://paxacademy.org/,live,,batch_012.txt
5343,Red Deer Global Academy,tuition_word_no_amount,email_domain,,,,,
2426,SACRED HEART CATHOLIC SCHOOL,found,email_domain,,https://www.shsaints.org/admissions/tuition.cfm,live,2026-27,batch_008.txt
2622,SAFETY HARBOR MONTESSORI ACADEMY,tuition_word_no_amount,email_domain,,,,,
9486,SAILFUTURE,tuition_word_no_amount,email_domain,,,,,
2164,SAINT JUDE CATHEDRAL SCHOOL,found,email_domain,,https://www.cathedralschoolofstjude.org/tuition,live,2026-27,batch_007.txt
1555,SAINT PATRICK SCHOOL,found,email_domain,,https://www.stpatrickcatholic.org/admissions/scholarships.cfm,live,2026-27,batch_005.txt
1524,SAINT PAUL CATHOLIC SCHOOL,tuition_word_no_amount,email_domain,,,,,
2207,SAINT PETERSBURG CATHOLIC HIGH SCHOOL,unclear,email_domain,,https://www.spchs.org/admissions/financial-assistance,live,,batch_008.txt
1919,SAINT PETERSBURG CHRISTIAN SCHOOL,unclear,email_domain,,,live,,batch_007.txt
4644,SAWYER SCHOLASTICS LLC,tuition_word_no_amount,email_domain,,,,,
8879,SERVICE LEARNING SCHOOL,not_reached,email_domain,,,,,
983,SHORECREST PREPARATORY SCHOOL,found,email_domain,,https://www.shorecrest.org/admissions/tuition-and-financial-aid,live,2026-27,batch_003.txt
746,SKYCREST CHRISTIAN SCHOOL,found,email_domain,,https://www.skycrestchristianschool.org/admissions/tuition-fees,live,2026-27,batch_002.txt
4393,SOLID ROCK COMMUNITY SCHOOL,not_reached,email_domain,,,,,
3116,SPRING VALLEY SCHOOL,found,email_domain,,https://springvalleyschool.com/wp-content/uploads/Re-Enrollment-Packet-2026-2027.pdf,live,2026-27,batch_010.txt
1742,St. Cecelia Catholic School,found,email_domain,,https://www.st-cecelia.org/admissions/tuition-information/,live,2026-27,batch_006.txt
4696,ST. PETERSBURG PRIMARY SCHOOL,unclear,email_domain,,https://stpeteprimary.org/wp-content/uploads/2026/06/26.27-Elementary-Tuition-Overview.pdf,live,,batch_012.txt
5137,ST. RAPHAEL CATHOLIC SCHOOL,not_reached,email_domain,,,,,
4152,SUNCOAST WALDORF SCHOOL,tuition_word_no_amount,email_domain,,,,,
3908,SUNFLOWER SCHOOL INC,found,email_domain,,https://www.sunflowerprivateschool.com/new-page-5,live,2026-27,batch_011.txt
2647,SWEET PEAS PRESCHOOL ELEMENTARY,not_reached,email_domain,,,,,
6378,TAMPA BAY INTERNATIONAL SCHOOL,found,email_domain,,https://www.tampabayintl.org/tuition-fees,live,2026-27,batch_015.txt
8695,THE DEPAUL SCHOOL,found,email_domain,,https://www.thedepaulschool.org/school-admissions/tuition-assistance,live,2026-27,batch_018.txt
1067,THE FRENCH AMERICAN SCHOOL OF TAMPA BAY,found,email_domain,,https://fastb.org/admissions/tuition/,live,2026-27,batch_003.txt
4853,WASHBURN ACADEMY,not_reached,name_guess,https://www.washburnacademy.net/,,,,
6104,WELLMONT ACADEMY,found,email_domain,,https://www.wellmontacademy.com/admissions/tuition-and-fees-2027-2028/,live,2027-28,batch_015.txt
2488,WESTERN CHRISTIAN ACADEMY,unclear,email_domain,,https://westernchristianacademy.com/wca-tuition/,live,,batch_008.txt
3112,WESTLAKE CHRISTIAN SCHOOL,tuition_word_no_amount,email_domain,,,,,
4265,WILDWOOD ACADEMY,found,email_domain,,https://www.wildwoodcw.com/tuition,live,,batch_012.txt
3959,ACADEMY PREP CENTER OF LAKELAND,not_reached,email_domain,,,,,
8514,ADVANCE PREP ACADEMY,unclear,email_domain,,,live,,batch_018.txt
1398,ALL SAINTS' ACADEMY,unclear,email_domain,,https://www.allsaintsacademy.com/,live,,batch_005.txt
7133,APPLEWOOD PRIVATE EDUCATION,not_reached,email_domain,,,,,
6278,AVENGERS CHRISTIAN ACADEMY,found,email_domain,,https://avengerschristianacademy.com/admissions,live,2026-27,batch_015.txt
2314,CALVARY BAPTIST CHURCH ACADEMY,not_reached,email_domain,,,,,
4173,CANDLELIGHT CHRISTIAN ACADEMY,not_reached,email_domain,,,,,
1399,CENTRAL FLORIDA CHRISTIAN ACADEMY,tuition_word_no_amount,email_domain,,,,,
3674,CES ACADEMY,not_reached,email_domain,,,,,
280,CES ACADEMY,not_reached,email_domain,,,,,
4382,CES ACADEMY OF WINTER HAVEN,not_reached,email_domain,,,,,
4548,CHAMPIONS CHRISTIAN ACADEMY,not_reached,email_domain,,,,,
7699,DAVENPORT CHRISTIAN PREPARATORY SCHOOL IEP,tuition_word_no_amount,email_domain,,,,,
9069,ESTHER'S SCHOOL INC - HAINES CITY,tuition_word_no_amount,email_domain,,,,,
1870,EXCEL CHRISTIAN ACADEMY,found,email_domain,,https://www.excelspartans.org/tuition-fees,live,2026-27,batch_007.txt
1375,FAMILIES OF FAITH CHRISTIAN ACADEMY INTERNATIONAL,unclear,email_domain,,https://www.fofcai.com/fees.html,live,,batch_005.txt
1525,FIRST METHODIST SCHOOL INC.,not_reached,name_guess,https://www.firstmethodistschool.com/,,,,
7929,GLOBAL VIRTUAL ACADEMY,unclear,email_domain,,https://globalvirtualacademy.com/register/,live,,batch_017.txt
676,GRACE LUTHERAN SCHOOL,not_reached,email_domain,,,,,
9524,GTE ACADEMY,found,name_guess,https://gteacademy.org/,https://gteacademy.org/tuition-fees/,live,2026-27,batch_022.txt
4252,HOPE CREATIVE SCHOOL,unclear,name_guess,https://hopecreativeschool.org/,https://hopecreativeschool.org/tuition/,live,,batch_021.txt
8923,HUSKY PREP ACADEMY INC,not_reached,email_domain,,,,,
8584,IT TAKES A VILLAGE EARLY LEARNING ACADEMY,found,email_domain,,https://img1.wsimg.com/blobby/go/809ba557-5f03-4e90-8a9a-1d17b0be0fee/VLA%20-%20Tuition%20%26%20Fee%20Schedule%20(2026-202-5e1ac99.pdf,live,2026-27,batch_018.txt
396,KINGDOM BUILDERS PREPARATORY ACADEMY,not_reached,email_domain,,,,,
9513,KIPE ACADEMY,tuition_word_no_amount,email_domain,,,,,
984,LAKELAND CHRISTIAN SCHOOL,unclear,email_domain,,https://www.lcsonline.org/admissions/tuition-fees/,live,,batch_003.txt
8205,LAKELAND INSTITUTE FOR LEARNING,tuition_word_no_amount,email_domain,,,,,
8937,LAKES CHURCH ACADEMY,tuition_word_no_amount,email_domain,,,,,
1300,LANDMARK CHRISTIAN SCHOOL,not_reached,email_domain,,,,,
8291,LEGACY CHRISTIAN ACADEMY INC.,found,email_domain,,https://legacyfl.org/tuition-fees,live,2026-27,batch_023.txt
1259,LEVELS ACADEMY,not_reached,email_domain,,,,,
6865,LIFE SKILLS ACADEMY - CAMPUS 1,found,email_domain,,https://lifeskillsacademy.org/admissions/tuition-fees/,live,,batch_016.txt
8756,LIFE SKILLS ACADEMY - CAMPUS 2,found,email_domain,,https://lifeskillsacademy.org/admissions/tuition-fees/,live,,batch_018.txt
3524,MULBERRY CHRISTIAN ACADEMY,found,name_guess,https://mulberrychristianacademy.com/,https://mulberrychristianacademy.com/admissions/,live,,batch_021.txt
7588,NAMESAKE CHRISTIAN ACADEMY,unclear,name_guess,https://www.namesakeacademy.com/,https://www.namesakeacademy.com/,live,,batch_022.txt
6256,NEW DIRECTION ACADEMY,tuition_word_no_amount,email_domain,,,,,
1799,OASIS CHRISTIAN ACADEMY,found,email_domain,,https://www.ocalions.org/editoruploads/files/Tuition%20%26%20Fees%202025-2026.pdf,live,2025-26,batch_023.txt
6738,PARK AVENUE PRIVATE SCHOOL,found,email_domain,,https://aetutors.com/,live,2023-24,batch_015.txt
4595,PARKWAY CHRISTIAN ACADEMY,found,email_domain,,https://www.pcalakeland.org/admissions,live,2026-27,batch_025.txt
8633,PEACE RIVER CHRISTIAN ACADEMY,not_reached,email_domain,,,,,
9719,PNEUMA CHRISTIAN SCHOOL,not_reached,email_domain,,,,,
4811,POINCIANA CHRISTIAN PREPARATORY SCHOOL SIEP,tuition_word_no_amount,email_domain,,,,,
8414,POLK CHRISTIAN PREPARATORY SCHOOL IEP,tuition_word_no_amount,email_domain,,,,,
9410,PRINCIPLES OF FAITH ACADEMY LLC,found,email_domain,,https://poffacademy.org/wp-content/uploads/2026/06/Principles_of_Faith_Academy_Comprehensive_Tuition_Schedule_2026_2027.pdf,live,2026-27,batch_019.txt
3422,PUZZLES LOVE AUTISM FOUNDATION,not_reached,email_domain,,,,,
2282,RESURRECTION CATHOLIC SCHOOL,found,email_domain,,https://static1.squarespace.com/static/6523ee22f6776a2ff691ef67/t/6970f38185e614015b3d022e/1769010049628/Tuition+and+Fees+2026-2027+Final.pdf,live,2026-27,batch_008.txt
1634,SAINT ANTHONY CATHOLIC SCHOOL,found,email_domain,,https://www.saintacs.com/tuition,live,2026-27,batch_006.txt
488,SAINT JOSEPH CATHOLIC SCHOOL,found,email_domain,,https://static1.squarespace.com/static/6478e8146cfefc79f609bc5d/t/67781dcc761f3637297c8ac0/1735925197311/Tuition+and+Fees+2025-2026.pdf,live,2025-26,batch_002.txt
1332,SAINT PAUL LUTHERAN SCHOOL,not_reached,email_domain,,,,,
1197,SANTA FE CATHOLIC HIGH SCHOOL,unclear,email_domain,,https://santafecatholic.org/admission/,live,,batch_004.txt
8876,SHALOM CHRISTIAN ACADEMY,not_reached,email_domain,,,,,
8228,SPARROW ACADEMY,found,email_domain,,https://sparrowacademy.org/tuition/,live,2026-27,batch_018.txt
7556,SPEAK LIFE STEM CHRISTIAN ACADEMY,no_website,name_guess,https://speaklifestemacademy.com/,,,,
5039,THE CYGNET SCHOOL,unclear,email_domain,,,live,,batch_013.txt
5505,THE ROBERTS ACADEMY,unclear,email_domain,,https://www.flsouthern.edu/admissions-and-aid/tuition-and-cost/index.html,live,,batch_014.txt
1366,THE VANGUARD SCHOOL,found,email_domain,,https://www.vanguardschool.org/uploads/files/Admissions/tuition-fees-2026-27.pdf?v=1777045227824,live,2026-27,batch_005.txt
8945,VALOR CHRISTIAN LEADERSHIP ACADEMY,tuition_word_no_amount,email_domain,,,,,
1609,VICTORY CHRISTIAN ACADEMY,not_reached,email_domain,,,,,
3303,WINTER HAVEN ADVENTIST ACADEMY,network_site_only,email_domain,,https://www.flcoe.org/,live,,batch_010.txt
1048,WINTER HAVEN CHRISTIAN SCHOOL,found,email_domain,,https://www.whcsonline.org/tuition-fees,live,2026-27,batch_003.txt
6338,WINTER HAVEN MONTESSORI,unclear,name_guess,https://www.winterhavenmontessori.com/,https://www.winterhavenmontessori.com/admissions,live,,batch_022.txt
1590,WONDERHERE ACADEMY,not_reached,email_domain,,,,,
1586,WORD OF LIFE CHRISTIAN SCHOOL,not_reached,email_domain,,,,,
6235,CRESCENT CITY CHRISTIAN ACADEMY,not_reached,email_domain,,,,,
1902,LITTLE SPROUTS LEARNING CENTER LLC,tuition_word_no_amount,email_domain,,,,,
678,PENIEL BAPTIST ACADEMY,found,email_domain,,https://www.penielwarriors.org/uploads/6/5/0/4/65044725/2026-2027_fee_sheet_-_2026-03-30__1_.pdf,live,2026-27,batch_002.txt
4358,SCHOOL OF THE HEIGHTS,unclear,email_domain,,https://schooloftheheights.org/wp-content/uploads/2024/04/Fee-Schedule-25-25-4-15-25.pdf,live,,batch_012.txt
8259,ST. JOHNS CHRISTIAN SCHOOL,not_reached,email_domain,,,,,
136,BLUE RIBBON CHRISTIAN ACADEMY,blocked,email_domain,,,,,
4904,COASTLINE CHRISTIAN ACADEMY,found,email_domain,,https://www.coastlinechristian.com/tuition,live,2026-27,batch_013.txt
5700,FAITH CHRISTIAN ACADEMY,found,email_domain,,https://fcawarriors.com/admissions/,live,2026-27,batch_014.txt
6207,GULF BREEZE MONTESSORI SCHOOL,unclear,name_guess,https://gulfbreezemontessori.com/,https://gulfbreezemontessori.com/admissions/,live,,batch_022.txt
7399,L.E.A.D. ACADEMY CLASSICAL SCHOOL INC.,found,email_domain,,https://www.leadacademylions.com/tuition-scholarships,live,2026-27,batch_016.txt
1484,LIGHTHOUSE PRIVATE CHRISTIAN ACADEMY MILTON,found,email_domain,,https://www.lighthousepca.com/enrollment/tuition-and-fees,live,2026-27,batch_005.txt
8751,LIGHTHOUSE PRIVATE CHRISTIAN ACADEMY PREP,found,email_domain,,https://www.lighthousepca.com/enrollment/tuition-and-fees,live,2026-27,batch_018.txt
688,SANTA ROSA CHRISTIAN SCHOOL,found,email_domain,,https://www.santarosachristianschool.com/tuition-financial,live,2026-27,batch_002.txt
2590,SOUNDSIDE MONTESSORI ACADEMY,unclear,email_domain,,,live,,batch_009.txt
8976,SPARK LEARNING XXII,unclear,email_domain,,https://primer.com/tuition,live,,batch_019.txt
1165,WEST FLORIDA BAPTIST ACADEMY,not_reached,email_domain,,,,,
4749,AGAPE CHRISTIAN SCHOOL OF SARASOTA INC.,found,email_domain,,https://www.agapesarasota.org/tuition/,live,2026-27,batch_012.txt
4133,ASCENSION LUTHERAN SCHOOL,not_reached,email_domain,,,,,
5491,ASPIRING HEIGHTS ACADEMY,unclear,email_domain,,https://aspiringheightsacademy.com/flvs,live,,batch_014.txt
2319,BEYOND THE SPECTRUM EDUCATION CENTER,tuition_word_no_amount,email_domain,,,,,
4099,CALVARY CHAPEL SCHOOL INC.,tuition_word_no_amount,email_domain,,,,,
513,CARDINAL MOONEY HIGH SCHOOL,found,email_domain,,https://www.cmhs-sarasota.org/academics/scholarships/,live,2026-27,batch_025.txt
4483,CHESTERTON ACADEMY OF ST. PADRE PIO,found,email_domain,,https://www.chestertonsarasota.org/admissions/,live,2026-27,batch_012.txt
1166,COMMUNITY DAY SCHOOL,tuition_word_no_amount,email_domain,,,,,
6747,COMMUNITY HAVEN FOR ADULTS AND CHILDREN,not_reached,email_domain,,,,,
5903,EASTER SEALS SWFL PRIMARY ACADEMY,not_reached,email_domain,,,,,
5713,ENGLEWOOD CHRISTIAN SCHOOL,tuition_word_no_amount,name_guess,https://archerchristian.org/,,,,
813,EPIPHANY CATHEDRAL SCHOOL,unclear,email_domain,,,live,,batch_003.txt
9586,FIRST MONTESSORI,tuition_word_no_amount,name_guess,https://firstmontessori.com/,,,,
5780,FOUNDATIONS CHRISTIAN MONTESSORI ACADEMY,unclear,email_domain,,,live,,batch_014.txt
5479,GENERATION HARVEST INC.,not_reached,email_domain,,,,,
929,INCARNATION SCHOOL,unclear,email_domain,,https://www.incarnationschool.edu/tuition--financial-aid.html,live,,batch_003.txt
1536,KINDERGARTEN PREP,unclear,email_domain,,https://kindergartenprepinc.com/,live,,batch_005.txt
2560,LIBERTY BAPTIST ACADEMY,not_reached,email_domain,,,,,
9469,LIBERTY CHRISTIAN ACADEMY OF SARASOTA,found,email_domain,,https://lcasarasota.com/tuition/,live,,batch_019.txt
9127,LITTLE RANCHERS LEARNING CENTER,not_reached,email_domain,,,,,
3865,MANGROVE SCHOOL OF SARASOTA,unclear,name_guess,https://mangrovesarasota.com/,https://mangrovesarasota.com/early-childhood-tuition-and-fees/,live,,batch_021.txt
1998,NEW GATE SCHOOL,found,email_domain,,https://www.newgate.edu/wp-content/uploads/2026/03/2026-2027-Tuition-Schedule.pdf,live,2026-27,batch_007.txt
1436,OUT-OF-DOOR ACADEMY INC.,found,email_domain,,https://www.oda.edu/admissions/tuition-affordability,live,2026-27,batch_005.txt
1920,PREW ACADEMY OF SARASOTA INC.,found,email_domain,,https://www.prewacademyofsarasota.com/aboutus/tuition-schedule,live,2026-27,batch_007.txt
2227,PRODIGY EARLY LEARNING AT WELLEN PARK,not_reached,email_domain,,,,,
3429,PROVIDENCE COMMUNITY SCHOOL,not_reached,email_domain,,,,,
9064,ROOTS NATURE AND LEADERSHIP ACADEMY,found,email_domain,,https://rootsacademysarasota.com/admissions/,live,2026-27,batch_019.txt
1336,SAINT MARTHA,found,email_domain,,https://www.stmarthaschool.net/admissions/tuition.cfm,live,,batch_004.txt
1242,SARASOTA CHRISTIAN SCHOOL,found,email_domain,,https://sarasotachristian.org/admissions/tuition-fees/,live,2026-27,batch_004.txt
1716,SEA OF STRENGTHS ACADEMY,found,email_domain,,https://sosaschool.com/tuition-and-financial-aid/,live,2026-27,batch_006.txt
3472,ST. MARY ACADEMY,found,email_domain,,,live,2026-27,batch_027.txt
6333,STAR LAB,found,email_domain,,https://www.starlab.world/tuition--scholarships.html,live,2024-25,batch_028.txt
6148,Star Lab 2,found,email_domain,,https://www.starlab.world/tuition--scholarships.html,live,2024-25,batch_028.txt
7457,THE BRIDGE SARASOTA,not_reached,email_domain,,,,,
1589,VENICE CHRISTIAN SCHOOL,found,email_domain,,https://www.venicechristianschool.org/tuition/,live,2026-27,batch_025.txt
7337,ADVANCE LEARNING ACADEMY,tuition_word_no_amount,email_domain,,,,,
515,ALL SOULS CATHOLIC SCHOOL,unclear,email_domain,,https://www.allsoulscatholicschool.org/mission/tuition-assistance,live,,batch_002.txt
5123,ALPINE ACADEMY,unclear,email_domain,,https://www.myalpine.org/admissions/,live,,batch_013.txt
1437,ALTAMONTE CHRISTIAN SCHOOL,tuition_word_no_amount,email_domain,,,,,
6356,ALTAMONTE CHRISTIAN SCHOOL 2,tuition_word_no_amount,email_domain,,,,,
1999,ANNUNCIATION CATHOLIC ACADEMY,found,email_domain,,https://www.annunciationacademy.org/tuition-tuition-assistance,live,2026-27,batch_007.txt
1727,APOGEE STRONG ORLANDO,not_reached,email_domain,,,,,
5832,ARBOR SCHOOL OF CENTRAL FLORIDA,found,email_domain,,https://www.arborschoolflorida.com/get-started/tuition-and-fees,live,2023-24,batch_014.txt
8207,ARBOR SCHOOL OF CENTRAL FLORIDA 2,found,email_domain,,https://www.arborschoolflorida.com/get-started/tuition-and-fees,live,2023-24,batch_018.txt
3599,ARBOR SCHOOL OF CENTRAL FLORIDA AT WEKIVA,found,email_domain,,https://www.arborschoolflorida.com/get-started/tuition-and-fees,live,2023-24,batch_011.txt
2159,BAINBRIDGE ACADEMY,tuition_word_no_amount,name_guess,https://bainbridgeacademy.com/,,,,
3605,BRIDGE ACADEMY,unclear,email_domain,,https://bridgeacademy.us/enroll,live,,batch_011.txt
3215,BRIGHT CHANCE ACADEMY,not_reached,email_domain,,,,,
8281,CENTRAL FLORIDA ACADEMY,tuition_word_no_amount,email_domain,,,,,
5708,CENTRAL FLORIDA PREPARATORY ACADEMY,tuition_word_no_amount,email_domain,,,,,
2474,CHAMPION PREPARATORY ACADEMY,unclear,email_domain,,https://www.championprep.org/programs/day-school-education-programs/,live,,batch_008.txt
7327,CHESTERTON ACADEMY OF ORLANDO,found,email_domain,,https://chestertonorlando.com/tuition/,live,2026-27,batch_016.txt
2225,CHRYSALIS SCHOOL INC.,not_reached,email_domain,,,,,
2789,CIRCLE CHRISTIAN SCHOOL,tuition_word_no_amount,email_domain,,,,,
5270,Circle Christian School Longwood,tuition_word_no_amount,email_domain,,,,,
5840,CITY CHURCH ACADEMY,not_reached,email_domain,,,,,
1476,CROSSLIFE CHRISTIAN ACADEMY,tuition_word_no_amount,email_domain,,,,,
990,DOUBLE R PRIVATE SCHOOL INC.,not_reached,name_guess,https://www.doublerschool.com/,,,,
7087,EARLY CHILDHOOD CENTER,blocked,email_domain,,,,,
814,FOREST LAKE ACADEMY,unclear,name_guess,https://www.forestlakeacademy.org/,https://www.forestlakeacademy.org/,live,,batch_021.txt
873,FOREST LAKE EDUCATION CENTER,found,email_domain,,https://myflec.com/admissions/tuition-and-fees/,live,2026-27,batch_003.txt
6354,HEATHROW CHRISTIAN ACADEMY,not_reached,email_domain,,,,,
5663,HIGHLANDS LATIN SCHOOL,unclear,email_domain,,,live,,batch_028.txt
1303,HOLY CROSS LUTHERAN ACADEMY,found,email_domain,,https://thehcla.org/wp-content/uploads/2026/02/2026-2027-VPK-12th-Tuition-Schedule.pdf,live,2026-27,batch_004.txt
8881,HOLY CROSS LUTHERAN ACADEMY UPPER SCHOOL,found,email_domain,,https://thehcla.org/wp-content/uploads/2026/02/2026-2027-VPK-12th-Tuition-Schedule.pdf,live,2026-27,batch_019.txt
8989,INSPIRE LEARNING ACADEMY,tuition_word_no_amount,name_guess,https://www.inspirelearningacademy.org/,,,,
4882,INTEGRITY LEARNING ACADEMY,network_site_only,email_domain,,https://www.flcoe.org/,live,,batch_013.txt
2504,INTERNATIONAL COMMUNITY SCHOOL,unclear,email_domain,,https://icsfla.org/prospective-families/tuition-fees-schedule/,live,,batch_008.txt
1196,KINGSBRIDGE SCHOLARS,not_reached,email_domain,,,,,
1466,LAKE FORREST PREPARATORY SCHOOL,not_reached,email_domain,,,,,
3668,LAKE MARY PREPARATORY SCHOOL,found,email_domain,,https://www.lakemaryprep.com/admissions/tuition-fees,live,2026-27,batch_025.txt
1055,LIBERTY CHRISTIAN SCHOOL,not_reached,email_domain,,,,,
5065,LIGHTHOUSE BAPTIST ACADEMY,not_reached,email_domain,,,,,
8359,LIVE OAK MONTESSORI SCHOOL,unclear,name_guess,https://liveoakmontessori.com/,https://liveoakmontessori.com/wp-content/uploads/2016/01/LOMS-Financial-Agreement.pdf,live,,batch_028.txt
965,MERCY HIGH WAY,found,email_domain,,https://www.mercyrd.org/mercyhigh/tuition-scholarship-online-payments,live,2026-27,batch_028.txt
4720,MONARCH MONTESSORI OF LAKE MARY,not_reached,email_domain,,,,,
1935,ONE SCHOOL OF THE ARTS,unclear,email_domain,,https://www.oneschool.net/tuition-financial-aid,live,,batch_007.txt
7934,OVIEDO MONTESSORI BILINGUAL ACADEMY,not_reached,email_domain,,,,,
1560,PACE BRANTLEY PREPARATORY SCHOOL,found,email_domain,,https://pacebrantley.org/,live,,batch_005.txt
1904,PRIMROSE SCHOOL OF OVIEDO,unclear,email_domain,,https://www.primroseschools.com/schools/oviedo/tuition,live,,batch_007.txt
1977,PROMISE KIDS ACADEMY,not_reached,email_domain,,,,,
6295,REVIVAL FIRE CHRISTIAN ACADEMY,tuition_word_no_amount,email_domain,,,,,
1733,SANLANDO CHRISTIAN SCHOOL,unclear,email_domain,,https://sanlando.org/wp-content/uploads/2026/01/Tuition-Fees-with-Ext.-Care-2026-27.pdf,live,,batch_006.txt
9093,SHINE ACADEMY,not_reached,email_domain,,,,,
2165,SMITH PREPARATORY ACADEMY,found,email_domain,,https://www.smithprep.com/editoruploads/files/2026-27%20Tuition%20Chart%20Combined.pdf,live,2026-27,batch_007.txt
1136,ST. LUKE'S LUTHERAN SCHOOL,not_reached,email_domain,,,,,
1167,ST. MARY MAGDALEN CATHOLIC SCHOOL,found,email_domain,,,live,2026-27,batch_025.txt
1854,ST. PETER'S PRESCHOOL KINDERGARTEN,not_reached,email_domain,,,,,
1313,THE ECCLESIAL SCHOOL AT NORTHLAND,found,email_domain,,https://www.esischools.org/apply,live,2025-26,batch_004.txt
6323,THE ECCLESIAL SCHOOL AT ST. ALBAN'S,found,email_domain,,https://www.esischools.org/apply,live,2025-26,batch_015.txt
140,THE GENEVA SCHOOL INC.,found,email_domain,,https://www.genevaschool.org/tuition,live,2026-27,batch_001.txt
8668,THE GODDARD SCHOOL-OVIEDO,tuition_word_no_amount,email_domain,,,,,
3493,THE LYMAN SCHOOL,tuition_word_no_amount,name_guess,https://www.lymanschool.org/,,,,
1529,THE MASTER'S ACADEMY,unclear,email_domain,,https://www.mastersacademy.org/admissions/tuition-financial-aid,live,,batch_005.txt
1700,THE ROCK ACADEMY,not_reached,email_domain,,,,,
1967,TUSKAWILLA LEARNING CENTER,unclear,email_domain,,https://tuskmont.org/enroll/,live,,batch_007.txt
6572,WISE ACADEMY,found,email_domain,,https://wiseorlando.org/admissions/tuition/,live,2026-27,batch_015.txt
9290,YOUNG INNOVATORS ACADEMY,not_reached,name_guess,https://www.younginnovatorsacademy.com/,,,,
4638,ZYBERSPACE LEARNING ONLINE ACADEMY,not_reached,email_domain,,,,,
9799,ACTON ACADEMY PONTE VEDRA,not_reached,email_domain,,,,,
8289,APEX CHRISTIAN ACADEMY,not_reached,email_domain,,,,,
1780,BEACON OF HOPE CHRISTIAN SCHOOL,found,email_domain,,https://www.beaconeagles.net/copy-of-tuition-and-financial-aid,live,2025-26,batch_006.txt
1340,BOLLES,found,email_domain,,https://www.bolles.org/admission/tuition-and-affordability,live,2026-27,batch_004.txt
889,CENTER ACADEMY - JULINGTON CREEK,tuition_word_no_amount,email_domain,,,,,
9083,COLLAGE DAY SCHOOL,found,email_domain,,https://www.collagedayschool.org/admissions/tuition-and-financial-aid,live,2026-27,batch_025.txt
7704,ISLAND PREP,blocked,email_domain,,,,,
9196,IVYBROOK ACADEMY,tuition_word_no_amount,email_domain,,,,,
2506,IVYBROOK ACADEMY VALLEY RIDGE,tuition_word_no_amount,email_domain,,,,,
5878,KINOVU SCHOOL OF ST JOHNS,tuition_word_no_amount,email_domain,,,,,
1660,PALMER CATHOLIC ACADEMY,found,email_domain,,,live,2026-27,batch_027.txt
9148,PRODIGY ELC AT TREATY OAKS,not_reached,email_domain,,,,,
8539,RIVER OAK ACADEMY,unclear,email_domain,,https://www.riveroakacademy.org/tuition,live,,batch_018.txt
1163,ST. GERARD CAMPUS INC.,not_reached,email_domain,,,,,
1210,St. John's Academy,found,email_domain,,https://stjohnsacademy.com/tuition-and-fees/,live,2026-27,batch_004.txt
1610,ST. JOHN'S ACADEMY,found,email_domain,,https://stjohnsacademy.com/tuition-and-fees/,live,2026-27,batch_006.txt
679,ST. JOSEPH ACADEMY,found,email_domain,,https://www.sjaweb.org/admissions/tuitionandfees,live,2026-27,batch_002.txt
5152,The Goddard School,not_reached,email_domain,,,,,
474,THE MANDALA SCHOOL,not_reached,email_domain,,,,,
9160,THE PIONEER SCHOOL,found,email_domain,,https://staugustinepioneer.com/admissions/,live,2026-27,batch_019.txt
1213,THREE APPLES SCHOOL,not_reached,email_domain,,,,,
5162,TURNING POINT CHRISTIAN ACADEMY,not_reached,email_domain,,,,,
8992,VERITAS CLASSICAL PRIVATE SCHOOL INC,found,email_domain,,https://veritasclassicalschool.org/tuition-fees/,live,2026-27,batch_019.txt
4378,VERITAS CLASSICAL SCHOOL LINCOLNVILLE,found,email_domain,,https://veritasclassicalschool.org/tuition-fees/,live,2026-27,batch_012.txt
7778,WASHINGTON CLASSICAL CHRISTIAN SCHOOL,unclear,email_domain,,,live,,batch_017.txt
6258,CALVARY CHRISTIAN ACADEMY,found,email_domain,,https://www.ccapsl.com/admissions/tuitionandfees/,live,2026-27,batch_015.txt
1169,CHAMPIONS ACADEMY OF ST. LUCIE COUNTY,unclear,email_domain,,https://www.caofslc.org/,live,,batch_003.txt
6330,EXCEPTIONAL ACADEMY FOR DIFFERENTLY-ABLED L,found,email_domain,,https://www.exceptionalacademypsl.com/admissions,live,2026-27,batch_015.txt
8829,FOUNDATIONS ACADEMY OF PORT ST. LUCIE,found,email_domain,,https://www.foundationspsl.org/admissions-foundations-academy-port-st-lucie,live,,batch_019.txt
6444,IVY LEAGUE ACADEMY,not_reached,email_domain,,,,,
808,J E S MEMORIAL SDA SCHOOL,network_site_only,email_domain,,https://www.flcoe.org/,live,,batch_002.txt
869,JOHN CARROLL HIGH SCHOOL,tuition_word_no_amount,email_domain,,,,,
5522,LITTLE HANDS ACADEMY AND PRESCHOOL,tuition_word_no_amount,email_domain,,,,,
4388,MORNINGSIDE ACADEMY,not_reached,email_domain,,,,,
1335,MORNINGSIDE ACADEMY,not_reached,email_domain,,,,,
1637,OLIVET PRIVATE SCHOOL INC.,tuition_word_no_amount,email_domain,,,,,
9384,OPEN ARMS OF FORT PIERCE INC,not_reached,email_domain,,,,,
4719,PURE ACADEMY FORT PIERCE,not_reached,email_domain,,,,,
7525,RPS ACADEMIES,tuition_word_no_amount,email_domain,,,,,
2794,ST. ANDREW CHRISTIAN ACADEMY,not_reached,email_domain,,,,,
1199,ST. ANDREW'S EPISCOPAL ACADEMY,tuition_word_no_amount,email_domain,,,,,
1240,SUN GROVE MONTESSORI SCHOOL,unclear,email_domain,,https://sungrovemontessori.org/tuition-overview/,live,,batch_004.txt
8360,SUNLIGHT CHRISTIAN ACADEMY,found,email_domain,,https://sunca.org/admissions/tuition,live,,batch_018.txt
4726,SUNLIGHT CHRISTIAN ACADEMY UPPER SCHOOL,found,email_domain,,https://sunca.org/admissions/tuition,live,,batch_012.txt
8054,THE ACADEMY FL,found,email_domain,,https://theacademyfl.org/tuition-related,live,2026-27,batch_017.txt
6106,THE CHILDREN'S GARDEN ACADEMY,not_reached,name_guess,https://childrensgardenacademy.com/,,,,
3896,THE LINDSAY SCHOOL OF THE ARTS,not_reached,email_domain,,,,,
9059,THE PURE ACADEMY,not_reached,email_domain,,,,,
8402,TREASURE COAST BAPTIST ACADEMY,not_reached,email_domain,,,,,
5749,WOODLANDS MONTESSORI SCHOOL NORTH,tuition_word_no_amount,name_guess,https://woodlandsnorth.com/,,,,
8929,ZOE LIVE CREATIVE ARTS ACADEMY INC,found,name_guess,https://www.zlcaa.org/,https://www.zlcaa.org/_files/ugd/61ba8d_ae1546e6320f4cf9bfb9b7af7a6ddc6e.pdf,live,2026-27,batch_022.txt
4476,ACADEMY OF INDEPENDENT MASTERY,not_reached,email_domain,,,,,
2949,BETTER LIFE ACADEMY - SUMTER,unclear,email_domain,,https://www.betterlifeofcentralfl.com/wp-content/uploads/2024/07/Tuition-Fees-2024-2025.pdf,live,,batch_010.txt
3515,BRIGHT FUTURES EARLY LEARNING ACADEMY,not_reached,name_guess,https://www.brightfuturesearlylearningacademy.com/,,,,
8689,FSYR DONALD RALPH COOKE SCHOOL,not_reached,email_domain,,,,,
5605,LEARNING CENTER OF LIVE OAK INC.,unclear,name_guess,https://www.liveoakschool.org/,https://www.liveoakschool.org/uploads/2/3/3/0/23305678/admissions_forms_for_25-26.pdf,live,,batch_022.txt
428,LONGWINGS ACADEMY INC.,unclear,name_guess,https://longwingsacademy.org/,,live,,batch_021.txt
696,MELODY CHRISTIAN ACADEMY,tuition_word_no_amount,name_guess,https://melodychristianacademy.org/,,,,
7755,SUWANNEE RIVER RIDGE TECHNICAL HIGH SCHOOL,not_reached,email_domain,,,,,
934,WESTWOOD CHRISTIAN SCHOOL,found,email_domain,,https://wcsliveoak.com/admissions/tuition-and-scholarships,live,2026-27,batch_003.txt
5684,POINT OF GRACE CHRISTIAN,found,email_domain,,https://www.pointofgracechristian.com/admissionsbc76c688,live,2024-25,batch_014.txt
4878,LIGHT CHRISTIAN ACADEMY - UNION CAMPUS,not_reached,email_domain,,,,,
9785,RAINBOW LEARNING ACADEMY,found,name_guess,https://www.rainbowlearningacademy.com/,https://www.rainbowlearningacademy.com/tuition,live,,batch_022.txt
3555,AAKC ACADEMY,found,name_guess,https://aakcacademy.com/,https://aakcacademy.com/,live,,batch_021.txt
2288,ABLE ACADEMICS-PORT ORANGE,tuition_word_no_amount,email_domain,,,,,
9551,ATLANTIC BEACH ACADEMY,not_reached,email_domain,,,,,
6244,BETHEL CHRISTIAN ACADEMY,not_reached,email_domain,,,,,
5976,BLAKE CHRISTIAN ACADEMY,not_reached,name_guess,https://www.blakechristianacademy.org/,,,,
4296,BLUE HORIZONS KNOWLEDGE ACADEMY,found,email_domain,,https://www.bluehorizonsknowledgeacademy.com/copy-of-school-enrollment,live,2026-27,batch_012.txt
7617,BLUE JAY Education Daytona LLC,found,email_domain,,https://bluejayacademy.com/tuition-fees/,live,,batch_017.txt
8883,BLUE JAY Education Deland LLC,found,email_domain,,https://bluejayacademy.com/tuition-fees/,live,,batch_019.txt
2242,CALVARY CHRISTIAN ACADEMY,found,email_domain,,,live,2026-27,batch_025.txt
1687,CENTRAL CHRISTIAN ACADEMY,not_reached,email_domain,,,,,
2257,CENTRAL FLORIDA PREPARATORY ACADEMY,tuition_word_no_amount,email_domain,,,,,
742,CHAMPIONS ACADEMY,not_reached,email_domain,,,,,
9159,CREATIVE PATHWAYS PREPARATORY ACADEMY INC.,found,name_guess,https://www.cppaschool.com/,https://www.cppaschool.com/tuition,live,,batch_022.txt
9375,DAYTONA BEACH CHRISTIAN ACADEMY,tuition_word_no_amount,email_domain,,,,,
2416,DELAND MONTESSORI SCHOOL,tuition_word_no_amount,email_domain,,,,,
9362,DELAND PREPARATORY ACADEMY,found,email_domain,,https://www.delandprep.org/academics,live,2026-27,batch_019.txt
1244,DELTONA ADVENTIST SCHOOL,network_site_only,email_domain,,https://www.flcoe.org/,live,,batch_004.txt
2364,DELTONA CHRISTIAN ACADEMY,found,name_guess_ext,https://deltonachristianschool.org/,https://deltonachristianschool.org/admissions/financial-information,live,2026-27,batch_030.txt
4589,DELTONA CHRISTIAN SCHOOL,found,email_domain,,https://deltonachristianschool.org/admissions/financial-information,live,2026-27,batch_012.txt
1404,DELTONA CHRISTIAN SCHOOL,found,email_domain,,https://deltonachristianschool.org/admissions/financial-information,live,2026-27,batch_005.txt
1805,DISCOVERY ACADEMY,found,email_domain,,https://www.discovery-academy.org/admissions/tuition-and-financial-aid,live,2025-26,batch_006.txt
8759,DISCOVERY ACADEMY OF DELAND,tuition_word_no_amount,email_domain,,,,,
5958,DME ACADEMY,not_reached,email_domain,,,,,
523,FATHER LOPEZ HIGH SCHOOL,tuition_word_no_amount,email_domain,,,,,
7388,GATEWAY CHRISTIAN ACADEMY,tuition_word_no_amount,email_domain,,,,,
5508,GOOD SHEPHERD ACADEMY,found,email_domain,,https://gslcdeltona.com/academy/tuition-fees/,live,2024-25,batch_014.txt
6598,IBUILD ACADEMY,not_reached,email_domain,,,,,
1785,INDIGO CHRISTIAN JR. ACADEMY,network_site_only,email_domain,,https://www.flcoe.org/,live,,batch_006.txt
7098,KNIGHT'S CHRISTIAN ACADEMY,found,email_domain,,https://www.kcafl.org/tuition,live,,batch_016.txt
1788,MODERN MINDS LEARNING,found,email_domain,,https://www.modernmindslearning.com/tuition,live,2026-27,batch_006.txt
6078,MONARCH ACADEMY,not_reached,email_domain,,,,,
8411,MONTESSORI GLOBAL RESEARCH INSTITUTE,tuition_word_no_amount,email_domain,,,,,
9831,NORTH RIDGE ACADEMY LLC,not_reached,email_domain,,,,,
9760,ON TRACK SCHOOL,unclear,email_domain,,https://www.ontrackschool.com/admissions/scholarships/,live,,batch_020.txt
816,OUR LADY OF LOURDES CATHOLIC SCHOOL,found,email_domain,,https://www.lourdesacademydaytona.org/admissions,live,2025-26,batch_025.txt
9464,RESIDING HOPE,not_reached,email_domain,,,,,
3597,RIVERBEND ACADEMY,not_reached,email_domain,,,,,
936,SAINT BARNABAS EPISCOPAL SCHOOL,found,email_domain,,https://sbesyes.org/tuition-rates/,live,,batch_003.txt
2759,SAINT BRENDAN CATHOLIC SCHOOL,tuition_word_no_amount,email_domain,,,,,
1056,SAINT PAUL CATHOLIC SCHOOL,tuition_word_no_amount,email_domain,,,,,
1096,SAINT PETERS CATHOLIC SCHOOL,found,email_domain,,https://stpeter-deland.org/__static/jdj5jdewjfe5dfvmyjzhufruwxnja0jp/tuition_sheets_2026-2027_K-8(2).pdf,live,2026-27,batch_003.txt
4098,Shield Christian Academy,not_reached,email_domain,,,,,
7389,SPACE COAST CHRISTIAN ACADEMY,not_reached,email_domain,,,,,
1666,STETSON BAPTIST CHRISTIAN SCHOOL,found,email_domain,,https://www.sbcsed.org/tuition-fees,live,,batch_006.txt
8684,SUNRISE ACADEMY,found,email_domain,,https://34403c0d-8b5a-4ea0-9eae-5c680a52b951.filesusr.com/ugd/9385ea_2dccd188c3074b8b8dcfcac236b6f705.pdf,live,2026-27,batch_018.txt
5482,TEMPLE BETH-EL SCHOOL,not_reached,email_domain,,,,,
2693,THE CHASE ACADEMY,found,email_domain,,https://www.tcaofvolusia.org/_files/ugd/f9317c_d2dbaf70a7e2434f9d8d35f0b1d83b6d.pdf,live,2026-27,batch_009.txt
3566,THE CHILDREN'S HOUSE OF ORMOND BEACH,unclear,name_guess,https://childrenshouseormondbeach.com/,,live,,batch_021.txt
5444,TLC KIDS CARE,not_reached,email_domain,,,,,
1563,TRINITY CHRISTIAN ACADEMY,not_reached,email_domain,,,,,
6640,UPWARD TREND ACADEMY,not_reached,email_domain,,,,,
1305,WARNER CHRISTIAN ACADEMY,found,email_domain,,https://www.wcaeagles.org/admissions/scholarships.cfm,live,2026-27,batch_025.txt
1713,WISE INDEPENDENT PRIVATE SCHOOL SYSTEM,tuition_word_no_amount,email_domain,,,,,
8856,ZAMZAM KNOWLEDGE ACADEMY,found,email_domain,,https://www.zamzamacademyfl.com/admissions/tuition-and-fees,live,2025-26,batch_019.txt
2652,SAVARY ACADEMY FOR VIRTUAL EDUCATION SAVE,not_reached,email_domain,,,,,
4892,WAKULLA CHRISTIAN SCHOOL,found,email_domain,,https://img1.wsimg.com/blobby/go/4caa9cae-179e-4544-ac53-0bff958f40ff/tuition%20and%20fees%2026-27%20rev.%207-1-26.pdf,live,2026-27,batch_013.txt
607,FIRST CHRISTIAN ACADEMY,found,email_domain,,https://www.fcadefuniak.com/admissions/tuition.cfm,live,2026-27,batch_002.txt
6465,LES PETITS PREP SCHOOL,not_reached,name_guess,https://lespetitsprep.com/,,,,
6445,OHANA INSTITUTE,found,email_domain,,https://ohanainstitute.org/admissions/,live,2025-26,batch_015.txt
9647,PLEASANT RIDGE CHRISTIAN ACADEMY,unclear,email_domain,,https://www.prcacademy.org/scholarships-tuition,live,,batch_020.txt
8476,SOUTH WALTON ACADEMY,tuition_word_no_amount,name_guess,https://southwaltonacademy.com/,,,,
4636,SOUTH WALTON MONTESSORI ACADEMY,tuition_word_no_amount,name_guess,https://southwaltonacademy.com/,,,,
290,THE NATURE SCHOOL,found,email_domain,,https://www.natureschool.rocks/shop,live,,batch_001.txt
8480,THE TREE HOUSE EPISCOPAL MONTESSORI SCHOOL,found,email_domain,,https://thetreehousectk.org/admissions/tuition/,live,2026-27,batch_018.txt
4584,WASHINGTON COUNTY CHRISTIAN SCHOOL,not_reached,name_guess_ext,https://www.washingtoncountychristianschool.org/,,,,
